:020000040800F2
:10000000B0F6002069020008DDBA0008218A000865
:10001000D9BA000881100008513B01080000000017
:1000200000000000000000000000000051EC00088B
:10003000151D000800000000F1C8000899F0000834
:10004000830200088302000883020008830200087C
:10005000830200088302000883020008191D0008BB
:10006000830200088302000883020008830200085C
:100070004518000883020008830200088302000874
:10008000551800086518000883020008830200085C
:10009000851000088302000883020008830200081C
:1000A00083020008D9F100088302000883020008D7
:1000B000F5F1000805F20008830200088302000839
:1000C00083020008830200088302000883020008FC
:1000D00083020008110001082D0001083D000108FD
:1000E00083020008830200088302000883020008DC
:1000F00083020008830200088302000875180008C4
:1001000083020008830200088302000883020008BB
:1001100083020008830200088302000815F2000829
:10012000830200088518000895180008A518000823
:10013000830200088302000883020008830200088B
:1001400095100008830200088302000895BE00088D
:10015000B5180008C5180008D5180008590001088E
:10016000830200088302000883020008830200085B
:1001700083020008830200088302000800000000D8
:10018000830200088302000800F002F800F05CF827
:100190000AA090E8000C82448344AAF10107DA45E2
:1001A00001D100F051F8AFF2090EBAE80F0013F0D8
:1001B000010F18BFFB1A43F00103184760C201008A
:1001C00080C201000A444FF0000C10F8013B13F00C
:1001D000070408BF10F8014B1D1108BF10F8015BA0
:1001E000641E05D010F8016B641E01F8016BF9D193
:1001F00013F0080F1EBF10F8014BAD1C0C1B09D1EA
:100200006D1E58BF01F801CBFAD505E014F8016B5B
:1002100001F8016B6D1EF9D59142D6D370470000ED
:100220000023002400250026103A28BF78C1FBD8FF
:10023000520728BF30C148BF0B6070471FB51BF085
:100240009AF91FBD10B510BD00F084F91146FFF7F3
:10025000F5FF16F0C9FE00F0A2F903B4FFF7F2FFB4
:1002600003BC00F0A5F90000094880470948004791
:10027000FEE7FEE7FEE7FEE7FEE7FEE7FEE7FEE756
:10028000FEE7FEE704480549054A064B70470000B3
:1002900091F1000889010008B0B60020B0F60020F6
:1002A000B0D60020B0D6002053EA020C00F06980DE
:1002B0002DE9F04B4FF00006002B1FBFB3FA83F57A
:1002C00003FA05F424FA05F65E4012BF1643B2FAAB
:1002D00082F502FA05F4C5F120051EBF22FA05FCDD
:1002E00044EA0C04203556EA044C4FEA144418BF83
:1002F000641C4FF000084FF00009904271EB030CB2
:1003000039D3002919BFB1FA81F701FA07F6B0FA1B
:1003100080F700FA07F6C7F120071EBF20FA07FC96
:1003200046EA0C062037B6FBF4FCA7EB0507103FA6
:1003300007F01F0BCBF120062CFA06F60CFA0BFB8C
:1003400044BFB3460026202FA4BF5E464FF0000BEB
:100350005BEA060C08BF4FF0010B19EB0B0948EBE9
:100360000608ABFB027C06FB02CC0BFB03CCC01BDC
:1003700071EB0C01C1E70B46024641464846BDE819
:10038000F08B13B5084318BF4FF0FF300146AFF3B1
:100390000080BDE81C407047032A40F2308010F016
:1003A000030C00F0158011F8013BBCF1020F624410
:1003B00098BF11F801CB00F8013B38BF11F8013BA1
:1003C000A2F1040298BF00F801CB38BF00F8013B4E
:1003D00011F0030300F02580083AC0F0088051F8BE
:1003E000043B083A51F804CBA0E80810F5E7121DC9
:1003F0005CBF51F8043B40F8043BAFF30080D207E8
:1004000024BF11F8013B11F801CB48BF11F8012BB3
:1004100024BF00F8013B00F801CB48BF00F8012BD6
:10042000704710B5203AC0F00B80B1E81850A0E832
:100430001850B1E81850A0E81850203ABFF4F5AFB2
:100440005FEA027C24BFB1E81850A0E8185044BF0E
:1004500018C918C0BDE810405FEA827C24BF51F87B
:10046000043B40F8043B08BF7047D20728BF31F86F
:10047000023B48BF11F8012B28BF20F8023B48BFC0
:1004800000F8012B704702F0FF0343EA032242EA1F
:10049000024200F024B84FF000020429C0F012809C
:1004A00010F0030C00F01B80CCF1040CBCF1020F27
:1004B00018BF00F8012BA8BF20F8022BA1EB0C01FC
:1004C00000F00DB85FEAC17C24BF00F8012B00F8F2
:1004D000012B48BF00F8012B70474FF0000200B518
:1004E000134694469646203922BFA0E80C50A0E857
:1004F0000C50B1F12001BFF4F7AF090728BFA0E805
:100500000C5048BF0CC05DF804EB890028BF40F8D0
:10051000042B08BF704748BF20F8022B11F0804F12
:1005200018BF00F8012B704770477047704710B52F
:1005300000F008F8006810BD10B5044600F002F89D
:10054000046010BD00487047F80100200048704763
:10055000F80100207546FFF7F9FFAE460500694631
:10056000534620F00700854618B020B5FFF78AFEF5
:10057000BDE820404FF000064FF000074FF00008A4
:100580004FF0000BAC46ACE8C009ACE8C009ACE8E1
:10059000C009ACE8C00921F007018D46704710B5CD
:1005A0000446AFF300802046BDE81040FFF755BE7B
:1005B00001491820ABBEFEE726000200704700008C
:1005C00082B0019042F20030C4F201000090009924
:1005D000486820F4403048600198426800994868B3
:1005E0001043486001980168486820F480704860B2
:1005F000019801680269486840EA02204860019851
:100600000168486820F0407048600198016882687D
:1006100048681043486001980168886820F40060C9
:10062000886001980168C2688868104388600198F2
:10063000806A0121C0F60071884219D0FFE7019855
:100640000168886820F07060886001980168826A9B
:1006500088681043886001980168886820F04050DD
:10066000886001980168C26A8868104388600CE05D
:1006700001980168886820F07060886001980168BE
:10068000886820F040508860FFE70198016888681A
:1006900020F0020088600198027E0168886840EAC4
:1006A00042008860019890F82000C8B1FFE70198E7
:1006B0000168486840F40060486001980168486833
:1006C00020F46040486001980168426A4EF20000E0
:1006D000CFF6FF7000EB423248681043486006E0F6
:1006E00001980168486820F400604860FFE70198BD
:1006F0000168C86A20F47000C86201980168C26984
:100700000020CFF6F07000EB0252C86A1043C862B6
:1007100001980168886820F400708860019890F85A
:1007200030200168886840EA4220886001980168AA
:10073000886820F480608860019801684269886850
:1007400040EA8220886002B07047000080B58CB01B
:100750000B900A9140F25820C2F20000049043F23C
:100760003471C2F2000103910022059200F016F9E3
:100770000399049800F080F804980A99B1F9A0242C
:1007800000EE102AB8EEC00A01F2C44191ED001A41
:10079000F1EE410A00F20A600BF000FE04980A999B
:1007A000B1F9E82600EE102AB8EEC00A01F20C7189
:1007B00091ED001AF1EE410A00F652000BF0EEFD49
:1007C00004980A9901F63C1292ED000AB8EEC00AAC
:1007D00001F65411D1ED000A00F51F600BF0DEFDAB
:1007E00004980A99B1F9302900EE102AB8EEC00A2F
:1007F00001F62421D1ED000A00F69A200BF0CEFD7F
:10080000059B0A98D0F83E0607900A98D0F886080B
:1008100008900A98D0F8CE0A09909DED090ABDEE1D
:10082000C00A10EE100A69464B60086043F6EC708F
:10083000C2F200004FF4007106911A4600F0ACFFBE
:10084000059806999DED071A9DED080ABDEEC11A9F
:1008500011EE102ABDEEC00A10EE103AEC46CCF8AC
:100860000400CCF8000044F21400C2F2000000F0D2
:1008700093FF0CB080BD000082B00190009141F662
:10088000C441C2F2000146F20000C4F2D150C86077
:100890000098007B032805D0FFE70098007B022822
:1008A00014D1FFE741F6C441C2F20001C868019AC1
:1008B000C2F8C40491ED030AB1EE400A019800F2B7
:1008C0000C7080ED000A012008760CE001990020F0
:1008D000C1F8C4040199C1F80C0741F6C441C2F241
:1008E00000010876FFE702B07047000080B582B0D3
:1008F000019041F6C040C2F200000078012809D002
:10090000FFE701980AF020FA41F6C041C2F2000167
:100910000870FFE742F25400C2F20000007880B98C
:10092000FFE701990020C1F8C4040199C1F80C0740
:100930000199C1F8540941F6BF41C2F200010870A3
:10094000FFE741F6C441C2F200010020C4F2A070EA
:1009500088604CF20000C4F2DA50C86043F63C42B2
:10096000C2F200020020C4F2482010600120087189
:10097000087501990020C1F8C4040199C1F80C0759
:10098000019800F63C1191ED000AB8EEC00A00F69D
:10099000541080ED000A02B080BD000083B00290C8
:1009A00001918DF803200198407B022810D1FFE7C8
:1009B00040F20000C2F200000078022807D0FFE7F2
:1009C00041F6C441C2F2000101200861FFE726E0C0
:1009D0000198407B01280DD0FFE70198007B032898
:1009E0000FD1FFE743F24860C2F20000407AC0072F
:1009F00038B1FFE741F6C441C2F2000101200861AD
:100A00000CE00198407B032807D1FFE741F6C44181
:100A1000C2F2000100200861FFE7FFE7FFE741F6AF
:100A2000C440C2F200000069012838DBFFE741F64C
:100A3000C440C2F20000007E88B3FFE7029800F6CF
:100A40003C1191ED000AB8EEC00A9FED191A30EE84
:100A5000010A00F6541080ED000A0198407B02283C
:100A60001CD1FFE7029800F63C1191ED000AB8EEA8
:100A7000C00A41F6C441C2F2000191ED021A91EDA3
:100A8000042AB8EEC22A21EE021A30EE410A00F61C
:100A9000541080ED000A00200861FFE7FFE701988D
:100AA000407B40F20001C2F20001087003B07047C1
:100AB00000606AC680B50020C4F202001021012245
:100AC00003F0CAFB80BD000080B50020C4F2020024
:100AD0001021002203F0C0FB80BD00007047000021
:100AE00080B540F20040C4F202000122114603F03A
:100AF000B3FB80BD80B540F20040C4F2020001218A
:100B0000002203F0A9FB80BD7047000080B582B0D1
:100B1000ADF80600FFE7BDF80600411EADF806106F
:100B200028B1FFE74FF47A7000F004F8F3E702B061
:100B300080BD000086B0ADF8160000200490039040
:100B40000290019000904EF21400CEF20000006876
:100B50000090BDF81600C0EB0010400104904EF26A
:100B60001800CEF2000000680390FFE74EF2180074
:100B7000CEF20000006802900298039988421ED0CD
:100B8000FFE702980399884207D2FFE7039802998A
:100B9000411A01980844019008E000980299401A0F
:100BA00003990144019808440190FFE702980390DB
:100BB00001980499884201D3FFE701E0FFE7D5E7F8
:100BC00006B0704780B582B000208DF80700FFF7AF
:100BD00085FFFFF799FF15F0BDFA01469DF8070064
:100BE00008438DF8070015F07DFB01469DF80700CE
:100BF00008438DF807009DF8070002B080BD000093
:100C000080B588B00790069105920020009004906E
:100C10000390FFF759FF922000F006F9122003A974
:100C20000191062200F0CCF8FFF744FF9DF80C007C
:100C30009DF80D1040EA0120ADF80A00BDF90A0048
:100C400000EE100AB8EEC00A40F20400C2F2000042
:100C500090ED001A20EE010A069981ED000A9DF838
:100C60000E109DF80F2041EA0221ADF80A10BDF9DF
:100C70000A1000EE101AB8EEC00A90ED001A20EE2D
:100C8000010A069981ED010A9DF810109DF81120C6
:100C900041EA0221ADF80A10BDF90A1000EE101A5F
:100CA000B8EEC00A90ED001A20EE010A069880ED19
:100CB000020AFFF71FFF00980199082200F080F850
:100CC000FFF70EFF9DF80C000F2844D1FFE79DF8B9
:100CD0000E009DF80F1040EA0120ADF80A00BDF9A2
:100CE0000A0000EE100AB8EEC00A40F20800C2F294
:100CF000000090ED001A20EE010A079981ED000A2C
:100D00009DF810109DF8112041EA0221ADF80A105B
:100D1000BDF90A1000EE101AB8EEC00A90ED001AE4
:100D200020EE010A079981ED010A9DF812109DF845
:100D3000132041EA0221ADF80A10BDF90A1000EEB5
:100D4000101AB8EEC00A90ED001A20EE010A0798BA
:100D500080ED020AFFE7FFF7B7FEA22000F064F87B
:100D6000222003A9022200F02BF8FFF7A3FE9DF832
:100D70000C009DF80D10C00040EA5110ADF80A00BB
:100D8000BDF90A00B0F5806F07DBFFE7BDF80A0088
:100D9000A0F50060ADF80A00FFE7BDF90A0000EE1B
:100DA000100AB8EEC00AB4EE001A20EE010AB3EE43
:100DB000071A30EE010A059880ED000A08B080BDE0
:100DC00080B584B08DF80F0002918DF807209DF852
:100DD0000F0040F0800000F027F8FFE79DF80700C3
:100DE00070B1FFE7552000F01FF8029908700298D3
:100DF000013002909DF8070001388DF80700EDE7FB
:100E000004B080BD80B582B08DF8070000919DF8D8
:100E1000070040F0800000F007F8552000F004F8CB
:100E20000099087002B080BD80B582B08DF80700CF
:100E300069464FF47A70086044F61010C2F2000060
:100E40000DF107010DF10602012305F029FE9DF8C1
:100E5000060002B080BD000080B582B08DF80700AA
:100E60008DF806109DF80700FFF7DEFF9DF80600DD
:100E7000FFF7DAFF02B080BD80B586B00590059817
:100E8000006841F20041C4F2000188423FD1FFE70F
:100E900040F2E801C2F200010491087801300870C4
:100EA00041F64C60C2F2000000F026FE43F67040AE
:100EB000C2F2000080ED000A40F25820C2F20000A9
:100EC0006A46D06043F24860C2F20000906041F68A
:100ED0006C51C2F20001516043F23471C2F2000160
:100EE0001160183044F68261C2F2000143F28C5363
:100EF000C2F20003012200F0B5FB049A44F6681028
:100F0000C2F2000040F2012100F030FAFFE706B023
:100F100080BD000080B586B005900598006844F655
:100F20000001C4F20001884226D1FFE744F6F83000
:100F3000C2F200000068006800F010010020B0EB71
:100F4000111F18D0FFE741F63050C2F200000290A6
:100F500043F23471C2F2000142F20812C2F20002FE
:100F60000CF018F8029944F6F830C2F2000025227D
:100F700007F0BAFBFFE7FFE70598006841F2004180
:100F8000C4F2010188424FD1FFE744F63C40C2F26F
:100F900000000068006800F010010020B0EB111F95
:100FA00041D0FFE744F63C40C2F2000006F058FE94
:100FB000FFE70020049044F63C40C2F200000168C4
:100FC000096804910068406804900498FFE743F2C0
:100FD000FC60C2F20000019043F2A861C2F200017D
:100FE00043F21D72C2F2000212F072FE019944F641
:100FF0003C40C2F20000152207F076FB44F2443078
:10100000C2F2000000684068C0F1FF0143F666408C
:10101000C2F200000170017841F6C030C2F2000057
:10102000FFF739FAFFE7FFE70598006841F2000192
:10103000C4F20101884221D1FFE744F67030C2F2C8
:1010400000000068006800F010010020B0EB111FE4
:1010500013D0FFE743F24862C2F2000202F14000FF
:101060000090002112F078FD009944F67030C2F231
:101070000000132207F038FBFFE7FFE706B080BD52
:10108000FFE7FEE780B543F6EC70C2F2000001F026
:101090000FFE80BD80B544F21400C2F2000001F0E2
:1010A00007FE80BD80B582B00190019800F05EFF20
:1010B00041F62050C2F2000000F1080243F6EC7045
:1010C000C2F2000040F2312115F0B0F9012002B067
:1010D00080BD000080B58EB00C90002003908DF88C
:1010E00014008DF815008DF816008DF817008DF896
:1010F00010008DF811008DF812008DF813008DF896
:101100002C008DF82D008DF82E008DF82F008DF815
:10111000280008218DF829108DF82A008DF82B0061
:101120008DF824008DF825008DF826008DF8270015
:101130008DF820008DF821008DF822008DF8230015
:101140008DF81C008DF81D008DF81E008DF81F0015
:101150008DF818008DF819108DF81A008DF81B0005
:101160000C9809F0F7FB20B9FFE700208DF8370055
:101170006BE00C9809F0A0FC20B9FFE700208DF887
:10118000370062E00C982021232205AB09F00AFD0C
:101190000C982421272204AB09F004FD0C980021AF
:1011A000019103220BAB09F0FDFC0C980421009186
:1011B00007220AAB09F0F6FC0C9808210B2209ABB8
:1011C00009F0F0FC0C981021132208AB09F0EAFC9E
:1011D0000C981421172207AB09F0E4FC0C98182195
:1011E0001B2206AB09F0DEFC009A0C98602109F086
:1011F000BBFC0C9870210122029209F0B5FC019A07
:101200000C982A2109F0B0FC0C982921912209F0B0
:10121000ABFC029A0C98282109F0A6FC019A0C98C4
:101220002C2109F0A1FC029A0C982B2109F09CFCBE
:101230000C9809F06DFC20B9FFE700208DF837000D
:1012400003E001208DF83700FFE79DF837000EB06E
:1012500080BD000080B588B0079006910020009006
:101260008DF817008DF814000490039002900798F1
:1012700009F05AFB014600988DF804109DF80410FF
:10128000B0EB911F6ED0FFE79DF804104FF0FF30D8
:1012900000EB91106FF00201084207D1FFE70798B9
:1012A000902102AA0D2309F0C3FB0EE09DF8041063
:1012B0000220B0EB911F07D1FFE70798942102AA03
:1012C0000D2309F0B5FBFFE7FFE79DF80400C0F32D
:1012D000C100022811D1FFE70699022008709DF88D
:1012E00008209DF809309DF80A009DF80B1015F0B4
:1012F00005F90699C1F801000CE006990120087073
:101300009DF808009DF8091015F036F90699C1F806
:101310000100FFE79DF80C00069948719DF80D004B
:10132000069988719DF80E000699C8719DF80F0006
:10133000069908729DF81000069948729DF81100F0
:10134000069988729DF812000699C8729DF81300DC
:10135000069908739DF814000699487301208DF8CA
:101360001700FFE79DF8170008B080BD80B584B076
:101370000390ADF80A10019244F6C861C2F2000170
:1013800001200870BDF90A00C1F801000820487169
:10139000019A10685268C1F80A20C1F80600039843
:1013A00000F002F804B080BD80B588B007900691C7
:1013B00000208DF8170044F68041C2F20001087049
:1013C00048708870C870079809F04EFB014643F6D4
:1013D0005840C2F20000017000788008C007F0B9E0
:1013E000FFE70699D1F80100097844F68042C2F27D
:1013F0000002049215F032F8049A079806994B7986
:101400000631EC46CCF80010402109F0CBFA0798E1
:10141000812109F03FFB01208DF817004FE043F6D2
:101420005840C2F2000000780009C007F0B9FFE799
:101430000699D1F80100097844F68042C2F2000210
:10144000039215F00BF8039A079806994B79063129
:10145000EC46CCF80010422109F0A4FA079882214A
:1014600009F018FB01208DF8170027E043F65840DB
:10147000C2F2000000788009C007F0B9FFE70699C2
:10148000D1F80100097844F68042C2F200020292CB
:1014900014F0E4FF029A079806994B790631EC465E
:1014A000CCF80010442109F07DFA0798842109F056
:1014B000F1FA01208DF81700FFE7FFE7FFE79DF83D
:1014C000170008B080BD000080B590B00E200390DA
:1014D0000F900B9001210E9100200C900D91069021
:1014E0000790089009900B900A9043F6EC70C2F2B6
:1014F0000000019006A9029101F00CFA019802F097
:1015000025F801980221049101F022F9029903982B
:101510000F900B9044F21400C2F20000059001F00D
:10152000F9F9059802F012F80499059801F010F9FC
:1015300010B080BD84B08DF80F000291ADF8062088
:101540009DF80F000146009123281DD80099DFE87F
:1015500001F012131415161B1B1B1B1B1B1B1B1B43
:101560001B1B1B1B1B1B1B1B1B1B1B1B1B1B1B1BCB
:101570001B1B1718191A08E007E006E005E004E055
:1015800003E002E001E000E0FFE7002004B0704764
:101590000020704780B582B043F68040C2F2000060
:1015A000009042F68C51C2F20001002201920FF02D
:1015B000FBF8009842F28C51C2F200010FF0D6F80D
:1015C000019802B080BD000080B584B00390029104
:1015D000039943F68040C2F2000001900FF0C6F874
:1015E00001980FF069F8002004B080BD83B002902C
:1015F00001918DF8032000208DF802009DF9020072
:1016000003B0704780B586B00490ADF80E1000208E
:101610008DF80D0043F68040C2F20000D0F8BC0205
:1016200002900298D0F8140220B1FFE701208DF853
:10163000170013E00499BDF80E2043F68040C2F273
:10164000000001900FF0B0F801980FF0B7F98DF895
:101650000D009DF80D008DF81700FFE79DF81700AD
:1016600006B080BD10B588B0DDF834C0DDF830C0FC
:10167000DDF82CC0DDF828C0079006918DF8172002
:10168000049307980C99049A0A9BDDF82CC00D9CD2
:10169000EE46CEF80440CEF800C013F0DBF8069911
:1016A000CD2008700798016843F66840C2F2000038
:1016B000029001600178069A51704178069A917003
:1016C0008178069AD170C178069A11710799496894
:1016D00001600178069A51714178069A917181787A
:1016E000069AD171C178069A11720799497D069AB6
:1016F00051720799896901600178069A917241785F
:10170000069AD1728178069A1173C178069A51733C
:101710000799097F069A91730799096A0160017810
:10172000069AD1734178069A11748178069A517499
:10173000C178069A91740799496A01600178069AFE
:10174000D1744178069A11758178069A5175C078DE
:10175000069988750699DC20C8759DF8170038B978
:10176000FFE706981821FFF74DFF8DF80F0010E0F6
:101770009DF8170001280BD1FFE7069944F6703059
:10178000C2F20000182206F0F3FF8DF80F00FFE709
:10179000FFE7012008B010BD10B586B08C46864624
:1017A00009980899CDF814E0ADF812C0ADF81020F2
:1017B000ADF80E30ADF80C10ADF80A009DF8110030
:1017C0008DF802009DF810008DF803009DF80F00C1
:1017D0008DF804009DF80E008DF805009DF80D00B1
:1017E0008DF806009DF80C008DF807009DF80B00A1
:1017F0008DF808009DF80A008DF809000598BDF8DD
:1018000012100DF1020214F011FE06B010BD00001E
:1018100082B000900099087801380870009890F91B
:101820000000042806DCFFE70099002008708DF80E
:10183000070003E001208DF80700FFE79DF807008F
:1018400002B0704780B544F2E420C2F2000002F01A
:1018500011F880BD80B544F22420C2F2000002F0ED
:1018600009F880BD80B544F28420C2F2000002F085
:1018700001F880BD80B544F20410C2F2000001F00E
:10188000F9FF80BD80B544F24430C2F2000001F09F
:10189000F1FF80BD80B544F24400C2F2000001F0C7
:1018A000E9FF80BD80B544F2A400C2F2000001F05F
:1018B000E1FF80BD80B544F26410C2F2000001F087
:1018C000D9FF80BD80B544F2A430C2F2000001F01F
:1018D000D1FF80BD80B544F2C410C2F2000001F017
:1018E000C9FF80BD82B001900198007810384AF697
:1018F000AB21CAF6AA21A0FB0110000900900099B3
:101900004BF60C00C0F60100405C0199C8650098D8
:10191000042807D3FFE701990868042262F309004D
:10192000886506E00199086840F2FF3290438865B7
:10193000FFE70198806D02B07047000086B0059007
:1019400000208DF813000598806A0390059880693F
:1019500010BBFFE70398029003281BD80299DFE829
:1019600001F0020D0218059890F82F00C00720B171
:10197000FFE701208DF81300FFE70CE00598C06A2F
:10198000B0F1C07F04D1FFE701208DF81300FFE71D
:1019900001E000E0FFE745E005988069B0F5005FF1
:1019A00025D1FFE70398019003281ED80199DFE8AD
:1019B00001F00206021101208DF8130016E00598CF
:1019C00090F82F00C00720B1FFE701208DF8130029
:1019D000FFE70BE00598C06AB0F1C07F04D1FFE7D4
:1019E00001208DF81300FFE700E0FFE719E00398FE
:1019F0000090032804D3FFE70098032804D00EE0EA
:101A000001208DF813000BE0059890F82F00C00717
:101A100020B1FFE701208DF81300FFE700E0FFE7AA
:101A2000FFE7FFE79DF8130006B0704784B003900E
:101A300002910192009303980168086820F48020C5
:101A400008600098039909684860039880684028F6
:101A500009D1FFE701980399096888600298039902
:101A60000968C86008E002980399096888600198CD
:101A700003990968C860FFE704B0704782B000901E
:101A8000009991F87000013881F87000009890F981
:101A90007000042807DCFFE70099002081F870003F
:101AA0008DF8070003E001208DF80700FFE79DF89F
:101AB000070002B07047000081B041F20400CEF28E
:101AC000000000680090009841F61851C2F2000131
:101AD0000968884208D2FFE741F61C51C2F20001B2
:101AE000086801300860FFE7009841F61851C2F21B
:101AF0000001086001B0704780B584B0039041F2E6
:101B00000400CEF200000068029002980399096870
:101B1000401A00EE100AB8EE400A41F60050C2F238
:101B2000000090ED001AB8EE411A80EE010A8DED2A
:101B3000010A029803990860FFF7BEFF9DED010AB4
:101B400004B080BD80B582B000F066F842F2381073
:101B5000C2F20000016883884FF47A7201FB0231FF
:101B600000EE101AB8EE401AC08800EE100AB8EE67
:101B7000C00A9FED062A20EE020A30EE010A8DED22
:101B8000010A9DED010A02B080BD00BF6F12833AC9
:101B900081B000904EF6FC51CEF20001086840F092
:101BA0008070086041F20401CEF20001002008605C
:101BB00041F20002CEF20002116841F00101116011
:101BC000009944F24022C0F20F024A4341F600510C
:101BD000C2F200010A600A6844F6D353C1F26203FC
:101BE000A2FB0332920941F60453C2F200031A60C9
:101BF00009684DF68362C4F21B32A1FB0221890CF5
:101C000041F60852C2F20002116041F61C51C2F2C4
:101C10000001086001B07047B0B586B041F2040021
:101C2000CEF2000000680590FFF746FF41F61C5019
:101C3000C2F2000001680598002302934FF0FF3CB8
:101C40001A46E1FB0C0241F61051C2F2000100916C
:101C50004A6008600868496841F60054C2F200040E
:101C60002268FEF721FB029B02468C46009941F652
:101C70004850C2F20000C0F804C00260D1F800C0B1
:101C80004968D0F800E042682468AEFB04E502FB36
:101C90000452BCEB0E0C61EB020241F65051C2F251
:101CA00000010391C1F800C04A60006842F2381296
:101CB000C2F20002049210600868496841F60452BA
:101CC000C2F2000201921268FEF7EEFADDF804C0DB
:101CD000029B049A014603989180016840689288AB
:101CE000DCF800C002FB0CF28A1A60F1000041F639
:101CF0005851C2F200010A6048600868496841F61C
:101D00000852C2F200021268FEF7CEFA0499C880A7
:101D100006B0B0BD7047000080B582B044F66810D0
:101D2000C2F20000009044F66C61C2F2000112F0B1
:101D30000DFE8DF80700022002F096F8009812F0D0
:101D400077FE02B080BD000081B0EFF3108072B664
:101D50000090FFE7FEE7000080B588B0A820FFF7FD
:101D600017FFFFF7B1FB44F66810C2F20000FFF75F
:101D7000B1F943F67C41C2F20001087044F69820A4
:101D8000C2F2000005F062FA44F62830C2F2000008
:101D900005F05CFA44F6E020C2F20000082105F0EC
:101DA00061FE44F26410C2F20000009001F008FDF0
:101DB00044F2C410C2F20000019001F001FD00984D
:101DC00001F0E8FE019801F0E5FE44F67030C2F241
:101DD000000005F045FF44F2E420C2F2000002904A
:101DE00001F0EEFC029801F0D5FE44F6F830C2F2A4
:101DF0000000039005F034FF03980268D16841F0B9
:101E00001001D16041F63051C2F20001252206F0E6
:101E10006BFC44F24430C2F20000049001F0D0FCAC
:101E200044F2A430C2F20000059001F0C9FC04980D
:101E300001F0B0FE059801F0ADFE44F63C40C2F260
:101E40000000069005F00CFF06980268D16841F08A
:101E50001001D16043F2FC61C2F20001152206F0CC
:101E600043FC09F0FDFD40F63C01C4F2000107917E
:101E7000322008604FF4FA7001F0A6FF07990020A5
:101E8000086008B080BD000041F66060C2F200004A
:101E900090ED690A7047000041F66060C2F20000F0
:101EA00090ED680A7047000080B584B047F61020B6
:101EB000C1F6FF700068039047F61420C1F6FF706A
:101EC0000068029047F61820C1F6FF700068019084
:101ED0000199039808440390039888B1FFE7039899
:101EE00040F2A811C2F2000100910231082207F06D
:101EF00017FF009902981231042207F011FFFFE743
:101F000004B080BD41F66060C2F2000090ED6A0A44
:101F10007047000041F66060C2F2000090ED6B0A6D
:101F20007047000082B00190ADF80210019800786F
:101F300041F62051C2F200010870019840784870C3
:101F40000198807888700198C078C87001980079ED
:101F500008710198407948710198807988710198D9
:101F6000C079C871002002B07047000080B581B010
:101F700000900098418890F8392002F00F00C0EBE3
:101F800012104FF4257C00FB0CF000EB410241F6EF
:101F90002051C2F20001088940F2FE731A4000F499
:101FA0007840104408810098828890F838E00EF05C
:101FB0000F00A0EB1E1000FB0CF000EB4202488962
:101FC0001A4000F47840104448810098428990F803
:101FD0003A0000F00F0000FB0CF0C0EB42028889D1
:101FE0001A4000F478401044888143F21D70C2F218
:101FF0000000837CCA8903F0020322F0100242EA47
:10200000C302CA81837CCA8903F0040322F0200240
:1020100042EAC302CA81827C5309CA8963F300027F
:10202000CA81437CCA899B089B0863F38202CA81E8
:10203000427CC2F380138A8922F4006242EAC322FE
:102040008A81427C02F080038A8922F4805242EA2B
:1020500043128A81427CC8899208D20862F3C30085
:10206000C88142F25400C2F200000278C88902F02E
:10207000030220F4C07040EAC210C8810098027BBD
:10208000C88902F0030220F4C06040EA4220C881FF
:102090000098427BC88902F0030220F4C05040EA55
:1020A000C220C881009890F83E20C889C2F300126F
:1020B00020F4005040EA4230C881012001B080BDC8
:1020C00085B00390029100200190FFE7039890F8FB
:1020D0003C00012804D1FFE702208DF81300F7E04F
:1020E0000399012081F83C00FFE7FFE702980068B0
:1020F0000A281CD3FFE70298008800EB4000A0F1FB
:102100001E01072000FA01F203980168C868904395
:10211000C86002998868098801EB41011E3900FAFC
:1021200001F203980168C8681043C86018E002987B
:10213000008800EB4001072000FA01F203980168D3
:1021400008699043086102998868098801EB410198
:1021500000FA01F203980168086910430861FFE77B
:102160000298406806281BD8FFE70298406800EBF9
:102170008000411F1F2000FA01F203980168486B9C
:102180009043486302990888496801EB8101053949
:1021900000FA01F203980168486B104348633DE080
:1021A000029840680C281CD8FFE70298406800EBB2
:1021B0008000A0F123011F2000FA01F203980168BA
:1021C000086B9043086302990888496801EB810114
:1021D000233900FA01F203980168086B1043086381
:1021E0001BE00298406800EB8000A0F141011F2035
:1021F00000FA01F203980168C86A9043C862029924
:102200000888496801EB8101413900FA01F203981D
:102210000168C86A1043C862FFE7FFE742F2003076
:10222000C4F2010000900398006842F20001C4F279
:10223000010188420BD1FFE702980068122806D1FD
:10224000FFE70099486840F480004860FFE7039882
:10225000006842F20001C4F2010188422ED1FFE77A
:1022600002980068102805D0FFE70298006811283E
:1022700024D1FFE70099486840F4000048600298C4
:102280000068102819D1FFE740F2E400C2F2000014
:1022900000684DF68361C4F21B31A0FB0110800C75
:1022A00000EB800040000190FFE7019820B1FFE7BC
:1022B000019801380190F8E7FFE7FFE7FFE703998E
:1022C000002081F83C00FFE700208DF81300FFE7B5
:1022D0009DF8130005B0704781B000900098006829
:1022E000C06C01B07047000080B584B0029000203F
:1022F0008DF80700029820B9FFE701208DF80F0044
:1023000042E00298806A0121C0F60071884201D043
:10231000FFE7FFE70298006C50B9FFE7029800F072
:1023200037F8029900204864029981F83C00FFE7E1
:102330000298006CC006002817D4FFE70298006CD2
:1023400040F0020020F48850029908640298FEF7D9
:1023500037F90299002048640298006C40F00100AF
:1023600020F002000299086403E001208DF80700C4
:10237000FFE7FFE70299002081F83C00FFE79DF8A6
:1023800007008DF80F00FFE79DF80F0004B080BD37
:1023900080B58AB0099000200890079006900590BB
:1023A00004900998006842F20001C4F201018842D9
:1023B00012D1FFE7FFE70020039043F64400C4F288
:1023C0000200016841F480710160006800F48070CF
:1023D00003900398FFE73AE00998006842F2002171
:1023E000C4F20101884231D1FFE7FFE700200290EB
:1023F00043F64400C4F20200016841F480610160C8
:10240000006800F4806002900298FFE7FFE7002078
:10241000019043F63000C4F20200016841F020014F
:102420000160006800F0200001900198FFE74FF480
:1024300080600490032005900020069041F2004047
:10244000C4F2020004A901F02BFDFFE7FFE70AB088
:1024500080BD000080B584B0029001910020009002
:102460000298006880684005002816D5FFE70298AA
:1024700000688068C00500280FD5FFE70299086C46
:1024800040F020000864FFE70299002081F83C003A
:10249000FFE701208DF80F006DE001F0F5FE0090E0
:1024A000FFE702980068006800F00200022829D0C7
:1024B000FFE70198013020B3FFE7019840B1FFE743
:1024C00001F0E2FE0099401A0199884218D9FFE70D
:1024D00002980068006800F0020002280FD0FFE7B1
:1024E0000299086C40F004000864FFE7029900209C
:1024F00081F83C00FFE703208DF80F003BE0FFE789
:10250000FFE7CEE7029801686FF0120008600299B9
:10251000086C40F40070086402980068806810F04D
:10252000405F24D1FFE70298007E00BBFFE70298DE
:102530000068C06A10F4700F07D0FFE702980068C7
:1025400080684005002812D4FFE70299086C20F447
:10255000807008640298006CC004002806D4FFE76D
:102560000299086C40F001000864FFE7FFE70020D3
:102570008DF80F00FFE79DF80F0004B080BD00004C
:1025800084B0029000200190FFE7029890F83C0090
:10259000012804D1FFE702208DF80F00D4E0029952
:1025A000012081F83C00FFE7FFE70298006880689F
:1025B000C007F0B9FFE702980168886840F00100A1
:1025C000886040F2E400C2F2000000684DF68361CA
:1025D000C4F21B31A0FB0110800C00EB4000019005
:1025E000FFE7019820B1FFE7019801380190F8E773
:1025F000FFE7029800688068C007002800F0958017
:10260000FFE70298006C40F4807040F2016188435B
:10261000029908640298006840684005002809D5BE
:10262000FFE70298006C40F4805020F400500299BB
:102630000864FFE70298006CC004002806D5FFE795
:102640000299486C20F00600486403E002990020DB
:102650004864FFE7FFE70299002081F83C00FFE7AC
:1026600042F20030C4F201000090029801686FF05D
:102670002200086000984068C006E8BBFFE70298A7
:10268000006842F20001C4F20101884224D0FFE751
:102690000298006842F20011C4F20101884208D198
:1026A000FFE742F20430C4F201000068C00698B1AE
:1026B000FFE70298006842F20021C4F2010188425B
:1026C00019D1FFE742F20430C4F20100006800F0C3
:1026D0001F000F280FD8FFE702980068806810F0ED
:1026E000405F07D1FFE702980168886840F08040AA
:1026F0008860FFE7FFE717E00298006842F20001F8
:10270000C4F2010188420ED1FFE702980068806898
:1027100010F0405F07D1FFE702980168886840F039
:1027200080408860FFE7FFE70AE00299086C40F00C
:10273000100008640299486C40F001004864FFE70B
:1027400000208DF80F00FFE79DF80F0004B07047E0
:1027500084B002900191029890F820008DF8030057
:102760009DF80300012805D0FFE79DF8030002282B
:102770000AD1FFE7019A029801684869104348614D
:1027800000208DF80F0008E00299486A40F480208C
:10279000486201208DF80F00FFE79DF80F0004B09C
:1027A0007047000088B00690059104920393069844
:1027B00090F820008DF80700069800688068009067
:1027C0000598806808B9FFE700E0FFE79DF807007B
:1027D000012806D0FFE79DF80700022840F08D8011
:1027E000FFE79DF80300400700280CD4FFE79DF8A1
:1027F00003000007002806D4FFE79DF80300C00689
:10280000002871D5FFE70098C0F30160029002989C
:10281000032809D3FFE70699486A40F4000048629C
:1028200001208DF81F0071E0029901208840039972
:1028300008600598806868B9FFE705980168C06876
:1028400040EA415006990968029A01EB0211C1F869
:1028500080010EE005994A688868C96840EAC200AC
:10286000084306990968029A01EB0211C1F8800138
:10287000FFE70598006906990968029A01EB0211C1
:10288000C1F884010598007D01280CD1FFE7069866
:102890000068029900EB0111D1F8840140F48070C6
:1028A000C1F88401FFE70498406806990968029A14
:1028B00001EB0211C1F88C010498006806990968BF
:1028C000029A01EB0211C1F888010698006802998A
:1028D00000EB0111D1F8800140F00100C1F8800146
:1028E00000208DF81F0011E00699486A40F400109E
:1028F000486201208DF81F0008E00699486A40F4FC
:102900008020486201208DF81F00FFE79DF81F001E
:1029100008B0704786B00490039104980068019055
:10292000049890F820008DF803009DF8030001281A
:1029300006D0FFE79DF80300022840F0B080FFE7D3
:1029400046F20040C4F2000001900199D1F8000263
:1029500040F00100C1F800020199D1F8000220F412
:102960007C50C1F800020398426A0199D1F8000234
:1029700040EA0220C1F800020398406900F01F01FC
:10298000012088400290029A0199D1F81C029043DC
:10299000C1F81C020398C069F0B9FFE7029A0199D7
:1029A000D1F80C029043C1F80C02039A9088D168C8
:1029B000526940EA0140019901EBC201C1F84002AD
:1029C000039A10889168526940EA0140019901EB2D
:1029D000C201C1F84402FFE70398C06901281ED173
:1029E000FFE7029A0199D1F80C021043C1F80C02DA
:1029F000039A90881168526940EA0140019901EBFD
:102A0000C201C1F84002039A90899168526940EA74
:102A10000140019901EBC201C1F84402FFE70398AC
:102A2000806940B9FFE7029A0199D1F80402904306
:102A3000C1F8040207E0029A0199D1F80402104398
:102A4000C1F80402FFE70398006940B9FFE7029A62
:102A50000199D1F814029043C1F8140207E0029AD8
:102A60000199D1F814021043C1F81402FFE703984A
:102A7000006A012808D1FFE7029A0199D1F81C02E7
:102A80001043C1F81C02FFE70199D1F8000220F0C1
:102A90000100C1F8000200208DF8170008E0049939
:102AA000486A40F48020486201208DF81700FFE753
:102AB0009DF8170006B0704781B0009001B07047D4
:102AC00086B00490039102920193049890F820003C
:102AD0008DF803009DF80300012806D0FFE79DF85C
:102AE0000300022840F0D780FFE7039880B9FFE792
:102AF00004980068C068800748B9FFE70499486AED
:102B000040F40010486201208DF81700CCE00FE07F
:102B1000049800680069800748B9FFE70499486A8B
:102B200040F40010486201208DF81700BCE0FFE778
:102B300004980068039900EB0110D0F8B00100F090
:102B40000400029988600298806858B9FFE70498E9
:102B50000068039900EB0110D0F8B001400D029914
:102B600008600AE004980068039900EB0110D0F8AF
:102B7000B001C00802994860FFE704980068039913
:102B800000EB0110D0F8B00100F002000299C8601B
:102B900004980068039900EB0110D0F8B40100F02C
:102BA0000F000299086104980068039900EB011076
:102BB000D0F8B40180B2000A0299886104980068D4
:102BC000039900EB0110D0F8B401000C02994861A0
:102BD00004980068039900EB0110D0F8B80101993E
:102BE000087004980068039900EB0110D0F8B80150
:102BF000000A0199487004980068039900EB0110DD
:102C0000D0F8B801000C0199887004980068039905
:102C100000EB0110D0F8B801000E0199C8700498BB
:102C20000068039900EB0110D0F8BC01019908710C
:102C300004980068039900EB0110D0F8BC01000A69
:102C40000199487104980068039900EB0110D0F8CD
:102C5000BC01000C0199887104980068039900EB8D
:102C60000110D0F8BC01000E0199C871039838B961
:102C7000FFE704980168C86840F02000C86006E0DB
:102C800004980168086940F020000861FFE700200F
:102C90008DF8170008E00499486A40F480204862E3
:102CA00001208DF81700FFE79DF8170006B0704768
:102CB00080B58AB0099000200890099800684069A2
:102CC0000790099800684068069009980068806835
:102CD000059009980068C068049009980068006928
:102CE000039009980068806902909DF81C00C00755
:102CF000002800F09480FFE79DF81400C00758B347
:102D0000FFE709980168012088609DF8140080079A
:102D1000002804D5FFE7099800F062FC1BE09DF84D
:102D200014004007002805D5FFE7089840F400602C
:102D300008900FE09DF814000007002805D5FFE774
:102D4000089840F48050089003E0099800F044FC93
:102D5000FFE7FFE7FFE7FFE79DF81500C00760B357
:102D6000FFE7099801684FF4807088609DF81500AE
:102D70008007002804D5FFE7099800F039FC1BE024
:102D80009DF815004007002805D5FFE7089840F496
:102D9000005008900FE09DF815000007002805D5A9
:102DA000FFE7089840F48040089003E0099800F09D
:102DB0001BFCFFE7FFE7FFE7FFE79DF81600C007F2
:102DC00060B3FFE7099801684FF4803088609DF890
:102DD00016008007002804D5FFE7099800F010FCD2
:102DE0001BE09DF816004007002805D5FFE708986E
:102DF00040F4004008900FE09DF8160000070028FE
:102E000005D5FFE7089840F48030089003E0099862
:102E100000F0F2FBFFE7FFE7FFE7FFE7FFE79DF8C2
:102E20001C000007002810D5FFE79DF81000C00621
:102E3000002809D5FFE7089840F400700890099829
:102E400001681020C860FFE7FFE79DF81C004007FD
:102E500000280FD5FFE79DF810000007002808D5CF
:102E6000FFE7099801680820C860099800F0CCFACB
:102E7000FFE7FFE79DF81C00800700280BD5FFE760
:102E800009980068C068800720B1FFE7099800F042
:102E9000BFFAFFE7FFE79DF81C004006002810D5A9
:102EA000FFE79DF80C00C006002809D5FFE7089849
:102EB00040F4806008900998016810200861FFE7DD
:102EC000FFE79DF81C00800600280FD5FFE79DF85E
:102ED0000C000007002808D5FFE7099801680820C2
:102EE0000861099800F026FBFFE7FFE79DF81C004A
:102EF000C00600280BD5FFE7099800680069800725
:102F000020B1FFE7099800F019FBFFE7FFE79DF804
:102F10001E00800700280FD5FFE79DF81800C006A7
:102F2000002808D5FFE70998016810204860099833
:102F300000F008FBFFE7FFE79DF81E00C00778B12F
:102F4000FFE79DF818000007002808D5FFE709985B
:102F5000016808204860099800F056FBFFE7FFE78A
:102F60009DF81D000006002840F18D80FFE79DF8C8
:102F700018004007002840F18180FFE79DF81D0000
:102F8000C00750B1FFE79DF80800C00728B1FFE770
:102F9000089840F001000890FFE79DF81D008007A9
:102FA00000280BD5FFE79DF808008007002805D50D
:102FB000FFE7089840F002000890FFE79DF81D0029
:102FC000400700280BD5FFE79DF8080040070028C0
:102FD00005D5FFE7089840F004000890FFE79DF84A
:102FE0001D000007002848D5FFE79DF8080010F0F5
:102FF000700F42D0FFE7029800F070000146019187
:10300000102814D0FFE70198202815D0FFE7019879
:10301000302816D0FFE70198402817D0FFE7019825
:10302000502818D0FFE70198602819D01DE00898B3
:1030300040F00800089019E0089840F0100008904F
:1030400014E0089840F0200008900FE0089840F045
:10305000400008900AE0089840F08000089005E0E1
:10306000089840F48070089000E0FFE70998016834
:10307000886920F070008861FFE7FFE70998016820
:1030800004204860FFE7089848B1FFE7089A0999CB
:10309000486A104348620998FFF70EFDFFE70AB03F
:1030A00080BD000080B584B00290029820B9FFE78F
:1030B00001208DF80F00E0E0029890F8200020B980
:1030C000FFE7029800F0DEF8FFE702980168086861
:1030D00040F00100086001F0D7F80190FFE7029886
:1030E00000684068C007A8B9FFE701F0CDF8019972
:1030F000401A0B280DD3FFE70299486A40F40030CC
:1031000048620299052081F8200001208DF80F0007
:10311000B3E0E4E702980168086820F00200086064
:1031200001F0B2F80190FFE702980068406880075C
:10313000002815D5FFE701F0A7F80199401A0B28E0
:103140000DD3FFE70299486A40F4003048620299C3
:10315000052081F8200001208DF80F008DE0E3E7C5
:103160000298007E012807D1FFE7029801680868ED
:1031700040F08000086006E002980168086820F0CE
:1031800080000860FFE70298407E012807D1FFE732
:1031900002980168086840F04000086006E0029864
:1031A0000168086820F040000860FFE70298807E10
:1031B000012807D1FFE702980168086840F0200065
:1031C000086006E002980168086820F020000860A6
:1031D000FFE70298C07E012807D1FFE70298016847
:1031E000086820F01000086006E00298016808688E
:1031F00040F010000860FFE70298007F012807D127
:10320000FFE702980168086840F00800086006E0DF
:1032100002980168086820F008000860FFE702983B
:10322000407F012807D1FFE702980168086840F055
:103230000400086006E002980168086820F00400B5
:103240000860FFE7029B19685A689868D3F80CC0B9
:1032500040EA0C00D3F810C040EA0C005B69184348
:10326000013A1043C861029900204862029A012184
:1032700082F820108DF80F00FFE79DF80F0004B0D2
:1032800080BD000080B590B00F9000200E900D9092
:103290000C900B900A900F98006846F20041C4F21F
:1032A0000001884249D1FFE741F66450C2F20000B4
:1032B0000168013101600068012812D1FFE7FFE7D2
:1032C0000020099043F64000C4F20200016841F07A
:1032D00000710160006800F0007009900998FFE734
:1032E000FFE7FFE70020089043F63000C4F2020039
:1032F000016841F008010160006800F008000890D2
:103300000898FFE703200A9002210B910021039106
:103310000C910D9009200E9040F60040C4F202007E
:103320000AA900F0BDFD039A14200490052101F0C4
:1033300087F8049801F07AF864E00F98006846F680
:103340000001C4F2000188425BD1FFE7FFE70020E3
:10335000079043F64000C4F20200016841F080612A
:103360000160006800F0806007900798FFE741F671
:103370006450C2F200000168013101600068012858
:1033800012D1FFE7FFE70020069043F64000C4F2A9
:103390000200016841F000710160006800F00070F7
:1033A00006900698FFE7FFE7FFE70020059043F649
:1033B0003000C4F20200016841F0020101600068BF
:1033C00000F0020005900598FFE760200A900220B7
:1033D0000B90002001900C9003200D9009200E907E
:1033E00040F20040C4F202000AA900F059FD019A1F
:1033F00040200290052101F023F8029801F016F810
:10340000FFE7FFE710B080BD81B0009001B07047CA
:1034100080B58AB00990099844F67A63C2F2000335
:10342000002102AAFFF74CFB099843F6EC71C2F2A7
:10343000000188424CD1FFE70298019040F203213D
:10344000884237D0FFE7019840F23221884228D0E5
:10345000FFE7019840F20131884206D0FFE701986A
:1034600040F2023188420ED031E040F25820C2F2E0
:10347000000041F28841084444F67A61C2F200013A
:1034800013F090F823E040F25820C2F2000041F21D
:10349000F861084444F67A61C2F2000113F082F840
:1034A00015E044F67A60C2F2000040F23221FEF7E5
:1034B00039FD0CE040F25820C2F2000000F628105E
:1034C00044F67A61C2F200010AF0E8FBFFE7FFE789
:1034D000099844F21401C2F20001884228D1FFE7A2
:1034E0000298009040F20121884206D0FFE7009840
:1034F00040F2022188420DD019E040F25820C2F279
:10350000000000F5936044F67A61C2F200010AF00F
:1035100031FC0CE040F25820C2F2000000F5DC6003
:1035200044F67A61C2F200010AF024FCFFE7FFE7EB
:103530000AB080BD81B0009001B0704781B00090AA
:1035400001B0704781B0009001B0704780B584B081
:103550000290029890F8200001282FD1FFE70299ED
:10356000022081F8200002980168086820F001001C
:10357000086000F089FE0190FFE70298006840684B
:10358000C007A8B1FFE700F07FFE0199401A0B28A1
:103590000DD3FFE70299486A40F40030486202996F
:1035A000052081F8200001208DF80F000FE0E4E7EE
:1035B0000299002048628DF80F0008E00299486ADD
:1035C00040F40020486201208DF80F00FFE79DF8CD
:1035D0000F0004B080BD000081B0009001B07047C2
:1035E00081B0009001B0704781B0009001B0704789
:1035F00081B0009001B0704781B0009001B0704779
:1036000081B0009001B0704781B0009001B0704768
:1036100080B582B00090009820B9FFE701208DF8B6
:10362000070011E00098407938B9FFE700990020C1
:103630000871009800F00CF8FFE70099012048712C
:1036400000208DF80700FFE79DF8070002B080BD5D
:1036500082B001900198006843F20001C4F20201B7
:10366000884212D1FFE7FFE70020009043F63000C8
:10367000C4F20200016841F480510160006800F466
:10368000805000900098FFE7FFE702B0704700000D
:1036900080B584B002900298806D019000F0F4FD36
:1036A0000090029890F8350002280DD0FFE70299AB
:1036B00080204865FFE70299002081F83400FFE789
:1036C00001208DF80F0055E002980168086820F08D
:1036D0001600086002980168486920F0800048617F
:1036E0000298006C20B9FFE70298806C38B1FFE7C0
:1036F00002980168086820F008000860FFE7029857
:103700000168086820F001000860FFE7029800687F
:103710000068C007C8B1FFE700F0B6FD0099401A85
:10372000062811D3FFE7029920204865029903205B
:1037300081F83500FFE70299002081F83400FFE7A7
:1037400003208DF80F0015E0E0E70298C16D3F20DF
:103750008840019988600299012081F83500FFE7CF
:103760000299002081F83400FFE7FFE700208DF880
:103770000F00FFE79DF80F0004B080BD82B00090FD
:10378000009890F83500022807D0FFE700998020C4
:10379000486501208DF807000EE00099052081F8AA
:1037A000350000980168086820F001000860FFE714
:1037B00000208DF80700FFE79DF8070002B0704772
:1037C00080B584B00290029820B9FFE701208DF8FF
:1037D0000F004BE0029890F83500022804D1FFE773
:1037E00002208DF80F0041E002980168086820F07F
:1037F00001000860029801680020009008600299AA
:103800000968486002990968886002990968C86077
:1038100002990968086102980168212048610298AC
:10382000FEF760F80146009801910299C863029979
:10383000086402994864029988640299C8640299EC
:1038400008650299CA6D3F219140019A91600299E1
:103850004865029981F83500FFE70299002081F858
:103860003400FFE700208DF80F00FFE79DF80F0000
:1038700004B080BD80B586B005900020039040F272
:10388000E400C2F20000006848F2B511C1F64E3102
:10389000A0FB0110800A02900598806D01900198AC
:1038A0000068049004980599C96DC8400007002875
:1038B0001AD5FFE70598006800684007002812D570
:1038C000FFE705980168086820F004000860059883
:1038D000C16D08208840019988600599486D40F0C5
:1038E00001004865FFE7FFE704980599C96DC840E6
:1038F000C007A0B1FFE705980068406900060028EE
:103900000CD5FFE70598C16D0120884001998860BA
:103910000599486D40F002004865FFE7FFE704980D
:103920000599C96DC8404007002814D5FFE70598E0
:1039300000680068800700280CD5FFE70598C16D76
:1039400004208840019988600599486D40F0040082
:103950004865FFE7FFE704980599C96DC840C006B0
:10396000002847D5FFE70598006800680007002891
:103970003FD5FFE70598C16D102088400199886008
:10398000059800680068400300281AD5FFE70598ED
:10399000006800680003002809D4FFE70598006C60
:1039A00020B1FFE70598016C8847FFE708E005981C
:1039B000806C20B1FFE70598816C8847FFE7FFE73F
:1039C00016E0059800680068C005002807D4FFE7E6
:1039D00005980168086820F008000860FFE705986E
:1039E000006C20B1FFE70598016C8847FFE7FFE70F
:1039F000FFE7FFE704980599C96DC84080060028D5
:103A000040F18D80FFE7059800680068C006002837
:103A100040F18480FFE70598C16D2020884001991E
:103A20008860059890F83500052834D1FFE705989F
:103A30000168086820F01600086005980168486968
:103A400020F0800048610598006C20B9FFE70598D8
:103A5000806C38B1FFE705980168086820F008001D
:103A60000860FFE70598C16D3F2088400199886094
:103A70000599012081F83500FFE70599002081F8BC
:103A80003400FFE70598006D20B1FFE70598016D50
:103A90008847FFE77BE0059800680068400300283E
:103AA0001AD5FFE70598006800680003002809D4CC
:103AB000FFE70598406C20B1FFE70598416C884707
:103AC000FFE708E00598C06B20B1FFE70598C16BE0
:103AD0008847FFE7FFE720E0059800680068C00519
:103AE000002811D4FFE705980168086820F010004D
:103AF00008600599012081F83500FFE7059900204D
:103B000081F83400FFE7FFE70598C06B20B1FFE7BD
:103B10000598C16B8847FFE7FFE7FFE7FFE70598D8
:103B2000406DA0B3FFE70598406DC00730B3FFE7D5
:103B30000599052081F8350005980168086820F08E
:103B400001000860FFE70398013003900299884262
:103B500001D9FFE707E0FFE7059800680068C007A4
:103B60000028F0D1FFE70599012081F83500FFE733
:103B70000599002081F83400FFE7FFE70598C06C45
:103B800020B1FFE70598C16C8847FFE7FFE706B063
:103B900080BD000080B586B004900020039000F046
:103BA00073FB0290049820B9FFE701208DF81700FD
:103BB000A3E00498406A08B1FFE7FFE704990220F8
:103BC00081F83500FFE70499002081F83400FFE711
:103BD00004980168086820F001000860FFE7049875
:103BE00000680068C00790B1FFE700F04DFB029944
:103BF000401A06280AD3FFE7049920204865049953
:103C0000032081F835008DF8170076E0E7E7049887
:103C1000006800680390039848F23F01CFF210015A
:103C200008400390049900914868D1F808C0CB6817
:103C30000A6940EA0C00184310434A6910438A6934
:103C40001043CA691043096A01430398084303906B
:103C50000498406A042808D1FFE70499C86A096BF0
:103C60000143039808430390FFE703980499096808
:103C700008600498006840690390039820F00700EA
:103C800003900498416A0398084303900498406A9B
:103C900004281AD1FFE70498816A03980843039027
:103CA0000498C06A80B1FFE70498FDF747FE50B161
:103CB000FFE70499402048650499012081F8350008
:103CC0008DF8170019E0FFE7FFE7039804990968EA
:103CD00048610498FDF706FE01900498C16D3F20ED
:103CE000884001998860049900204865049A012160
:103CF00082F835108DF81700FFE79DF8170006B021
:103D000080BD000080B588B00690059104920393B1
:103D100000208DF80B000698806D0190FFE7069853
:103D200090F83400012804D1FFE702208DF81F002D
:103D300045E00699012081F83400FFE7FFE7069887
:103D400090F8350001282BD1FFE70699022081F871
:103D5000350006990020486506980599049A039B4A
:103D6000FDF764FE0698C16D3F2088400199886088
:103D700006980168086840F0160008600698006C14
:103D800038B1FFE706980168086840F0080008604D
:103D9000FFE706980168086840F00100086009E044
:103DA000FFE70699002081F83400FFE702208DF834
:103DB0000B00FFE79DF80B008DF81F00FFE79DF853
:103DC0001F0008B080BD000080B584B0039000F0F3
:103DD0005BFA0290039801900198013048B1FFE727
:103DE00040F2C410C2F2000001780198084401902A
:103DF000FFE7FFE700F048FA0299401A019988426C
:103E000001D2FFE7F6E704B080BD000080B582B0C4
:103E1000ADF80600BDF80600022822D1FFE744F6FF
:103E20006810C2F2000044F66C61C2F2000110F0AA
:103E30008DFD8DF805009DF8050058B1FFE744F6AB
:103E40006810C2F2000044F66C61C2F2000110F08A
:103E5000CFFDFFE744F66810C2F2000010F0E8FD65
:103E6000FFE702B080BD000080B582B0ADF806006B
:103E700043F61440C4F201000068BDF80610084281
:103E80000CD0FFE7BDF8060043F61441C4F201016F
:103E90000860BDF80600FFF7B9FFFFE702B080BD7C
:103EA0008EB00D900C9100200A90099008900B9014
:103EB000FFE70B980F2800F2CC81FFE70B99012058
:103EC00088400A900C9800680A990840099009985F
:103ED0000A99884240F0B881FFE70C98406800F0EA
:103EE0000300012807D0FFE70C98406800F00300AA
:103EF00002282FD1FFE70D98806808900B984100A9
:103F0000032000FA01F10898884308900C98C068D3
:103F10000B99490000FA01F10898084308900898A5
:103F20000D9988600D98406808900B99012000FA5F
:103F300001F10898884308900C984068C0F300107D
:103F40000B9900FA01F108980843089008980D9918
:103F50004860FFE70C98406800F00300032818D081
:103F6000FFE70D98C06808900B984100032000FA05
:103F700001F10898884308900C9880680B994900D3
:103F800000FA01F108980843089008980D99C86054
:103F9000FFE70C98406800F00300022826D1FFE7F5
:103FA0000D980B996FF0030202EA51010844006A70
:103FB00008900B9800F0070081000F2000FA01F133
:103FC0000898884308900C9800690B9901F0070144
:103FD000890000FA01F108980843089008980D99A3
:103FE0000B9B02EA530211440862FFE70D98006838
:103FF00008900B984100032000FA01F108988843CB
:1040000008900C98406800F003000B99490000FAF2
:1040100001F108980843089008980D9908600C98D9
:1040200080798007002800F00E81FFE7FFE700207D
:10403000079043F64400C4F20200016841F4804155
:104040000160006800F4804007900798FFE70B9834
:1040500020F0030043F60801C4F201014058089023
:104060000B9800F0030081000F2000FA01F108987E
:10407000884308900D980021C4F20201884203D1C0
:10408000FFE7002006905EE00D9840F20041C4F288
:104090000201884203D1FFE70120059050E00D980E
:1040A00040F60001C4F20201884203D1FFE702207A
:1040B000049042E00D9840F60041C4F202018842AB
:1040C00003D1FFE70320039034E00D9841F2000193
:1040D000C4F20201884203D1FFE70420029026E0E7
:1040E0000D9841F20041C4F20201884203D1FFE77A
:1040F0000520019018E00D9841F60001C4F202017C
:10410000884203D1FFE7062000900AE00D9941F6AE
:104110000042C4F202020820914208BF072000902A
:10412000FFE700980190FFE701980290FFE70298EF
:104130000390FFE703980490FFE704980590FFE7DA
:1041400005980690FFE70698C0B20B9901F00301AD
:10415000890000FA01F108980843089008980B9923
:1041600021F0030143F60802C4F20102885043F62D
:104170000840C4F201000068089009990898884333
:1041800008900C988079C006002805D5FFE70999AA
:10419000089808430890FFE7089843F60841C4F2DE
:1041A0000101086043F60C40C4F201000068089069
:1041B00009990898884308900C988079800600280F
:1041C00005D5FFE70999089808430890FFE7089884
:1041D00043F60C41C4F20101086043F60440C4F206
:1041E00001000068089009990898884308900C9885
:1041F00080798007002805D5FFE7099908980843CA
:104200000890FFE7089843F60441C4F201010860F2
:1042100043F60040C4F2010000680890099908982C
:10422000884308900C988079C00728B1FFE7099966
:10423000089808430890FFE7089843F60041C4F245
:1042400001010860FFE7FFE7FFE70B9801300B90E3
:104250002FE60EB07047000082B00190ADF802105A
:104260008DF801209DF8010028B1FFE7BDF802009C
:104270000199886105E0BDF8020000040199886198
:10428000FFE702B0704700004AF6DC60C2F20000AF
:104290000068704740F2C410C2F2000002784AF68B
:1042A000DC61C2F200010868104408607047000039
:1042B00080B543F60041C4F20201086840F4007082
:1042C0000860086840F480600860086840F4807006
:1042D0000860032000F0CEF80F2000F005F800F091
:1042E00079F8002080BD000080B58CB00B900020D4
:1042F00004900390FFE70020009043F64000C4F2D2
:104300000200016841F001010160006800F0010055
:1043100000900098FFE706A802A901F0ADFB0998FC
:104320000490049820B9FFE701F0D6FB059004E063
:1043300001F0D2FB40000590FFE705984DF6836140
:10434000C4F21B31A0FB01014FF0FF3000EB9140A4
:10435000039044F65020C2F200004FF0804101600B
:1043600040F2E731C1600399416000210161816041
:10437000816102F03DFE8DF807009DF8070028BB23
:10438000FFE744F65020C2F2000002F05FFF8DF814
:1043900007009DF80700C0B9FFE71C2000F046F8B1
:1043A0000B980F280CD8FFE70B991C20002200F077
:1043B00047F80B9840F2C811C2F20001086003E010
:1043C00001208DF80700FFE7FFE7FFE79DF80700F2
:1043D0000CB080BD80B582B0FFE70020019043F6AD
:1043E0004400C4F20200016841F4804101600068A9
:1043F00000F4804001900198FFE7FFE70020009063
:1044000043F64000C4F20200016841F080510160AF
:10441000006800F0805000900098FFE76FF0010006
:104420000F21002200F00CF802B080BD80B582B0F0
:104430008DF807009DF9070010F056FE02B080BD10
:1044400080B586B08DF81700049103920020029089
:1044500010F062FE02909DF91700019002980499F5
:10446000039A07F03DFB0146019810F05DFE06B08F
:1044700080BD000080B582B00190019810F076FEFA
:1044800002B080BD82B001908DF8031002B0704779
:1044900082B00190ADF80210BDF8020001990968E0
:1044A0004862002002B0704784B003908DF80B1072
:1044B000ADF8082003980068406A00909DF80B0052
:1044C00048B9FFE7BDF80810009840EA0140039999
:1044D0000968886233E003980068816A009800EBFD
:1044E0001140009000208DF80700FFE79DF80700BD
:1044F0009DF80B100139884213D2FFE7039800683A
:104500009DF8071000EB8100D0F80411009800EB33
:1045100011400090FFE79DF8070001308DF807007B
:10452000E4E7BDF80810009840EA014003990968E3
:104530009DF80B2001EB8201C1F80001FFE700208C
:1045400004B0704780B582B001900198D0F808059A
:104550000DF0CEF802B080BD80B582B001908DF82C
:104560000310019AD2F808059DF8031001EBC1036E
:1045700002EB8302D26C0CF017FF02B080BD00008A
:1045800080B582B001908DF80310019AD2F8080529
:104590009DF8031001EBC10302EB8302D2F88C22D9
:1045A0000CF0CCFF02B080BD80B582B001900198C4
:1045B000D0F808050DF0A2F802B080BD80B584B037
:1045C00003908DF80B109DF80B00000600280CD509
:1045D000FFE703989DF80B1001F00F0101EBC101FB
:1045E00000EB81003C3001900CE003989DF80B102B
:1045F00001F00F0101EBC10100EB810000F51F701C
:104600000190FFE70398006801990EF0CDFE8DF848
:104610000A009DF80A0004B080BD000080B584B097
:1046200002908DF807109DF80700000600280FD5AE
:10463000FFE702989DF8071001F00F0101EBC1019F
:1046400000EB81003C3000900099012048700FE0A1
:1046500002989DF8071001F00F0101EBC10100EB7A
:10466000810000F51F700090009900204870FFE75E
:104670009DF8070000F00F0000990870FFE702980E
:1046800090F8BC04012804D1FFE702208DF80F0048
:1046900014E00299012081F8BC04FFE7FFE70298CB
:1046A000006800990EF0A8F8FFE70299002081F851
:1046B000BC04FFE700208DF80F00FFE79DF80F0016
:1046C00004B080BD80B584B002908DF807109DF8CD
:1046D000070000F00F0002994968884204D9FFE7FB
:1046E00001208DF80F004DE09DF80700000600281E
:1046F0000FD5FFE702989DF8071001F00F0101EBBD
:10470000C10100EB81003C3000900099012048700D
:104710000FE002989DF8071001F00F0101EBC101B5
:1047200000EB810000F51F70009000990020487098
:10473000FFE70099002088709DF8070000F00F0047
:1047400000990870FFE7029890F8BC04012804D192
:10475000FFE702208DF80F0014E00299012081F894
:10476000BC04FFE7FFE70298006800990EF0C4FB65
:10477000FFE70299002081F8BC04FFE700208DF8D4
:104780000F00FFE79DF80F0004B080BD82B00190DC
:104790008DF8031001989DF8031001F00F0101EB53
:1047A000C10100EB8100D0F89C0202B0704700000C
:1047B00080B586B004908DF80F10ADF80C208DF800
:1047C0000B3000208DF80A009DF80F00000600282D
:1047D0000FD5FFE704989DF80F1001F00F0101EBD2
:1047E000C10100EB81003C3001900199012048702B
:1047F0000FE004989DF80F1001F00F0101EBC101CB
:1048000000EB810000F51F700190019900204870B5
:10481000FFE79DF80F0000F00F0001990870BDF848
:104820000C000199C8609DF80B000199087101986E
:10483000407820B1FFE7019908780881FFE79DF8EB
:104840000B00022804D1FFE7019900204871FFE71F
:10485000FFE7049890F8BC04012804D1FFE7022088
:104860008DF8170015E00499012081F8BC04FFE7DA
:10487000FFE70498006801990DF078FEFFE70499BE
:10488000002081F8BC04FFE79DF80A008DF81700AE
:10489000FFE79DF8170006B080BD000080B586B028
:1048A00005908DF813100392029305989DF813104C
:1048B00001F00F0101EBC10100EB810000F51F7059
:1048C0000190039801990861029801998861019902
:1048D00000200862019948709DF8130000F00F0055
:1048E0000199087005980069012804D1FFE7039831
:1048F00001994861FFE79DF81300000738B9FFE709
:10490000059A10680199127C0EF0AAF906E0059A42
:1049100010680199127C0EF093FBFFE7002006B0AF
:1049200080BD000080B584B002908DF807109DF81E
:10493000070000F00F0002994968884204D9FFE798
:1049400001208DF80F0058E09DF8070000060028B0
:104950000FD5FFE702989DF8071001F00F0101EB5A
:10496000C10100EB81003C300090009901204870AB
:104970000DE002989DF8071001EBC10100EB8100EA
:1049800000F51F700090009900204870FFE7009923
:10499000012088709DF8070000F00F000099087052
:1049A000FFE7029890F8BC04012804D1FFE7022039
:1049B0008DF80F0021E00299012081F8BC04FFE787
:1049C000FFE70298006800990EF0E6FA9DF80700EC
:1049D000000740B9FFE7029A1068117C02F2C44256
:1049E0000EF03AFAFFE7FFE70299002081F8BC04D5
:1049F000FFE700208DF80F00FFE79DF80F0004B0DF
:104A000080BD000080B586B005908DF8131003922C
:104A1000029305989DF8131001F00F0101EBC101FD
:104A200000EB81003C3001900398019908610298E5
:104A3000019988610199002008620199012048705C
:104A40009DF8130000F00F000199087005980069A7
:104A5000012804D1FFE7039801994861FFE79DF819
:104A60001300000738B9FFE7059A10680199127C16
:104A70000EF0F6F806E0059A10680199127C0EF027
:104A8000DFFAFFE7002006B080BD000080B58CB0E3
:104A90000B900B9800680A900A9809900B98006890
:104AA0000EF0C4FD002840F00D84FFE70B9800686D
:104AB0000EF028FE10B9FFE700F004BC0998D0F80A
:104AC0000808C0F30D200B99C1F8FC040B9800688E
:104AD0000EF018FE8007002807D5FFE70B98016845
:104AE000486900F002004861FFE70B9800680EF08B
:104AF00009FEC006002862D5FFE70B9801688869A7
:104B000020F0100088610A98006A02900B980299C0
:104B100001F00F0101EBC10100EB810000F51F70F6
:104B20000890029800F4F0110220B0EB514F23D10D
:104B3000FFE7BDF8080047F6F07108421BD0FFE719
:104B40000A9808990969029AC2F30A120EF0E8FD60
:104B5000029847F6F07100EA0103089A106900EB29
:104B600013101061029800EA01020899086A00EB2C
:104B700012100862FFE71BE0029800F4F011062013
:104B8000B0EB514F12D1FFE70A980B9901F2C441E3
:104B900008220EF0C5FD029847F6F07100EA010206
:104BA0000899086A00EB1210086200E0FFE7FFE7CF
:104BB0000B980168886940F010008861FFE70B9846
:104BC00000680EF09FFD0003002840F1A680FFE77B
:104BD000002004900B9800680EF042FD0690FFE75D
:104BE0000698002800F09880FFE79DF81800C0079D
:104BF000002800F08A80FFE70B9800689DF81010ED
:104C00000EF068FD05909DF81400C00760B1FFE745
:104C10000998049900EB41110120C1F8080B0B9889
:104C2000049907F03DFAFFE79DF8140000070028FB
:104C30000CD5FFE70998049900EB41110820C1F851
:104C4000080B0B98049907F0E5F9FFE79DF81400AD
:104C5000C006002808D5FFE70998049900EB411128
:104C60001020C1F8080BFFE79DF81400800700280A
:104C70002DD5FFE70A9840690006002808D5FFE710
:104C80000999D1F8040840F48060C1F80408FFE7EE
:104C90000B98049901EBC10100EB810000F51F7036
:104CA00008900898C078012809D1FFE708990020EA
:104CB000C8700B989DF8101000F014FBFFE70998DE
:104CC000049900EB41110220C1F8080BFFE79DF8A1
:104CD00014008006002808D5FFE70998049900EB26
:104CE00041112020C1F8080BFFE79DF81500800650
:104CF000002809D5FFE70998049900EB41114FF40A
:104D00000050C1F8080BFFE7FFE70498013004905A
:104D100006984008069063E7FFE70B9800680EF0DE
:104D2000F1FC4003002840F1C680FFE70B980068C3
:104D30000EF084FC069000200490FFE706980028FF
:104D400000F0B880FFE79DF81800C007002800F0C9
:104D5000AA80FFE70B9800689DF810100EF092FCF7
:104D600005909DF81400C00700283ED0FFE7049886
:104D700000F00F01012000FA01F10391039B099A51
:104D8000D2F834189943C2F834180999049A01EBFF
:104D90004211C1F808090B98006901281FD1FFE7EB
:104DA0000B98049901EBC10100EB81018A6CC86C7E
:104DB0001044C864049888B9FFE70B98049901EB84
:104DC000C10100EB8100406D40B9FFE70B99086815
:104DD00001F2C44201210EF03FF8FFE7FFE70B9814
:104DE0009DF81010FFF7B8FBFFE79DF814000007CF
:104DF000002808D5FFE70998049900EB4111082025
:104E0000C1F80809FFE79DF81400C006002808D57E
:104E1000FFE70998049900EB41111020C1F8080937
:104E2000FFE79DF814004006002808D5FFE7099821
:104E3000049900EB41114020C1F80809FFE79DF8F3
:104E400014008007002822D5FFE70A9804990EF085
:104E500083FB0B98049901EBC10100EB81003C300E
:104E600008900898C078012809D1FFE70899002028
:104E7000C8700B989DF8101000F026FAFFE709980B
:104E8000049900EB41110220C1F80809FFE79DF8E1
:104E900014000006002805D5FFE70B98049907F0D9
:104EA000E3F9FFE7FFE70498013004900698400813
:104EB000069043E7FFE70B9800680EF023FCC00F55
:104EC00000B3FFE70999D1F8040820F00100C1F808
:104ED00004080B9890F8F404012808D1FFE70B9818
:104EE000002180F8F4140B98FFF7CCFA03E00B983C
:104EF00000F0E2FBFFE70B980168486900F0004012
:104F00004861FFE70B9800680EF0FCFB00050028E5
:104F100011D5FFE70998D0F80808C00720B1FFE7CE
:104F20000B9800F057FCFFE70B980168486900F404
:104F300000604861FFE70B9800680EF0E3FBC004D7
:104F4000002840F18680FFE70999D1F8040820F095
:104F50000100C1F804080B98006810210EF0FCFA5B
:104F600000200790FFE707980B994968884231D2E3
:104F7000FFE70998079900EB41114FF67F30C1F820
:104F800008090999079A01EB4212D2F8001921F495
:104F90000011C2F800190999079A01EB4211C1F8F2
:104FA000080B0998079900EB4111D1F8000B20F488
:104FB0000010C1F8000B0998079900EB4111D1F8D6
:104FC000000B40F00060C1F8000BFFE707980130CC
:104FD0000790C8E70999D1F81C0840F00110C1F802
:104FE0001C080B98006B78B1FFE70999D1F8840889
:104FF00040F00B00C1F884080999D1F8440840F04A
:105000000B00C1F844080FE00999D1F8140842F2E6
:105010002B021043C1F814080999D1F8100840F088
:105020000B00C1F81008FFE70999D1F8000820F437
:10503000FE60C1F800080B9A1068117C02F2C442AD
:105040000DF00AFF0B980168486900F48050486130
:10505000FFE70B9800680EF055FB800400281FD571
:10506000FFE70B9800680DF0F1FA0B9800680EF05E
:10507000B7FA0B99C8600B980068019000F026FD04
:10508000014601980B9A127B0EF042FC0B9800F03F
:10509000E9FA0B980168486900F400504861FFE79D
:1050A0000B9800680EF02EFB000700280AD5FFE7DA
:1050B0000B9800F00BFB0B980168486900F00800A2
:1050C0004861FFE70B9800680EF01CFB0006002803
:1050D00025D5FFE70A99886920F0800088610120C2
:1050E0000490FFE704980B994968884216D2FFE7BD
:1050F0000B98049901EBC10100EB810090F87F024D
:10510000012806D1FFE70B989DF81010FFF756FA1B
:10511000FFE7FFE7049801300490E3E7FFE70B980F
:1051200000680EF0EFFAC00200283ED5FFE701202C
:105130000490FFE704980B99496888422ED2FFE754
:105140000998049900EB4110D0F8000902900B98DF
:10515000049901EBC10100EB810090F840000128A7
:1051600017D1FFE79DF80B000006002811D5FFE7D7
:105170000B98049901EBC10100EB8101012081F83A
:105180003F000B989DF8101041F08001FFF716FAD0
:10519000FFE7FFE7049801300490CBE70B98016824
:1051A000486900F480104861FFE70B9800680EF032
:1051B000A9FA8002002855D5FFE701200490FFE7F7
:1051C00004980B994968884245D2FFE709980499E9
:1051D00000EB4110D0F8000B02900B98049901EB02
:1051E000C10100EB810090F8800201282ED1FFE779
:1051F0009DF80B000006002828D5FFE7029800F470
:1052000080300B99D1F8FC1401F0010188421DD1C6
:10521000FFE70B98049901EBC10100EB810101202C
:1052200081F87F020A99886940F0800088610A98B5
:1052300040690006002808D4FFE70999D1F804085E
:1052400040F40070C1F8040805E0FFE7FFE70498A8
:1052500001300490B4E70B980168486900F400102D
:105260004861FFE70B9800680EF04CFA40000028F8
:105270000AD5FFE70B98FFF765F90B9801684869B5
:1052800000F080404861FFE70B9800680EF03AFAA2
:105290004007002815D5FFE70B980068406802908A
:1052A0009DF808004007002804D5FFE70B98FFF79A
:1052B0007BF9FFE7029A0B98016848681043486041
:1052C000FFE7FFE70CB080BD80B582B001908DF89C
:1052D00003100198D0F808059DF803100CF0AAFA05
:1052E00002B080BD80B582B001908DF803100198A6
:1052F000D0F808059DF803100CF0D4FA02B080BD78
:105300002DE9F04F97B01590159820B9FFE70120CF
:105310008DF85B0049E1159800681490159890F895
:10532000BD0440B9FFE71599002081F8BC04159829
:1053300000F040F9FFE71599032081F8BD041498A7
:10534000C06BC005002804D4FFE715990020086150
:10535000FFE7159800680DF079FC1598109001682A
:10536000119141688268C368D0F810C044698569AA
:10537000C669076AD0F82480D0F82890D0F82CA00D
:10538000D0F830B0D0F834E068461290C0F824E08D
:105390001198DDF848E0CEF820B0CEF81CA0CEF889
:1053A0001890CEF81480CEF81070CEF80C60CEF8BD
:1053B0000850CEF80440CEF800C00DF05DF940B1C1
:1053C000FFE71599022081F8BD0401208DF85B00EC
:1053D000EBE01598006800210F910EF0FBF90F9893
:1053E0008DF84F00FFE79DF84F00159949688842F6
:1053F00045D2FFE715989DF84F1001EBC10100EB76
:105400008101012081F83D009DF84F00159900EBC6
:10541000C00201EB820181F83C009DF84F00159914
:1054200000EBC00201EB8201A1F8440015989DF841
:105430004F1001EBC10100EB8101002081F8400019
:1054400015999DF84F2002EBC20201EB820188649E
:1054500015999DF84F2002EBC20201EB8201C8644E
:1054600015999DF84F2002EBC20201EB82014865BD
:10547000FFE79DF84F0001308DF84F00B3E70020A3
:105480008DF84F00FFE79DF84F0015994968884255
:105490003ED2FFE715989DF84F1001EBC10100EBDC
:1054A0008101002081F87D029DF84F10159A01EBD3
:1054B000C10302EB830282F87C1215999DF84F20FC
:1054C00002EBC20201EB820181F8800215999DF87E
:1054D0004F2002EBC20201EB8201C1F8880215994C
:1054E0009DF84F2002EBC20201EB8201C1F88C0251
:1054F00015999DF84F2002EBC20201EB8201C1F821
:105500009402FFE79DF84F0001308DF84F00BAE795
:1055100015980C9001680D9141688268C368D0F8B5
:1055200010C044698569C669076AD0F82480D0F83C
:105530002890D0F82CA0D0F830B0D0F834E06846ED
:105540000E90C0F824E00D98DDF838E0CEF820B0D9
:10555000CEF81CA0CEF81890CEF81480CEF81070BB
:10556000CEF80C60CEF80850CEF80440CEF800C05B
:105570000DF00AFA40B1FFE71599022081F8BD0449
:1055800001208DF85B0010E0159900200B9081F848
:1055900038001599012081F8BD04159800680DF0B8
:1055A000DDF90B988DF85B00FFE79DF85B0017B005
:1055B000BDE8F08F80B58AB0099000200890079070
:1055C00006900590049009980068B0F1A04F47D16B
:1055D000FFE7FFE70020039043F63000C4F202002B
:1055E000016841F001010160006800F001000390D2
:1055F0000398FFE74FF4C05004900220059000206C
:105600000690032007900A2008900020C4F20200B0
:1056100004A9FEF745FCFFE743F63401C4F202019A
:10562000086840F080000860FFE70020029043F621
:105630004400C4F20200016841F480410160006846
:1056400000F4804002900298FFE7FFE743200190BA
:1056500005210022FEF7F4FE0198FEF7E7FEFFE7C2
:105660000AB080BD80B582B0019001208DF80300A2
:105670000198C06820B9FFE700208DF803000CE016
:105680000198C068022804D1FFE701208DF80300CB
:1056900002E0FCF759FBFFE7FFE70198D0F80805A7
:1056A0009DF803100CF0FEF90198D0F808050CF0F5
:1056B00079F902B080BD000080B582B001900198F8
:1056C000D0F808050CF0BCF902B080BD80B582B0FE
:1056D00001900198D0F808050CF0C4F902B080BD23
:1056E00080B584B002908DF80710FFE7029890F81B
:1056F000BC04012804D1FFE702208DF80F001AE056
:105700000299012081F8BC04FFE7FFE79DF807003C
:10571000029981F83800029800689DF807100EF091
:10572000C9F8FFE70299002081F8BC04FFE70020D8
:105730008DF80F00FFE79DF80F0004B080BD00005A
:1057400080B582B001900199D1F8080501F2C441F9
:105750000CF0D2F902B080BD80B584B002900298FE
:1057600000680190FFE7029890F8BC04012804D17A
:10577000FFE702208DF80F0027E00299012081F851
:10578000BC04FFE7FFE70298806A01280BD1FFE71E
:1057900002988069012806D0FFE70199886B40F4E0
:1057A00080308863FFE7029800680DF08BFE029856
:1057B00000680DF0BDF8FFE70299002081F8BC04F5
:1057C000FFE700208DF80F00FFE79DF80F0004B001
:1057D00080BD000080B582B001900198D0F8080526
:1057E0000CF00CFA01980168D1F8000E40F00100AD
:1057F000C1F8000E0198006A48B1FFE74EF610515B
:10580000CEF20001086840F006000860FFE702B031
:1058100080BD000080B584B002900191029820B94B
:10582000FFE701208DF80F0021E1019843F60041C8
:10583000C4F20201096801F00701884212D9FFE7AA
:10584000019943F60040C4F202000170006800F0C4
:1058500007000199884204D0FFE701208DF80F006E
:1058600005E1FFE702980078800700282AD5FFE7C6
:10587000029800784007002809D5FFE743F60801A1
:10588000C4F20201086840F4E0500860FFE70298A3
:1058900000780007002809D5FFE743F60801C4F2A5
:1058A0000201086840F460400860FFE743F6080121
:1058B000C4F20201086820F0F000029A92681043D6
:1058C0000860FFE702980078C00700286ED0FFE765
:1058D00002984068012811D1FFE743F60000C4F2A6
:1058E0000200006800F400310020B0EB514F04D1F9
:1058F000FFE701208DF80F00B9E02CE00298406826
:10590000022805D0FFE702984068032811D1FFE77D
:1059100043F60000C4F20200006800F000710020AD
:10592000B0EB516F04D1FFE701208DF80F009EE02E
:1059300010E043F60000C4F20200006800F002012B
:105940000020B0EB510F04D1FFE701208DF80F00CC
:105950008DE0FFE7FFE743F60801C4F202010868A3
:1059600020F00300029A526810430860FEF78CFC96
:105970000090FFE743F60800C4F20200006800F060
:105980000C0002994968B0EB810F0ED0FFE7FEF7DB
:105990007BFC0099401A41F28931884204D3FFE729
:1059A00003208DF80F0062E0E4E7FFE7019843F67B
:1059B0000041C4F20201096801F00701884212D2D5
:1059C000FFE7019943F60040C4F20200017000684D
:1059D00000F007000199884204D0FFE701208DF80C
:1059E0000F0044E0FFE702980078400700280CD53C
:1059F000FFE743F60801C4F20201086820F4E05012
:105A0000029AD26810430860FFE702980078000706
:105A100000280DD5FFE743F60801C4F2020108682B
:105A200020F46040029A126940EAC2000860FFE771
:105A300000F076F843F60801C4F202010968C9B221
:105A40000A094BF2F471C0F60101895CC84040F2CA
:105A5000E401C2F20001086040F2C810C2F2000086
:105A60000068FEF741FC00208DF80F00FFE79DF86D
:105A70000F0004B080BD000082B001900091019938
:105A80000F20086043F60800C4F20200016801F02C
:105A90000301019A5160016801F0F001019A9160DF
:105AA000016801F4E051019AD160006800F460409F
:105AB000C0080199086143F60040C4F20200006882
:105AC00000F007000099086002B0704740F2E4005F
:105AD000C2F200000068704780B5FFF7F7FF43F699
:105AE0000801C4F202010968C1F382224BF60401E5
:105AF000C0F60101895CC84080BD000080B5FFF799
:105B0000E5FF43F60801C4F20201096889B24A0BB5
:105B10004BF60401C0F60101895CC84080BD00005D
:105B200080B586B00020059004900390029043F663
:105B30000800C4F20200006800F00C000146019168
:105B400040B1FFE7019804280AD0FFE70198082830
:105B50000CD04FE042F20040C0F2F40002904FE05F
:105B600041F60030C0F2B700029049E043F604006D
:105B7000C4F20200016801F03F0105910068400293
:105B8000002813D5FFE743F60400C4F202000068C2
:105B9000C0F3881041F60031C0F2B701A0FB01014B
:105BA000059A0023FAF780FB049012E043F6040004
:105BB000C4F202000068C0F3881042F20041C0F253
:105BC000F401A0FB0101059A0023FAF76DFB049094
:105BD000FFE743F60400C4F20200006800F440311D
:105BE000022000EBD130039004980399B0FBF1F050
:105BF000029005E042F20040C0F2F4000290FFE79C
:105C0000029806B080BD000080B586B0049004986C
:105C100020B9FFE701208DF8170050E304980078C1
:105C2000C007002800F0A580FFE743F60800C4F293
:105C30000200006800F00C00042813D0FFE743F6D0
:105C40000800C4F20200006800F00C0008281ED111
:105C5000FFE743F60400C4F2020000684002002897
:105C600015D5FFE743F60000C4F20200006800F417
:105C700000310020B0EB514F08D0FFE70498406896
:105C800020B9FFE701208DF8170018E370E0FFE767
:105C900004984068B0F5803F09D1FFE743F6000162
:105CA000C4F20201086840F48030086020E00498E3
:105CB0004068B0F5A02F0DD1FFE743F60001C4F214
:105CC0000201086840F480200860086840F48030D1
:105CD00008600CE043F60001C4F20201086820F4F9
:105CE00080300860086820F480200860FFE7FFE744
:105CF000FFE704984068E8B1FFE7FEF7C5FA0390B4
:105D0000FFE743F60000C4F20200006800F400312F
:105D10000020B0EB514F0CD1FFE7FEF7B5FA039925
:105D2000401A652804D3FFE703208DF81700C6E268
:105D3000E7E71CE0FEF7A8FA0390FFE743F6000050
:105D4000C4F20200006800F400310020B0EB514FB3
:105D50000CD0FFE7FEF798FA0399401A652804D3A0
:105D6000FFE703208DF81700A9E2E7E7FFE7FFE769
:105D7000FFE7049800788007002840F19680FFE74D
:105D800043F60800C4F20200006810F00C0F13D0B4
:105D9000FFE743F60800C4F20200006800F00C00C0
:105DA00008282CD1FFE743F60400C4F20200006883
:105DB0004002002823D4FFE743F60000C4F20200AB
:105DC000006800F002010020B0EB510F09D0FFE79E
:105DD0000498C068012804D0FFE701208DF817005F
:105DE0006DE243F60001C4F20201086820F0F800F9
:105DF000049A126940EAC2000860FFE754E0049880
:105E0000C06870B3FFE70021C4F247210120086099
:105E1000FEF73AFA0390FFE743F60000C4F20200EF
:105E2000006800F002010020B0EB510F0CD1FFE739
:105E3000FEF72AFA0399401A032804D3FFE7032048
:105E40008DF817003BE2E7E743F60001C4F20201D8
:105E5000086820F0F800049A126940EAC20008605D
:105E600021E00021C4F2472100200860FEF70CFA6F
:105E70000390FFE743F60000C4F20200006800F060
:105E800002010020B0EB510F0CD0FFE7FEF7FCF948
:105E90000399401A032804D3FFE703208DF8170065
:105EA0000DE2E7E7FFE7FFE7FFE704980078000768
:105EB00000284BD5FFE70498406918B3FFE740F688
:105EC0008061C4F2472101200860FEF7DDF90390EC
:105ED000FFE743F67400C4F20200006800F002011C
:105EE0000020B0EB510F0CD1FFE7FEF7CDF903997D
:105EF000401A032804D3FFE703208DF81700DEE1E2
:105F0000E7E722E040F68061C4F247210020086004
:105F1000FEF7BAF90390FFE743F67400C4F20200FB
:105F2000006800F002010020B0EB510F0CD0FFE739
:105F3000FEF7AAF90399401A032804D3FFE70320C8
:105F40008DF81700BBE1E7E7FFE7FFE7049800786B
:105F50004007002840F1CE80FFE700208DF80700C1
:105F600043F64000C4F202000068C000002815D4C7
:105F7000FFE7FFE70020009043F64000C4F2020074
:105F8000016841F080510160006800F0805000908D
:105F90000098FFE701208DF80700FFE747F20000B7
:105FA000C4F200000068C005002822D4FFE747F2D1
:105FB0000001C4F20001086840F480700860FEF738
:105FC00063F90390FFE747F20000C4F200000068A5
:105FD000C00500280CD4FFE7FEF756F90399401AD4
:105FE000032804D3FFE703208DF8170067E1EAE7F1
:105FF000FFE7FFE704988068012809D1FFE743F62F
:106000007001C4F20201086840F0010008601FE05E
:106010000498806805280DD1FFE743F67001C4F2AB
:106020000201086840F004000860086840F00100C0
:1060300008600CE043F67001C4F20201086820F029
:1060400001000860086820F004000860FFE7FFE72F
:10605000FFE704988068F8B1FFE7FEF715F90390B1
:10606000FFE743F67000C4F20200006800F002018E
:106070000020B0EB510F0ED1FFE7FEF705F90399B1
:10608000401A41F28931884204D3FFE703208DF89A
:10609000170014E1E5E71EE0FEF7F6F80390FFE7CE
:1060A00043F67000C4F20200006800F00201002014
:1060B000B0EB510F0ED0FFE7FEF7E6F80399401A58
:1060C00041F28931884204D3FFE703208DF817009D
:1060D000F5E0E5E7FFE79DF80700012809D1FFE7B4
:1060E00043F64001C4F20201086820F080500860C5
:1060F000FFE7FFE704988069002800F0DC80FFE7F5
:1061000043F60800C4F20200006800F00C00082802
:1061100000F08580FFE70498806902285CD1FFE7E2
:106120006021C4F2472100200860FEF7ADF803901B
:10613000FFE743F60000C4F20200006800F00071BF
:106140000020B0EB516F0CD0FFE7FEF79DF80399EC
:10615000401A032804D3FFE703208DF81700AEE0B0
:10616000E7E70499C869D1F820C04B6A8A6A40EA17
:106170000C0040EA8310D2034FF6FF739A43A2F556
:1061800080321043C96A40EA016043F60401C4F258
:10619000020108606021C4F2472101200860FEF777
:1061A00073F80390FFE743F60000C4F202000068B2
:1061B00000F000710020B0EB516F0CD1FFE7FEF74B
:1061C00063F80399401A032804D3FFE703208DF8EE
:1061D000170074E0E7E721E06021C4F247210020C6
:1061E0000860FEF751F80390FFE743F60000C4F2A1
:1061F0000200006800F000710020B0EB516F0CD07D
:10620000FFE7FEF741F80399401A032804D3FFE79C
:1062100003208DF8170052E0E7E7FFE74AE0049813
:106220008069012804D1FFE701208DF8170046E0BE
:1062300043F60400C4F202000068029004988069EA
:10624000012831D0FFE7029800F480000499C96961
:10625000884229D1FFE7029800F03F000499096ABB
:10626000884221D1FFE7029847F6C071084004999F
:10627000496AB0EB811F17D1FFE7029800F4403064
:106280000499896AC9034FF6FF729143A1F58031E1
:10629000884209D1FFE7029800F070600499C96A4A
:1062A000B0EB016F04D0FFE701208DF8170006E086
:1062B000FFE7FFE7FFE700208DF81700FFE79DF8F5
:1062C000170006B080BD000081B00090009890F8E3
:1062D000510001B07047000080B584B00290029870
:1062E00020B9FFE701208DF80F0071E00298406AA5
:1062F00060B9FFE702984068B0F5827F01D1FFE7FF
:1063000003E002990020C861FFE705E00299002040
:10631000086102994861FFE70299002088620298AB
:1063200090F8510040B9FFE70299002081F8500031
:10633000029800F051F8FFE70299022081F851001D
:1063400002980168086820F040000860029A0192F3
:1063500011685068D2F808C0D36800F482700CF459
:10636000044C604403F400631844136903F002030F
:106370001844536903F001031844936903F400734C
:106380001844D36903F038031844136A03F08003F8
:106390001843926A02F4005210430860029A508B2C
:1063A00000F004001168526A02F0100210444860C4
:1063B00002980168C86920F40060C8610299002051
:1063C0004865029A012182F851108DF80F00FFE70D
:1063D0009DF80F0004B080BD80B592B011900020F0
:1063E00010900F900E900D900C901198006843F251
:1063F0000001C4F20101884240F0B680FFE7FFE7E8
:1064000000200B9043F64400C4F20200016841F4FE
:1064100080510160006800F480500B900B98FFE7FA
:10642000FFE700200A9043F63000C4F20200016842
:1064300041F002010160006800F002000A900A9831
:10644000FFE7FFE70020099043F63000C4F20200A6
:10645000016841F001010160006800F0010009904D
:106460000998FFE718200C90022001900D90012060
:1064700002900E90032003900F900520049010903E
:1064800040F20040C4F202000CA90591FDF708FD9E
:10649000DDF804C0029B039A049805994FF0800E22
:1064A000CDF830E0CDF834C00E930F92109000205C
:1064B000C4F20200FDF7F4FC44F24400C2F2000012
:1064C000069046F24041C4F2020101604FF0C06103
:1064D000416000218160C1604FF4806202614161CE
:1064E0008161C1614FF4403202624162FDF752FBAB
:1064F00018B1FFE7FBF728FCFFE7FFE7119844F22C
:106500004401C2F20001C16411988863FFE744F2BC
:10651000A400C2F20000009046F25841C4F2020109
:1065200001604FF0C0614160402181600021C16085
:106530004FF48062026141618161C1614FF40032B8
:1065400002624162FDF726FB18B1FFE7FBF7FCFB97
:10655000FFE7FFE7119844F2A401C2F20001816451
:1065600011988863FFE73EE01198006843F6000148
:10657000C4F20001884235D1FFE7FFE70020089010
:1065800043F64000C4F20200016841F4804101601A
:10659000006800F4804008900898FFE7FFE70020BB
:1065A000079043F63000C4F20200016841F0020196
:1065B0000160006800F0020007900798FFE74FF4C1
:1065C00060400C9002200D9000200E9003200F9050
:1065D0000520109040F20040C4F202000CA9FDF723
:1065E0005FFCFFE7FFE712B080BD000080B588B018
:1065F00006900591ADF81220039300208DF8070056
:1066000006984068B0F5827F16D1FFE7069880684B
:1066100090B9FFE70699042081F851000698059A81
:10662000BDF812300399EC46CCF80010114600F08A
:1066300037FA8DF81F00EDE0FFE7069890F850005C
:10664000012804D1FFE702208DF81F00E2E006993F
:10665000012081F85000FFE7FFE7FDF715FE0290EB
:10666000069890F85100012804D0FFE702208DF829
:106670000700C0E0059820B1FFE7BDF8120020B97F
:10668000FFE701208DF80700B5E00699042081F8A6
:1066900051000699002048650599069A9163BDF856
:1066A0001210069A9187BDF81210069AD1870699A2
:1066B0000863069988860699C8860699086406992B
:1066C000486406988068B0F5004F0DD1FFE7069842
:1066D0000168086820F040000860069801680868B2
:1066E00020F480400860FFE706980068006800F02A
:1066F0004000402807D0FFE706980168086840F08E
:1067000040000860FFE70698C06880BBFFE7FFE72E
:106710000698C08F50B3FFE7069800688068C007EE
:1067200078B1FFE706980068007B0699896B0870CE
:106730000699886B013088630699C88F0138C8872D
:1067400013E0FDF7A1FD0299401A0399884204D392
:10675000FFE70398013018B9FFE7039820B9FFE776
:1067600003208DF8070046E0FFE7D1E72FE0FFE7C1
:106770000698C08F50B3FFE7069800688068C0078E
:1067800078B1FFE706980068C0680699896B0880B1
:106790000699886B023088630699C88F0138C887CC
:1067A00013E0FDF771FD0299401A0399884204D362
:1067B000FFE70398013018B9FFE7039820B9FFE716
:1067C00003208DF8070016E0FFE7D1E7FFE7069802
:1067D0000399029A08F0A2F820B1FFE70699202059
:1067E0004865FFE70698406D20B1FFE701208DF86E
:1067F0000700FFE7FFE70699012081F85100FFE756
:106800000699002081F85000FFE79DF807008DF8F9
:106810001F00FFE79DF81F0008B080BD80B588B05D
:1068200006900591ADF81220039300208DF8070023
:10683000FFE7069890F85000012804D1FFE70220F6
:106840008DF81F0028E10699012081F85000FFE72C
:10685000FFE7FDF719FD0290BDF81200ADF8040046
:10686000069890F85100012804D0FFE702208DF827
:10687000070002E1059820B1FFE7BDF8120020B93A
:10688000FFE701208DF80700F7E00699032081F863
:1068900051000699002048650599069A1163BDF8D4
:1068A0001210069A9186BDF81210069AD1860699A2
:1068B0008863069988870699C88706994864069967
:1068C000086406988068B0F5004F0DD1FFE7069880
:1068D0000168086820F040000860069801680868B0
:1068E00040F480400860FFE706980068006800F008
:1068F0004000402807D0FFE706980168086840F08C
:1069000040000860FFE70698C068B0F5006F47D107
:10691000FFE70698406828B1FFE7BDF804000128AA
:106920000ED1FFE706980168006B0088C8600699E1
:10693000086B023008630699C88E0138C886FFE7E5
:10694000FFE70698C08E50B3FFE70698006880689E
:10695000800700280ED5FFE706980168006B0088C5
:10696000C8600699086B023008630699C88E013822
:10697000C88613E0FDF788FC0299401A0399884203
:1069800004D3FFE70398013018B9FFE7039820B953
:10699000FFE703208DF807006FE0FFE7D1E746E04F
:1069A0000698406828B1FFE7BDF8040001280ED121
:1069B000FFE706980168006B007808730699086B7A
:1069C000013008630699C88E0138C886FFE7FFE7E3
:1069D0000698C08E50B3FFE706980068806880076D
:1069E00000280ED5FFE706980168006B0078087351
:1069F0000699086B013008630699C88E0138C8866D
:106A000013E0FDF741FC0299401A0399884204D330
:106A1000FFE70398013018B9FFE7039820B9FFE7B3
:106A200003208DF8070028E0FFE7D1E7FFE706988D
:106A30000399029A07F0E4FF20B1FFE706992020AE
:106A40004865FFE70698806870B9FFE7FFE7002018
:106A5000009006980068C0680090069800688068FA
:106A600000900098FFE7FFE70698406D20B1FFE730
:106A700001208DF80700FFE7FFE70699012081F864
:106A80005100FFE70699002081F85000FFE79DF8CC
:106A900007008DF81F00FFE79DF81F0008B080BDBC
:106AA00080B58EB0DDF840C00C900B910A92ADF825
:106AB00026300120059000208DF81300FFE70C9888
:106AC00090F85000012804D1FFE702208DF837002C
:106AD00095E10C99012081F85000FFE7FFE7FDF7F1
:106AE000D3FB06900C9890F851008DF81F000C987D
:106AF00040680890BDF82600ADF824009DF81F00FE
:106B0000012812D0FFE70898B0F5827F09D1FFE78E
:106B10000C98806828B9FFE79DF81F00042804D06E
:106B2000FFE702208DF813005AE10B9838B1FFE718
:106B30000A9820B1FFE7BDF8260020B9FFE7012041
:106B40008DF813004CE10C9890F85100042805D002
:106B5000FFE70C99052081F85100FFE70C99002010
:106B600048650A990C9A9163BDF826100C9AD18752
:106B7000BDF826100C9A91870B990C9A1163BDF8F9
:106B800026100C9AD186BDF826100C9A91860C9985
:106B900008640C9948640C980068006800F0400094
:106BA000402807D0FFE70C980168086840F04000D3
:106BB0000860FFE70C98C068B0F5006F76D1FFE77A
:106BC0000C98406828B1FFE7BDF8240001280ED1D9
:106BD000FFE70C980168006B0088C8600C99086B8F
:106BE000023008630C99C88E0138C886FFE7FFE7BA
:106BF0000C98C18E0120029039B9FFE70C98C08F24
:106C0000002818BF01200290FFE70298C007002863
:106C10004BD0FFE70C98006880688007002818D5E3
:106C2000FFE70C98C08EA0B1FFE70598012810D1AE
:106C3000FFE70C980168006B0088C8600C99086B2E
:106C4000023008630C99C88E0138C8860020059070
:106C5000FFE70C9800688068C007A8B1FFE70C98B0
:106C6000C08F88B1FFE70C980068C0680C99896BE9
:106C700008800C99886B023088630C99C88F0138A2
:106C8000C88701200590FFE7FDF7FEFA0699401A34
:106C90001099884208D3FFE71098013020B1FFE730
:106CA00003208DF813009BE0A2E778E00C98406881
:106CB00028B1FFE7BDF8240001280ED1FFE70C98AA
:106CC0000168006B007808730C99086B0130086349
:106CD0000C99C88E0138C886FFE7FFE70C98C18E73
:106CE0000120019039B9FFE70C98C08F002818BF28
:106CF00001200190FFE70198C00700284ED0FFE770
:106D00000C98006880688007002818D5FFE70C9869
:106D1000C08EA0B1FFE70598012810D1FFE70C98BD
:106D20000168006B007808730C99086B01300863E8
:106D30000C99C88E0138C88600200590FFE70C9892
:106D400000688068C007A8B1FFE70C98C08F88B1C1
:106D5000FFE70C980068C0680C99896B08700C9963
:106D6000886B013088630C99C88F0138C88701206F
:106D70000590FFE7FDF788FA0699401A10998842B6
:106D800004D3FFE71098013018B9FFE7109820B935
:106D9000FFE703208DF8130022E09FE7FFE70C9840
:106DA0001099069A07F02CFE38B1FFE701208DF804
:106DB00013000C992020486512E00C98806870B987
:106DC000FFE7FFE7002003900C980068C06803907D
:106DD0000C980068806803900398FFE7FFE7FFE7DF
:106DE0000C99012081F85100FFE70C99002081F8EF
:106DF0005000FFE79DF813008DF83700FFE79DF87E
:106E000037000EB080BD000081B0009001B0704727
:106E100081B0009001B0704784B0029001910020D1
:106E20000090FFE7029890F83C00012804D1FFE7AA
:106E300002208DF80F0044E00299012081F83C0007
:106E4000FFE7FFE7009820F0FF000199C9680843B9
:106E50000090009820F440700199896808430090E0
:106E6000009820F4806001994968084300900098D8
:106E700020F400600199096808430090009820F40C
:106E800080500199096908430090009820F400504F
:106E90000199496908430090009820F480400199C5
:106EA000C969084300900098029909684864FFE79F
:106EB0000299002081F83C00FFE700208DF80F00C8
:106EC000FFE79DF80F0004B07047000085B0039005
:106ED0000291FFE7039890F83C00012804D1FFE7F6
:106EE00002208DF813007EE00399012081F83C0018
:106EF000FFE7FFE70399022081F83D00039800684F
:106F0000406801900398006880680090019820F024
:106F1000700001900298016801980843019001985F
:106F2000039909684860039800680021C4F20101D0
:106F300088423CD0FFE703980068B0F1804F36D01C
:106F4000FFE70398006840F20041C4F20001884264
:106F50002DD0FFE70398006840F60001C4F200015D
:106F6000884224D0FFE70398006840F60041C4F24D
:106F7000000188421BD0FFE70398006840F20041FF
:106F8000C4F20101884212D0FFE70398006844F27E
:106F90000001C4F20101884209D0FFE703980068AC
:106FA00041F60001C4F2000188420ED1FFE70098CB
:106FB00020F08000009002984168009808430090FB
:106FC0000098039909688860FFE70399012081F818
:106FD0003D00FFE70399002081F83C00FFE7002017
:106FE0008DF81300FFE79DF8130005B0704700000F
:106FF00080B582B00090009820B9FFE701208DF89D
:1070000007003FE0009890F83D0040B9FFE7009985
:10701000002081F83C00009800F038F8FFE7009964
:10702000022081F83D00009951F8040B08F000F9A6
:107030000099012081F84600FFE70099012081F8BE
:107040003E00009981F83F00009981F840000099C6
:1070500081F84100FFE7FFE70099012081F8420035
:10706000009981F84300009981F84400009981F863
:107070004500FFE70099012081F83D0000208DF8D0
:107080000700FFE79DF8070002B080BD80B58CB017
:107090000B900B9800680021C4F2010188421BD1BB
:1070A000FFE7FFE700200A9043F64400C4F2020025
:1070B000016841F001010160006800F001000A90E0
:1070C0000A98FFE71920059005210022FDF7B8F97D
:1070D0000598FDF7ABF9B7E00B98006840F2004166
:1070E000C4F2000188421BD1FFE7FFE700200990AE
:1070F00043F64000C4F20200016841F00201016061
:10710000006800F0020009900998FFE71D20049034
:1071100005210022FDF794F90498FDF787F992E024
:107120000B98006840F60001C4F2000188423FD18C
:10713000FFE7FFE70020089043F64000C4F202009A
:10714000016841F004010160006800F0040008904B
:107150000898FFE744F20410C2F20000039046F2E0
:10716000B801C4F2020101604FF08061416000216A
:107170008160C1604FF4806202614FF4006242613D
:107180004FF400528261C16101624162FCF702FD6D
:1071900018B1FFE7FAF7D8FDFFE7FFE70B9844F2D5
:1071A0000411C2F20001C1620B988863FFE749E055
:1071B0000B98006841F20041C4F2000188421BD1E3
:1071C000FFE7FFE70020079043F64000C4F202000B
:1071D000016841F020010160006800F02000079084
:1071E0000798FFE73720029005210022FDF728F9D4
:1071F0000298FDF71BF924E00B98006844F2004167
:10720000C4F2010188421BD1FFE7FFE7002006908E
:1072100043F64400C4F20200016841F40031016009
:10722000006800F4003006900698FFE719200190EE
:1072300005210022FDF704F90198FDF7F7F8FFE7B3
:10724000FFE7FFE7FFE7FFE70CB080BD83B00190E9
:10725000019890F83D00012804D0FFE701208DF847
:107260000B006AE00199022081F83D000198016855
:10727000C86840F00100C860019800680021C4F2AD
:10728000010188423CD0FFE701980068B0F1804FCF
:1072900036D0FFE70198006840F20041C4F20001D7
:1072A00088422DD0FFE70198006840F60001C4F243
:1072B0000001884224D0FFE70198006840F60041B1
:1072C000C4F2000188421BD0FFE70198006840F239
:1072D0000041C4F20101884212D0FFE70198006822
:1072E00044F20001C4F20101884209D0FFE701988D
:1072F000006841F60001C4F20001884212D1FFE7A4
:1073000001980068806800F0070000900098062847
:1073100007D0FFE701980168086840F001000860A5
:10732000FFE706E001980168086840F00100086086
:10733000FFE700208DF80B00FFE79DF80B0003B07E
:107340007047000080B586B00490039100208DF84E
:107350000B00FFE7049890F83C00012804D1FFE7F8
:1073600002208DF81700ABE00499012081F83C0061
:10737000FFE7FFE70499022081F83D0004980068C8
:1073800080680190019820F077000190019820F426
:107390007F4001900198049909688860039800680B
:1073A0000090002872D0FFE7009810286ED0FFE709
:1073B000009820286AD0FFE70098302866D0FFE7C1
:1073C0000098402855D0FFE70098502837D0FFE7B5
:1073D0000098602840D0FFE7009870280BD0FFE7A6
:1073E0000098B0F5805F05D0FFE70098B0F5005F2A
:1073F00016D052E055E004980068039B5A689968DB
:10740000DB6807F0FFFF049800688068019001982E
:1074100040F077000190019804990968886040E085
:1074200004980068039B5A689968DB6807F0EAFFD4
:1074300004980168886840F48040886031E00498CE
:107440000068039A5168D26808F0C8F90498006887
:10745000502107F0F1FF24E004980068039A516876
:10746000D26808F0E3F904980068602107F0E4FFAF
:1074700017E004980068039A5168D26808F0AEF9E2
:1074800004980068402107F0D7FF0AE004980068DC
:107490000399096807F0D0FF03E001208DF80B0085
:1074A000FFE70499012081F83D00FFE704990020DF
:1074B00081F83C00FFE79DF80B008DF81700FFE70F
:1074C0009DF8170006B080BD81B0009001B07047F4
:1074D00080B582B0019001980068006900F0020157
:1074E0000020B0EB510F28D0FFE701980068C0687A
:1074F00000F002010020B0EB510F1DD0FFE7019812
:1075000001686FF002000861019901200877019875
:1075100000688069800720B1FFE70198FFF7D4FF7A
:1075200006E0019800F0A2F9019800F097FAFFE751
:10753000019900200877FFE7FFE7019800680069DC
:1075400000F004010020B0EB910F29D0FFE7019873
:107550000068C06800F004010020B0EB910F1ED05D
:10756000FFE7019801686FF00400086101990220AB
:10757000087701980068806910F4407F04D0FFE725
:107580000198FFF7A1FF06E0019800F06FF901985C
:1075900000F064FAFFE7019900200877FFE7FFE7B2
:1075A00001980068006900F008010020B0EBD10FDD
:1075B00028D0FFE701980068C06800F008010020AB
:1075C000B0EBD10F1DD0FFE7019801686FF0080004
:1075D000086101990420087701980068C069800754
:1075E00020B1FFE70198FFF76FFF06E0019800F078
:1075F0003DF9019800F032FAFFE701990020087781
:10760000FFE7FFE701980068006900F01001002023
:10761000B0EB111F29D0FFE701980068C06800F0A7
:1076200010010020B0EB111F1ED0FFE70198016888
:107630006FF0100008610199082008770198006830
:10764000C06910F4407F04D0FFE70198FFF73CFFCA
:1076500006E0019800F00AF9019800F0FFF9FFE751
:10766000019900200877FFE7FFE7019800680069AB
:10767000C00780B1FFE701980068C068C00748B143
:10768000FFE7019801686FF001000861019800F0C0
:10769000CFFAFFE7FFE7019800680069C1B2002058
:1076A000B0EBD11F13D0FFE701980068C068C1B2EA
:1076B0000020B0EBD11F09D0FFE7019801686FF0FF
:1076C000800008610198FFF79FFBFFE7FFE7019843
:1076D0000068006900F040010020B0EB911F14D059
:1076E000FFE701980068C06800F040010020B0EB9F
:1076F000911F09D0FFE7019801686FF04000086111
:10770000019800F0A3FAFFE7FFE70198006800691D
:1077100000F020010020B0EB511F14D0FFE70198CA
:107720000068C06800F020010020B0EB511F09D0B4
:10773000FFE7019801686FF0200008610198FFF7EA
:1077400067FBFFE7FFE702B080BD000080B58AB0AD
:1077500009900020089007900690059004900998E1
:1077600000680021C4F20101884223D1FFE7FFE74E
:107770000020039043F63000C4F20200016841F09B
:1077800010010160006800F0100003900398FFE70B
:107790004FF420600490022005900020069007908E
:1077A0000120089041F20000C4F2020004A9FCF795
:1077B00077FB58E00998006840F60001C4F2000128
:1077C000884223D1FFE7FFE70020029043F6300014
:1077D000C4F20200016841F008010160006800F095
:1077E000080002900298FFE74FF4804004900220C6
:1077F00005900121069103210791089040F6004071
:10780000C4F2020004A9FCF74BFB2BE009980068C6
:1078100044F20041C4F20101884222D1FFE7FFE7B0
:107820000020019043F63000C4F20200016841F0EC
:1078300020010160006800F0200001900198FFE73E
:10784000402004900220059001210691079003201A
:10785000089041F20040C4F2020004A9FCF720FBAA
:10786000FFE7FFE7FFE70AB080BD000081B00090AE
:1078700001B0704780B586B0049003910292002059
:107880008DF80700FFE7049890F83C00012804D128
:10789000FFE702208DF8170089E00499012081F8A4
:1078A0003C00FFE7FFE7029800900C2800F2708090
:1078B0000099DFE801F0076D6D6D206D6D6D3A6D1B
:1078C0006D6D530004980068039907F0CBFD049890
:1078D0000168886940F00800886104980168886937
:1078E00020F004008861039802690498016888699F
:1078F0001043886150E004980068039907F028FE5F
:1079000004980168886940F40060886104980168FF
:10791000886920F48060886103980269049801688E
:10792000886940EA0220886136E00498006803997B
:1079300007F088FE04980168C86940F00800C86133
:1079400004980168C86920F00400C86103980269BE
:1079500004980168C8691043C8611DE00498006874
:10796000039907F0E9FE04980168C86940F40060D3
:10797000C86104980168C86920F48060C8610398F0
:10798000026904980168C86940EA0220C86103E0FE
:1079900001208DF80700FFE7FFE70499002081F838
:1079A0003C00FFE79DF807008DF81700FFE79DF802
:1079B000170006B080BD000080B582B0009000982E
:1079C00020B9FFE701208DF807003FE0009890F80C
:1079D0003D0040B9FFE70099002081F83C00009885
:1079E00000F038F8FFE70099022081F83D00009987
:1079F00051F8040B07F01CFC0099012081F84600A7
:107A0000FFE70099012081F83E00009981F83F00CE
:107A1000009981F84000009981F84100FFE7FFE7F5
:107A20000099012081F84200009981F843000099F3
:107A300081F84400009981F84500FFE70099012092
:107A400081F83D0000208DF80700FFE79DF8070052
:107A500002B080BD81B0009001B0704781B000904D
:107A600001B0704780B58CB00A900991099828B987
:107A7000FFE70A9890F83E0007901CE00998042858
:107A800005D1FFE70A9890F83F00069010E00998AA
:107A9000082805D1FFE70A9890F84000059004E017
:107AA0000A9890F841000590FFE705980690FFE7D7
:107AB00006980790FFE70798012804D0FFE7012008
:107AC0008DF82F00AFE0099828B9FFE70A99022046
:107AD00081F83E001EE00998042806D1FFE70A99C4
:107AE000022081F83F00049012E00998082806D18E
:107AF000FFE70A99022081F84000039005E00A9907
:107B0000022081F841000390FFE703980490FFE70B
:107B10000498FFE70A98006809990122019207F08A
:107B200055FC01980A9909680022C4F201029142A9
:107B300002900CD0FFE70A9800684FF60041CBF6A0
:107B4000FE710844B0FA80F040090290FFE7029805
:107B5000C00738B1FFE70A980168486C40F400405C
:107B60004864FFE70A9800680021C4F201018842D6
:107B70003CD0FFE70A980068B0F1804F36D0FFE7AD
:107B80000A98006840F20041C4F2000188422DD0FA
:107B9000FFE70A98006840F60001C4F2000188423D
:107BA00024D0FFE70A98006840F60041C4F20001C3
:107BB00088421BD0FFE70A98006840F20041C4F2F7
:107BC0000101884212D0FFE70A98006844F20001E0
:107BD000C4F20101884209D0FFE70A98006841F623
:107BE0000001C4F20001884212D1FFE70A98006840
:107BF000806800F0070008900898062807D0FFE783
:107C00000A980168086840F001000860FFE706E094
:107C10000A980168086840F001000860FFE700204A
:107C20008DF82F00FFE79DF82F000CB080BD0000FD
:107C300080B582B0019001980068B0F1804F03D107
:107C4000FFE7FCF727FBFFE702B080BD81B00090A3
:107C500001B0704782B00190ADF8021002B07047D9
:107C600080B584B0039000200290039800684069BA
:107C7000C0B2C0090290039890F83D00212823D19A
:107C8000FFE7029800B3FFE7FFE7FFE7039800680C
:107C900050E8050F20F080000190FFE7019903985C
:107CA000026842E805100028F0D1FFE7FFE70398DB
:107CB000406B28B1FFE70398406BFBF7E9FCFFE757
:107CC000039807F063FFFFE7039800684069C0F37B
:107CD00080100290039890F83E00222823D1FFE7FD
:107CE000029800B3FFE7FFE7FFE70398006850E85A
:107CF000050F20F040000090FFE70099039802680C
:107D000042E805100028F0D1FFE7FFE70398806BF9
:107D100028B1FFE70398806BFBF7BAFCFFE70398F5
:107D200007F0D6FEFFE7002004B080BD81B00090D0
:107D300001B0704780B592B011901198006800684A
:107D4000109011980068C0680F9011980068406901
:107D50000E9000200D900C90109800F00F000D90E8
:107D60000D9888B9FFE79DF84000800600280AD5E5
:107D7000FFE79DF83C008006002804D5FFE7119836
:107D800007F020FFE3E1FFE70D98002800F0C28034
:107D9000FFE79DF83800C00738B9FFE7BDF83C00A1
:107DA00010F4907F00F0B680FFE79DF84000C00718
:107DB00058B1FFE79DF83D00C00730B1FFE71199CA
:107DC000086C40F001000864FFE79DF840004007A0
:107DD00000280BD5FFE79DF83800C00730B1FFE75A
:107DE0001199086C40F002000864FFE79DF840001C
:107DF000800700280BD5FFE79DF83800C00730B199
:107E0000FFE71199086C40F004000864FFE79DF853
:107E100040000007002811D5FFE79DF83C008006D0
:107E2000002805D4FFE79DF83800C00730B1FFE710
:107E30001199086C40F008000864FFE71198006C85
:107E4000002866D0FFE79DF84000800600280AD58C
:107E5000FFE79DF83C008006002804D5FFE7119855
:107E600007F0B0FEFFE7119800684069C0F380108A
:107E70000C901198006C0007002804D4FFE70C98C0
:107E800000283ED0FFE7119807F022FE1198006805
:107E90004069400600282FD5FFE7FFE7FFE711986C
:107EA000006850E8050F20F040000B90FFE70B99A9
:107EB0001198026842E805100028F0D1FFE7FFE7BB
:107EC0001198806B98B1FFE71198816B4FF6810094
:107ED000C0F6000008651198806BFBF74FFC28B1D5
:107EE000FFE71198806B016D8847FFE703E0119869
:107EF000FFF71CFFFFE703E01198FFF717FFFFE70D
:107F000006E01198FFF712FF119900200864FFE7BF
:107F1000FFE71CE11198006B012840F0F880FFE7B3
:107F20009DF84000C006002840F1F180FFE79DF871
:107F30003C00C006002840F1EA80FFE7FFE7002090
:107F40000A901198006800680A90119800684068CB
:107F50000A900A98FFE711980068406940060028D7
:107F60007ED5FFE71198806B00684068ADF8260069
:107F7000BDF82600002872D0FFE7BDF82600119951
:107F8000898D88426BDAFFE7BDF826001199C88514
:107F90001198806BC069B0F5807F58D0FFE7FFE78C
:107FA000FFE71198006850E8030F20F480700890F4
:107FB000FFE708991198026842E803100028F0D101
:107FC000FFE7FFE7FFE7FFE71198006850E8050FBC
:107FD00020F001000790FFE707991198026842E836
:107FE00005100028F0D1FFE7FFE7FFE7FFE7119852
:107FF000006850E8050F20F040000690FFE7069962
:108000001198026842E805100028F0D1FFE7FFE769
:108010001199202081F83E00119900200863FFE7A4
:10802000FFE71198006850E8030F20F0100005905A
:10803000FFE705991198026842E803100028F0D183
:10804000FFE7FFE71198806BFBF722FBFFE7119832
:10805000818DC28D891A89B2FFF7FCFDFFE776E0BA
:108060001199888DC98D401AADF812001198C08DF4
:1080700000284BD0FFE7BDF81200002846D0FFE7EC
:10808000FFE7FFE71198006850E8030F20F49070B5
:108090000390FFE703991198026842E80310002853
:1080A000F0D1FFE7FFE7FFE7FFE71198006850E82E
:1080B000050F20F001000290FFE702991198026875
:1080C00042E805100028F0D1FFE7FFE711992020D2
:1080D00081F83E00119900200863FFE7FFE711983F
:1080E000006850E8030F20F010000190FFE70199AD
:1080F0001198026842E803100028F0D1FFE7FFE77B
:108100001198BDF81210FFF7A5FDFFE71FE09DF8DD
:108110004000000600280AD5FFE79DF83C00000655
:10812000002804D5FFE7119807F028FF0FE09DF81D
:108130004000400600280AD5FFE79DF83C004006B5
:10814000002804D5FFE7119807F00CFDFFE712B0F7
:1081500080BD000080B582B00090009820B9FFE794
:1081600001208DF807003EE00098806908B1FFE724
:1081700000E0FFE7009890F83D0040B9FFE7009964
:10818000002081F83C00009800F032F8FFE70099E9
:10819000242081F83D0000980168C86820F4005050
:1081A000C860009807F0C0FD00980168086920F4D5
:1081B0009040086100980168486920F02A004861F1
:1081C00000980168C86840F40050C8600099002019
:1081D0000864009A202182F83D10009A82F83E102F
:1081E0008DF80700FFE79DF8070002B080BD000092
:1081F00080B5A2B02190002020901F901E901D906D
:108200001C902198006841F20001C4F201018842EB
:1082100040F0BB80FFE7FFE700201B9043F64400DF
:10822000C4F20200016841F010010160006800F032
:1082300010001B901B98FFE7FFE700201A9043F601
:108240003000C4F20200016841F0020101600068E0
:1082500000F002001A901A98FFE7FFE7002019903B
:1082600043F63000C4F20200016841F001010160F0
:10827000006800F0010019901998FFE780201C9019
:1082800002200D901D90002011901E9003200E9052
:108290001F9007200F90209040F20040C4F202008F
:1082A0001CA91091FBF7FCFDDDF834C00E9A0F9865
:1082B0001099119B4FF4007ECDF870E0CDF874C09A
:1082C0001E931F9220900020C4F20200FBF7E8FDED
:1082D000119944F26410C2F20000129046F28842F2
:1082E000C4F2020202604FF0006242608160C1602D
:1082F0004FF48062026141618161C161016241624A
:10830000FBF748FC18B1FFE7F9F71EFDFFE7FFE7B1
:10831000219844F26411C2F20001816321988863BC
:10832000FFE744F2C410C2F200000C9046F2B841DC
:10833000C4F2020101604FF00061416040218160A0
:108340000021C1604FF48062026141618161C161BD
:1083500001624162FBF71EFC18B1FFE7F9F7F4FC7C
:10836000FFE7FFE7219844F2C411C2F20001416324
:1083700021988863FFE725200B9005210022FCF758
:108380005FF80B98FCF752F8ACE12198006844F2D2
:108390000041C4F20001884240F09280FFE7FFE70D
:1083A0000020189043F64000C4F20200016841F436
:1083B00000310160006800F4003018901898FFE761
:1083C000FFE70020179043F63000C4F20200016876
:1083D00041F008010160006800F00800179017984C
:1083E000FFE760201C9002201D90002009901E9045
:1083F00003201F900720209040F60040C4F20200A6
:108400001CA9FBF74DFD099944F22420C2F200009B
:108410000A9046F28802C4F2020202604FF0006243
:1084200042608160C1604FF480620261416181619C
:10843000C16101624162FBF7ADFB18B1FFE7F9F7DB
:1084400083FCFFE7FFE7219844F22421C2F20001F8
:10845000816321988863FFE744F28420C2F2000020
:10846000089046F2A001C4F2020101604FF00061E1
:108470004160402181600021C1604FF4806202614F
:1084800041618161C16101624162FBF783FB18B107
:10849000FFE7F9F759FCFFE7FFE7219844F2842151
:1084A000C2F20001416321988863FFE7262007900C
:1084B00005210022FBF7C4FF0798FBF7B7FF10E187
:1084C0002198006844F60001C4F20001884268D196
:1084D000FFE7FFE70020169043F64000C4F20200D9
:1084E000016841F480210160006800F4802016904A
:1084F0001698FFE7FFE70020159043F63000C4F21E
:108500000200016841F004010160006800F004000D
:1085100015901598FFE74FF440601C9002201D90C5
:10852000002005901E9003201F900720209040F609
:108530000000C4F202001CA9FBF7B2FC059944F24A
:10854000E420C2F20000069046F22802C4F20202C1
:1085500002604FF0006242608160C1604FF480624F
:10856000026141618161C16101624162FBF712FBFD
:1085700018B1FFE7F9F7E8FBFFE7FFE7219844F2BE
:10858000E421C2F20001816321988863FFE727207C
:10859000049005210022FBF753FF0498FBF746FFE8
:1085A0009EE02198006841F20041C4F20101884236
:1085B00040F09580FFE7FFE70020149043F6440069
:1085C000C4F20200016841F020010160006800F07F
:1085D000200014901498FFE7FFE70020139043F663
:1085E0003000C4F20200016841F0400101600068FF
:1085F00000F0400013901398FFE74FF484401C9064
:1086000002201D90002002901E9003201F90082041
:10861000209041F60000C4F202001CA9FBF740FCC8
:10862000029944F24430C2F20000039046F228421C
:10863000C4F2020202604FF0206242608160C160B9
:108640004FF480620261416181614FF48072C261C6
:1086500001624162FBF79EFA18B1FFE7F9F774FB7C
:10866000FFE7FFE7219844F24431C2F20001816341
:1086700021988863FFE744F2A430C2F20000019021
:1086800046F2A041C4F2020101604FF02061416056
:10869000402181600021C1604FF48062026141612C
:1086A0008161C16101624162FBF774FA18B1FFE7B1
:1086B000F9F74AFBFFE7FFE7219844F2A431C2F241
:1086C0000001416321988863FFE74720009005215E
:1086D0000022FBF7B5FE0098FBF7A8FEFFE7FFE7D7
:1086E000FFE7FFE722B080BD80B584B00290019122
:1086F000ADF80220029890F83E00202828D1FFE72C
:10870000019820B1FFE7BDF8020020B9FFE7012082
:108710008DF80F0020E0FFE7029890F83C00012858
:1087200004D1FFE702208DF80F0015E00299012027
:1087300081F83C00FFE7FFE70299002008630298F8
:108740000199BDF8022007F08DFB8DF80F0003E0C2
:1087500002208DF80F00FFE79DF80F0004B080BDE8
:1087600081B0009001B0704781B0009001B07047B7
:1087700080B586B004900391ADF80A20049890F873
:108780003D00202874D1FFE7039820B1FFE7BDF832
:108790000A0020B9FFE701208DF817006CE0FFE721
:1087A000049890F83C00012804D1FFE702208DF8DE
:1087B000170061E00499012081F83C00FFE7FFE722
:1087C000039804990862BDF80A0004998884BDF8EA
:1087D0000A000499C884049900200864049A21219D
:1087E00082F83D1004994A6B4FF63D21C0F6000116
:1087F000D16304994A6B4FF6B921C0F600011164A8
:1088000004994A6B4FF6A101C0F60001D1640499A6
:10881000496B086503A8019004980268406B0199B0
:1088200009680432BDF80A30FBF76CFA0498016855
:108830006FF040000860FFE70499002081F83C00D9
:10884000FFE7FFE7FFE70498006850E8050F40F0F6
:1088500080000090FFE700990498026842E8051044
:108860000028F0D1FFE7FFE700208DF8170003E0B4
:1088700002208DF81700FFE79DF8170006B080BDB5
:1088800081B0009001B0704781B0009001B0704796
:1088900080B584B003900399002001900874039B75
:1088A000D3F8F400596844F69C62C2F200020092C8
:1088B00012889B7B5A43F7F7B4FD0099039A5068DE
:1088C0000988927B5143F7F708FE0099039AD2F882
:1088D00018010988927B51435143F7F7FEFD009937
:1088E000039AD2F80C010988137B927B59435143B8
:1088F000F7F7F3FD01988DF80B00FFE79DF80B00EB
:108900000399897B884243DAFFE70398D0F8F400A3
:108910009DF80B1000EB810090ED000AB5EE400AC7
:10892000F1EE10FA2DD0FFE7039AD2F8F4109DF87B
:108930000B0051F82000127C41F822009DF80B003A
:10894000039A516A127C8854DDF80CC0DCF81800D8
:108950009DF80BE050F82E00DCF80C119CF80C2070
:108960009CF81030DCF814C01CF80EC012FB03C2D7
:1089700001EB820141F8040C0399087C0130087472
:10898000FFE7FFE79DF80B0001308DF80B00B5E71E
:1089900000208DF80A00FFE79DF80A000399097C82
:1089A000884216DAFFE7039BD869596A9DF80A20C6
:1089B000895C50F82100D3F818111B7C12FB0322AC
:1089C00041F82200FFE79DF80A0001308DF80A0007
:1089D000E2E70399087CA1F878000399087BA1F8E5
:1089E0007A000399087BA1F880000399087CA1F81C
:1089F00082000399087CA1F890000399087CA1F8F3
:108A000092000399087BA1F898000399087CA1F8CB
:108A10009A000399087CA1F8480004B080BD0000CA
:108A2000FFE7FEE780B58AB004A9029101460298EB
:108A300009910999D1F8EC10096808910999D1F8C0
:108A4000EC10496807910999D1F8EC1089680691F2
:108A50000999D1F8EC10C968059190ED040A90EDE0
:108A6000042A90ED031A90ED033A21EE031A20EE4A
:108A7000020A30EE011A90ED020A90ED022A20EE71
:108A8000020A30EE011A90ED010A90ED012A20EE63
:108A9000020A30EE010A0EF08FFA029880ED000A09
:108AA00000208DF80F00FFE79DF80F00032817DC6A
:108AB000FFE7029890ED001A0998D0F8EC009DF8B5
:108AC0000F1000EB810090ED000A20EE010A80ED0E
:108AD000000AFFE79DF80F0001308DF80F00E3E773
:108AE000029991ED030A41F66060C2F20000009025
:108AF00090ED6F1A20EE010AB0EE001A8DED011A0A
:108B000080EE010A099AD2F8002182ED040A91ED63
:108B1000020A90ED6F2A20EE020A80EE010A099AFD
:108B2000D2F8002182ED050A91ED040A90ED6F2A3A
:108B300020EE420A80EE010A099AD2F8002182ED65
:108B40000A0A91ED010A90ED6F2A20EE020A80EEEA
:108B5000010A099AD2F8002182ED0B0A91ED010A6F
:108B600090ED6F2A20EE420A80EE010A099AD2F8AF
:108B7000002182ED100A91ED040A90ED6F2A20EE9B
:108B8000420A80EE010A099AD2F8002182ED110A08
:108B900091ED020A90ED6F2A20EE020A80EE010AA2
:108BA000099AD2F8002182ED160A91ED030A90EDA0
:108BB0006F2A20EE420A80EE010A0999D1F80011CD
:108BC00081ED170A90ED741A0999D1F8F81091ED1A
:108BD0001C0A80EE010A81ED1C0A90ED741A0998B6
:108BE000D0F8F80090ED230A80EE010A80ED230A08
:108BF0000998D0F8F80090ED1C0A9FED151AB4EE14
:108C0000410AF1EE10FA09DDFFE70998D0F8F810F3
:108C100044F20000C4F21C600867FFE70998D0F82E
:108C2000F80090ED230A9FED0A1AB4EE410AF1EE26
:108C300010FA0ADDFFE70998D0F8F81044F20000B6
:108C4000C4F21C60C1F88C00FFE70AB080BD00BF11
:108C500000401C4680B58CB08DED0B0ACDED0A0AA4
:108C60008DED091ACDED081A8DED072ACDED062AF6
:108C700041F66061C2F200010591012008700B9875
:108C8000C1F8B0010A98C1F8B4010998C1F8B80157
:108C90004CF67740C3F22B20C1F8CC01002081F8BC
:108CA0003801C1F84401C1F84001C1F84C01C1F8D4
:108CB00048010798C1F8BC019DED080AB7EE001AFB
:108CC000B4EE410AF1EE10FA04DDFFE74FF07E50FA
:108CD0000890FFE7089941F66060C2F20000039037
:108CE000C0F8D0110430062100220192032301F0C4
:108CF00055F8039901F5E07001F5E4730122029241
:108D000011460CF0C7FD019A02990398D0F8ECC007
:108D10004FF07E53CCF80030D0F8EC305A60D0F8E9
:108D2000EC309A60D0F8EC30DA6048F69152C0F638
:108D30000002C0F8D02048F62522C0F60002C0F894
:108D4000D42048F6D952C0F60002C0F8D82049F223
:108D50005542C0F60002C0F8DC2080F82E1080F8E2
:108D60002F10D0F804014BF61401C0F60101902237
:108D70000492F7F756FB0398049AD0F8FC0040F2EF
:108D80002C01C2F20001F7F74CFB0CB080BD0000D3
:108D900080B582B001900198D0F8F81040F22C0014
:108DA000C2F200009022F7F73CFB0198D0F81C11AA
:108DB00041F60460C2F2000048220092F7F731FB4E
:108DC000009A0198D0F80C1141F6BC50C2F2000094
:108DD000F7F727FB02B080BD80B586B005900598F7
:108DE000D0F8EC0090ED000A30EE000A8DED040A98
:108DF0000598D0F8EC0090ED010A30EE000A8DEDF8
:108E0000030A0598D0F8EC0090ED020A30EE000A53
:108E10008DED020A0598D0F8EC0090ED030A30EED3
:108E2000000A8DED010A059BD3F80C0144F69C6104
:108E3000C2F2000109881A7B9B7B59435143F7F723
:108E40004CFB9DED020AB1EE400A0598D0F80C01EA
:108E500080ED000A01980599D1F80C1148609DED4C
:108E6000040AB1EE400A0598D0F80C0180ED020A20
:108E700003980599D1F80C11C86003980599D1F8A9
:108E80000C11886104980599D1F80C11C8610198FA
:108E90000599D1F80C11086202980599D1F80C11C6
:108EA000486204980599D1F80C1108639DED030AF6
:108EB000B1EE400A0598D0F80C0180ED0D0A9DED49
:108EC000020AB1EE400A0598D0F80C0180ED0E0AB6
:108ED00001980599D1F80C11C86306B080BD000057
:108EE00080B590B08DED0F0ACDED0E0A8DED0D1A07
:108EF000CDED0C1A8DED0B2ACDED0A2A9DED0F0A52
:108F000041F66060C2F20000059090ED581A30EE14
:108F1000410A80ED5B0A9DED0E0A90ED591A30EE84
:108F2000410A80ED5C0A9DED0D0A90ED5A1A30EE73
:108F3000410A80ED5D0A90ED5B0A90ED6F1AB6EE86
:108F4000002A20EE020A20EE010A8DED090A90EDBA
:108F50005C0A90ED6F1A20EE020A20EE010A8DEDF8
:108F6000080A90ED5D0A90ED6F1A20EE020A20EEDD
:108F7000010A8DED070AD0F804014BF61401C0F682
:108F800001019022F7F74DFA05999DED090AB1EE1E
:108F9000400AD1F8040180ED010A9DED080AB1EE06
:108FA000400AD1F8040180ED020A9DED070AB1EEF6
:108FB000400AD1F8040180ED030A0998D1F8042190
:108FC00090610798D1F8042110629DED080AB1EE76
:108FD000400AD1F8040180ED090A0898D1F804216B
:108FE00010639DED070AB1EE400AD1F8040180ED4F
:108FF0000D0A0998D1F80421D0630798D1F804210B
:1090000090640898D1F80421D0649DED090AB1EE6E
:10901000400AD1F8040180ED140AD1F84801D1F8D2
:109020004C110843C8B9FFE70C9841F66061C2F2E1
:109030000001C1F878010B98C1F87C010A98C1F8C9
:109040008001D1F84821D1F84C01013240F10000F3
:10905000C1F84821C1F84C01FFE741F66060C2F257
:109060000000049090ED5E0A90ED641A90ED6F3A66
:1090700020EE010A33EE012A80EE020A9DED0C1A61
:1090800021EE031A81EE021A30EE010A80ED5E0A2B
:1090900090ED5F0A90ED641A90ED6F3A20EE010AB0
:1090A00033EE012A80EE020A9DED0B1A21EE031A1F
:1090B00081EE021A30EE010A80ED5F0A90ED600A3F
:1090C00090ED641A90ED6F3A20EE010A33EE012A1A
:1090D00080EE020A9DED0A1A21EE031A81EE021AB1
:1090E00030EE010A80ED600A90ED5E1A90ED5F2A85
:1090F00090ED600A22EE022A21EE011A31EE021AE8
:1091000020EE000A30EE010A05F0D0FD049880ED53
:10911000660A90ED661AB7EE000A80EE010A8DED40
:10912000060A90ED5E0A9DED061A20EE010A81689E
:1091300081ED000A90ED5F0A9DED061A20EE010A0E
:10914000816881ED010A90ED600A9DED061A20EE1E
:10915000010A816881ED020A90ED5B1A90ED5C2AAC
:1091600090ED5D0A22EE022A21EE011A31EE021A7A
:1091700020EE000A30EE010A05F098FD049880ED1B
:10918000650A90ED650A9FEDAC1AB4EE410AF1EE66
:1091900010FA24DAFFE741F66060C2F2000090EDB9
:1091A000660A9FEDA61AB4EE410AF1EE10FA16DD3A
:1091B000FFE741F66060C2F2000090ED660A9FEDA5
:1091C000A01AB4EE410AF1EE10FA08DAFFE741F610
:1091D0006061C2F20001012081F8390107E041F627
:1091E0006061C2F20001002081F83901FFE741F619
:1091F0006061C2F20001039191ED6C0A91ED6F1A6A
:1092000020EE010A081DD1F8182182ED000A91ED27
:109210006C0A91ED6F1A20EE010AD1F8182182ED47
:10922000070A91ED6C0A91ED6F1A20EE010AD1F850
:10923000182182ED0E0A91ED6C0A91ED6F1A20EE65
:10924000010AD1F8182182ED150A91ED6D0A91ED10
:109250006F1A20EE010AD1F8182182ED1C0A91ED57
:109260006D0A91ED6F1A20EE010AD1F8182182EDF6
:10927000230AD1F81C31D1F8B8211A60D1F81C3179
:10928000D1F8B8211A61D1F81C21D1F8B8111162B6
:1092900001F0DAF9039841680968C0F85011416893
:1092A0004968C0F8541141688968C0F8581141688C
:1092B000C968C0F85C1190ED540A90ED551A90ED14
:1092C000562A90ED573A22EE033A20EE010A30EE8C
:1092D000030A21EE013AB6EE001A8DED011A31EEC5
:1092E000431A22EE022A71EE420A00F5D0700BF00A
:1092F0007FFF039890ED680A9FED521A8DED021AD8
:1093000020EE010A80ED680A90ED540A90ED551A9E
:1093100090ED563A90ED572A20EE030A21EE021AFC
:1093200030EE410A30EE000A10F032FD9DED011AD8
:109330009DED022A039820EE020A80ED690A90ED65
:10934000544A90ED550A90ED563A90ED572A24EE86
:10935000024A20EE030A30EE040A23EE033A31EE0D
:10936000431A22EE022A71EE420A00F5D4700BF085
:109370003FFF9DED021A039890ED6A0A20EE010A64
:1093800080ED6A0A41680969C0F86011416849695D
:10939000C0F864110021C0F8681190ED6A0A90EDE0
:1093A000761A30EE410A9FED281AB4EE410AF1EE2A
:1093B00010FA0ADDFFE741F66061C2F20001B1F880
:1093C000D4010138A1F8D4011CE041F66060C2F27A
:1093D000000090ED6A0A90ED761A30EE410A9FED9A
:1093E0001B1AB4EE410AF1EE10FA0ADAFFE741F671
:1093F0006061C2F20001B1F8D4010130A1F8D401DA
:10940000FFE7FFE741F66061C2F20001B1F9D40164
:1094100000EE100AB8EEC00A91ED6A1A9FED0C2A10
:1094200020EE020A30EE010A81ED6B0AD1F8A801A4
:10943000C1F8D80110B080BD9A99993ECDCC1441A5
:10944000CDCC2441E12E654200003443000034C3FA
:109450000000B44380B58CB007A904910B900B9920
:1094600001F1780080310CF01DFE0B9981F8C800E5
:109470000B99B1F87800A1F8A8000B99B1F85A003F
:10948000A1F8AA000B9A02F1780002F15801A83263
:109490000CF010FD0B9981F8C8000B99B1F8A800E9
:1094A000A1F8B0000B99B1F88200A1F8B2000B9AB4
:1094B00002F1A80002F18001B0320CF0FBFC0B9924
:1094C00081F8C8000B99B1F89000A1F8A0000B99A1
:1094D000B1F89200A1F8A2000B9A02F1B00002F1DB
:1094E0009001A0320CF080F90B9981F8C8000B991B
:1094F00001F1A000B0310CF0E1F9014604980B9A9B
:1095000082F8C8100B99D1F8EC1009680A910B99F0
:10951000D1F8EC10496809910B99D1F8EC108968E1
:1095200008910B99D1F8EC10C96807910B9AB2F821
:109530007810A2F8B8100B9A0121A2F8BA1090ED99
:10954000020A90ED002A90ED031A90ED013A21EE07
:10955000031A20EE020A30EE410A30EE000A0B999F
:10956000D1F82C1181ED000A90ED030A90ED022A4A
:1095700090ED011A90ED003A21EE031A20EE020A56
:1095800030EE010A30EE000A0B99D1F82C1181ED72
:10959000010A90ED030A90ED032A90ED021A90ED76
:1095A000023A21EE031A20EE020A30EE410A90ED53
:1095B000011A90ED012A21EE021A30EE411A90EDC7
:1095C000000A90ED002A20EE020A30EE010A0B9804
:1095D000D0F82C0180ED020A00208DF81B00FFE777
:1095E0009DF81B0002281EDCFFE70B98D0F82C0129
:1095F0009DF81B1000EB810090ED000AB0EEC00A50
:109600000CF06EF89DF81B1041F66060C2F200008D
:1096100000EB810080ED610AFFE79DF81B0001303F
:109620008DF81B00DCE70B99B1F84800A1F8C000E9
:109630000B9901200290A1F8C2000B9A02F1480098
:1096400002F1B801C0320CF0D7FC014602980B9A27
:1096500082F8C8100B9AB2F8C010A2F8A8100B99A3
:10966000A1F8AA000B9A02F1B00002F1C001A832E1
:109670000CF020FC014602980B9A82F8C8100B9956
:10968000A1F8B8000B99B1F8C000A1F8BA000B9985
:1096900001F1C000B8310CF005FD0B9981F8C8004C
:1096A0000B9901F1B800A83141F66062C2F20002E4
:1096B000039202F5E0720CF0FDFB014603980B9A51
:1096C00082F8C81090ED720A90ED731AB6EE002A77
:1096D00021EE021AB4EE410AF1EE10FA08DAFFE7C1
:1096E00041F66061C2F20001012081F83801FFE714
:1096F00041F66060C2F2000090ED720A90ED731ABC
:10970000B4EE410AF1EE10FA64DDFFE741F6606065
:10971000C2F2000090F8380100285BD0FFE741F664
:109720006060C2F2000090F8390180B1FFE741F6B5
:109730006061C2F20001D1F84021D1F84401013248
:1097400040F10000C1F84021C1F8440109E041F6B0
:109750006061C2F200010020C1F84401C1F840017B
:10976000FFE741F66060C2F20000D0F84011D0F887
:109770004401333970F100000BD3FFE741F660611B
:10978000C2F20001002081F838010B9981F82C0009
:109790001FE00B9BD3F8E800D3F8EC1044F69C6272
:1097A000C2F20002019212881B7B5A43F6F739FE7F
:1097B000019A0B9BD3F8F800D3F8FC1012881B7B9E
:1097C0005A435A43F6F72DFE0B99012081F82C00DD
:1097D00063E142E041F66060C2F2000090ED720A7F
:1097E00090ED731A9FEDAE2A21EE021AB4EE410AF3
:1097F000F1EE10FA1BDDFFE741F66060C2F20000F7
:1098000090F8380198B1FFE741F66060C2F20000BD
:1098100090ED720A90ED731A31EE400A9FEDA12A85
:1098200021EE021A80EE010A80ED670A08E041F697
:109830006061C2F200014FF07E50C1F89C01FFE769
:1098400041F66061C2F200010020C1F84401C1F894
:1098500040010B9981F82C00FFE70B99B1F85800F3
:10986000A1F8A8000B99B1F88200A1F8AA000B9A00
:1098700002F1580002F18001A8320CF01BFB0B9999
:1098800081F8C8000B9A02F1A80002F1B0019832E9
:109890000CF010FB0B9981F8C80000208DF81A001D
:1098A000FFE79DF81A000B9AB2F89810B2F89A20C8
:1098B000514388421ADAFFE741F66060C2F20000C5
:1098C00090ED671A0B98D0F81C019DF81A1000EB68
:1098D000810090ED000A20EE010A80ED000AFFE70A
:1098E0009DF81A0001308DF81A00DAE704208DF88F
:1098F0001900FFE79DF81900052835DCFFE7002077
:109900008DF81800FFE79DF81800022825DCFFE716
:109910009DF8191041F66060C2F2000000EB810072
:1099200090ED5D0A9FED621A80EE011A0B98D0F857
:109930001C0101EB41019DF81820114400EB81004E
:1099400090ED000A20EE010A80ED000AFFE79DF885
:10995000180001308DF81800D5E7FFE79DF81900D1
:1099600001308DF81900C5E70B99B1F89800A1F8FE
:10997000B8000B990120A1F8BA000B9A02F19800E7
:1099800002F1C001B8320CF095FA0B9981F8C800C9
:1099900041F66060C2F2000090F8380100286BD0F8
:1099A000FFE704208DF81700FFE79DF81700052852
:1099B00061DCFFE70B98D0F8BC009DF8171000EBB6
:1099C000810090ED000A41F66060C2F2000090ED67
:1099D0006F1A9FED352A21EE021AB4EE410AF1EE1C
:1099E00010FA14DDFFE741F66060C2F2000090ED6E
:1099F0006F0A9FED2D1A20EE010A0B98D0F8BC00DB
:109A00009DF8171000EB810080ED000AFFE70B982E
:109A1000D0F8BC009DF8171000EB810090ED000A13
:109A200041F66060C2F2000090ED6F1A9FED1F2AB0
:109A300021EE021AB4EE410AF1EE10FA14DAFFE751
:109A400041F66060C2F2000090ED6F0A9FED171AB8
:109A500020EE010A0B98D0F8BC009DF8171000EB1F
:109A6000810080ED000AFFE7FFE79DF81700013055
:109A70008DF8170099E7FFE70B98D0F8BC1000208D
:109A8000C8600B9A02F1380002F1B80130320BF0D5
:109A9000ABFE0B9981F8C800FFE70CB080BD00BF9A
:109AA000CDCCCC3D6666663F0AD7233C0AD723BCA3
:109AB000DA0FC93F80B584B00390029102980399F0
:109AC00091ED090ADFED0F0A02F0AAFD029890ED70
:109AD000080AB5EE400AF1EE10FA04DAFFE702993F
:109AE00000200862FFE7029890ED080ABDEEC00A68
:109AF00010EE100AADF80600BDF8060004F002FFF3
:109B000004B080BD0000224280B584B00390029171
:109B10000020002840F0B380FFE7039A02F10C0018
:109B200002F118012432F7F76BF8039890F8480017
:109B300002285AD1FFE741F66061C2F200010191AB
:109B400046F26660C3F66670C1F89001039890ED26
:109B5000001A90ED030A30EE410A80ED030A0398E3
:109B600090ED011A90ED040A30EE410A80ED040AEE
:109B7000039890ED021A90ED050A30EE410A80ED4F
:109B8000050A039890ED030AD0ED040A90ED051A3A
:109B9000D0ED061A90ED072AD0ED082AFFF7A0F9BC
:109BA000F8F772F9039880ED0E0AF8F775F9039843
:109BB00080ED0F0AF8F7A6F9039880ED100AF8F780
:109BC000A9F9DDF804C0039880ED110A0399DCF8C7
:109BD0005001DCF85421DCF85831DCF85CC1C1F8E4
:109BE00034C00B63CA62886248E0039890F848006A
:109BF000012842D1FFE7039890ED000A90ED031A87
:109C000030EE010A80ED000A039890ED010A90ED14
:109C1000041A30EE010A80ED010A039890ED020A61
:109C200090ED051A30EE010A80ED020A0399C86C26
:109C30000130C8640398C06CB0F57A7F1CD3FFE78D
:109C4000039890ED000A9FED341A80EE010A80ED32
:109C5000000A039890ED010A80EE010A80ED010AE6
:109C6000039890ED020A80EE010A80ED020A039942
:109C7000022081F84800FFE7FFE7FFE7FFE741F632
:109C80005060C2F2000000684CF6CD41CCF6CC41E9
:109C900048434FEA700049F69911C1F6991188427C
:109CA00031D8FFE703980299FFF704FF039890ED7E
:109CB000090A9FED1A1A30EE010ABEEE001A30EEC4
:109CC000010AB0EEC00AB7EE001AB4EE410AF1EE96
:109CD00010FA17DAFFE7039890F8480090B9FFE709
:109CE00044F6A060C2F20000016801310160006822
:109CF000B0F5967F05D9FFE70399012081F8480068
:109D0000FFE7FFE7FFE741F65061C2F20001086894
:109D10000130086004B080BD00007A44000022C217
:109D200083B0029001918DF8032000208DF802008D
:109D30008DF80200FFE79DF802009DF803108842AD
:109D400029DAFFE70298000F092809D8FFE70298EF
:109D5000000F303001999DF8022001F8120009E04F
:109D60000299372000EB117001999DF8022001F84B
:109D70001200FFE702980001029001989DF802107E
:109D800000EB410100204870FFE79DF80200013020
:109D90008DF80200CFE703B07047000080B58AB0AD
:109DA00009908DF823108DF822208DF8213044F68B
:109DB0009C61C2F2000106910420088044F69A6179
:109DC000C2F20001082008809DF823000999087359
:109DD0009DF82200099948739DF82100099988731C
:109DE0000999002008749DF821000EF04BFA09999A
:109DF0004861099840699DF82110F6F74CFB0698D8
:109E000000889DF8211048430EF03CFA0699099A03
:109E100090610998806909889DF821205143F6F7DF
:109E20005CFB069800889DF8211048430EF02AFA42
:109E30000699099AD0610998C06909889DF821207E
:109E40005143F6F74AFB069800889DF823104843D3
:109E50000EF018FA0699099A10620998006A0988A2
:109E60009DF823205143F6F738FB9DF821000EF0B2
:109E700009FA099948620998406A9DF82110F6F795
:109E80000AFB069800889DF8231048430EF0FAF963
:109E90000699099A10600998006809889DF823209E
:109EA0005143F6F71AFB069800889DF821104843A5
:109EB0000EF0E8F90699099A5060099840680988F7
:109EC0009DF821205143F6F708FB069800889DF87D
:109ED000221048430EF0D6F90699099A9060099825
:109EE000806809889DF822205143F6F7F6FA069813
:109EF00000889DF8231048430EF0C4F90699099A8A
:109F0000C2F8E8000998D0F8E80009889DF82320F5
:109F10005143F6F7E2FA099A02F13000117BD2F8C8
:109F2000E830012207920BF0B5FC069800889DF8F6
:109F3000231048430EF0A6F90699099AC2F8EC00DE
:109F40000998D0F8EC0009889DF823205143F6F7D2
:109F5000C4FA079A099B03F13800197BD3F8EC3057
:109F60000BF098FC9DF8220010B3FFE744F69C60CC
:109F7000C2F20000059000889DF8221048430EF0C0
:109F800081F90599099AC2F8F0000998D0F8F00013
:109F900009889DF822205143F6F79FFA099A02F1A9
:109FA0004000517BD2F8F03001220BF073FCFFE748
:109FB00044F69C60C2F20000049000889DF82110D5
:109FC00048430EF05FF90499099AC2F8F400099821
:109FD000D0F8F40009889DF821205143F6F77DFA66
:109FE000099A02F14800917BD2F8F43001220BF07B
:109FF00051FC049800889DF82310484348430EF014
:10A0000041F90499099AC2F8F8000998D0F8F800C3
:10A0100009889DF8232051435143F6F75EFA0999C8
:10A0200001F150000A7BD1F8F83011460BF032FCF8
:10A03000049800889DF82310484348430EF022F905
:10A040000499099AC2F8FC000998D0F8FC00098824
:10A050009DF8232051435143F6F73FFA099901F146
:10A0600058000A7BD1F8FC3011460BF013FC049821
:10A0700000889DF82310484348430EF003F9014639
:10A080000498099AC2F8001100889DF823104843EB
:10A0900048430EF0F7F80499099AC2F804010998A8
:10A0A000D0F8000109889DF8232051435143F6F769
:10A0B00014FA04990998D0F8040109889DF823201E
:10A0C00051435143F6F709FA099901F160000A7BFF
:10A0D000D1F8003111460BF0DDFB099901F1680060
:10A0E0000A7BD1F8043111460BF0D4FB9DF8220015
:10A0F00040B3FFE744F69C60C2F200000390008882
:10A100009DF8231048439DF8221048430EF0BAF8FA
:10A110000399099AC2F808010998D0F8080109883A
:10A120009DF8232051439DF822205143F6F7D5F99D
:10A13000099B03F17000197B5A7BD3F808310BF0AF
:10A14000A9FBFFE744F69C60C2F200000190008882
:10A150009DF8211048439DF8231048430EF092F8D3
:10A1600001460198099AC2F80C1100889DF8231045
:10A1700048439DF8211048430EF084F80199099A4C
:10A18000C2F810010998D0F80C0109889DF8212027
:10A1900051439DF823205143F6F79FF901990998FF
:10A1A000D0F8100109889DF8232051439DF8212003
:10A1B0005143F6F792F9099B03F178001A7B997BDA
:10A1C000D3F80C310BF066FB099B03F18000197B7F
:10A1D0009A7BD3F810310BF05DFB019800889DF855
:10A1E0002310484348430EF04DF80199099AC2F8EC
:10A1F00014010998D0F8140109889DF823205143CF
:10A200005143F6F76AF9099901F188000A7BD1F800
:10A21000143111460BF03EFB019800889DF8211087
:10A22000484348430EF02EF80199099AC2F81801E4
:10A230000998D0F8180109889DF82120514351430D
:10A24000F6F74BF9099901F190008A7BD1F81831A2
:10A2500011460BF01FFB019800889DF8231048431E
:10A260009DF8211048430EF00DF80199099AC2F8A3
:10A270001C010998D0F81C0109889DF8232051433E
:10A280009DF821205143F6F728F9099B03F1980026
:10A29000197B9A7BD3F81C310BF0FCFA01980088EB
:10A2A0000999097B484348430DF0ECFF0199099A4D
:10A2B000C2F82001099AD2F820010988127B514383
:10A2C0005143F6F70AF9019800880999097B484338
:10A2D00048430DF0D7FF0199099AC2F82401099A61
:10A2E000D2F824010988127B51435143F6F7F5F85F
:10A2F000019800880999097B484348430DF0C2FF43
:10A300000199099AC2F82801099AD2F82801098806
:10A31000127B51435143F6F7E0F801980088099900
:10A32000097B48430DF0AEFF0199099AC2F82C0150
:10A33000099AD2F82C010988127B5143F6F7CDF81F
:10A34000019800880999097B48430DF09BFF01990A
:10A35000099AC2F83001099AD2F82C010988127BB7
:10A360005143F6F7BAF8099901F1A0000A7BD1F838
:10A37000203111460BF08EFA099901F1A8000A7BF1
:10A38000D1F8243111460BF085FA099901F1B0009A
:10A390000A7BD1F8283111460BF07CFA099A02F1B8
:10A3A000B800117BD2F82C31012202920BF072FA24
:10A3B000029A099B03F1C000197BD3F830310BF0EE
:10A3C00069FA0999002081F82800099981F8290083
:10A3D000099981F82A00099981F82B00099981F8D7
:10A3E0002C000AB080BD000080B582B001900198B9
:10A3F000C07B20B1FFE70198FEF74AFA16E0019B07
:10A40000D3F8F400596844F69C62C2F2000200924C
:10A4100012889B7B5A43F6F704F80099019A50681A
:10A420000988927B5143F6F758F8FFE7019BD3F870
:10A43000F000996844F69C62C2F2000212885B7BCD
:10A440005A43F5F7EEFF02B080BD000080B582B040
:10A450000190019890F82C00B0BBFFE70199B1F88A
:10A460009800A1F8A8000199B1F87A00A1F8AA0013
:10A470000199B1F8A800A1F8B0000199B1F85A000B
:10A48000A1F8B200019A02F1980002F17801A83215
:10A490000BF010FD019981F8C800019A02F1A800A3
:10A4A00002F15801B0320BF005FD019981F8C800A6
:10A4B000019A02F1580002F1B00150320BF09CFDFC
:10A4C000019981F8C800FFE702B080BD80B582B075
:10A4D0000190019890F82900A8BBFFE7019901F1CC
:10A4E000600068310BF0DEFD019981F8C800019A27
:10A4F00002F1600002F1500158320BF0DBFC0199CF
:10A5000081F8C8000199B1F85800A1F8A800019994
:10A51000B1F86A00A1F8AA00019A02F1580002F10C
:10A520006801A8320BF0C6FC019981F8C800019AB5
:10A5300002F1A80002F1880158320BF055F9019997
:10A5400081F8C800FFE702B080BD000080B582B08E
:10A550000190019890F82A00002872D1FFE7019934
:10A5600001F1780080310BF09DFD019981F8C80060
:10A570000199B1F87800A1F8A8000199B1F85A0042
:10A58000A1F8AA00019A02F1780002F15801A8325C
:10A590000BF090FC019981F8C8000199B1F8A8006E
:10A5A000A1F8B0000199B1F88200A1F8B200019AB7
:10A5B00002F1A80002F18001B0320BF07BFC01999E
:10A5C00081F8C8000199B1F89000A1F8A0000199A4
:10A5D000B1F89200A1F8A200019A02F1B00002F1D4
:10A5E0009001A0320BF000F9019981F8C80001999F
:10A5F00001F1A000B0310BF061F9019981F8C800B8
:10A600000199B1F85800A1F8A8000199B1F88200A9
:10A61000A1F8AA00019A02F1580002F18001A832C3
:10A620000BF048FC019981F8C800019A02F1A800DA
:10A6300002F1B00198320BF03DFC019981F8C8009D
:10A64000FFE702B080BD000080B584B0039003989E
:10A65000FFF7CAFE0398D0F8CC0028B1FFE70398B3
:10A66000D0F8CC108847FFE7039800F0B5F80398BE
:10A67000D0F8D00028B1FFE70398D0F8D010884771
:10A68000FFE70398FFF722FF0398D0F8D40028B122
:10A69000FFE70398D0F8D4108847FFE70398007CC1
:10A6A00020B9FFE70398C07BF0B9FFE70398FFF7F5
:10A6B0004DFF0398D0F8D80028B1FFE70398D0F8F1
:10A6C000D8108847FFE7039800F0D8F80398D0F82F
:10A6D000DC0028B1FFE70398D0F8DC108847FFE7DB
:10A6E0000398FFF7B3FE1BE0039BD3F8E800D3F811
:10A6F000EC1044F69C62C2F20002019212881B7BAD
:10A700005A43F5F78EFE019A039BD3F8F800D3F86D
:10A71000FC1012881B7B5A435A43F5F782FEFFE771
:10A720000398D0F8E00028B1FFE70398D0F8E010D4
:10A730008847FFE700208DF80B00FFE79DF80B002E
:10A740000399097B88422CDAFFE70398D0F8F820B8
:10A750009DF80B10037B11FB031302EB830292EDB8
:10A76000000A006A00EB810090ED001AB4EE410A85
:10A77000F1EE10FA0EDAFFE7039B186A9DF80B2042
:10A7800050F82200D3F8F8101B7B12FB032241F88B
:10A790002200FFE7FFE79DF80B0001308DF80B006A
:10A7A000CCE7039B1868D3F8E81044F69C62C2F229
:10A7B000000212881B7B5A43F5F733FE0398D0F84A
:10A7C000E40028B1FFE70398D0F8E4108847FFE7DA
:10A7D0000398006804B080BD80B582B001900198F4
:10A7E00090F82800002846D1FFE70198407B012817
:10A7F00034DBFFE70199087BA1F8B800019901203B
:10A800000090A1F8BA00019A02F1600002F1300153
:10A81000B8320BF04FFB01460098019A82F8C8103D
:10A82000019A117BA2F8C0100199A1F8C200019A07
:10A8300002F1700002F14001C0320BF03BFB0199C4
:10A8400081F8C800019A02F1B80002F1C001383263
:10A850000AF0CAFF019981F8C8000BE0019A02F1E1
:10A86000600002F1300138320BF024FB019981F8CD
:10A87000C800FFE7FFE702B080BD000080B582B0EE
:10A880000190019890F82B0000284BD1FFE7019927
:10A89000B1F87800A1F8B800019901200090A1F862
:10A8A000BA00019A02F1780002F13801B8320BF0D7
:10A8B00001FB01460098019A82F8C810019AB2F88B
:10A8C0004810A2F8C0100199A1F8C200019A02F143
:10A8D000480002F1B801C0320BF08EFB014600982F
:10A8E000019A82F8C810019AB2F89810A2F8B8102C
:10A8F0000199A1F8BA00019A02F1980002F1C00191
:10A90000B8320BF0D7FA019981F8C800019A02F128
:10A91000380002F1B80130320AF066FF019981F87F
:10A92000C800FFE702B080BD80B582B001900198F9
:10A930000AF046F80198B02104F0D2F8019804F02A
:10A94000B1F88DF8030001980AF022F89DF8030091
:10A9500002B080BD80B584B0029002980AF018F869
:10A960000A208DF80700FFE70298FBF7ADFC0128ED
:10A9700004D1FFE701208DF80F000EE09DF80700DD
:10A9800001388DF80700FFE79DF807000028EBDC91
:10A99000FFE700208DF80F00FFE79DF80F0004B0DF
:10A9A00080BD000080B584B0DDF818C003908DF83C
:10A9B0000B1001928DF8033003980AF001F8039808
:10A9C0009DF80B1004F08CF803980199042204F010
:10A9D00095F803989DF8031004F082F803980699FF
:10A9E0009DF8032004F08AF8039809F0D1FF04B021
:10A9F00080BD000080B582B001908DF803100198F1
:10AA000009F0DEFF0198032104F06AF801989DF82F
:10AA1000031004F065F8019804F044F88DF8020082
:10AA2000019809F0B5FF9DF8020002B080BD00005A
:10AA300080B584B003908DF80B1001928DF803302F
:10AA4000039809F0BDFF03989DF80B1004F048F837
:10AA5000039801999DF8032004F032F8039809F057
:10AA600097FF04B080BD000080B582B001900198CE
:10AA700009F0A6FF0198A02104F032F8019804F033
:10AA800011F88DF80300019809F082FF9DF803008A
:10AA900002B080BD80B582B001908DF8031001989E
:10AAA00009F08EFF01989DF8031004F019F8019841
:10AAB00009F06EFF02B080BD80B584B002900298AC
:10AAC0000F21802200F050F80A208DF80700FFE7E0
:10AAD00002980E21FFF78EFF00F0E000802804D1DD
:10AAE000FFE701208DF80F000EE09DF80700013808
:10AAF0008DF80700FFE79DF807000028E8DCFFE776
:10AB000000208DF80F00FFE79DF80F0004B080BD16
:10AB100080B584B0029002980F21002200F024F842
:10AB20000A208DF80700FFE702980E21FFF762FF69
:10AB300010F0E00F04D1FFE701208DF80F000EE0C8
:10AB40009DF8070001388DF80700FFE79DF8070022
:10AB50000028E9DCFFE700208DF80F00FFE79DF8F3
:10AB60000F0004B080BD000080B582B001908DF868
:10AB700003108DF80220019809F022FF01980221AC
:10AB800003F0AEFF01989DF8031003F0A9FF0198B0
:10AB90009DF8021003F0A4FF019809F0F9FE02B03D
:10ABA00080BD000080B584B003908DF80B108DF847
:10ABB0000A200193039809F003FF0398022103F090
:10ABC0008FFF03989DF80B1003F08AFF03980199FB
:10ABD0009DF80A209DF80B30D21A0132D2B203F050
:10ABE0008DFF039809F0D4FE04B080BD80B59AB003
:10ABF00019901891189843F63841C2F2000191ED6E
:10AC0000000ADFED470A04F0CDFA00220492179201
:10AC1000169215924BF2C863C0F601031868596882
:10AC20009B681493139112904BF2E063C0F60103FA
:10AC3000186859689B68119310910F90199841F604
:10AC4000100108449FED370ADFED370A12A9DFED46
:10AC5000372ACDED032A81230193B0EE621AF0EE7C
:10AC6000621AB0EE622A01F07BFC019BDDED032A43
:10AC7000049A199841F6BA0108449FED2D0A8DED0A
:10AC8000020ADFED2C0A0FA9B0EE621AF0EE621A8A
:10AC9000B0EE622A01F064FC9DED032A049A0E9244
:10ACA0000D920C924BF2D463C0F6010318685968F8
:10ACB0009B680B930A9109904BF2EC63C0F6010379
:10ACC000186859689B68089307910690199800F5D1
:10ACD000AD50DFED190A09A9DFED181AF6EE002ACA
:10ACE000F5230593B0EE610AB0EE611A01F038FC6D
:10ACF0009DED020A9DED032A049A059B199841F2E5
:10AD00004A610844DFED0E0A06A9DFED0E2AB0EE17
:10AD1000421AF0EE421A01F023FC01201AB080BD65
:10AD2000A69B443B00803B460000484400000000D6
:10AD30000060EA4600803B450000A04200007A44E3
:10AD40000000FA43CDCC4C3E80B59CB01B904BF23A
:10AD5000F862C0F601021068516892681A9219915F
:10AD600018904BF21C72C0F601021068516892688C
:10AD70001792169115901B9800F20A609FED490AF0
:10AD80008DED010ADFED480ACDED020A15A9DFEDD0
:10AD9000472ACDED032A0022049281230593B0EEC9
:10ADA000621AF0EE621AB0EE622A01F0D9FB9DED54
:10ADB000010ADDED020ADDED032A049A059B4BF240
:10ADC000047CC0F6010CDCF80000DCF80410DCF8B0
:10ADD00008C0CDF850C0139112904BF2347CC0F6ED
:10ADE000010CDCF80000DCF80410DCF808C0CDF839
:10ADF00044C010910F901B9800F652000FA9B0EEBE
:10AE0000621AF0EE621AB0EE622A01F0A9FBDDEDE3
:10AE1000020ADDED032A049A059B0E920D920C9214
:10AE20004BF2107CC0F6010CDCF80000DCF80410DA
:10AE3000DCF808C0CDF82CC00A9109904BF2287CB0
:10AE4000C0F6010CDCF80000DCF80410DCF808C0E7
:10AE5000CDF820C0079106901B9800F51F609FED6C
:10AE6000140A09A9B0EE621AF0EE621AB0EE622A74
:10AE700001F076FB9DED010ADDED020ADDED032A0E
:10AE8000049A059B1B9800F69A2006A9B0EE621A58
:10AE9000F0EE621AB0EE622A01F062FB01201CB0F3
:10AEA00080BD00BF0060EA460000FA4400000000D8
:10AEB00000606A4680B586B0002200920592049236
:10AEC0000392029243F65C70C2F20000019042F2DB
:10AED0000001C4F2010101604FF4803141608260E1
:10AEE0000261027680F82020C2620121C0F6007162
:10AEF0008162C2600121C16180F830204161F7F7B1
:10AF0000F3F918B1FFE7F6F71FFFFFE710200290F3
:10AF1000012003900020049043F65C70C2F2000010
:10AF200002A9F7F7CDF818B1FFE7F6F70DFFFFE735
:10AF300006B080BD80B586B00022009205920492D2
:10AF40000392029243F6A470C2F20000019042F212
:10AF50000021C4F2010101604FF480314160826040
:10AF60000261027680F82020C2620121C0F60071E1
:10AF70008162C2600121C16180F830204161F7F730
:10AF8000B3F918B1FFE7F6F7DFFEFFE708200290FC
:10AF9000012003900020049043F6A470C2F2000048
:10AFA00002A9F7F78DF818B1FFE7F6F7CDFEFFE736
:10AFB00006B080BD80B582B043F6EC70C2F20000EE
:10AFC000019046F20041C4F200010160032141609A
:10AFD00000218160C1604FF4102202614FF4001221
:10AFE00042610176012242768176C276017741770D
:10AFF000F8F758F818B1FFE7F6F7A6FEFFE702B03A
:10B0000080BD000080B582B044F21400C2F200009E
:10B01000019046F60001C4F2000101600321416085
:10B0200000218160C1604FF4102202614FF40012D0
:10B0300042610176012242768176C27601774177BC
:10B04000F8F730F818B1FFE7F6F77EFEFFE702B039
:10B0500080BD000080B544F23C00C2F2000043F223
:10B060000001C4F202010160F8F7D2FA18B1FFE75B
:10B07000F6F76AFEFFE780BD80B58EB0FFE70020DF
:10B080000D9043F63000C4F20200016841F48001E3
:10B090000160006800F480000D900D98FFE7FFE765
:10B0A00000200C9043F63000C4F20200016841F425
:10B0B00000110160006800F400100C900C98FFE78C
:10B0C0000C2000900521099100220A92F9F7B8F9A5
:10B0D0000098F9F7ABF909990A9A10200190F9F74D
:10B0E000AFF90198F9F7A2F909990A9A112002908B
:10B0F000F9F7A6F90298F9F799F909990A9A2F2010
:10B100000390F9F79DF90398F9F790F909990A9ACC
:10B1100039200490F9F794F90498F9F787F9099917
:10B120000A9A3A200590F9F78BF90598F9F77EF914
:10B1300009990A9A3B200690F9F782F90698F9F7DF
:10B1400075F909990A9A44200790F9F779F907984F
:10B15000F9F76CF909990A9A45200890F9F770F9FE
:10B160000898F9F763F909990A9A46200B90F9F7BC
:10B1700067F90B98F9F75AF90EB080BDB0B5ACB0CD
:10B180004BF2CC70C0F60100016842688368D0F8C9
:10B190000CC0D0F810E044692A94CDF8A4E0CDF8B2
:10B1A000A0C027932692259180692B9025A8002185
:10B1B00001910BF091FF019943F66C42C2F200023B
:10B1C00010604BF29470C0F6010002684368D0F83A
:10B1D00008C0D0F80CE00469456923952294CDF8A5
:10B1E00084E0CDF880C01F931E92806924901EA831
:10B1F0000BF072FF019942F22812C2F200021060B5
:10B200004BF27870C0F6010002684368D0F808C0BD
:10B21000D0F80CE0046945691C951B94CDF868E0F2
:10B22000CDF864C01893179280691D9017A80BF091
:10B2300053FF019941F65462C2F2000210604BF2D2
:10B240004070C0F6010002684368D0F808C0D0F82A
:10B250000CE00469456915951494CDF84CE0CDF8DF
:10B2600048C0119310928069169010A80BF034FF1B
:10B27000019941F66052C2F2000210604BF25C701C
:10B28000C0F6010002684368D0F808C0D0F80CE0AE
:10B29000046945690E950D94CDF830E0CDF82CC0C9
:10B2A0000A93099280690F9009A80BF015FF019984
:10B2B00041F66852C2F2000210604BF2B070C0F664
:10B2C000010002684368D0F808C0D0F80CE00469B7
:10B2D000456907950694CDF814E0CDF810C00393A6
:10B2E00002928069089002A80BF0F6FE42F22C113F
:10B2F000C2F2000108602CB0B0BD000080B598B06B
:10B30000002017901690159014901390FFE70020DE
:10B31000129043F63000C4F20200016841F00201CD
:10B320000160006800F0020012901298FFE7FFE74A
:10B330000020119043F63000C4F20200016841F091
:10B3400040010160006800F0400011901198FFE793
:10B35000FFE70020109043F63000C4F202000168BD
:10B3600041F001010160006800F0010010901098A8
:10B37000FFE7FFE700200F9043F63000C4F2020021
:10B38000016841F008010160006800F008000F90BA
:10B390000F98FFE7FFE700200E9043F63000C4F25D
:10B3A0000200016841F004010160006800F004003F
:10B3B0000E900E98FFE7FFE700200D9043F6300057
:10B3C000C4F20200016841F080010160006800F0F1
:10B3D00080000D900D98FFE7FFE700200C9043F6EA
:10B3E0003000C4F20200016841F0200101600068F1
:10B3F00000F020000C900C98FFE7FFE700200B9076
:10B4000043F63000C4F20200016841F0100101600F
:10B41000006800F010000B900B98FFE741F6004029
:10B42000C4F2020001904FF4E05100910022099211
:10B43000F8F712FF0020C4F20200039010210291DD
:10B4400001220592F8F708FF099A40F20040C4F281
:10B45000020007904FF480510491F8F7FDFE059A21
:10B4600007981146F8F7F8FE059802210691139106
:10B470004FF404111491159041F20040C4F20200FF
:10B4800013A90891F8F70CFDDDF800C00198059BA1
:10B490000899099ACDF84CC0149315921692F8F7B2
:10B4A000FFFC0398059A0899099B1392149315922F
:10B4B000F8F7F6FCDDF808C00398059B069A089992
:10B4C000CDF84CC0149315931692F8F7E9FC059843
:10B4D0000899302213924FF488121492159040F676
:10B4E0000000C4F20200F8F7DBFC049B059A079801
:10B4F00008991393149215921692F8F7D1FC059BB4
:10B50000069A079808991393149315931692F8F7CF
:10B51000C7FC099A07200A900521F8F791FF0A98BD
:10B52000F8F784FF18B080BD80B582B044F61010E3
:10B53000C2F20000019043F20001C4F20101016077
:10B540004FF48271416000218160C160022202617A
:10B55000012242614FF4007282611022C2610162D5
:10B56000416281620A21C162FAF7B6FE18B1FFE7B3
:10B57000F6F7EAFBFFE702B080BD000080B582B0BD
:10B5800044F66810C2F20000019043F60001C4F2D4
:10B59000000101604FF48271416000218160C1604F
:10B5A000016141614FF4007282611022C261016247
:10B5B000416281620A21C162FAF78EFE18B1FFE78B
:10B5C000F6F7C2FBFFE702B080BD000080B588B08F
:10B5D0000021009107910691059104910391029138
:10B5E000019144F60820C2F2000044F20042C4F285
:10B5F0000102026053224260816040F2CF72C26059
:10B6000001618161FBF7F4FC18B1FFE7F6F79CFBE1
:10B61000FFE744F60820C2F20000FCF7CDF918B1AC
:10B62000FFE7F6F791FBFFE760200190002202920E
:10B630000392059244F60820C2F2000001A9FCF72B
:10B6400019F918B1FFE7F6F77FFBFFE744F608208A
:10B65000C2F20000FCF77AF808B080BD80B598B05F
:10B660000021019117911691159114911391129146
:10B67000119110910F910E910D910C910B910A91D6
:10B68000099108910791069105910491039144F65F
:10B69000C010C2F2000002900022C4F20102026057
:10B6A000A7224260816044F61F62C260016141616D
:10B6B00080218161FBF79CFC18B1FFE7F6F744FBA2
:10B6C000FFE74FF48050149044F6C010C2F200001F
:10B6D00014A9FBF737FE18B1FFE7F6F735FBFFE7D4
:10B6E00044F6C010C2F20000FCF766F918B1FFE79B
:10B6F000F6F72AFBFFE700201290139044F6C010E3
:10B70000C2F2000012A9FBF7E1FB18B1FFE7F6F760
:10B710001BFBFFE760200B904FF4FA700C900022A7
:10B720000D920E920F921092119244F6C010C2F236
:10B7300000000BA9FCF79EF818B1FFE7F6F704FB31
:10B74000FFE744F6C010C2F200000BA90422FCF788
:10B7500091F818B1FFE7F6F7F7FAFFE7002003903A
:10B7600004900590069007904FF4005008904FF415
:10B7700080400A9044F6C010C2F2000003A9FBF713
:10B780004BFB18B1FFE7F6F7DFFAFFE744F6C0100E
:10B79000C2F20000FBF7DAFF18B080BD80B588B0B8
:10B7A0000021019107910691059104910391029165
:10B7B00044F69820C2F2000040F20042C4F20002B7
:10B7C0000260A7224260816040F2E732C2600161FC
:10B7D0008161FBF70DFC18B1FFE7F6F7B5FAFFE75B
:10B7E0004FF48050049044F69820C2F2000004A95F
:10B7F000FBF7A8FD18B1FFE7F6F7A6FAFFE7002070
:10B800000290039044F69820C2F2000002A9FBF7D0
:10B810005DFB18B1FFE7F6F797FAFFE708B080BDC8
:10B8200080B58EB0002100910D910C910B910A9181
:10B830000991089107910691059104910391029154
:10B84000019144F6E020C2F2000040F60002C4F28A
:10B85000000202604160816045F20722C26001611E
:10B860008161FBF7C5FB18B1FFE7F6F76DFAFFE75B
:10B870004FF480500A9044F6E020C2F200000AA97A
:10B88000FBF760FD18B1FFE7F6F75EFAFFE744F655
:10B89000E020C2F20000FCF78FF818B1FFE7F6F7DE
:10B8A00053FAFFE700200890099044F6E020C2F226
:10B8B000000008A9FBF70AFB18B1FFE7F6F744FA06
:10B8C000FFE760200190002002900390059044F66D
:10B8D000E020C2F2000001A90822FBF7CBFF18B15B
:10B8E000FFE7F6F731FAFFE744F6E020C2F2000086
:10B8F000FBF72CFF0EB080BD80B582B00021019116
:10B90000009144F62830C2F2000041F20042C4F235
:10B9100000020260A7224260816040F2E732C2600A
:10B920008161FBF765FB18B1FFE7F6F70DFAFFE75A
:10B9300000200090019044F62830C2F200006946D1
:10B94000FBF7C4FA18B1FFE7F6F7FEF9FFE702B01C
:10B9500080BD000080B582B044F67030C2F20000B5
:10B96000019041F20001C4F2010101604FF4E131A4
:10B97000416000218160C16001610C2242618161EE
:10B98000C161FCF7E7FB18B1FFE7F6F7DDF9FFE768
:10B9900002B080BD80B582B044F6B430C2F200007F
:10B9A000019044F20041C4F2000101604FF4E13122
:10B9B000416000218160C16001610C2242618161AE
:10B9C000C161FCF7C7FB18B1FFE7F6F7BDF9FFE768
:10B9D00002B080BD80B582B044F6F830C2F20000FB
:10B9E000019044F60001C4F20001016048F2A06138
:10B9F000C0F2010141604FF4805181600021C160BB
:10BA00004FF4806202610C2242618161C161FCF7E6
:10BA1000A1FB18B1FFE7F6F797F9FFE702B080BD89
:10BA200080B582B044F63C40C2F20000019041F281
:10BA30000041C4F2010101604FF461214160002125
:10BA40008160C16001610C2242618161C161FCF7CA
:10BA500081FB18B1FFE7F6F777F9FFE702B080BD89
:10BA600080B543F68040C2F2000040F21001C2F2FD
:10BA70000001002205F026FC18B1FFE7F6F764F993
:10BA8000FFE743F68040C2F2000040F2F401C2F248
:10BA9000000106F017F918B1FFE7F6F755F9FFE7CF
:10BAA00043F68040C2F2000040F29011C2F2000161
:10BAB00004F042FE18B1FFE7F6F746F9FFE743F658
:10BAC0008040C2F2000006F087FA18B1FFE7F6F7EF
:10BAD0003BF9FFE780BD0000FFE7FEE7FFE7FEE779
:10BAE00088B0079006910592079800F0070004902F
:10BAF0000498C0F10700052803D3FFE70420019054
:10BB000004E00498C0F107000190FFE7019803905A
:10BB100004980430062803D8FFE70020009003E0D3
:10BB2000049803380090FFE7009802900698039964
:10BB3000012202FA01F101390840029B984005995F
:10BB40009A40013A1140084308B0704786B003A9F3
:10BB5000009101460098059180ED010AC0ED000AB0
:10BB60000598D0F80600406841F65861C2F200011D
:10BB700008600020ADF80A00FFE7BDF80A0005994B
:10BB800009880139884224DAFFE70598D0F80600D1
:10BB9000BDF80A1000EB810090ED010A41F65861F2
:10BBA000C2F2000191ED001A30EE410A80ED000A68
:10BBB0000598D0F80A10BDF80A2001EB8200406811
:10BBC00041F82200FFE7BDF80A000130ADF80A0095
:10BBD000D3E70099059AD2F80600128800EB82009C
:10BBE00010ED020A91ED011A30EE010A00ED010A92
:10BBF0000398059AD2F80A10128801EB820141F8E5
:10BC0000040C0599D1F802000988884207D2FFE7A1
:10BC10000599D1F802000130C1F80200FFE705994B
:10BC20000020C1F82600C1F82200C1F81E00C1F8AA
:10BC30001A0005990888D1F80210401AADF80800DA
:10BC4000FFE7BDF808000599098888425DDAFFE73B
:10BC50000599BDF80830D1F80620D1F81A0002EB9A
:10BC6000830292ED000A01EE100A20EE000A30EE87
:10BC7000010A10EE100AC1F81A000599BDF8083043
:10BC8000D1F80620D1F81E0002EB830292ED001AD3
:10BC900000EE100A30EE010A10EE100AC1F81E0084
:10BCA0000599BDF80830D1F806C0D1F80A20D1F8BE
:10BCB00022000CEB830C9CED000A02EB830292ED58
:10BCC000002A01EE100A20EE020A30EE010A10EE00
:10BCD000100AC1F822000599BDF80830D1F80A20F1
:10BCE000D1F8260002EB830292ED001A00EE100A52
:10BCF00030EE010A10EE100AC1F82600FFE7BDF889
:10BD000008000130ADF808009BE705990A4652F893
:10BD10001A0F5368D2F808C0D26802EE10CAB1F800
:10BD200000C000EE10CAB8EEC03A01EE103A00EEC4
:10BD3000102A21EE000A22EE032A30EE420A02EE19
:10BD4000100A21EE011A22EE032A31EE421A80EE89
:10BD5000010A10EE100AC1F80E0005990020C1F882
:10BD6000160005990888D1F80210401AADF80600AF
:10BD7000FFE7BDF8060005990988884230DAFFE739
:10BD80000599D1F806C0D1F80A00D1F80E20D1F8F3
:10BD9000123000EE102ABDF806200CEB820C9CED50
:10BDA000002A01EE103A20EE020A30EE010A00EB02
:10BDB000820090ED001A30EE410AB0EEC01AD1F8C0
:10BDC000160000EE100A30EE010A10EE100AC1F85B
:10BDD0001600FFE7BDF806000130ADF80600C8E721
:10BDE0000599088800EE100AB8EEC01AD1F81600BE
:10BDF00000EE100A80EE010A10EE100AC1F81600DB
:10BE00000598D0F80E0000EE100A06B0704700004A
:10BE100080B584B00390ADF80A10BDF80A0003990C
:10BE20000880039900200190C1F80200BDF80A00C3
:10BE300080000CF001F90399C1F80600BDF80A0072
:10BE400080000CF0F9F801460198039AC2F80A1034
:10BE50000399C1F80E000399C1F812000398D0F8B5
:10BE60000600BDF80A108900F4F715FB0398D0F816
:10BE70000A00BDF80A108900F4F70DFB0198039938
:10BE8000C1F82600C1F82200C1F81E00C1F81A004E
:10BE900004B080BD80B544F20440C2F20000F8F75F
:10BEA000F5FD80BD80B588B08DED060ACDED050AA3
:10BEB0008DED041A4CF6CD40C3F64C7003904CF651
:10BEC000CD40C3F64C6002909DED060A01F0A4FE41
:10BED0008DED010A9DED050A01F09EFEB0EE401ABF
:10BEE0009DED010A30EE410A01F096FE9DED041A27
:10BEF000B4EE410AF1EE10FA11DBFFE79DED050A01
:10BF00009DED061A9FED122A21EE021A9FED0E2AD0
:10BF100020EE020A30EE010A8DED070A10E09DEDD9
:10BF2000050A9DED061A9FED082A21EE021A9FEDE3
:10BF3000072A20EE020A30EE010A8DED070AFFE71C
:10BF40009DED070A08B080BDCDCC4C3FCDCC4C3E1A
:10BF5000CCCC4C3E85B0ADF81000ADF80E108DED98
:10BF6000020A4CF6CD40C3F64C7001900090BDF92A
:10BF70001000BDF90E10401A00EE100AB8EEC00A0B
:10BF80009DED021AB4EE410AF1EE10FA1DDBFFE757
:10BF9000BDF90E0000EE100AB8EEC00ABDF910009F
:10BFA00001EE100AB8EEC11A9FED182A21EE021A0E
:10BFB0009FED172A20EE020A30EE010ABDEEC00AFC
:10BFC00010EE100AADF812001CE0BDF90E0000EEF4
:10BFD000100AB8EEC00ABDF9100001EE100AB8EE62
:10BFE000C11A9FED0A2A21EE021A9FED092A20EEBE
:10BFF000020A30EE010ABDEEC00A10EE100AADF8DA
:10C000001200FFE7BDF9120005B07047CCCC4C3EE2
:10C01000CDCC4C3F80B586B0059004910598006862
:10C020000390039802900398006C01900298049981
:10C0300000EB4110D0F8080B0090019843F20B017F
:10C04000C4F6547188420FD3FFE79DF80100000643
:10C05000002809D5FFE70298049900EB41114FF43D
:10C060000040C1F8080BFFE70598F9F769FB019854
:10C0700043F20B01C4F6547188420DD3FFE70598D3
:10C080000069012808D1FFE70599086801F2C44258
:10C09000012106F0E1FEFFE7002006B080BD0000B0
:10C0A00080B588B0079006910798006804900498BE
:10C0B00003900498006C02900398069900EB4110DD
:10C0C000D0F8080B019007980069012840F08180A2
:10C0D000FFE79DF804000007002818D5FFE7029845
:10C0E00043F20B01C4F6547188420FD3FFE79DF869
:10C0F00005000006002809D5FFE70398069900EB24
:10C1000041114FF40040C1F8080BFFE760E09DF8D3
:10C1100004008006002808D5FFE70398069900EB85
:10C1200041112020C1F8080B51E09DF8040010F0E7
:10C13000280F4AD1FFE7029843F20B01C4F654716D
:10C1400088420FD3FFE79DF805000006002809D5B7
:10C15000FFE70398069900EB41114FF40040C1F846
:10C16000080B31E00798069901EBC10100EB810053
:10C1700000F51F7005900598C0690399069A01EBB8
:10C180004211D1F8101B6FF3DF41401A0599086284
:10C19000069898B9FFE70598806940B9FFE70799C5
:10C1A000086801F2C442012106F056FE05E0059937
:10C1B00008690A6A10440861FFE7FFE707989DF8DD
:10C1C0001810F8F7DDF9FFE700E0FFE7FFE7FFE70A
:10C1D00047E0029843F20A11C4F65471884224D110
:10C1E000FFE79DF805000006002809D5FFE7039842
:10C1F000069900EB41114FF40040C1F8080B13E021
:10C200009DF804008006002808D5FFE703980699EA
:10C2100000EB41112020C1F8080BFFE707989DF8BB
:10C220001810F8F7ADF9FFE71AE0069890B9FFE7A4
:10C230000798069901EBC10100EB8100D0F8940248
:10C2400040B9FFE70799086801F2C442002106F0EF
:10C2500003FEFFE707989DF81810F8F791F9FFE73C
:10C26000FFE7002008B080BD80B58CB00A9009912E
:10C270000A9800680890089807900A98099901EBB5
:10C28000C10100EB81003C30069006988169006A8C
:10C29000884204D9FFE701208DF82F0079E0069944
:10C2A0008869096A401A059005980699C968884204
:10C2B00004D9FFE70698C0680590FFE705980330AA
:10C2C00080080490FFE70798099900EB4110D0F827
:10C2D000180981B2049A0020914202900FD3FFE71F
:10C2E00006988269016A00209142029007D2FFE716
:10C2F00006988069002818BF01200290FFE7029885
:10C30000C00770B3FFE706998869096A401A05906B
:10C3100005980699C968884204D9FFE70698C0685D
:10C320000590FFE705980330800804900898069967
:10C3300009699DF82420BDF81430DDF828C09CF868
:10C3400010C0EE46CEF800C007F0C0FB059A069973
:10C35000086910440861059A0699086A1044086241
:10C36000B1E706998869096A88420ED8FFE70998FB
:10C3700000F00F01012088400390039A0799D1F83B
:10C3800034089043C1F83408FFE700208DF82F00EF
:10C39000FFE79DF82F000CB080BD000080B586B08F
:10C3A00005908DED040ACDED030A059890F89800EC
:10C3B0000006002804D5FFE705980AF0BFFBFFE759
:10C3C0000598D0F88C00029002A8F5F795FB059926
:10C3D00010EE100AC1F8900002980599C1F88C007F
:10C3E00004980599086103980599086005990A68F9
:10C3F000086900EE102A01EE100A30EE410A10EE34
:10C40000100A886105994A68886900EE102A01EED1
:10C41000100A20EE010A10EE100A486205998B6896
:10C420008A69D1F8900000EE103A01EE102A20EE51
:10C43000010A01EE100A20EE010A10EE100A08634C
:10C440000598B0F8600003281BDBFFE70598C36878
:10C450008169D0F8902000EE103A8DED010A62302B
:10C4600000EE102A00EE901AFFF770FBB0EE401AB3
:10C470009DED010A20EE010A059910EE100AC8622E
:10C4800018E00599D1F80CC08B69CA69D1F8900001
:10C4900000EE10CA01EE103A02EE102A31EE421AF6
:10C4A00020EE010A01EE100A80EE010A10EE100AD9
:10C4B000C862FFE7059890F898004007002804D567
:10C4C000FFE705980AF0A0FBFFE7059890F89800B1
:10C4D0008006002804D5FFE705980AF0CBF9FFE7AE
:10C4E000059890F89800C00720B1FFE705980AF07A
:10C4F00065FAFFE70599886A0A6B01EE102A00EEDB
:10C50000100A30EE010A10EE100A886205994B6A93
:10C510008A6AC86A00EE103A01EE102A30EE010A6B
:10C5200001EE100A30EE010A10EE100A4863059879
:10C530000AF0DAFA0599086948610599486B886339
:10C540000599C86AC86305998869C8610599086B27
:10C5500008620598406B00EE100A06B080BD00002E
:10C5600080B58CB00DF1100CCDF804C08446019854
:10C57000CDF82CC080ED060AC0ED050A089180EDCB
:10C58000031AC0ED021A80ED012AC0ED002AADF8B1
:10C590000E208DF80D3009980B9948640A980B9974
:10C5A00008640B99002002900860089909680B9AAA
:10C5B0005160089949680B9A9160089989680B9AAB
:10C5C000D1600B99086307980B99086506980B9939
:10C5D000486505980B99886504980B99C865BDF85E
:10C5E0000E000B99A1F860000B986230BDF80E1098
:10C5F000FFF70EFC02980B99C1F88C009DF80D1006
:10C600000B9A82F898100B99C1F89D00C1F8990017
:10C610000B9981F8A1000B9948630CB080BD000014
:10C6200084B002908DED010ACDED000A029818B990
:10C63000FFE70020039015E10299086C4864029915
:10C64000C86B086400980299886101980299C861D2
:10C650009DED000A9DED011A30EE410A029880ED31
:10C660000F0A02980078002840F08780FFE70298C0
:10C6700090ED010A90ED0F1A20EE010A80ED090AF3
:10C68000029890ED020A90ED0A1A90ED0F2A20EE22
:10C69000020A30EE010A80ED0A0A0299486B8863AB
:10C6A0000299086B4863029890ED0F0A90ED101AFA
:10C6B00030EE410A80ED0C0A029890ED030A90EDED
:10C6C0000C1A20EE010A80ED0B0A029890ED051A73
:10C6D00090ED0A0AB4EE410AF1EE10FA04DDFFE72C
:10C6E00002994869886215E0029890ED051A90ED6C
:10C6F0000A0AB1EE411AB4EE410AF1EE10FA08DA74
:10C70000FFE7029890ED050AB1EE400A80ED0A0AB3
:10C71000FFE7FFE7029890ED090A90ED0A2A90EDF5
:10C720000B1A30EE020A30EE010A80ED080A029878
:10C7300090ED041A90ED080AB4EE410AF1EE10FAF9
:10C7400004DDFFE702990869086215E0029890EDA0
:10C75000041A90ED080AB1EE411AB4EE410AF1EE66
:10C7600010FA08DAFFE7029890ED040AB1EE400AE9
:10C7700080ED080AFFE7FFE770E0029800780128E3
:10C780006BD1FFE7029890ED010A90ED0F1A90ED42
:10C79000102A31EE421A20EE010A80ED090A0298B1
:10C7A00090ED020A90ED0F1A20EE010A80ED0A0AC0
:10C7B0000299486B88630299086B4863029890ED70
:10C7C0000F0A90ED102A90ED111A32EE022A30EE87
:10C7D000420A30EE010A80ED0C0A029890ED030A3D
:10C7E00090ED0C1A20EE010A80ED0B0A029890EDF4
:10C7F000080A90ED091A90ED0A3A90ED0B2A31EEF5
:10C80000031A31EE021A30EE010A80ED080A02988E
:10C8100090ED041A90ED080AB4EE410AF1EE10FA18
:10C8200004DDFFE702990869086215E0029890EDBF
:10C83000041A90ED080AB1EE411AB4EE410AF1EE85
:10C8400010FA08DAFFE7029890ED040AB1EE400A08
:10C8500080ED080AFFE7FFE7FFE7FFE70298006ABD
:10C860000390FFE79DED030A04B0704786B0059082
:10C870008DF8131003928DED020ACDED010A059893
:10C8800018B1FFE7039808B9FFE72CE09DF8130003
:10C8900005990870039800680599486003984068F6
:10C8A00005998860039880680599C8600298059981
:10C8B00008610198059948610599002000908863F6
:10C8C0000599486305990863059908620599C86246
:10C8D0000599886205994862059948640599086434
:10C8E0000599C863FFE706B070470000000000002C
:10C8F000EFF30980BFF36F8F154B1A681EF0100F0E
:10C9000008BF20ED108A20E9F04F10602DE90900E2
:10C910004FF0500080F31188BFF34F8FBFF36F8F3C
:10C920000CF0A4F84FF0000080F31188BDE8090076
:10C9300019680868B0E8F04F1EF0100F08BFB0EC9F
:10C94000108A80F30988BFF36F8F704700BF00BF64
:10C95000C84D00200000000080B5A2B021902198B1
:10C96000006C0EF067FD41EC100B51EC100B9FEDCD
:10C97000FC0B53EC102B019300920EF097FA41EC54
:10C98000100B51EC100B9FEDF80B53EC102B039395
:10C9900002920EF0D7F841EC100B51EC100B0DF099
:10C9A000F7FF44F6BC61C2F20001049108602198CF
:10C9B000806B0EF03FFD009A019B41EC100B51EC97
:10C9C000100B0EF073FA029A039B41EC100B51EC22
:10C9D000100B0EF0B7F841EC100B51EC100B0DF0F2
:10C9E000D7FF44F6C061C2F20001059108602198AA
:10C9F000C06B0EF01FFD009A019B41EC100B51EC37
:10CA0000100B0EF053FA029A039B41EC100B51EC01
:10CA1000100B0EF097F841EC100B51EC100B0DF0D1
:10CA2000B7FF0146049844F6C462C2F200020692BF
:10CA3000116000680EF0FEFC41EC100B0DF0A4FA42
:10CA400051EC100B0DF0A4FF014604981F910068F3
:10CA50000EF0F0FC41EC100B0DF032FA51EC100B23
:10CA60000DF096FF014605981C9100680EF0E2FC5F
:10CA700041EC100B0DF088FA51EC100B0DF088FF13
:10CA800001460598209100680EF0D4FC41EC100B93
:10CA90000DF016FA51EC100B0DF07AFF01460698D6
:10CAA0001D9100680EF0C6FC41EC100B0DF06CFA05
:10CAB00051EC100B0DF06CFF014606981E910068BA
:10CAC0000EF0B8FC41EC100B0DF0FAF951EC100B24
:10CAD0000DF05EFF1B909DED1D0A9DED1C1A20EED2
:10CAE000010A9DED1B2A9DED201A9DED1F3A21EEB6
:10CAF000031A9DED1E3A21EE031A20EE020A30EED3
:10CB0000010A8DED1A0A9DED1E0A9DED1D1A20EEFB
:10CB1000010A9DED1C2A9DED1B1A9DED203A21EE88
:10CB2000031A9DED1F3A21EE031A20EE020A30EEA1
:10CB3000410A8DED190A9DED1C0A9DED201A20EE8B
:10CB4000010A9DED1B2A9DED1F1A9DED1D3A21EE58
:10CB5000031A9DED1E3A21EE031A20EE020A30EE72
:10CB6000010A8DED180A9DED1F0A9DED1D1A20EE9C
:10CB7000010A9DED1B2A9DED1C1A9DED203A21EE28
:10CB8000031A9DED1E3A21EE031A20EE020A30EE42
:10CB9000410A8DED170A9DED1A0A8DED070A10EE78
:10CBA000100A0EF047FC9DED070A41EC110B8DEDCC
:10CBB000081B9DED191A21EE011A20EE000A30EE35
:10CBC000011A9DED180A20EE000A30EE011A9DEDC3
:10CBD000170A20EE000A30EE010A10EE100A0EF0DD
:10CBE00029FC41EC100B0DF033FAB0EE401AF0EED8
:10CBF000601A9DED080B53EC112B51EC100B0DF04E
:10CC0000A1FF41EC100B51EC100B0DF0C1FE44F6EE
:10CC1000A461C2F2000108609DED190A8DED0B0AB6
:10CC200010EE100A0EF006FC9DED0B1A41EC100BF5
:10CC30008DED0C0B9DED1A0A21EE011A20EE000A73
:10CC400030EE011A9DED180A20EE000A30EE011AAE
:10CC50009DED170A20EE000A30EE010A10EE100AD0
:10CC60000EF0E8FB41EC100B0DF0F2F9B0EE401ABB
:10CC7000F0EE601A9DED0C0B53EC112B51EC100BE8
:10CC80000DF060FF41EC100B51EC100B0DF080FE2D
:10CC900044F6A861C2F2000108609DED180A8DED0E
:10CCA0000F0A10EE100A0EF0C5FB9DED0F0A41ECC5
:10CCB000110B8DED101B9DED1A1A9DED192A22EE18
:10CCC000022A21EE011A31EE021A20EE000A30EE9D
:10CCD000011A9DED170A20EE000A30EE010A10EE4F
:10CCE000100A0EF0A7FB41EC100B0DF0B1F9B0EEFD
:10CCF000401AF0EE601A9DED100B53EC112B51EC25
:10CD0000100B0DF01FFF41EC100B51EC100B0DF050
:10CD10003FFE44F6AC61C2F2000108609DED170AC7
:10CD20008DED130A10EE100A0EF084FB9DED130A30
:10CD300041EC110B8DED141B9DED1A1A9DED192A76
:10CD400022EE022A21EE011A31EE022A9DED181A76
:10CD500021EE011A31EE021A00F00AB800BF00BF3E
:10CD60009836359D46DF913F0000000000000040EE
:10CD700020EE000A30EE010A10EE100A0EF05AFB07
:10CD800041EC100B0DF064F9B0EE401AF0EE601AB1
:10CD90009DED140B53EC112B51EC100B0DF0D2FE4A
:10CDA00041EC100B51EC100B0DF0F2FD44F6B061AC
:10CDB000C2F20001086022B080BD000082B08DED9B
:10CDC000000A9DED000A9FED601AB4EE410AF1EEF3
:10CDD00010FA09D1FFE79DED000A9FED6D1A20EED4
:10CDE000010A8DED010AABE09DED000A9FED571A97
:10CDF000B4EE410AF1EE10FA0AD0FFE79DED000A09
:10CE00009FED531AB4EE410AF1EE10FA09D1FFE793
:10CE10009DED000A9FED5D1A20EE010A8DED010ADD
:10CE20008EE09DED000A9FED4B1AB4EE410AF1EE43
:10CE300010FA09D1FFE79DED000A9FED531A20EE8D
:10CE4000010A8DED010A7BE09DED000A9FED421A7B
:10CE5000B4EE410AF1EE10FA0AD0FFE79DED000AA8
:10CE60009FED3E1AB4EE410AF1EE10FA09D1FFE748
:10CE70009DED000A9FED431A20EE010A8DED010A97
:10CE80005EE09DED000A9FED361AB4EE410AF1EE28
:10CE900010FA09D1FFE79DED000A9FED361A20EE4A
:10CEA000010A8DED010A4BE09DED000A9FED2D1A60
:10CEB000B4EE410AF1EE10FA09D1FFE79DED000A48
:10CEC0009FED2F1A20EE010A8DED010A38E09DED4D
:10CED000000A9FED251AB4EE410AF1EE10FA09D1CD
:10CEE000FFE79DED000A9FED251A20EE010A8DED6A
:10CEF000010A25E09DED000A9FED1C1AB4EE410ADF
:10CF0000F1EE10FA0AD0FFE79DED000A9FED181A26
:10CF1000B4EE410AF1EE10FA09D1FFE79DED000AE7
:10CF20009FED151A20EE010A8DED010A08E09DED36
:10CF3000000A9FED101A20EE010A8DED010AFFE7AD
:10CF40009DED010A02B070470000344200004842E3
:10CF50000000484300005C4200007042000096421E
:10CF60000000824200008C420000A0420000B44257
:10CF70000000C842CDCCCC3DB81E853D295C8F3D1C
:10CF8000EC51B83D0AD7A33D8FC2753D0AD7233D6A
:10CF90008FC2F53C80B588B007900691059206993E
:10CFA0001E2081F84600059807991322F3F7F4F93B
:10CFB00005984068C0F301300699087305984068E9
:10CFC000C0F3813006994873059800686FF3DF203D
:10CFD000A0F580600699488005980068C0F3CA20D3
:10CFE000A0F5806006998880059908684968800DD9
:10CFF00040EA81206FF3DF20A0F580600699C880A9
:10D0000005984068C0F34A00A0F580600699088141
:10D01000059800696FF3DF20A0F5806006994881CC
:10D0200005980088400560B9FFE706990020488010
:10D03000069988800699C8800699088106994881D2
:10D04000FFE70598C06840F3C011C0B240EA012074
:10D05000069A92F8352000F063FC0246069991F892
:10D06000340002F00F0200F0F000104481F83400A8
:10D070000598C06840F3C031C0F3072040EA0120A2
:10D08000069A92F8362000F04BFC0246069991F879
:10D09000340000F00F0040EA021081F834000598D7
:10D0A000D0F80E0000F00100069991F84020002110
:10D0B000019100F035FC01990346069A92F8380078
:10D0C00003F00F0300F0F000184482F838000598D0
:10D0D000C068C0F38040069A92F8422000F020FC1D
:10D0E00001990346069A92F8390003F00F0300F005
:10D0F000F000184482F839000598C068C0F3404039
:10D10000069A92F8412000F00BFC01990346069A1A
:10D1100092F8380000F00F0040EA031082F838005F
:10D120000598C068C0F3C040069A92F8432000F00A
:10D13000F7FB0246069991F8390000F00F0040EA2B
:10D14000021081F83900069890ED040A8DED020A6C
:10D1500005984068C117000C40EA01400EF098F9AC
:10D160009DED020A00EE900A9FEDD91A8DED041A8A
:10D17000FEF798FE069880ED040A069890ED070ADF
:10D180008DED030A0598806840F3C031C0EA014084
:10D190000EF07EF99DED030A9DED041A00EE900A53
:10D1A000FEF780FE069880ED070A0598C068C0F378
:10D1B0000052069991F83A0000F0F000104481F80E
:10D1C0003A00069890F83A0000F00F00012818D1B4
:10D1D000FFE742F24800C2F20000007888B9FFE79A
:10D1E000069A92F84410012020EA010301F0FE01A2
:10D1F000194482F8441042F24801C2F2000108705A
:10D2000015E0069890F83A00000778B9FFE742F277
:10D210004800C2F200000078012807D1FFE742F27F
:10D220004801C2F2000100200870FFE7FFE70598FF
:10D23000C068C0F34052069991F83A0000F00F0020
:10D2400040EA021081F83A00069890F83A1001205E
:10D25000B0EB111F19D1FFE742F24200C2F2000009
:10D26000007890B9FFE7069A92F84410012020EA6E
:10D27000510301F0FD0141EA430182F8441042F2FA
:10D280004201C2F20001087017E0069890F83A10C7
:10D290000020B0EB111F0FD1FFE742F24200C2F2B3
:10D2A00000000078012807D1FFE742F24201C2F2F4
:10D2B000000100200870FFE7FFE70598C068C0F391
:10D2C0008052069991F83B0000F0F000104481F87C
:10D2D0003B00069890F83B0000F00F00012819D1A0
:10D2E000FFE742F24600C2F20000007890B9FFE783
:10D2F000069A92F84410012020EA910301F0FB0104
:10D3000041EA830182F8441042F24601C2F2000170
:10D31000087015E0069890F83B00000778B9FFE721
:10D3200042F24600C2F200000078012807D1FFE770
:10D3300042F24601C2F2000100200870FFE7FFE759
:10D340000598C068C0F3C052069991F83B0000F000
:10D350000F0040EA021081F83B00069890F83B105D
:10D360000120B0EB111F19D1FFE742F24300C2F2D6
:10D370000000007890B9FFE7069A92F84410012067
:10D3800020EAD10301F0F70141EAC30182F8441019
:10D3900042F24301C2F20001087017E0069890F8CB
:10D3A0003B100020B0EB111F0FD1FFE742F243000A
:10D3B000C2F200000078012807D1FFE742F24301E2
:10D3C000C2F2000100200870FFE7FFE70598C07B6C
:10D3D00000F00102069991F83C0000F0F0001044C2
:10D3E00081F83C00069890F83C0000F00F000128FE
:10D3F00019D1FFE742F24700C2F20000007890B96D
:10D40000FFE7069A92F84410012020EA111301F078
:10D41000EF0141EA031182F8441042F24701C2F2DF
:10D420000001087015E0069890F83C00000778B9F4
:10D43000FFE742F24700C2F200000078012807D15E
:10D44000FFE742F24701C2F2000100200870FFE747
:10D45000FFE70598C068C0F34062069991F83C0068
:10D4600000F00F0040EA021081F83C00069890F8A6
:10D470003C100120B0EB111F19D1FFE742F244002C
:10D48000C2F20000007890B9FFE7069A92F84410C3
:10D49000012020EA511301F0DF0141EA431182F833
:10D4A000441042F24401C2F2000108701AE00698EA
:10D4B00090F83C100020B0EB111F12D1FFE742F2B0
:10D4C0004400C2F20000007801280AD102E000BF47
:10D4D0000000FA4342F24401C2F200010020087049
:10D4E000FFE7FFE70598C068C0F3C062069991F8AE
:10D4F0003D0000F00F0040EA021081F83D00069860
:10D5000090F83D100120B0EB111F19D1FFE742F256
:10D510004B00C2F20000007890B9FFE7069A92F83B
:10D520004410012080EAD11301F07F0141EAC311C8
:10D5300082F8441042F24B01C2F20001087017E079
:10D54000069890F83D100020B0EB111F0FD1FFE7B7
:10D5500042F24B00C2F200000078012807D1FFE739
:10D5600042F24B01C2F2000100200870FFE7FFE722
:10D570000598C068C0F38062069991F83D0000F0FC
:10D58000F000104481F83D00069890F83D0000F04E
:10D590000F00012819D1FFE742F24500C2F2000056
:10D5A000007890B9FFE7069A92F84410012020EA2B
:10D5B000911301F0BF0141EA831182F8441042F255
:10D5C0004501C2F20001087015E0069890F83D0090
:10D5D000000778B9FFE742F24500C2F20000007888
:10D5E000012807D1FFE742F24501C2F20001002005
:10D5F0000870FFE7FFE70598C068C0F3007206995E
:10D6000091F83E0000F0F000104481F83E000698CA
:10D6100090F83E0000F00F00012818D1FFE742F219
:10D620004A00C2F20000007888B9FFE7069A92F833
:10D630004510012020EA010301F0FE01194482F89F
:10D64000451042F24A01C2F20001087015E0069846
:10D6500090F83E00000778B9FFE742F24A00C2F2B4
:10D6600000000078012807D1FFE742F24A01C2F228
:10D67000000100200870FFE7FFE70598C068C0F3CD
:10D680004072069991F83E0000F00F0040EA021047
:10D6900081F83E00069890F83E100120B0EB111F73
:10D6A00019D1FFE742F24100C2F20000007890B9C0
:10D6B000FFE7069A92F84510012020EA510301F095
:10D6C000FD0141EA430182F8451042F24101C2F2F4
:10D6D0000001087017E0069890F83E100020B0EBAB
:10D6E000111F0FD1FFE742F24100C2F200000078A3
:10D6F000012807D1FFE742F24101C2F200010020F8
:10D700000870FFE7FFE70598C068C0F380720699CC
:10D7100091F83F0000F0F000104481F83F000698B7
:10D7200090F83F0000F00F00012819D1FFE742F206
:10D730004900C2F20000007890B9FFE7069A92F81B
:10D740004510012020EA910301F0FB0141EA830129
:10D7500082F8451042F24901C2F20001087015E05A
:10D76000069890F83F00000778B9FFE742F24900B9
:10D77000C2F200000078012807D1FFE742F2490118
:10D78000C2F2000100200870FFE7FFE70598C168BA
:10D79000102000EAD162069991F83F0000F00F00D6
:10D7A000104481F83F00069890F83F100120B0EB3C
:10D7B000111F19D1FFE742F24000C2F200000078C9
:10D7C00090B9FFE7069A92F84510012020EAD103AC
:10D7D00001F0F70141EAC30182F8451042F240012D
:10D7E000C2F20001087017E0069890F83F10002080
:10D7F000B0EB111F0FD1FFE742F24000C2F2000070
:10D800000078012807D1FFE742F24001C2F200018F
:10D8100000200870FFE7FFE70598427B069991F822
:10D82000340000F00F0040EA021081F8340006983E
:10D8300090F834100120B0EB111F16D1FFE742F22F
:10D840004C00C2F20000007878B9FFE7069991F821
:10D850003600B0FA80F0400981F8360042F24C01FF
:10D86000C2F200010120087017E0069890F8341009
:10D870000020B0EB111F0FD1FFE742F24C00C2F2C3
:10D8800000000078012807D1FFE742F24C01C2F204
:10D89000000100200870FFE7FFE70598027B06996A
:10D8A00091F8340002F00F0200F0F000104481F80B
:10D8B0003400069890F8340000F00F00012816D1CB
:10D8C000FFE742F24D00C2F20000007878B9FFE7AE
:10D8D000069991F83500B0FA80F0400981F83500DA
:10D8E00042F24D01C2F200010120087015E00698D5
:10D8F00090F83400000778B9FFE742F24D00C2F219
:10D9000000000078012807D1FFE742F24D01C2F282
:10D91000000100200870FFE7FFE708B080BD0000AD
:10D9200086B0039102908DF807200298039980F049
:10D930000100084390B9FFE79DF80700142809DCAF
:10D94000FFE79DF8070001308DF8070001208DF8F2
:10D95000170009E002208DF8170005E000208DF87F
:10D9600007008DF81700FFE79DF8170006B0704715
:10D9700080B586B08DF817000491F4F7E3F8BCEE9B
:10D98000C00A8DED030A9DF8170040F2E001C2F2D3
:10D99000000191F90010884224D0FFE70020029096
:10D9A000FFE70298022815DCFFE7029A40F2D40054
:10D9B000C2F2000050F8220040F2CE01C2F2000193
:10D9C00031F812100122F6F747FCFFE70298013008
:10D9D0000290E6E79DF8170040F2E001C2F2000174
:10D9E0000870FFE7039842F25001C2F20001096893
:10D9F000401A0499884210D9FFE742F24E01C2F260
:10DA000000010878B0FA80F040090870039842F2EB
:10DA10005001C2F200010860FFE700200190FFE71B
:10DA20000198022846DCFFE79DF8170000EB400153
:10DA300040F2BC00C2F2000008440199405CA0B36F
:10DA4000FFE742F24E00C2F2000090F9000088B9F0
:10DA5000FFE7019A40F2D400C2F2000050F8220021
:10DA600040F2CE01C2F2000131F812100022F6F7A6
:10DA7000F3FBFFE742F24E00C2F2000090F9000013
:10DA8000012811DBFFE7019A40F2D400C2F2000046
:10DA900050F8220040F2CE01C2F2000131F812101B
:10DAA0000122F6F7D9FBFFE7FFE7FFE70198013016
:10DAB0000190B5E706B080BD80B582B001900198B5
:10DAC000007B0146009120B1FFE70098012805D0B6
:10DAD00097E003206421FFF74BFF92E00198007864
:10DAE000012832D1FFE70198807801282DD1FFE786
:10DAF0000198C078012828D1FFE70198C079012852
:10DB000023D1FFE70198007A01281ED1FFE7019891
:10DB1000407A012819D1FFE70198807A012814D1B1
:10DB2000FFE70198007901280FD1FFE701984079BC
:10DB300001280AD1FFE701988079012805D1FFE784
:10DB40000520C821FFF714FFFFE70198007848BBC4
:10DB5000FFE70198807800B3FFE70198C078E0B153
:10DB6000FFE70198C079C0B1FFE70198007AA0B142
:10DB7000FFE70198407A80B1FFE70198807A60B1B1
:10DB8000FFE70198007940B1FFE70198407920B1A3
:10DB9000FFE70198807928B9FFE704203221FFF7D9
:10DBA000E7FEFFE701980078012829D1FFE70198F7
:10DBB000807800B3FFE70198C078E0B1FFE70198F3
:10DBC000C079C0B1FFE70198007AA0B1FFE70198E2
:10DBD000407A80B1FFE70198807A60B1FFE7019851
:10DBE000007940B1FFE70198407920B1FFE7019843
:10DBF000807928B9FFE705203221FFF7B9FEFFE75A
:10DC0000FFE702B080BD000081B0009000990120C4
:10DC1000087301B07047000082B08DED010A0198D1
:10DC20000090009820F0004000909DED000A02B0A6
:10DC30007047000085B08DED040ACDED030A8DED2F
:10DC4000021A9DED020A9DED041AB4EE410AF1EEAE
:10DC500010FA05DDFFE79DED040A8DED010A18E0DD
:10DC60009DED020A9DED031AB4EE410AF1EE10FAA1
:10DC700005DAFFE79DED030A8DED000A04E09DED56
:10DC8000020A8DED000AFFE79DED000A8DED010A05
:10DC9000FFE79DED010A05B07047000082B00190DA
:10DCA000009101998888488000980178407840EA7E
:10DCB00001200199888001990889C880009881789D
:10DCC000C07840EA012001990881009801794079E3
:10DCD00040EA01200199C8810198B0F90210B0F919
:10DCE0000400401A10F57A6F05DAFFE70199888C75
:10DCF000013088840FE00198B0F90210B0F90400F7
:10DD0000401AB0F57A6F05DDFFE70199888C01387C
:10DD10008884FFE7FFE70198B0F9242047F6F46014
:10DD2000002182420846C8BF012048F20C13CFF6FA
:10DD3000FF739A42B8BF0121084368B1FFE7019918
:10DD4000002088840198B0F9041000EE101AB8EE93
:10DD5000C00A80ED0B0AFFE70199B1F90400B1F99F
:10DD6000242000EB4230486101990F20087002B076
:10DD70007047000082B00190009101998888488026
:10DD800000980178407840EA012001998880019943
:10DD90000889C88000988178C07840EA01200199FC
:10DDA000088100980179407940EA01200199C881F1
:10DDB00000988079019908740198B0F90210B0F9BF
:10DDC0000400401A10F57A6F05DAFFE70199888C94
:10DDD000013088840FE00198B0F90210B0F9040016
:10DDE000401AB0F57A6F05DDFFE70199888C01389C
:10DDF0008884FFE7FFE70198B0F9242047F6F46034
:10DE0000002182420846C8BF012048F20C13CFF619
:10DE1000FF739A42B8BF0121084368B1FFE7019937
:10DE2000002088840198B0F9041000EE101AB8EEB2
:10DE3000C00A80ED0B0AFFE701990F2008700199D5
:10DE4000B1F90400B1F9242000EB4230486102B07E
:10DE50007047000080B584B0039002910192009356
:10DE600003980299019A009B00F008F80398FFF7C5
:10DE7000CBFE0398FFF720FE04B080BD80B584B0D0
:10DE80000390029101920093029890F846000428B2
:10DE900008DCFFE70299032081F84600039900207F
:10DEA000087003E0039901200870FFE7029991F8D8
:10DEB0004600013881F84600009890F90E000428C9
:10DEC00007DCFFE700990320887303990020C872DC
:10DED00003E003990120C872FFE7019841F29041E5
:10DEE0000844F3F7CBFD0399C870019800F5B850CA
:10DEF000F3F7C4FD03998870019800F59360F3F778
:10DF000087FC03990871019800F5DC60F3F780FC49
:10DF100003994871019800F62810F3F779FC0399EA
:10DF20008871019800F53760F3F772FC0399C871A6
:10DF3000019800F6B850F3F76BFC0399087201984A
:10DF400000F58050F3F764FC03994872019841F2A0
:10DF500048210844F3F75CFC0399887204B080BD43
:10DF600080B594B0DDF870C0DDF86CC0DDF868C035
:10DF7000DDF864C0DDF860C0DDF85CC0DDF858C0D5
:10DF80008DF84F001291119210939DF84F000138B7
:10DF900001460D91032800F266820D99DFE811F029
:10DFA00004005B01610262021999B1F8780BB1F8C3
:10DFB000762B801AA1F87A0B1999B1F8C00DB1F837
:10DFC000BE2D801AA1F8C20D199941F20800085A15
:10DFD00041F206028A5A801A41F20A0288521999BD
:10DFE00041F25020085A41F24E228A5A801A41F2D8
:10DFF00052228852129890F845008008C007A0B1BC
:10E00000FFE7169890ED030A9FEDEB1AB4EE410A74
:10E01000F1EE10FA04DCFFE71898C07A28B9FFE7A0
:10E020000020C4F27A300F9018E01098B0F8400049
:10E0300050B1FFE71098B0F8400000EE100AB8EEBB
:10E04000400A8DED0C0A04E09FEDDC0A8DED0C0A10
:10E05000FFE79DED0C0A8DED0F0AFFE71298B0F96E
:10E06000021001EB410190F8392002F00F00C0EBE3
:10E0700012104FF42572504300EB4100404200EE75
:10E08000100AB8EEC00A119880ED010A1298B0F992
:10E09000041001EB410190F8383003F00F00A0EBC1
:10E0A0001310504300EB4100404200EE100AB8EE5E
:10E0B000C00A119880ED000A1298B0F90A1001EB1D
:10E0C000410190F83A0000F00F00504300EB41008E
:10E0D000404200EE100AB8EEC00A119880ED020A24
:10E0E000119890ED000AB5EE400AF1EE10FA13D146
:10E0F000FFE7119890ED010AB5EE400AF1EE10FA33
:10E100000AD1FFE7119890ED020AB5EE400AF1EE50
:10E1100010FA00F09F80FFE742F22410C2F20000E4
:10E120000B9090ED000A9FEDDB1A30EE010A80EDB6
:10E13000000A9DED0F0AFEF741FE0B988DED0E0AC9
:10E1400090ED000A9DED0E1AB4EE410AF1EE10FAC0
:10E1500007DDFFE70E9842F22411C2F200010860C9
:10E16000FFE742F22010C2F20000079090ED000A93
:10E17000FFF752FDB0EE401A9FEDC70A8DED090A78
:10E18000DFEDC60ACDED080AFFF754FD07989DEDB7
:10E19000091A80EE011AB7EE000A8DED0A0A30EE78
:10E1A000411A119991ED000A20EE010A81ED000A51
:10E1B00090ED000AFFF730FDDDED080AB0EE401AE1
:10E1C0009DED090AFFF736FD9DED092AB0EE401AD4
:10E1D0009DED0A0A81EE021A30EE411A119890ED77
:10E1E000010A20EE010A80ED010A42F22410C2F277
:10E1F000000090ED001A119991ED000A20EE010A3D
:10E2000081ED000A90ED001A119991ED010A20EEBE
:10E21000010A81ED010A90ED001A119890ED020AB1
:10E2200020EE010A80ED020A1198006844F6D04100
:10E23000C2F2000108601198406844F6D441C2F26D
:10E24000000108601198806844F6CC41C2F20001D8
:10E250000860FFE707E11298007B01280ED0FFE776
:10E260001298007B022809D0FFE71C9890F846100E
:10E270000020B0EB111F40F09180FFE711990120C1
:10E2800081F898001298B0F9080000EE100AB8EE74
:10E29000C00A1C9890ED071A31EE011A9FED7A2AF8
:10E2A00020EE020A30EE411A119890ED080A30EE85
:10E2B000010A80ED080A119890ED081A90ED090AFC
:10E2C000D0ED0A0AFFF7B6FC119880ED080A129803
:10E2D000B0F9060000EE100AB8EEC00A8DED010A92
:10E2E0001C9890ED040A9FED691A20EE011AB7EE12
:10E2F000000AFFEE000AFFF79DFCB0EE401A9DED0C
:10E30000010A9FED632A20EE020A30EE410A10EE68
:10E31000100A0DF08FF841EC100B8DED020B1C98DC
:10E3200090F8471001F00F00C0EB111000EE100A3A
:10E33000B8EEC00A10EE100A0DF07CF841EC100B9C
:10E3400051EC100B9FED4A0B53EC102B0CF0AEFD73
:10E350009DED020B53EC102B41EC100B51EC100B0C
:10E360000CF048FB41EC100B8DED040B119806905E
:10E37000C06A0DF05FF89DED041B41EC100B53ECEF
:10E38000112B51EC100B0CF035FB41EC100B51EC48
:10E39000100B0CF0FDFA0699C86261E01298007B40
:10E3A00003280DD0FFE71C9890F846100120B0EB31
:10E3B000111F54D104E000BF000034430000344278
:10E3C0001199002081F898001798007AC00700285A
:10E3D00044D0FFE743F65440C2F2000090ED000A3B
:10E3E000B7EE001A30EE010A80ED000A90ED000A47
:10E3F0009FED211AB4EE410AF1EE10FA2DDDFFE790
:10E40000179890ED001A90ED040A9FED1C5A20EE2B
:10E41000050AB1EE0C4A20EE040A9FED193A80EE8F
:10E42000030A9FED182A21EE021A30EE410A1198D4
:10E4300080ED080A179890ED011A90ED030A20EE7E
:10E44000050A20EE040A80EE030A21EE021A30EEDD
:10E45000410A119880ED0B0AFFE7FFE7FFE7FFE7AE
:10E4600001E000E0FFE714B080BD00BF00BF00BFC7
:10E4700066666666666606C00000FA436F12833AF7
:10E480000000B443610BB6410AD723BD9A99993E67
:10E49000A69BC4BB17B7D13800E02B450000000095
:10E4A00080B586B005900491039243F27C70C2F26D
:10E4B00000000190FFE70198007818B9FFE706F027
:10E4C000DFFAFFE7FFE7EFF311804FF0200181F360
:10E4D0001188009005980499039A00F007F80290BB
:10E4E000009880F31188029806B080BD80B58AB08C
:10E4F00009900891079208980490099800EB400150
:10E5000043F27C70C2F2000000EBC10018300390AF
:10E5100003984069029040B1FFE70298012819D0A2
:10E52000FFE7029802282CD032E0039806F0FAFAAE
:10E53000059005980799884203D2FFE700200690CE
:10E5400007E00798069003980499079A06F074FD6F
:10E55000FFE720E0039806F0E5FA05900598079993
:10E56000884203D2FFE70598019002E007980190E6
:10E57000FFE70198069003980499069A06F05CFD5F
:10E5800009E003980499079A06F0E4FC069002E07B
:10E5900000200690FFE706980AB080BD82B080B5E3
:10E5A00084B0079306920390029106A80090039806
:10E5B00002996A4600F008F80190019804B0BDE89D
:10E5C000804002B07047000080B5A4B02390229133
:10E5D000219207A81B9040201C9000201D90239999
:10E5E0001F911E90FFE7229800788DF883002298F3
:10E5F000013022909DF8830008B9FFE76DE19DF896
:10E600008300252840F05C81FFE70020189001205E
:10E610001A90FFE7229800788DF883009DF8830018
:10E620002338014604910D2829D80499DFE801F028
:10E630001F2727272727272717270727270F189858
:10E6400040F0010018902298013022901AE01898AA
:10E6500040F00200189022980130229012E01898A1
:10E6600040F0040018902298013022900AE0189897
:10E6700040F00800189022980130229002E000201B
:10E680001A90FFE7FFE71A980028C3D1FFE70020A0
:10E690001790FFE7229800788DF883009DF883009B
:10E6A000302805DBFFE79DF883003A2801DBFFE710
:10E6B00010E0229801302290179800EB80019DF81D
:10E6C000830000EB410030381790FFE7012000285D
:10E6D000E0D1FFE700201990229800788DF88300A0
:10E6E0009DF883002E2825D1FFE722980130229043
:10E6F000FFE7229800788DF883009DF8830030288A
:10E7000005DBFFE79DF883003A2801DBFFE710E017
:10E71000229801302290199800EB80019DF8830027
:10E7200000EB410030381990FFE701200028E0D1CC
:10E73000FFE7FFE7229800788DF88300FFE79DF858
:10E7400083006C2805D0FFE79DF88300682808D176
:10E75000FFE7229801302290229800788DF88300FC
:10E7600000E004E0FFE701200028E8D1FFE79DF882
:10E77000830001460391252800F09880FFE7039865
:10E7800058284FD0FFE70398632814D0FFE7039879
:10E7900064281FD0FFE70398702876D0FFE703981E
:10E7A000732853D0FFE70398752827D0FFE7039815
:10E7B000782837D07FE0219A1068011D1160006829
:10E7C0001A901A988DF81B009DF81B101BA806F0D4
:10E7D00085FB71E0219A1068011D116000681A9094
:10E7E0001A99199B1798DDF860C06A46C2F804C0F0
:10E7F00010601BA80A2206F0B5F95DE0219A1068A6
:10E80000011D116000681A901A99199B1798DDF87C
:10E8100060C06A46C2F804C010601BA80A2206F055
:10E8200087FA49E0219A1068011D116000681A906A
:10E830001A99199B1798DDF860C06A46C2F804C09F
:10E8400010601BA8102206F073FA35E0219A1068B8
:10E85000011D116000680590FFE7059800788DF8AC
:10E8600083000598013005909DF8830008B9FFE703
:10E870000AE09DF883101BA806F030FBFFE71E9806
:10E88000B0F1FF3FE9DCFFE716E0219A1068011DB7
:10E89000116000681A901A996846002242600823A5
:10E8A00003601BA8102206F043FA05E01BA82521EF
:10E8B00006F014FB00E0FFE722980130229005E00B
:10E8C0009DF883101BA806F009FBFFE7FFE71E98E1
:10E8D000B0F1FF3F3FF787AEFFE71E9801280EDB40
:10E8E000FFE71D9830B1FFE723981D9A07A9FFF7AE
:10E8F000D7FDFFE71D991E9808441E90FFE71E985C
:10E9000024B080BD81B0ADF80200BDF8020044F231
:10E910003441C4F20101086001B0704780B586B08F
:10E9200004900391029204984068B0F5827F13D15D
:10E93000FFE704988068B0F5004F06D0FFE7049821
:10E940008068B0F5806F07D1FFE704980168086818
:10E9500020F040000860FFE704984068B0F5827F2F
:10E9600031D1FFE704988068B0F5806F15D0FFE7DC
:10E970000498039B02996A4611608021002200F0EE
:10E98000CDF848B1FFE70499486D40F02000486594
:10E9900003208DF817002FE014E00498039B0299E0
:10E9A0006A4611600121002200F0B8F848B1FFE783
:10E9B0000499486D40F02000486503208DF8170049
:10E9C0001AE0FFE714E00498039B02996A4611607D
:10E9D0000121002200F0A2F848B1FFE70499486D38
:10E9E00040F02000486503208DF8170004E0FFE7A1
:10E9F00000208DF81700FFE79DF8170006B080BDD6
:10EA000080B586B004900391029240F2E400C2F215
:10EA1000000000684AF6AB21CAF6AA21A0FB01104B
:10EA200000094DF68361C4F21B31A0FB0110800C7C
:10EA30004FF47A714843019004984068B0F5827FA2
:10EA400015D1FFE70498039B02996A461160802163
:10EA5000002200F063F848B1FFE70499486D40F0E8
:10EA60002000486503208DF8170017E012E0FFE74B
:10EA7000019808B9FFE70CE0019801380190FFE721
:10EA8000049800688068C1B20020B0EBD11FEFD1BC
:10EA9000FFE7FFE700208DF81700FFE79DF817005C
:10EAA00006B080BD80B582B0019001980DF10301E0
:10EAB00001220A23F7F79AFD9DF8030002B080BDFA
:10EAC00080B584B0039002918DF8072003980299D5
:10EAD0009DF807200A23F7F789FD04B080BD0000E8
:10EAE00080B582B001908DF8031001980DF10301FB
:10EAF00001220A23F7F792FE02B080BD80B584B0F0
:10EB0000039002918DF80720039802999DF8072041
:10EB10000A23F7F783FE04B080BD000080B58AB0F9
:10EB2000DDF830C0089007918DF81B2005930598FB
:10EB30000190F5F7A9FB024601980C99891A08443F
:10EB40000390F5F7A1FB0290039840F2E401C2F2B2
:10EB500000010968C1F3CB3148430490FFE70898EE
:10EB60000068806807990840401AB0FA80F04009B0
:10EB70009DF81B1088425ED0FFE705980130002801
:10EB800058D0FFE7F5F780FB0299401A03998842B5
:10EB900004D2FFE70398002842D1FFE708980168F4
:10EBA000486820F0E000486008984068B0F5827F2F
:10EBB00013D1FFE708988068B0F5004F06D0FFE753
:10EBC00008988068B0F5806F07D1FFE70898016862
:10EBD000086820F040000860FFE70898806AB0F5F8
:10EBE000005F0FD1FFE7FFE708980168086820F48D
:10EBF0000050086008980168086840F400500860F8
:10EC0000FFE7FFE70899012081F85100FFE7089925
:10EC1000002081F85000FFE703208DF827000EE068
:10EC2000049818B9FFE700200390FFE70498013823
:10EC30000490FFE793E700208DF82700FFE79DF899
:10EC400027000AB080BD00000000000000000000A6
:10EC5000074B19680868B0E8F04F80F30988BFF3E4
:10EC60006F8F4FF0000080F31188704700BF00BF26
:10EC7000C84D002084B0039003980090009800785D
:10EC8000ADF8080000980130009000980078ADF8C9
:10EC90000600BDF80610BDF8080040EA0120ADF8F6
:10ECA0000A00BDF80A0004B07047000086B08DED80
:10ECB000040A9DED040AB5EE400AF1EE10FA03DCF9
:10ECC000FFE7002005904AE09DED040AB0EE001A2F
:10ECD00080EE010A8DED030A9DED040A9FED221AD4
:10ECE00020EE010A8DED010AFFE79DED030A9DED7F
:10ECF000041A20EE000A30EE410A8DED020A9DED65
:10ED0000021A9DED030A30EE002A81EE021A30EE5F
:10ED1000410A8DED030AFFE79DED020A9DED011A00
:10ED20000120B4EE410AF1EE10FA00900FDCFFE78B
:10ED30009DED020A9DED011AB1EE411A0020B4EEDC
:10ED4000410AF1EE10FAB8BF01200090FFE70098E9
:10ED5000C0070028C9D1FFE703980590FFE79DEDA4
:10ED6000050A06B0704700BF6F12833A80B586B0BF
:10ED70000590F2F7F1FF00200490FFE704980130BE
:10ED8000049004984CF20032C0F6010202926946E7
:10ED90004A6008604CF26631C0F601014CF20D3257
:10EDA000C0F601024CF2F823C0F6010300200390E4
:10EDB000FFF7F4FB029903986A4611604CF2423166
:10EDC000C0F601014CF20532C0F601024CF2F42308
:10EDD000C0F60103FFF7E2FB029903986A4611604F
:10EDE0004CF21D31C0F601014CF21532C0F60102A1
:10EDF0004CF2FC23C0F60103FFF7D0FB012008F022
:10EE000039F9BBE780B584B003900AF063FC029047
:10EE100040F25820C2F200000190FBF795FF0198E4
:10EE2000F1F764FDFFE743F23470C2F2000040F2F4
:10EE30005821C2F20001F1F789FC02A8022108F072
:10EE40002DF9F0E780B588B007900AF043FC0690F2
:10EE50004BF2E872C0F601021068516892680592A0
:10EE60000491039044F68440C2F200000021029114
:10EE700003AA9FED210ADFED210AFDF7F7FCB2EEB0
:10EE8000040A9FED1F1AF7EE001A9FED1E2ADFED10
:10EE90001E2AF0EE420AF9F7DDFE029944F6082038
:10EEA000C2F20000F8F7DEFDFFE7F1F78BFE08B1D4
:10EEB000FFE7FAE7FFE741F66C50C2F2000001906D
:10EEC00044F68441C2F20001FAF71EFE42F230100D
:10EED000C2F20000F2F710FE0198BCEEC00A42F246
:10EEE0003411C2F2000181ED000AFDF735FD06A8DC
:10EEF000012108F0D3F8DEE700A08C45000016449D
:10EF00008096184B6F12833A0000000080B590B0D5
:10EF10000F900AF0DFFB0E9042F26801C2F200018E
:10EF20000D9141F65630A1F8480040F25820C2F247
:10EF3000000042F24011C2F20001FBF757FE0D99AA
:10EF400043F63442C2F20002107041F64E20C4F281
:10EF5000094048624BF6B400CCF2A0308862FFE76B
:10EF600042F26800C2F2000009908C30F2F7C4FD52
:10EF7000099880ED1E0AF2F7E5FD099880ED210A57
:10EF800043F23470C2F200000790F2F78BF8079951
:10EF9000099A43F2A860C2F200006B46986142F2FF
:10EFA0004010C2F200000890586141F66C50C2F265
:10EFB00000000C90186140F25820C2F200000B9043
:10EFC000D86042F25400C2F200000A90986043F206
:10EFD0004860C2F20000586041F6E840C2F200000A
:10EFE000186043F28C53C2F200030220FEF7B8FF10
:10EFF000DDF820C009980A990B9A0C9BEE46CEF8D2
:10F0000000C007F085FE44F6D841C2F20001087046
:10F01000012009F08BFBA3E780B582B001900AF0D4
:10F0200059FB0090FFE76846282108F037F8FAE717
:10F0300080B584B003900AF04DFB0290FFE742F2E6
:10F040006800C2F2000001909030F2F755FD01987F
:10F0500080ED1F0A41F6E840C2F2000000F108030B
:10F0600042F25400C2F2000043F23471C2F20001D5
:10F0700040F25822C2F20002FEF7ECFE07F0E4FD77
:10F080004AF6F460C2F2000080ED000A02A80521F1
:10F0900008F004F8D3E7000080B582B04FF05000CC
:10F0A00080F31188BFF36F8FBFF34F8F00900AF08A
:10F0B0001BFB40B1FFE74EF60451CEF200014FF0CA
:10F0C00080500860FFE700200190019880F31188CC
:10F0D00002B080BD80B594B008A83021F1F7FDF9E9
:10F0E000002007900690059004900390FFE7002011
:10F0F000029043F64000C4F20200016841F08051E2
:10F100000160006800F0805002900298FFE7FFE77E
:10F110000020019047F20000C4F20000016841F4B1
:10F1200080410160006800F4804001900198FFE791
:10F13000012008904FF48030099002200E904FF487
:10F1400080010F9106211091A821119112900720A2
:10F15000139008A8F6F758FD18B1FFE7F2F7F4FD91
:10F16000FFE70F20039002200490002005904FF449
:10F17000A05006904FF48050079003A80521F6F7A1
:10F1800049FB18B1FFE7F2F7DFFDFFE714B080BDE0
:10F190004EF68851CEF20001086840F47000086015
:10F1A0007047000083B002908DED010ACDED000A9A
:10F1B000019802998860009802994860029900209D
:10F1C000C8600299086102994861029988610299B0
:10F1D000C86103B07047000080B544F6C010C2F2A9
:10F1E0000000F8F775F944F60820C2F20000F8F7BD
:10F1F0006FF980BD80B544F65020C2F20000F8F7E8
:10F2000067F980BD80B544F69820C2F20000F8F797
:10F210005FF980BD80B582B044F62830C2F20000AC
:10F220000190F8F755F90198F1F726FE02B080BD7C
:10F2300083B002900191029800680090029800212A
:10F24000C4F20101884225D0FFE70298B0F1804F57
:10F2500020D0FFE7029840F20041C4F2000188424A
:10F2600018D0FFE7029840F60001C4F2000188427E
:10F2700010D0FFE7029840F60041C4F20001884236
:10F2800008D0FFE7029840F20041C4F20101884231
:10F290000AD1FFE7009820F07000009001984168C3
:10F2A000009808430090FFE702980021C4F2010192
:10F2B000884255D0FFE70298B0F1804F50D0FFE769
:10F2C000029840F20041C4F20001884248D0FFE7B2
:10F2D000029840F60001C4F20001884240D0FFE7E6
:10F2E000029840F60041C4F20001884238D0FFE79E
:10F2F000029840F20041C4F20101884230D0FFE799
:10F30000029844F20001C4F20101884228D0FFE7CC
:10F31000029844F20041C4F20101884220D0FFE784
:10F32000029844F60001C4F20101884218D0FFE7B8
:10F33000029841F60001C4F20001884210D0FFE7B4
:10F34000029841F60041C4F20001884208D0FFE76C
:10F35000029842F20001C4F2000188420AD1FFE79C
:10F36000009820F4407000900198C168009808430C
:10F370000090FFE7009820F0800001994969084358
:10F380000090009802990860019880680299C8620C
:10F39000019800680299886202980021C4F2010174
:10F3A000884208D0FFE7029840F20041C4F2010110
:10F3B000884205D1FFE70198006902990863FFE7D9
:10F3C00002990120486103B07047000084B00390A7
:10F3D00002910192029800F01F01012088400090E4
:10F3E000009A0399086A904308620198029901F013
:10F3F0001F0100FA01F20399086A1043086204B081
:10F400007047000085B00490039102920193049824
:10F4100080680090009820F47F4000900398029943
:10F42000019A41EA022101430098084300900098A4
:10F430000499886005B0704783B0029001910298EA
:10F4400080680090009820F070000090019800996A
:10F45000084340F00700009000980299886003B0CC
:10F460007047000085B0049003910499086A20F069
:10F47000010008620498006A0190049840680090B6
:10F48000049880690290029820F07000029002981F
:10F4900020F003000290039801680298084302904C
:10F4A000019820F0020001900398816801980843B8
:10F4B000019004980021C4F20101884208D0FFE7BE
:10F4C000049840F20041C4F2010188420ED1FFE7E6
:10F4D000019820F0080001900398C1680198084342
:10F4E0000190019820F004000190FFE704980021AA
:10F4F000C4F20101884208D0FFE7049840F20041BD
:10F50000C4F20101884213D1FFE7009820F4807013
:10F510000090009820F400700090039841690098D2
:10F520000843009003988169009808430090FFE722
:10F53000009804994860029804998861039840688B
:10F540000499486301980499086205B07047000067
:10F5500085B0049003910499086A20F010000862B5
:10F560000498006A019004984068009004988069AB
:10F570000290029820F4E0400290029820F440703B
:10F58000029003980168029840EA012002900198D5
:10F5900020F02000019003988168019840EA011052
:10F5A000019004980021C4F20101884208D0FFE7CD
:10F5B000049840F20041C4F2010188420FD1FFE7F4
:10F5C000019820F0800001900398C168019840EAFA
:10F5D00001100190019820F040000190FFE704988D
:10F5E0000021C4F20101884208D0FFE7049840F2EC
:10F5F0000041C4F20101884215D1FFE7009820F4D0
:10F6000080600090009820F40060009003984169A9
:10F61000009840EA8100009003988169009840EAD0
:10F6200081000090FFE700980499486002980499CF
:10F630008861039840680499886301980499086276
:10F6400005B0704785B0049003910499086A20F4CE
:10F65000807008620498006A0190049840680090E5
:10F660000498C0690290029820F0700002900298FD
:10F6700020F003000290039801680298084302906A
:10F68000019820F40070019003988168019840EA85
:10F690000120019004980021C4F20101884208D0A1
:10F6A000FFE7049840F20041C4F2010188420FD103
:10F6B000FFE7019820F4006001900398C168019869
:10F6C00040EA01200190019820F480600190FFE75A
:10F6D00004980021C4F20101884208D0FFE7049891
:10F6E00040F20041C4F20101884215D1FFE70098C1
:10F6F00020F480500090009820F40050009003986F
:10F700004169009840EA01100090039881690098CF
:10F7100040EA01100090FFE70098049948600298C1
:10F720000499C861039840680499C86301980499D2
:10F73000086205B07047000085B0049003910499F9
:10F74000086A20F4805008620498006A01900498C6
:10F75000406800900498C0690290029820F4E0404C
:10F760000290029820F44070029003980168029879
:10F7700040EA01200290019820F400500190039883
:10F780008168019840EA0130019004980021C4F298
:10F790000101884208D0FFE7049840F20041C4F21A
:10F7A000010188420BD1FFE7009820F480400090CF
:10F7B00003984169009840EA81100090FFE70098A3
:10F7C0000499486002980499C861039840680499B4
:10F7D000086401980499086205B0704785B00490E8
:10F7E000039102920498006A00900499086A20F03C
:10F7F00001000862049880690190019820F0F000EF
:10F8000001900299019840EA01100190009820F0BF
:10F810000A00009003990098084300900198049909
:10F82000886100980499086205B0704785B004901B
:10F83000039102920499086A20F01000086204986B
:10F84000806901900498006A0090019820F470404B
:10F8500001900299019840EA01300190009820F04F
:10F86000A00000900399009840EA011000900198D0
:10F870000499886100980499086205B070470000F7
:10F8800080B582B001900198806B009000990020B3
:10F89000C8850099C8840098F8F748FA02B080BD7E
:10F8A00080B584B00390002002900398806B019093
:10F8B000019800684069C0B2C0090290019890F8B0
:10F8C0003D0021280AD1FFE7029838B1FFE70199EE
:10F8D0000020C884019800F059F9FFE701980068FA
:10F8E0004069C0F380100290019890F83E002228F1
:10F8F0000AD1FFE7029838B1FFE701990020C885D7
:10F90000019800F0E5F8FFE70199086C40F010005D
:10F9100008640198F8F70AFA04B080BD80B586B093
:10F9200005900598806B0490059800680068C005F4
:10F9300000285AD4FFE704990020C885FFE7FFE7B5
:10F940000498006850E8030F20F480700390FFE7EC
:10F9500003990498026842E803100028F0D1FFE7F9
:10F96000FFE7FFE7FFE70498006850E8050F20F085
:10F9700001000290FFE702990498026842E805102E
:10F980000028F0D1FFE7FFE7FFE7FFE704980068F2
:10F9900050E8050F20F040000190FFE7019904981E
:10F9A000026842E805100028F0D1FFE7FFE704995C
:10F9B000202081F83E000498006B012814D1FFE755
:10F9C000FFE7FFE70498006850E8030F20F01000FD
:10F9D0000090FFE700990498026842E803100028AD
:10F9E000F0D1FFE7FFE7FFE7FFE70498006B01288E
:10F9F00005D1FFE70498818DF8F72CF903E004980E
:10FA0000F8F7AEFEFFE706B080BD000080B582B01B
:10FA100001900198806B00900098006B012806D13E
:10FA2000FFE70098818D4908F8F714F903E0009882
:10FA3000F8F79AFEFFE702B080BD000080B584B001
:10FA400003900398806B0290039800680068C005DB
:10FA500000282AD4FFE702990020C884FFE7FFE7C7
:10FA60000298006850E8050F20F080000190FFE741
:10FA700001990298026842E805100028F0D1FFE7DA
:10FA8000FFE7FFE7FFE70298006850E8030F40F048
:10FA900040000090FFE700990298026842E80310D6
:10FAA0000028F0D1FFE7FFE703E00298F8F7E8FE4F
:10FAB000FFE704B080BD000080B582B001900198DE
:10FAC000806B00900098F8F7DFFE02B080BD000068
:10FAD00084B00390FFE7FFE70398006850E8030F46
:10FAE00020F490700290FFE702990398026842E8C0
:10FAF00003100028F0D1FFE7FFE7FFE7FFE70398D7
:10FB0000006850E8050F20F001000190FFE701991F
:10FB10000398026842E805100028F0D1FFE7FFE7EC
:10FB20000398006B012814D1FFE7FFE7FFE7039874
:10FB3000006850E8030F20F010000090FFE70099E4
:10FB40000398026842E803100028F0D1FFE7FFE7BE
:10FB5000FFE70399202081F83E0003990020086305
:10FB600004B0704780B582B0019001980168C86800
:10FB700020F04000C8600199202081F83D000198E4
:10FB8000F8F77EFE002002B080BD000082B0019038
:10FB9000FFE7FFE70198006850E8030F20F0C0007E
:10FBA0000090FFE700990198026842E803100028DE
:10FBB000F0D1FFE7FFE70199202081F83D0002B076
:10FBC0007047000080B586B00490049890F83E001D
:10FBD000222840F0A180FFE704988068B0F5805F9C
:10FBE00015D1FFE70498006988B9FFE7002003906A
:10FBF0000498806A02900498006840686FF35F2060
:10FC0000029908800499886A0230886225E0049885
:10FC1000806A03900020029004988068B0F5805FAD
:10FC200008D0FFE70498806850B9FFE7049800699E
:10FC300030B9FFE70498006840680399087007E04E
:10FC400004980068406800F07F0003990870FFE79F
:10FC50000499886A01308862FFE70499C88D0138E9
:10FC6000C8850004002853D1FFE704980168C868DC
:10FC700020F02000C86004980168C86820F48070F3
:10FC8000C86004980168486920F00100486104993F
:10FC9000202081F83E000498006B012830D1FFE756
:10FCA000049900200863FFE7FFE70498006850E824
:10FCB000030F20F010000190FFE7019904980268FB
:10FCC00042E803100028F0D1FFE7FFE7049800683E
:10FCD0000068C00600280ED5FFE7FFE7002000906F
:10FCE00004980068006800900498006840680090DC
:10FCF0000098FFE7FFE70498818DF7F7ABFF03E07B
:10FD00000498F8F72DFDFFE700208DF8170007E0B5
:10FD100000208DF8170003E002208DF81700FFE7A0
:10FD20009DF8170006B080BD80B586B00590059897
:10FD30000068006920F44050059A1168D2681043A9
:10FD40000861059988680B694A69C96918431043B5
:10FD50000843049005980068C06849F20C61884324
:10FD60000499084305990968C860059800684069C6
:10FD700020F44070059A1168926910434861059813
:10FD8000006841F20001C4F20101884209D0FFE796
:10FD90000598006841F20041C4F20101884204D193
:10FDA000FFE7F5F7ABFE039003E0F5F795FE039050
:10FDB000FFE70598C069B0F5004F29D1FFE7039828
:10FDC0001921A0FB0101059A1368029353685A0098
:10FDD000DB0FF0F769FA0299864648F21F53C5F225
:10FDE000EB13AEFB0320420910014FF0640C02FB41
:10FDF0001CEC322202EBCC02A2FB0332F82303EA12
:10FE0000521300EB4300C2F342121044886026E014
:10FE100003981921A0FB0101059A13680193536807
:10FE20009A009B0FF0F740FA0199844648F21F525E
:10FE3000C5F2EB12ACFB02304309642003FB10CC8B
:10FE4000322000EB0C10A0FB0202F02000EA52105E
:10FE500000EB0310C2F3431210448860FFE706B0C2
:10FE600080BD000080B588B007900691ADF81620DF
:10FE7000069807998862BDF8160007998885079942
:10FE800000200864079A222182F83E1007998A6BA5
:10FE90004FF61D11C0F60001D16307998A6B4FF62A
:10FEA0000D21C0F60001116407998A6B4FF6A1017C
:10FEB000C0F60001D1640799896B086506A8049013
:10FEC00007980168806B0431049A1268BDF81630F7
:10FED000F3F718FFFFE70020039007980068006819
:10FEE000039007980068406803900398FFE7FFE7D6
:10FEF0000799002081F83C00FFE707980069A0B14E
:10FF0000FFE7FFE7FFE70798006850E8030F40F4BA
:10FF100080700290FFE702990798026842E8031098
:10FF20000028F0D1FFE7FFE7FFE7FFE7FFE70798CB
:10FF3000006850E8050F40F001000190FFE70199CB
:10FF40000798026842E805100028F0D1FFE7FFE7B4
:10FF5000FFE7FFE70798006850E8050F40F0400012
:10FF60000090FFE700990798026842E80510002812
:10FF7000F0D1FFE7FFE7002008B080BD83B001901B
:10FF8000019890F83D0021283AD1FFE70198806858
:10FF9000B0F5805F13D1FFE70198006978B9FFE7FA
:10FFA0000198006A0090009800886FF35F20019923
:10FFB000096848600199086A0230086208E0019AFD
:10FFC000106A411C11620078019909684860FFE7D6
:10FFD0000199C88C0138C884000468B9FFE701980A
:10FFE0000168C86820F08000C86001980168C8688E
:10FFF00040F04000C860FFE700208DF80B0003E0F0
:020000040801F1
:1000000002208DF80B00FFE79DF80B0003B070474E
:1000100080B582B044F67030C2F200000190F7F76C
:1000200089FE0198F0F776FF02B080BD80B544F6F6
:10003000B430C2F20000F7F77DFE80BD80B582B01B
:1000400044F6F830C2F200000190F7F773FE019811
:10005000F0F760FF02B080BD80B582B044F63C404E
:10006000C2F200000190F7F765FE0198F0F752FF29
:1000700002B080BD80B586B004908DF80F10049852
:10008000D0F8C80201900498D0F8D41200EB810097
:10009000D0F8C00220B9FFE703208DF817005FE019
:1000A0000498D0F8D41200EB8100D0F8C00202907E
:1000B00004989DF80F1001F00F0101EB810100EB96
:1000C0008100806940B3FFE704989DF80F1001F0AC
:1000D0000F0101EB810200EB82008269019801EBC4
:1000E000C10100EB8100816CB2FBF1F000FB11203B
:1000F00090B9FFE704989DF80F1001F00F0101EB94
:10010000810100EB81000023836104989DF80F10AA
:100110001A4601F083FD1FE002990020C1F8140285
:100120000498D0F8D41200EB8100D0F8C402006922
:1001300088B1FFE70498D0F8D41200EB8100D0F822
:10014000C40203690299D1F8080201F504719DF80F
:100150000F209847FFE7FFE700208DF81700FFE723
:100160009DF8170006B080BD80B584B002908DF870
:1001700007100298D0F8D41200EB8100D0F8C0022A
:1001800000900298D0F8D41200EB8100D0F8C002A1
:1001900020B9FFE703208DF80F0019E002989DF8C1
:1001A000071001F0CBFA0099C1F80C020298D0F8C0
:1001B000D41200EB8100D0F8C402C2680099D1F8D3
:1001C000040201F50371904700208DF80F00FFE74E
:1001D0009DF80F0004B080BD80B586B005908DF805
:1001E0001310059840F20D01C2F200010091097848
:1001F00001F0BCF800990598097801F00F0101EBB6
:10020000810100EB8101002003908884059840F271
:100210000E01C2F200010191097801F0A7F8019ADC
:1002200003980599127802F00F0202EB820201EBAB
:100230008201A1F86401059840F20C01C2F20001AC
:100240000291097801F092F8029A039805991378BF
:1002500003F00F0303EB830301EB8301888405990B
:10026000127802F00F0202EB820201EB8201C884D5
:100270000598D0F8D41200EB8100D0F8C002F0B19C
:10028000FFE70598D0F8D41200EB8100D0F8C40243
:10029000406880470598D0F8D41200EB8100D0F870
:1002A000C00202F057F90598D0F8D41200EB810192
:1002B0000020C1F8C0020599C1F8BC02FFE7002088
:1002C00006B080BD80B584B002900298D0F8D412F8
:1002D00000EB8100D0F8C0020190019820B9FFE73F
:1002E00003208DF80F0025E00298D0F8D41200EB1F
:1002F0008100D0F8C402C8B1FFE7019890F800026D
:10030000FF2813D0FFE70298D0F8D41200EB810049
:10031000D0F8C4028368019991F8000291F8012293
:1003200098470199FF2081F80002FFE700208DF82F
:100330000F00FFE79DF80F0004B080BD81B0009072
:1003400000990A20088040F27010C2F2000001B04B
:100350007047000080B586B0059040F22C10C2F2C4
:1003600000000190822100F09BFE0146019804915B
:10037000012100F095FE014601980391812100F0D2
:100380008FFE0290049820B1FFE704991020887135
:10039000FFE7039820B1FFE7039940208880FFE73B
:1003A000029820B1FFE7029940208880FFE7059975
:1003B0004320088040F22C10C2F2000006B080BD3D
:1003C00080B586B0059040F22C10C2F2000001907A
:1003D000822100F065FE014601980491012100F0A0
:1003E0005FFE014601980391812100F059FE0290C1
:1003F000049820B1FFE7049910208871FFE7039863
:1004000028B1FFE703994FF400708880FFE7029856
:1004100028B1FFE702994FF400708880FFE7059943
:100420004320088040F22C10C2F2000006B080BDCC
:1004300080B586B0059040F22C10C2F20000019009
:10044000822100F02DFE014601980491012100F067
:1004500027FE014601980391812100F021FE0290C0
:10046000049820B1FFE7049910208871FFE70398F2
:1004700020B1FFE7039940208880FFE7029820B170
:10048000FFE7029940208880FFE705994320088014
:1004900040F22C10C2F2000006B080BD80B590B0D2
:1004A0000E908DF837104FF4077002F057F80C904B
:1004B0000C9860B9FFE70E98D0F8D41200EB8101D8
:1004C0000020C1F8C00202208DF83F00F0E00C9837
:1004D0004FF40771F0F701F80C980E99D1F8D42277
:1004E00001EB8201C1F8C0020E99D1F8D40201EBF0
:1004F0008000D0F8C002C1F8BC020E98007C002831
:1005000040D1FFE70E9840F20D01C2F200010791C1
:100510000978022208924FF40073099301F0FAF966
:100520000799089A099B0E98097801F00F0101EBD1
:10053000810100EB810101200B9088840E9840F22C
:100540000E01C2F200010A91097801F0E3F90A9A5A
:100550000B980E99127802F00F0202EB820201EB67
:100560008201A1F864010E9840F20C01C2F2000170
:10057000097801F00F0101EB810100EB81011020EE
:10058000C8843EE00E9840F20D01C2F200010291D3
:100590000978022203924023049301F0BBF90299E7
:1005A000039A049B0E98097801F00F0101EB810179
:1005B00000EB81010120069088840E9840F20E0124
:1005C000C2F200010591097801F0A4F9059A069894
:1005D0000E99127802F00F0202EB820201EB820107
:1005E000A1F864010E9840F20C01C2F200010978F2
:1005F00001F00F0101EB810100EB81011020C884A3
:10060000FFE70E9840F20C01C2F200010091097858
:100610000322082301F07EF900990E98097801F071
:100620000F0101EB810100EB8101012088840C990D
:1006300000200190C1F804020E98D0F8D41200EB0B
:100640008100D0F8C4020068804701980C99C1F875
:1006500014020C99C1F818020C98D0F8040220B9C1
:10066000FFE702208DF83F0022E00E98007C70B971
:10067000FFE70E9840F20E01C2F2000109780C9AD1
:10068000D2F804224FF4007301F06AF90CE00E98DE
:1006900040F20E01C2F2000109780C9AD2F804224D
:1006A000402301F05DF9FFE700208DF83F00FFE7F0
:1006B0009DF83F0010B080BD80B584B002900298D4
:1006C000D0F8D41200EB8100D0F8C002019002985B
:1006D000D0F8D41200EB8100D0F8C00220B9FFE7B7
:1006E00003208DF80F0022E00298007C70B9FFE72C
:1006F000029840F20E01C2F200010978019AD2F884
:1007000004224FF4007301F02BF90CE0029840F240
:100710000E01C2F200010978019AD2F804224023A6
:1007200001F01EF9FFE700208DF80F00FFE79DF8AC
:100730000F0004B080BD000083B0019000910098CC
:1007400020B9FFE703208DF80B000BE0009801991A
:10075000D1F8D42201EB8201C1F8C40200208DF847
:100760000B00FFE79DF80B0003B0704784B00290C8
:1007700001910298D0F8D41200EB8100D0F8C002A9
:100780000090009820B9FFE703208DF80F0007E0E4
:1007900001980099C1F8040200208DF80F00FFE7CE
:1007A0009DF80F0004B0704785B00390029101924C
:1007B0000398D0F8D41200EB8100D0F8C00200906A
:1007C000009820B9FFE703208DF813000BE0029892
:1007D0000099C1F8080201980099C1F810020020A0
:1007E0008DF81300FFE79DF8130005B07047000077
:1007F00080B58AB0089007910898D0F8D41200EB21
:100800008100D0F8C002069000208DF81500ADF8E8
:1008100012008DF81100069820B9FFE703208DF82B
:100820002700C7E00798007800F0600001460391B8
:1008300000285ED0FFE70398202840F0AE80FFE755
:100840000798C088002846D0FFE707980078000680
:10085000002823D5FFE70898D0F8D41200EB8100D8
:10086000D0F8C4028368079A50780699D2889847CE
:100870000798C088082803D3FFE70720029003E009
:100880000798C0880290FFE70298ADF81600089814
:100890000699BDF8162000F081F91BE00798407812
:1008A000069981F800020798C0883F2804D8FFE71E
:1008B0000798C088019002E040200190FFE701986E
:1008C000069981F801020898069991F8012200F032
:1008D00037F9FFE70CE00898D0F8D41200EB81005C
:1008E000D0F8C40283680799487800229847FFE748
:1008F0005BE007984078014600910B2844D80099A6
:10090000DFE801F0064142424242424242421C328A
:10091000089890F89C02032807D1FFE708980DF18A
:100920001201022200F03AF907E00898079900F056
:10093000F9F803208DF81100FFE72DE0089890F8F2
:100940009C02032807D1FFE708980DF11501012249
:1009500000F024F907E00898079900F0E3F8032075
:100960008DF81100FFE717E0089890F89C02032823
:1009700008D0FFE70898079900F0D4F803208DF815
:100980001100FFE708E007E00898079900F0CAF8AF
:1009900003208DF81100FFE707E00898079900F0A1
:1009A000C1F803208DF81100FFE79DF811008DF8C4
:1009B0002700FFE79DF827000AB080BD80B584B00E
:1009C00002900298D0F8D41200EB8100D0F8C00257
:1009D000019001208DF803000298D0F8D41200EBAA
:1009E0008100D0F8C00220B9FFE703208DF80F0086
:1009F0002AE00198D0F8140208BBFFE70199012012
:100A0000C1F814020198D0F81002029A40F20D01C8
:100A1000C2F200010B7803F00F0303EB830302EB38
:100A20008302906102980978019BD3F80822D3F8D9
:100A3000103201F0F3F800208DF80300FFE79DF875
:100A400003008DF80F00FFE79DF80F0004B080BD94
:100A500080B582B001908DF8031000208DF802005F
:100A60000198D0F8B8124A689DF80310904720B159
:100A7000FFE703208DF80200FFE79DF8020002B0B7
:100A800080BD000080B582B001900091019890F87F
:100A90009C02013802280ED8FFE700984088012800
:100AA00008D1FFE701990020C1F8A402019800F0E5
:100AB0008FF8FFE704E00198009900F033F8FFE7B2
:100AC00002B080BD82B001908DF80310002002B00A
:100AD0007047000082B001908DF80310002002B032
:100AE0007047000080B584B0039002910192039892
:100AF000029A019B0021009100F032FF009804B09F
:100B000080BD000080B584B00390029101920398EB
:100B1000029A019B0021009101F080F8009804B036
:100B200080BD000080B582B00190009101988021C5
:100B300001F02CF80198002101F028F802B080BDE6
:100B400080B584B003900291019203990320C1F80B
:100B5000940201980399C1F8580101980399C1F8CA
:100B60005C010398029A019B0021009100F0F8FEBD
:100B7000009804B080BD000080B582B0019001995A
:100B80000520C1F8940201980023009319461A46E3
:100B900000F0E6FE009802B080BD000080B584B091
:100BA00003900291019203990220C1F894020198E6
:100BB0000399886101980399C8610398029A019B7F
:100BC0000021009101F02AF8009804B080BD0000D7
:100BD00080B582B0019001990420C1F89402019877
:100BE0000023009319461A4601F018F8009802B045
:100BF00080BD000080B582B08DF8070000919DF89F
:100C0000070060B9FFE7009A4CF2CC30C0F6010053
:100C100042F26C11C2F2000100F0DEFA0BE0009A21
:100C20004CF2CC30C0F6010042F26C11C2F200016D
:100C300000F0D2FAFFE742F26C10C2F2000002B0FC
:100C400080BD000082B08DF807000091009912204D
:100C5000088040F27C10C2F2000002B07047000031
:100C600080B582B08DF8070000919DF8070060B94B
:100C7000FFE7009A4CF2BE30C0F6010042F26C1160
:100C8000C2F2000100F0A8FA0BE0009A4CF2BE306C
:100C9000C0F6010042F26C11C2F2000100F09CFAB1
:100CA000FFE742F26C10C2F2000002B080BD00000B
:100CB00082B08DF80700009100990420088040F26E
:100CC000A410C2F2000002B07047000080B584B0EA
:100CD0008DF80F000291029A4CF2D730C0F6010055
:100CE00042F26C11C2F20001019100F075FA019814
:100CF00004B080BD80B582B08DF8070000919DF8EA
:100D0000070060B9FFE7009A4CF2EA30C0F6010034
:100D100042F26C11C2F2000100F05EFA0BE0009AA0
:100D20004CF2EA30C0F6010042F26C11C2F200014E
:100D300000F052FAFFE742F26C10C2F2000002B07B
:100D400080BD000080B582B08DF807000091009949
:100D50001A200880F1F7A8F840F2A810C2F20000AB
:100D600002B080BD80B584B0039002910298C08823
:100D7000012805D0FFE703980299FFF7D3FE21E091
:100D8000039890F89C12481E0191022804D3FFE7B3
:100D9000019803280AD00FE0039900208860039887
:100DA00000F108010122FFF7F9FE0AE00398011D96
:100DB0000122FFF7F3FE04E003980299FFF7B2FE69
:100DC000FFE7FFE704B080BD80B588B007900691CB
:100DD0000020ADF8160004908DF80F000698C0783A
:100DE000013801460291062800F21E810299DFE8CF
:100DF00011F0070011002E001B011B01E80000018B
:100E00000798D0F8B4120A68007C0DF116019047DB
:100E1000049013E10798007C60B9FFE70798D0F8C9
:100E2000B802816A0DF116008847049004990220E7
:100E300048700BE00798D0F8B802C16A0DF11600AF
:100E400088470490049902204870FFE7F6E006986E
:100E5000807801460191052800F2A8800199DFE819
:100E600001F0031E39546F8A0798D0F8B402406825
:100E700050B1FFE70798D0F8B4124A68007C0DF132
:100E800016019047049009E007980699FFF74AFE7B
:100E90009DF80F0001308DF80F00FFE790E00798F4
:100EA000D0F8B402806850B1FFE70798D0F8B412C8
:100EB0008A68007C0DF116019047049009E00798BC
:100EC0000699FFF72FFE9DF80F0001308DF80F00F7
:100ED000FFE775E00798D0F8B402C06850B1FFE7AB
:100EE0000798D0F8B412CA68007C0DF1160190473B
:100EF000049009E007980699FFF714FE9DF80F008B
:100F000001308DF80F00FFE75AE00798D0F8B402DF
:100F1000006950B1FFE70798D0F8B4120A69007C65
:100F20000DF116019047049009E007980699FFF724
:100F3000F9FD9DF80F0001308DF80F00FFE73FE04D
:100F40000798D0F8B402406950B1FFE70798D0F88D
:100F5000B4124A69007C0DF116019047049009E033
:100F600007980699FFF7DEFD9DF80F0001308DF818
:100F70000F00FFE724E00798D0F8B402806950B171
:100F8000FFE70798D0F8B4128A69007C0DF11601CA
:100F90009047049009E007980699FFF7C3FD9DF874
:100FA0000F0001308DF80F00FFE709E00798069960
:100FB000FFF7B8FD9DF80F0001308DF80F00FFE737
:100FC0003CE00798007C48B9FFE70798D0F8B802E2
:100FD000416B0DF116008847049009E007980699C7
:100FE000FFF7A0FD9DF80F0001308DF80F00FFE71F
:100FF00024E00798007C60B9FFE70798D0F8B802B2
:10100000016B0DF116008847049004990720487081
:1010100009E007980699FFF785FD9DF80F0001305C
:101020008DF80F00FFE709E007980699FFF77AFDB2
:101030009DF80F0001308DF80F00FFE79DF80F00BD
:1010400008B1FFE72AE00698C08818B3FFE7BDF8AB
:101050001600C8B1FFE7BDF816000699C988884296
:1010600004DAFFE7BDF81600009003E00698C08898
:101070000090FFE70098ADF8160007980499BDF8B6
:101080001620FFF78BFD04E007980699FFF74AFD4D
:10109000FFE703E00798FFF79BFDFFE708B080BD7F
:1010A00080B586B005908DF81310059803900598CB
:1010B000029000200190029948880978884227DD33
:1010C000FFE702980078ADF80200FFE7BDF80200E4
:1010D0000299498888421ADAFFE703980DF1020164
:1010E00000F034F803900398407805280ED1FFE70C
:1010F00003980190019880789DF81310884201D1DF
:10110000FFE704E000200190FFE7FFE7DEE7FFE7ED
:10111000019806B080BD000083B0029000208DF8D9
:10112000070002980090FFE70098007848B1FFE7B9
:101130009DF8070001308DF80700009801300090FD
:10114000F2E79DF8070003B07047000083B00290FB
:101150000191029800900098027801990888104443
:10116000088002980099097808440090009803B01C
:101170007047000080B582B001900091019890F80E
:101180009C02013802281FD8FFE70098C088022877
:1011900005D0FFE701980099FFF7C4FC19E0019919
:1011A0000120C8600198D0F8A40230B1FFE701998E
:1011B000C86840F00200C860FFE7019800F10C0128
:1011C0000222FFF7EBFC04E001980099FFF7AAFC6C
:1011D000FFE702B080BD000080B586B005900491A5
:1011E000039200208DF80B00059808B9FFE73DE059
:1011F000059801900198FFF78FFF0146022000EB50
:101200004100039908800398007804999DF80B2009
:1012100088549DF80B0001308DF80B0004999DF85F
:101220000B20032088549DF80B0001308DF80B0033
:10123000FFE701980078C8B1FFE7019800780499AA
:101240009DF80B2088540198013001909DF80B0007
:1012500001308DF80B0004999DF80B200020885474
:101260009DF80B0001308DF80B00E2E706B080BD61
:1012700082B08DF8070000208DF806009DF8070069
:1012800001460091032814D80099DFE801F0020616
:101290000A0E00208DF806000FE003208DF80600EE
:1012A0000BE001208DF8060007E003208DF8060012
:1012B00003E003208DF80600FFE79DF8060002B06A
:1012C0007047000080B584B0029001918DF8032032
:1012D000029820B9FFE703208DF80F0023E0029960
:1012E0000020C1F8B8020299C1F8C4020299C1F8FD
:1012F000D002019828B1FFE701980299C1F8B40221
:10130000FFE70299012081F89C029DF803000299F1
:101310000870029800F020FA8DF802009DF8020093
:101320008DF80F00FFE79DF80F0004B080BD0000AE
:1013300080B582B001908DF8031000208DF8020076
:101340008DF801000198D0F8C8029DF80310F3F75A
:10135000B9F98DF802009DF80200FFF789FF8DF8BA
:1013600001009DF8010002B080BD000080B582B090
:1013700001908DF8031000208DF802008DF8010017
:101380000198D0F8C8029DF80310F3F747F98DF8DB
:1013900002009DF80200FFF76BFF8DF801009DF839
:1013A000010002B080BD000080B588B006908DF8C5
:1013B000171004929DF81700002875D1FFE70698D2
:1013C000143003900698D0F8940202285DD1FFE70C
:1013D00003998868C968884212D9FFE70399886829
:1013E000CA68801A886006980499039A9268FFF781
:1013F00089FB0698002319461A4600F0B1FA43E02B
:1014000003988168C06888421ED1FFE70399486845
:10141000C968884218D3FFE7039840680699D1F855
:101420009812884210D2FFE70698002201921146D6
:10143000FFF768FB019B0698C0F89832069819469A
:101440001A4600F08DFA1EE0069890F89C020328D8
:1014500011D1FFE70698D0F8B802C06850B1FFE795
:1014600006990020C1F8D4020698D0F8B812C968CD
:101470008847FFE7FFE70698802100F087FB069882
:10148000FFF77AFBFFE7FFE700E0FFE7069890F839
:10149000A00240B1FFE7069800F04EFC069900203C
:1014A00081F8A002FFE740E006989DF8171041F090
:1014B0008001FFF707FB8DF80A009DF80A00FF285E
:1014C00032D0FFE79DF80A0070BBFFE7069890F85E
:1014D0009C02032827D1FFE706989DF80A1000EB2D
:1014E0008100D0F8B8024069E0B1FFE79DF80A003A
:1014F0000699C1F8D40206989DF80A1000EB810104
:10150000D1F8B8124A699DF8171090478DF80B0072
:101510009DF80B0028B1FFE79DF80B008DF81F0028
:1015200007E0FFE7FFE7FFE7FFE700208DF81F0078
:10153000FFE79DF81F0008B080BD000080B58AB0AD
:1015400008908DF81F10069200208DF813009DF86A
:101550001F00002840F08380FFE7089800F5AA707C
:1015600005900898D0F89402032876D1FFE70599F2
:101570008868C96888421DD9FFE705998868CA68E4
:10158000801A8860089802900698039005998868E8
:10159000C968884204D2FFE705988068019003E09B
:1015A0000598C0680190FFE703990298019AFFF738
:1015B00099FA51E0089890F8AA0200F01F0001463D
:1015C000009140B1FFE70098012808D0FFE700989C
:1015D00002280CD013E000208DF8120013E00898C8
:1015E00090F8AE12FFF776FA8DF812000BE008982B
:1015F00090F8AE12FFF766FA8DF8120003E00020B3
:101600008DF81200FFE79DF8120008BBFFE708986D
:1016100090F89C0203281AD1FFE708989DF8121051
:1016200000EB8100D0F8B802006978B1FFE79DF8BF
:1016300012000899C1F8D40208989DF8121000EB26
:101640008101D1F8B81209698847FFE7FFE7FFE792
:101650000898FFF7BDFAFFE700E0FFE740E00898D1
:101660009DF81F1001F07F01FFF72CFA8DF8120092
:101670009DF81200FF2832D0FFE79DF8120070BBE2
:10168000FFE7089890F89C0203281ED1FFE708980E
:101690009DF8121000EB8100D0F8B802806998B173
:1016A000FFE79DF812000899C1F8D40208989DF848
:1016B000121000EB8101D1F8B8128A699DF81F1051
:1016C00090478DF81300FFE7FFE79DF8130028B15E
:1016D000FFE79DF813008DF8270005E0FFE7FFE71F
:1016E00000208DF82700FFE79DF827000AB080BD95
:1016F00081B00090002001B07047000080B582B03A
:10170000019000208DF803000199012081F89C02CE
:101710000198D0F8B80268B1FFE70198D0F8B81284
:101720004A680179904720B1FFE703208DF8030054
:10173000FFE7FFE79DF8030002B080BD80B582B0EF
:1017400001908DF803100198D0F8C8029DF803109D
:10175000F3F71CF802B080BD80B584B00390039805
:101760000078A8BBFFE7039944F20440C2F20000EE
:101770000290C0F808150399C1F8C8024FF0A041C3
:101780000160042141600222C26000210161826186
:10179000C16101624162C1620163F3F7B1FD18B139
:1017A000FFE7F0F7D1FAFFE744F20440C2F200008D
:1017B000019080210091F2F76BFE019800214022F8
:1017C000F2F772FE009A01980121F2F76DFEFFE731
:1017D000002004B080BD000084B002908DF8071096
:1017E0000298D0F8C80200909DF807000006002873
:1017F0000ED5FFE700989DF8071001F07F0101EB7F
:10180000C10100EB810090F83E008DF80F000DE063
:1018100000989DF8071001F07F0101EBC10100EB7A
:10182000810090F87E028DF80F00FFE79DF80F0011
:1018300004B0704780B584B002908DF8071002980C
:10184000D0F8D41200EB8100D0F8B80220B9FFE73D
:1018500003208DF80F0020E0029890F89C020328E6
:1018600017D1FFE70298D0F8D41200EB8100D0F82E
:10187000B802006A60B1FFE70298D0F8D41200EB1A
:101880008101D1F8B8120A6A9DF807109047FFE766
:10189000FFE700208DF80F00FFE79DF80F0004B070
:1018A00080BD000080B584B002908DF807100298CA
:1018B000D0F8D41200EB8100D0F8B80220B9FFE7CD
:1018C00003208DF80F0020E0029890F89C02032876
:1018D00017D1FFE70298D0F8D41200EB8100D0F8BE
:1018E000B802406A60B1FFE70298D0F8D41200EB6A
:1018F0008101D1F8B8124A6A9DF807109047FFE7B6
:10190000FFE700208DF80F00FFE79DF80F0004B0FF
:1019100080BD000080B584B003908DF80B108DF869
:101920000A20ADF8083000208DF807008DF8060079
:101930000398D0F8C8029DF80B10BDF808209DF858
:101940000A30F2F735FF8DF807009DF80700FFF722
:101950008FFC8DF806009DF8060004B080BD0000E5
:1019600080B586B005908DF8131003920293002085
:101970008DF807008DF806000598D0F8C8029DF88C
:101980001310039A029BF2F789FF8DF807009DF868
:101990000700FFF76DFC8DF806009DF8060006B005
:1019A00080BD000080B586B0059000208DF8130042
:1019B000059A012182F89C120599C1F894020599B3
:1019C00048600599C1F8A402059981F8A00205981C
:1019D000D0F8B802A0B1FFE70598D0F8B802406887
:1019E00068B1FFE70598D0F8B8124A6801799047C6
:1019F00020B1FFE703208DF81300FFE7FFE7FFE7C3
:101A0000059800220192402303931146FFF782FFBD
:101A1000019A039B059901200290A1F864010598A1
:101A2000C0F8603105988021FFF774FF0299039890
:101A3000059A9184059908629DF8130006B080BD4F
:101A400081B00090009890F89C02042807D1FFE72D
:101A5000009890F89D02009981F89C02FFE7002011
:101A600001B0704780B582B00190019890F89C0257
:101A7000032813D1FFE70198D0F8B80268B1FFE757
:101A80000198D0F8B802C06930B1FFE70198D0F8EA
:101A9000B812C9698847FFE7FFE7FFE7002002B0F7
:101AA00080BD000082B001908DF803109DF8030006
:101AB00001990874002002B07047000080B582B020
:101AC00001908DF8031000208DF802008DF80100C0
:101AD0000198D0F8C8029DF80310F3F701FE8DF8C5
:101AE00002009DF80200FFF7C3FB8DF801009DF88E
:101AF000010002B080BD000080B584B00390029167
:101B0000039800F2AA20029900F0AAF80399012094
:101B1000C1F894020399B1F8B002C1F89802039891
:101B200090F8AA0200F01F000146009140B1FFE7C3
:101B3000009801280CD0FFE70098022810D017E089
:101B4000039800F2AA2100F04FFA8DF8070019E07F
:101B5000039800F2AA2100F083FC8DF8070011E041
:101B6000039800F2AA2100F0A5FA8DF8070009E019
:101B7000039890F8AA1201F0800100F007F88DF8A0
:101B80000700FFE79DF8070004B080BD80B582B074
:101B900001908DF8031000208DF802008DF80100EF
:101BA0000198D0F8C8029DF80310F2F7BBFE8DF83B
:101BB00002009DF80200FFF75BFB8DF801009DF825
:101BC000010002B080BD000080B582B0019000200D
:101BD0008DF803008DF802000198D0F8C802F3F7E1
:101BE000BBFD8DF803009DF80300FFF741FB8DF866
:101BF00002009DF8020002B080BD000081B000909C
:101C0000009890F89C02009981F89D0200990420A8
:101C100081F89C02002001B07047000080B586B0BA
:101C200005908DF813100392029300208DF80700A1
:101C30008DF806000598D0F8C8029DF81310039A95
:101C4000029BF2F7DFFE8DF807009DF80700FFF713
:101C50000FFB8DF806009DF8060006B080BD000061
:101C600080B584B0039002910298019001980078A9
:101C70000399087001980130019001980078039948
:101C800048700198013001900198FCF7F3FF039927
:101C9000488001980130019001980130019001982D
:101CA000FCF7E8FF039988800198013001900198C2
:101CB000013001900198FCF7DDFF0399C88004B062
:101CC00080BD000080B584B0029001910020ADF885
:101CD0000200019820B9FFE703208DF80F0026E0ED
:101CE00001980299C1F8B8020298D0F8D41200EB1A
:101CF0008100D0F8B802C06A78B1FFE70298D0F846
:101D0000D41200EB8100D0F8B802C16A0DF10200D4
:101D100088470299C1F8D002FFE70299D1F8D802AA
:101D20000130C1F8D80200208DF80F00FFE79DF8C0
:101D30000F0004B080BD000081B00090002001B011
:101D40007047000080B584B00390029102988088AB
:101D5000B8BBFFE70298C08898BBFFE702984088AD
:101D60007F282ED8FFE70298807800F07F008DF85A
:101D70000700039890F89C02032805D1FFE7039819
:101D80000299FEF7CFFE1BE09DF80700039981F84A
:101D90009E0203989DF80710FFF790FE0398FEF748
:101DA00017FF9DF8070028B1FFE70399022081F88B
:101DB0009C0204E00399012081F89C02FFE7FFE701
:101DC00004E003980299FEF7ADFEFFE704B080BD82
:101DD00080B582B001908DF8031000208DF80200CC
:101DE0000198D0F8B80250B1FFE70198D0F8B812C6
:101DF0000A689DF8031090478DF80200FFE79DF8F0
:101E0000020002B080BD000080B586B0049003914E
:101E100000208DF80B000398817842F26810C2F21E
:101E2000000001700078022808D3FFE704980399A6
:101E3000FEF778FE03208DF81700A0E0049890F8D4
:101E40009C0201460191022804D0FFE70198032873
:101E50002FD07FE042F26810C2F20000007818B381
:101E6000FFE742F26811C2F200010878049A50605C
:101E700004980978FFF7ACFF8DF80B009DF80B0074
:101E800048B1FFE704980399FEF74CFE049902203D
:101E900081F89C0207E00498FEF79AFE049903205B
:101EA00081F89C02FFE703E00498FEF791FEFFE74C
:101EB00060E042F26810C2F20000007898B9FFE7D3
:101EC0000499022081F89C0242F26811C2F20001DA
:101ED0000878049A506004980978FEF7B9FD0498D0
:101EE000FEF776FE35E042F26810C2F2000000789C
:101EF00004994968884227D0FFE704980179FEF7E2
:101F0000A7FD42F26811C2F200010878049A5060FD
:101F100004980978FFF75CFF8DF80B009DF80B0023
:101F200068B1FFE704980399FEF7FCFD0498017976
:101F3000FEF78EFD0499022081F89C0203E00498CC
:101F4000FEF746FEFFE703E00498FEF741FEFFE7D9
:101F5000FFE70FE004980399FEF7E4FD049842F2CE
:101F60006811C2F200010978FEF772FD03208DF8B6
:101F70000B00FFE79DF80B008DF81700FFE79DF8B9
:101F8000170006B080BD000080B582B001900091BE
:101F900000984088012808D1FFE701990120C1F885
:101FA000A4020198FEF714FE13E00098408802286E
:101FB00009D1FFE700984079019981F8A0020198C2
:101FC000FEF706FE04E001980099FEF7ABFDFFE77F
:101FD000FFE702B080BD000080B582B0019001989B
:101FE000FFF7F2FD02B080BD80B586B00590049188
:101FF00000208DF80F000498007800F06000014682
:102000000291A8B1FFE70298202804D0FFE70298C8
:10201000402846D1FFE70598D0F8D41200EB8101A3
:10202000D1F8B8128A68049990478DF80F003DE006
:10203000049840780146019109282CD80199DFE8DD
:1020400001F01B252A202A0A052A160F0598049953
:10205000FEF7BAFE24E005980499FFF773FE1FE02F
:1020600005980499FFF7D0FE8DF80F0018E0059849
:102070000499FEF777FE13E005980499FFF77AF8C4
:102080000EE005980499FFF77FFF09E00598049991
:10209000FEF7F8FC04E005980499FEF743FDFFE71E
:1020A00004E005980499FEF73DFDFFE79DF80F0059
:1020B00006B080BD80B58CB00B900A9100208DF8E1
:1020C00021000A9880888DF823000A98007800F093
:1020D000600001460791B8B3FFE70798202805D0B4
:1020E000FFE70798402840F0B281FFE70B989DF882
:1020F0002310FEF7E7FC8DF822009DF82200FF2850
:1021000021D0FFE79DF82200E8B9FFE79DF8220003
:102110000B99C1F8D4020B989DF8221000EB8100B6
:10212000D0F8B802806868B1FFE70B989DF82210DC
:1021300000EB8101D1F8B8128A680A9990478DF8AE
:102140002100FFE7FFE787E10A9840780146069102
:10215000002800F0BD80FFE7069801284CD0FFE77B
:102160000698032840F06D81FFE70B9890F89C02D9
:1021700001460591022804D0FFE70598032819D0ED
:1021800034E09DF8230078B1FFE79DF82300802814
:102190000AD0FFE70B989DF82310FFF7F7FC0B9888
:1021A0008021FFF7F3FC04E00B980A99FEF7BAFCD4
:1021B000FFE720E00A984088A0B9FFE79DF82300D8
:1021C00078B1FFE79DF8230080280AD0FFE70A983E
:1021D000C08830B9FFE70B989DF82310FFF7D6FCB5
:1021E000FFE7FFE70B98FEF7F3FC04E00B980A9972
:1021F000FEF798FCFFE729E10B9890F89C02014656
:102200000491022804D0FFE70498032819D059E06C
:102210009DF8230078B1FFE79DF8230080280AD0BD
:10222000FFE70B989DF82310FFF7B0FC0B98802177
:10223000FFF7ACFC04E00B980A99FEF773FCFFE78C
:1022400045E00A984088E0BBFFE79DF82300400680
:1022500030B1FFE70B989DF82310FFF769F8FFE70F
:102260000B98FEF7B5FC0B989DF82310FEF72AFC9F
:102270008DF822009DF82200FF2821D0FFE79DF86D
:102280002200E8B9FFE79DF822000B99C1F8D402BB
:102290000B989DF8221000EB8100D0F8B8028068FE
:1022A00068B1FFE70B989DF8221000EB8101D1F88F
:1022B000B8128A680A9990478DF82100FFE7FFE776
:1022C000FFE704E00B980A99FEF72CFCFFE7BDE05E
:1022D0000B9890F89C0201460391022804D0FFE776
:1022E0000398032838D0A6E09DF8230050B1FFE7FB
:1022F0009DF82300802805D0FFE70B980A99FEF788
:1023000011FC9DE09DF82300000600280CD5FFE796
:102310000B989DF8231001F07F0101EB810100EB88
:102320008100143002900CE00B989DF8231001F00E
:102330007F0101EB810100EB810000F5AA700290A2
:10234000FFE7029809900999002008600B98099905
:102350000222FEF723FC73E09DF82300000600280C
:1023600012D5FFE70B989DF8231001F00F0101EB48
:10237000810100EB8100808C28B9FFE70B980A9956
:10238000FEF7D0FB5CE012E00B989DF8231001F003
:102390000F0101EB810100EB8100B0F8640128B965
:1023A000FFE70B980A99FEF7BDFB49E0FFE79DF8B0
:1023B0002300000600280CD5FFE70B989DF823109A
:1023C00001F07F0101EB810100EB810014300190ED
:1023D0000CE00B989DF8231001F07F0101EB8101C7
:1023E00000EB810000F5AA700190FFE701980990C9
:1023F0009DF8230028B1FFE79DF82300802804D131
:10240000FFE70999002008600FE00B989DF8231062
:10241000FFF7E2F920B1FFE709990120086003E026
:10242000099900200860FFE7FFE70B98099902224D
:10243000FEF7B4FB04E00B980A99FEF773FBFFE785
:1024400004E00B980A99FEF76DFBFFE704E00B9898
:102450000A99FEF767FBFFE79DF821000CB080BDED
:1024600080B584B00390029100208DF80700029897
:10247000007800F060000146009140B1FFE700984D
:10248000202804D0FFE7009840285AD1FFE703989E
:1024900090F89C02013802284DD8FFE70298007995
:1024A000012842D8FFE7039802990979FEF712FB49
:1024B0008DF806009DF80600FF2825D0FFE79DF85F
:1024C000060008BBFFE703989DF8061000EB8100AB
:1024D000D0F8B802806890B1FFE79DF80600039934
:1024E000C1F8D40203989DF8061000EB8101D1F8E1
:1024F000B8128A68029990478DF8070003E003201C
:102500008DF80700FFE703E003208DF80700FFE7E1
:102510000298C08840B9FFE79DF8070020B9FFE79F
:102520000398FEF755FBFFE704E003980299FEF7D6
:10253000F9FAFFE704E003980299FEF7F3FAFFE7E0
:1025400004E003980299FEF7EDFAFFE79DF8070013
:1025500004B080BD81B0009001B0704781B00090A0
:1025600042F26C30C2F2000001B0704784B00390B8
:1025700002910398019002980078009002984078A8
:10258000012830D1FFE70298007800F00F01012008
:1025900000FA01F20199D1F81C081043C1F81C0897
:1025A0000198009900EB4110D0F8000900040028C0
:1025B00018D4FFE70299C8686FF3DF20097940EA71
:1025C0008140009A40EA8250019901EB4211D1F812
:1025D0000029104348F20002C1F200021043C1F882
:1025E0000009FFE72EE00298007800F00F010120BB
:1025F00000FA01F20199D1F81C0840EA0240C1F842
:102600001C080198009900EB4110D0F8000B000461
:10261000002816D4FFE70299C8686FF3DF20097914
:1026200040EA81400199009A01EB4211D1F8002B58
:10263000104348F20002C1F200021043C1F8000B3F
:10264000FFE7FFE7002004B07047000082B0019070
:10265000019800900099D1F8000940F2FF72904370
:10266000C1F800090099D1F8040840F48070C1F85D
:102670000408002002B070472DE9F04F91B001919D
:10268000DDF88CB0DDF888A0DDF88490DDF880807E
:102690001F9F1E9E1D9D1C9CDDF86CE0DDF868C030
:1026A00001990199CDF840B0CDF83CA0CDF8389013
:1026B000CDF834800C970B960A950994CDF820E05C
:1026C000CDF81CC006930592049103900998012847
:1026D00022D1FFE70399886B20F480308863039947
:1026E000C8684FF6BF72CFF6BD721040C86003993C
:1026F000C86820F44010C8601098012806D1FFE790
:102700000399C86840F48010C860FFE7039800F0A0
:1027100031F88DF80B0019E00399C86840F04000CB
:10272000C860039800F026F88DF80B000D9830B9BA
:10273000FFE70399886B40F48030886305E00399D4
:10274000886B20F480308863FFE7FFE70798012853
:102750000BD1FFE70399886840F006008860039971
:10276000886840F020008860FFE79DF80B0011B0FA
:10277000BDE8F08F83B0019000200090FFE7009843
:1027800001300090009840F64151C0F203018842A8
:1027900004D3FFE703208DF80B0028E0FFE7019842
:1027A0000069C00F0028EAD0FFE7002000900199DF
:1027B000086940F001000861FFE7009801300090CF
:1027C000009840F64151C0F20301884204D3FFE76C
:1027D00003208DF80B000AE0FFE701980069C007AD
:1027E0000028EAD1FFE700208DF80B00FFE79DF8F5
:1027F0000B0003B07047000084B00390029103986F
:10280000019002980078009002984078012845D104
:10281000FFE70198009900EB4110D0F80009C00FC4
:10282000A8B1FFE70198009900EB4111D1F8000928
:1028300040F00060C1F800090198009900EB4111D7
:10284000D1F8000940F08040C1F80009FFE7029884
:10285000007800F00F01012000FA01F3019AD2F88C
:102860003C189943C2F83C180299097801F00F010D
:1028700000FA01F20199D1F81C089043C1F81C0834
:102880000198009900EB4111D1F8000947F60002C8
:10289000CEF633421040C1F8000946E00198009995
:1028A00000EB4110D0F8000BC00FA8B1FFE7019872
:1028B000009900EB4111D1F8000B40F00060C1F825
:1028C000000B0198009900EB4111D1F8000B40F08A
:1028D0008040C1F8000BFFE70298007800F00F017C
:1028E000012000FA01F3019AD2F83C1821EA0341D1
:1028F000C2F83C180299097801F00F0100FA01F2C0
:102900000199D1F81C0820EA0240C1F81C0801987E
:10291000009900EB4111D1F8000B47F60002CEF60A
:10292000F3721040C1F8000BFFE7002004B07047BD
:1029300082B00190019800900099D1F8000E20F02B
:102940000300C1F8000E0099D1F8040820F002003D
:10295000C1F80408002002B07047000082B0019066
:10296000019800900099D1F8000E20F00300C1F802
:10297000000E0099D1F8040840F00200C1F80408E4
:10298000002002B0704700002DE9F04F93B0019194
:10299000DDF894B0DDF890A0DDF88C90DDF888804B
:1029A000219F209E1F9D1E9CDDF874E0DDF870C005
:1029B00001990199CDF848B0CDF844A0CDF84090E8
:1029C000CDF83C800E970D960C950B94CDF828E031
:1029D000CDF824C0089307920691059000208DF849
:1029E0001300059903910290FFE702980E280CD876
:1029F000FFE70598029900EB81010020C1F804016E
:102A0000FFE7029801300290EFE71098B8B9FFE7AE
:102A10000399D1F8040840F00200C1F804080599B0
:102A2000886B40F4001088630599886B20F40020BF
:102A300088630599886B20F4802088630AE00599F3
:102A4000886B20F4001088630599886B40F400209F
:102A50008863FFE703990020C1F8000E0399D1F8BD
:102A60000008C1F800080B9801280ED1FFE708986C
:102A700028B9FFE70598002100F038FF04E0059829
:102A8000012100F033FFFFE704E00598032100F087
:102A90002DFFFFE70598102100F05EFD20B1FFE754
:102AA00001208DF81300FFE7059800F015FD20B117
:102AB000FFE701208DF81300FFE703990020C1F81C
:102AC00010080399C1F814080399C1F81C08029072
:102AD000FFE70298069988423BD2FFE703980299E4
:102AE00000EB4110D0F80009C00FB0B1FFE7029829
:102AF00048B9FFE70398029900EB41114FF00060DD
:102B0000C1F8000908E00398029900EB41114FF069
:102B10009040C1F80009FFE707E00398029900EB35
:102B200041110020C1F80009FFE70398029900EB6A
:102B300041110020C1F810090398029900EB4111DE
:102B40004FF67F30C1F80809FFE702980130029084
:102B5000BFE700200290FFE70298069988423BD227
:102B6000FFE70398029900EB4110D0F8000BC00F6B
:102B7000B0B1FFE7029848B9FFE70398029900EB6C
:102B800041114FF00060C1F8000B08E00398029972
:102B900000EB41114FF09040C1F8000BFFE707E058
:102BA0000398029900EB41110020C1F8000BFFE7E8
:102BB0000398029900EB41110020C1F8100B039813
:102BC000029900EB41114FF67F30C1F8080BFFE787
:102BD000029801300290BFE70399D1F8100820F461
:102BE0008070C1F8100805990020886105996FF080
:102BF00080404861099830B9FFE70599886940F03D
:102C000010008861FFE70599886943F60002C8F261
:102C10003C02104388610C9830B1FFE70599886940
:102C200040F008008861FFE71098012808D1FFE70D
:102C3000059988690422C4F2000210438861FFE705
:102C40009DF8130013B0BDE8F08F000081B0009034
:102C50000099886820F001008860002001B070476A
:102C600085B0049003918DF80B200498019003988F
:102C70000078009003984078012840F09580FFE7A5
:102C800003988069F8B9FFE70198009900EB4111BA
:102C9000D1F810096FF3DC40C1F8100901980099D0
:102CA00000EB4111D1F8100940F40020C1F81009DF
:102CB0000198009900EB4111D1F810096FF312004F
:102CC000C1F8100935E00198009900EB4111D1F8E5
:102CD00010096FF31200C1F810090198009900EB78
:102CE0004111D1F810096FF3DC40C1F810090398C5
:102CF000C1688069884204D9FFE70399C868886180
:102D0000FFE70198009900EB4111D1F8100940F458
:102D10000020C1F81009039882696FF3DF4201981F
:102D2000009900EB4111D1F810091043C1F81009C6
:102D3000FFE79DF80B00012818D1FFE703984069D1
:102D400048B1FFE7039840690199009A01EB4211ED
:102D5000C1F81409FFE70198009900EB4111D1F87F
:102D6000000940F00440C1F800091CE001980099F6
:102D700000EB4111D1F8000940F00440C1F800090E
:102D80000398806970B1FFE70398007800F00F01A5
:102D9000012000FA01F20199D1F834081043C1F87A
:102DA0003408FFE7FFE753E00198009900EB411179
:102DB000D1F8100B6FF31200C1F8100B01980099B5
:102DC00000EB4111D1F8100B6FF3DC40C1F8100B90
:102DD0000398806920B1FFE70399C8688861FFE71D
:102DE0000399C868C8610198009900EB4111D1F8B6
:102DF000100B40F40020C1F8100B0398C2696FF368
:102E0000DF420198009900EB4111D1F8100B1043FB
:102E1000C1F8100B9DF80B0001280ED1FFE70398B5
:102E2000006948B1FFE7039800690199009A01EB36
:102E30004211C1F8140BFFE7FFE70198009900EB7E
:102E40004111D1F8000B40F00440C1F8000BFFE73E
:102E5000002005B07047000086B004908DF80F1078
:102E60000292049801900498006C0090009843F23C
:102E70000B01C4F6547188420BD3FFE70198D0F8D8
:102E8000000BC00F20B1FFE700208DF817002EE0E7
:102E9000FFE701990020C1F8100B0199D1F8100B40
:102EA00040F40020C1F8100B0199D1F8100B40F04C
:102EB0001800C1F8100B0199D1F8100B40F0C04078
:102EC000C1F8100B9DF80F0001280CD1FFE7029804
:102ED0000199C1F8140B0199D1F8000B40F0802042
:102EE000C1F8000BFFE700208DF81700FFE79DF801
:102EF000170006B07047000084B003900291039859
:102F0000019002980078009002984078012820D122
:102F1000FFE70198009900EB4111D1F8000920F476
:102F20000010C1F8000902980079032805D0FFE7D6
:102F30000298007902280BD1FFE70198009900EB75
:102F40004111D1F8000940F08050C1F80009FFE7B5
:102F50001FE00198009900EB4111D1F8000B20F41B
:102F60000010C1F8000B02980079032805D0FFE794
:102F70000298007902280BD1FFE70198009900EB35
:102F80004111D1F8000B40F08050C1F8000BFFE771
:102F9000FFE7002004B0704784B0039002910398CB
:102FA000019002980078009002984078012822D180
:102FB000FFE70198009900EB4110D0F80009C00F1D
:102FC00070B9FFE7009858B1FFE70198009900EB4E
:102FD0004111D1F8000920F08040C1F80009FFE755
:102FE0000198009900EB4111D1F8000940F400105C
:102FF000C1F8000921E00198009900EB4110D0F8D8
:10300000000BC00F70B9FFE7009858B1FFE70198B7
:10301000009900EB4111D1F8000B20F08040C1F87D
:10302000000BFFE70198009900EB4111D1F8000B6C
:1030300040F40010C1F8000BFFE7002004B0704717
:1030400080B588B0079006918DF8172007980490F6
:1030500006980078039006984078012840F0038194
:10306000FFE706988069F8B9FFE70498039900EB39
:103070004111D1F810096FF3DC40C1F81009049830
:10308000039900EB4111D1F8100940F40020C1F878
:1030900010090498039900EB4111D1F810096FF35E
:1030A0001200C1F8100950E00498039900EB411197
:1030B000D1F810096FF31200C1F8100904980399B0
:1030C00000EB4111D1F810096FF3DC40C1F8100991
:1030D0000698C168806908440138B0FBF1F100200E
:1030E000C1F6F87000EAC1420498039900EB41115F
:1030F000D1F810091043C1F81009069882696FF3DE
:10310000DF420498039900EB4111D1F810091043F4
:10311000C1F8100906980079012815D1FFE7049835
:10312000039900EB4111D1F8100920F0C040C1F81B
:1031300010090498039900EB4111D1F8100940F0EF
:103140000050C1F81009FFE7FFE79DF817000128BC
:103150003BD1FFE70698406948B1FFE70698406910
:103160000499039A01EB4211C1F81409FFE706988C
:10317000007901281ED1FFE70498D0F80808C0059F
:1031800000280BD4FFE70498039900EB4111D1F814
:10319000000940F00050C1F800090AE004980399C2
:1031A00000EB4111D1F8000940F08050C1F800094E
:1031B000FFE7FFE70498039900EB4111D1F80009FC
:1031C00040F00440C1F800094CE00498039900EB7A
:1031D0004111D1F8000940F00440C1F800090698F7
:1031E0000079012813D0FFE70698806970B1FFE7E6
:1031F0000698007800F00F01012000FA01F204990E
:10320000D1F834081043C1F83408FFE729E00498E6
:10321000D0F80808C00500280BD4FFE704980399EC
:1032200000EB4111D1F8000940F00050C1F800094D
:103230000AE00498039900EB4111D1F8000940F02D
:103240008050C1F80009FFE70798069B19691A78B2
:103250001B8B9DF817C0EE46CEF800C000F036FC80
:10326000FFE7FFE79DE00498039900EB4111D1F8D7
:10327000100B6FF31200C1F8100B0498039900EBC8
:103280004111D1F8100B6FF3DC40C1F8100B069818
:103290008069C0B9FFE70698C2686FF3DF420498FF
:1032A000039900EB4111D1F8100B1043C1F8100B3A
:1032B0000498039900EB4111D1F8100B40F4002061
:1032C000C1F8100B2CE00698C168806908440138E9
:1032D000B0FBF1F0ADF80A000699C868BDF80A2005
:1032E0005043C861BDF80A100020C1F6F87000EA2A
:1032F000C1420498039900EB4111D1F8100B10431F
:10330000C1F8100B0698C2696FF3DF420498039965
:1033100000EB4111D1F8100B1043C1F8100BFFE77F
:103320009DF8170001280ED1FFE70698006948B103
:10333000FFE7069800690499039A01EB4211C1F86E
:10334000140BFFE7FFE70698007901281ED1FFE77D
:103350000498D0F80808C00500280BD4FFE70498AB
:10336000039900EB4111D1F8000B40F00050C1F877
:10337000000B0AE00498039900EB4111D1F8000B0F
:1033800040F08050C1F8000BFFE7FFE70498039975
:1033900000EB4111D1F8000B40F00440C1F8000BE4
:1033A000FFE7002008B080BD85B0049003910020A5
:1033B00002908DF807000498009003984078012847
:1033C0003ED1FFE700980399097800EB4110D0F84F
:1033D0000009C00F98B3FFE700980399097800EB44
:1033E0004111D1F8000940F00060C1F800090098CF
:1033F0000399097800EB4111D1F8000940F08040B1
:10340000C1F80009FFE7029801300290029842F2E9
:103410001171884204D3FFE701208DF807000DE009
:10342000FFE700980399097800EB4110D0F80009F4
:1034300000F00040B0F1004FE5D0FFE7FFE73DE0CE
:1034400000980399097800EB4110D0F8000BC00FE9
:1034500098B3FFE700980399097800EB4111D1F880
:10346000000B40F00060C1F8000B00980399097848
:1034700000EB4111D1F8000B40F08040C1F8000B87
:10348000FFE7029801300290029842F211718842DF
:1034900004D3FFE701208DF807000DE0FFE7009857
:1034A0000399097800EB4110D0F8000B00F00040C0
:1034B000B0F1004FE5D0FFE7FFE7FFE79DF8070019
:1034C00005B0704781B000900099886840F0010015
:1034D0008860002001B0704783B001900020009008
:1034E000FFE7009801300090009840F64151C0F28B
:1034F0000301884204D3FFE703208DF80B0027E087
:10350000FFE701980069C00F0028EAD0FFE700201C
:103510000090019910200861FFE7009801300090A9
:10352000009840F64151C0F20301884204D3FFE7FE
:1035300003208DF80B000BE0FFE70198006900F015
:1035400010001028E9D0FFE700208DF80B00FFE7FE
:103550009DF80B0003B0704784B0029001910020E9
:103560000090FFE7009801300090009840F641512C
:10357000C0F20301884204D3FFE703208DF80F0057
:1035800029E0FFE702980069C00F0028EAD0FFE7B2
:103590000020009001988001203002990861FFE727
:1035A000009801300090009840F64151C0F20301AC
:1035B000884204D3FFE703208DF80F000BE0FFE7FC
:1035C0000298006900F020002028E9D0FFE70020E1
:1035D0008DF80F00FFE79DF80F0004B07047000062
:1035E00084B00390039802900298D0F8080800F085
:1035F00006000090009820B9FFE700208DF8070032
:1036000010E00098022804D0FFE70098062804D1B3
:10361000FFE702208DF8070003E00F208DF8070078
:10362000FFE7FFE79DF8070004B0704781B0009006
:103630000098406900F0010001B0704783B002902B
:10364000029801900198D0F8180800900198D0F8DD
:103650001C18009808400090BDF8000003B07047A7
:1036600083B00290029801900198D0F81808009059
:103670000198D0F81C18009808400090BDF802008E
:1036800003B0704786B005908DF81310059803902D
:103690000398D0F8100801900398D0F834080090EF
:1036A00000989DF8131001F00F01C84000F00101CF
:1036B000019840EAC110019003989DF8131000EBA7
:1036C0004110D0F80809019908400290029806B00C
:1036D0007047000084B003908DF80B1003980190A0
:1036E00001989DF80B1000EB4110D0F8080B0090EA
:1036F0000198D0F81418009808400090009804B081
:103700007047000082B001900198406900900198D4
:103710008169009808400090009802B0704700004E
:1037200089B008900791ADF81A200898059007987D
:103730000490BDF81A0080080190BDF81A0000F04E
:103740000300ADF8020000200290FFE70298019903
:10375000884217D2FFE705984FF4805140580499EA
:103760000860049801300490049801300490049893
:1037700001300490049801300490FFE70298013072
:103780000290E3E7BDF8020008B3FFE700200290D3
:1037900005984FF4805140580390FFE703989DF837
:1037A0000810C900C84004990870029801300290BE
:1037B000049801300490BDF802000138ADF8020011
:1037C000FFE7BDF802000028E8D1FFE7FFE7049813
:1037D00009B0704780B586B004908DF80F100020B6
:1037E00002900499C86820F0C040C8609DF80F009E
:1037F000012823D1FFE70499C86840F00050C86051
:10380000FFE70120F0F7E0FA029801300290FFE7AD
:103810000498FFF70BFF014600200129019007D013
:10382000FFE702990020322938BF01200190FFE70D
:103830000198C0070028E4D1FFE72AE09DF80F00B7
:1038400010BBFFE70499C86840F08040C860FFE7FC
:103850000120F0F7B9FA029801300290FFE70498CE
:10386000FFF7E4FE01460020009039B1FFE702991E
:103870000020322938BF01200090FFE70098C007E0
:103880000028E5D1FFE703E001208DF817000CE0E8
:10389000FFE70298322804D1FFE701208DF81700D6
:1038A00003E000208DF81700FFE79DF8170006B031
:1038B00080BD000083B002908DF807100298009040
:1038C0000099D1F8000820F4FE60C1F800089DF8C6
:1038D000070000F07F020099D1F8000840EA0210CA
:1038E000C1F80008002003B07047000083B00290C8
:1038F0008DF80710029800909DF807200099D1F8E4
:1039000000081043C1F80008002003B07047000011
:1039100084B0039002918DF807209DF807000228DB
:1039200040F0B880FFE702984AF6C041C0F2D801E3
:1039300088420BD3FFE702984EF2BF11C0F2E401B8
:10394000884203D8FFE70F200090A2E002984EF2D1
:10395000C011C0F2E40188420BD3FFE7029842F2A3
:10396000FF31C0F2F401884203D8FFE70E20009037
:103970008EE0029842F20041C0F2F40188420BD37B
:10398000FFE7029847F27F31C0F20611884203D860
:10399000FFE70D2000907AE0029847F28031C0F2F4
:1039A000061188420BD3FFE7029844F69F11C0F23C
:1039B0001A11884203D8FFE70C20009066E00298B5
:1039C00044F6A011C0F21A1188420BD3FFE7029807
:1039D00042F6FF41C0F23111884203D8FFE70B20C5
:1039E000009052E0029842F60051C0F23111884234
:1039F0000BD3FFE702984AF23F41C0F24C118842D4
:103A000003D8FFE70A2000903EE002984AF24041C6
:103A1000C0F24C1188420BD3FFE7029843F2FF51EA
:103A2000C0F26E11884203D8FFE7092000902AE017
:103A3000029843F20061C0F26E1188420BD3FFE797
:103A400002984AF61F31C0F2A611884203D8FFE758
:103A50000820009016E002984AF62031C0F2A61124
:103A600088420BD3FFE7029844F2FF71C0F2E811DD
:103A7000884203D8FFE70720009002E0062000906C
:103A8000FFE7FFE7FFE7FFE7FFE7FFE7FFE7FFE706
:103A9000FFE70AE09DF8070018B9FFE7092000904A
:103AA00002E009200090FFE7FFE70399C86820F4CF
:103AB0007050C860009800F00F020399C86840EA8F
:103AC0008220C860002004B07047000080B588B034
:103AD00084460A98CDF81CC006918DF81720ADF8E1
:103AE00014308DF8130007980390069802909DF803
:103AF000130048BBFFE7BDF81400033080080190B5
:103B000000200090FFE70098019988421BD2FFE750
:103B10000298006803999DF8172001EB02314FF4D9
:103B20008052885002980130029002980130029031
:103B3000029801300290029801300290FFE700984D
:103B400001300090DFE7FFE7002008B080BD0000F3
:103B5000FFE7FEE70000000080B588B006908DF812
:103B60001710049206980078CD2840F0A580FFE752
:103B70000698807CDC2840F09F80FFE79DF81700C6
:103B800038B9FFE70498403006991322ECF704FC9B
:103B9000FFE7049890F8411043F66840C2F2000035
:103BA00001900170049991F842104170049991F8C4
:103BB00043108170049991F84410C1700168049A0F
:103BC0001160049991F845100170049991F846101C
:103BD0004170049991F847108170049991F8481048
:103BE000C1700168049A5160049A92F84910C1F3B7
:103BF00000111172049A92F84910C1F3C001517278
:103C0000049A92F8491001F00701002918BF012118
:103C10009172049991F84A100170049991F84B102F
:103C20004170049991F84C108170049991F84D10ED
:103C3000C170006807F0FEFB41EC100B51EC100B5B
:103C40009FED210B53EC102B0393029206F07AFFA9
:103C500041EC100B51EC100B06F09AFE0146019856
:103C6000049AD160049991F84E100170049991F86A
:103C70004F104170049991F850108170049991F897
:103C80005110C170006807F0D5FB029A039B41EC0C
:103C9000100B51EC100B06F055FF41EC100B51ECE2
:103CA000100B06F075FE049908610499012081F853
:103CB00054008DF81F0003E000208DF81F00FFE77F
:103CC0009DF81F0008B080BD6666666666A64C401B
:103CD00080B588B007900691059207980078A928CA
:103CE00040F00F85FFE707984078532840F009859A
:103CF000FFE70798152104F019FF002800F001855F
:103D0000FFE7069901204870059807991522ECF7FE
:103D100043FB0598D0F802006FF3DF20A0F5806028
:103D2000069948800598D0F80200C0F3CA20A0F593
:103D30008060069988800598D0F80600C0F34A0094
:103D4000A0F580600699C8800599D1F80200D1F8E5
:103D50000610800D40EA81206FF3DF20A0F580601F
:103D6000069908810598D0F80600000B06994A8943
:103D700062F30400A0F5004048810598D0F80600E1
:103D8000020B0699488962F3010048810598D0F832
:103D900006000699C0F38032488920F0040040EA0A
:103DA000820048810598D0F806000699C0F3C03219
:103DB000488920F0080040EAC2004881059800893F
:103DC000069900F00102488920F0100040EA021034
:103DD00048810598D0F80600C0F300720699087B68
:103DE00000F0FE00104408730598007C00F003000A
:103DF000069991F83C200021019100F089FC01997D
:103E00000346069A92F8340000F00F0040EA0310CF
:103E100082F834000598007CC0F38100069A92F87D
:103E2000382000F075FC01990346069A92F8340098
:103E300003F00F0300F0F000184482F834000598F6
:103E4000007CC0F30110069A92F8402000F060FC5C
:103E500001990346069A92F8350003F00F0300F02B
:103E6000F000184482F835000598407C00F001000D
:103E7000069A92F84C2000F04BFC01990346069AF2
:103E800092F8440003F00F0300F0F000184482F8A9
:103E900044000598407CC0F38000069A92F84E20BA
:103EA00000F036FC01990346069A92F8450003F0AB
:103EB0000F0300F0F000184482F845000598407C9C
:103EC0005FEA51024FEA300000F00100069A92F8D2
:103ED0004D2000F01DFC01990346069A92F844001B
:103EE00000F00F0040EA031082F844000598407C7F
:103EF000C0F3C000069A92F84F2000F009FC024679
:103F0000069991F8450000F00F0040EA021081F890
:103F10004500069890ED040A0598B0F90A0001EEF4
:103F2000100AF8EEC10A9FEDDE1A8DED021A00F0BC
:103F300017FC9DED021A069880ED040A069890ED94
:103F4000070A0598B0F90C0002EE100AF8EEC20A52
:103F500000F006FC9DED021A069880ED070A06980F
:103F600090ED0A0A0598B0F90E0002EE100AF8EE7C
:103F7000C20A00F0F5FB069880ED0A0A069890ED5B
:103F8000040ADFEDC80ACDED030A9FEDC71A8DEDD7
:103F9000041A00F03DFCDDED030A9DED041A0698BD
:103FA00080ED040A069890ED070A00F031FCDDED83
:103FB000030A9DED041A069880ED070A069890ED15
:103FC0000A0A00F025FC069880ED0A0A0598407C54
:103FD000C0F30012069991F8460000F0F00010447A
:103FE00081F84600069890F8460000F00F0001287E
:103FF00018D1FFE743F21970C2F20000007888B9C7
:10400000FFE7069A92F85010012020EA010301F020
:10401000FE01194482F8501043F21971C2F20001F6
:10402000087015E0069890F84600000778B9FFE799
:1040300043F21970C2F200000078012807D1FFE7AF
:1040400043F21971C2F2000100200870FFE7FFE798
:104050000598437C069991F84600102202EA530223
:1040600000F00F00104481F84600069890F84610C2
:104070000120B0EB111F19D1FFE743F21370C2F218
:104080000000007890B9FFE7069A92F850100120DE
:1040900020EA510301F0FD0141EA430182F850108A
:1040A00043F21371C2F20001087017E0069890F80D
:1040B00046100020B0EB111F0FD1FFE743F2137041
:1040C000C2F200000078012807D1FFE743F2137124
:1040D000C2F2000100200870FFE7FFE70598407C6E
:1040E000C0F38012069991F8470000F0F0001044E8
:1040F00081F84700069890F8470000F00F0001286B
:1041000019D1FFE743F21770C2F20000007890B9AE
:10411000FFE7069A92F85010012020EA910301F07F
:10412000FB0141EA830182F8501043F21771C2F299
:104130000001087015E0069890F84700000778B96C
:10414000FFE743F21770C2F200000078012807D1A0
:10415000FFE743F21771C2F2000100200870FFE789
:10416000FFE70598417C102000EAD102069991F8FA
:10417000470000F00F00104481F84700069890F8BF
:1041800047100120B0EB111F19D1FFE743F2147063
:10419000C2F20000007890B9FFE7069A92F850103A
:1041A000012020EAD10301F0F70141EAC30182F8BE
:1041B000501043F21471C2F20001087017E0069823
:1041C00090F847100020B0EB111F0FD1FFE743F22A
:1041D0001470C2F200000078012807D1FFE743F213
:1041E0001471C2F2000100200870FFE7FFE7059894
:1041F000807C00F00102069991F8480000F0F00080
:10420000104481F84800069890F8480000F00F002C
:10421000012819D1FFE743F21870C2F200000078BC
:1042200090B9FFE7069A92F85010012020EA111386
:1042300001F0EF0141EA031182F8501043F21871C6
:10424000C2F20001087015E0069890F848000007D7
:1042500078B9FFE743F21870C2F200000078012835
:1042600007D1FFE743F21871C2F200010020087085
:10427000FFE7FFE70598827C069991F8480002F075
:10428000020200F00F0040EAC20081F848000698E0
:1042900090F848100120B0EB111F20D106E000BFBC
:1042A0000000FA43A69B44BBA69B443B43F2157017
:1042B000C2F20000007890B9FFE7069A92F8501019
:1042C000012020EA511301F0DF0141EA431182F895
:1042D000501043F21571C2F20001087017E0069801
:1042E00090F848100020B0EB111F0FD1FFE743F208
:1042F0001570C2F200000078012807D1FFE743F2F1
:104300001571C2F2000100200870FFE7FFE7059871
:10431000827C069991F8490002F0080200F00F0033
:1043200040EA420081F84900069890F849100120BF
:10433000B0EB111F19D1FFE743F21C70C2F200006D
:10434000007890B9FFE7069A92F85010012080EAB1
:10435000D11301F07F0141EAC31182F8501043F2FA
:104360001C71C2F20001087017E0069890F849101D
:104370000020B0EB111F0FD1FFE743F21C70C2F217
:1043800000000078012807D1FFE743F21C71C2F258
:10439000000100200870FFE7FFE70598807CC0F36C
:1043A0008002069991F8490000F0F000104481F86D
:1043B0004900069890F8490000F00F00012819D133
:1043C000FFE743F21670C2F20000007890B9FFE7F1
:1043D000069A92F85010012020EA911301F0BF01D3
:1043E00041EA831182F8501043F21671C2F20001C3
:1043F000087015E0069890F84900000778B9FFE7C3
:1044000043F21670C2F200000078012807D1FFE7DE
:1044100043F21671C2F2000100200870FFE7FFE7C7
:104420000598807CC0F30012069991F84A0000F0CC
:10443000F000104481F84A00069890F84A0000F015
:104440000F00012818D1FFE743F21B70C2F20000F1
:10445000007888B9FFE7069A92F85110012020EA07
:10446000010301F0FE01194482F8511043F21B715F
:10447000C2F20001087015E0069890F84A000007A3
:1044800078B9FFE743F21B70C2F200000078012800
:1044900007D1FFE743F21B71C2F200010020087050
:1044A000FFE7FFE70598837C069991F84A00102200
:1044B00002EA530200F00F00104481F84A00069807
:1044C00090F84A100120B0EB111F19D1FFE743F219
:1044D0001270C2F20000007890B9FFE7069A92F8D5
:1044E0005110012020EA510301F0FD0141EA43018E
:1044F00082F8511043F21271C2F20001087017E005
:10450000069890F84A100020B0EB111F0FD1FFE77A
:1045100043F21270C2F200000078012807D1FFE7D1
:1045200043F21271C2F2000100200870FFE7FFE7BA
:104530000598807CC0F38012069991F84B0000F03A
:10454000F000104481F84B00069890F84B0000F002
:104550000F00012819D1FFE743F21A70C2F20000E0
:10456000007890B9FFE7069A92F85110012020EAEE
:10457000910301F0FB0141EA830182F8511043F2FB
:104580001A71C2F20001087015E0069890F84B000D
:10459000000778B9FFE743F21A70C2F20000007812
:1045A000012807D1FFE743F21A71C2F2000100208F
:1045B0000870FFE7FFE70598817C102000EAD10230
:1045C000069991F84B0000F00F00104481F84B0061
:1045D000069890F84B100120B0EB111F19D1FFE79E
:1045E00043F21170C2F20000007890B9FFE7069A1A
:1045F00092F85110012020EAD10301F0F70141EABD
:10460000C30182F8511043F21171C2F20001087027
:1046100017E0069890F84B100020B0EB111F0FD157
:10462000FFE743F21170C2F200000078012807D1C1
:10463000FFE743F21171C2F2000100200870FFE7AA
:10464000FFE70598007C00F0030001280ED1FFE78A
:104650000699C86B0130C8630698C06BFB2804D369
:10466000FFE706991420C863FFE709E00598007C7E
:10467000800720B9FFE706990020C863FFE7FFE73E
:104680000598007CC0F3810001280ED1FFE7069950
:10469000886B013088630698806BFB2804D3FFE7A2
:1046A000069900208863FFE70AE00598007C8008EF
:1046B000800720B9FFE7069900208863FFE7FFE73E
:1046C0000598007CC0F3011001280ED1FFE7069980
:1046D000086C013008640698006CFB2804D3FFE7DF
:1046E000069900200864FFE70AE00598007C0009AD
:1046F000800720B9FFE7069900200864FFE7FFE77D
:1047000003E0069900204870FFE708B080BD000074
:1047100086B0039102908DF807200298039980F0EB
:104720000100084390B9FFE79DF80700142809DC51
:10473000FFE79DF8070001308DF8070001208DF894
:10474000170009E002208DF8170005E000208DF821
:1047500007008DF81700FFE79DF8170006B07047B7
:1047600080B588B08DED060ACDED050A8DED041AF1
:104770004CF6CD40C3F64C7003904CF6CD40C3F6DA
:104780004C6002909DED060AF9F746FA8DED010A9C
:104790009DED050AF9F740FAB0EE401A9DED010AC9
:1047A00030EE410AF9F738FA9DED041AB4EE410AE9
:1047B000F1EE10FA11DBFFE79DED050A9DED061AFB
:1047C0009FED122A21EE021A9FED0E2A20EE020A18
:1047D00030EE010A8DED070A10E09DED050A9DED12
:1047E000061A9FED082A21EE021A9FED072A20EEF5
:1047F000020A30EE010A8DED070AFFE79DED070A78
:1048000008B080BDCDCC4C3FCDCC4C3ECCCC4C3E4A
:1048100083B08DED020ACDED010A8DED001A9DEDFC
:10482000020A9DED001AB4EE410AF1EE10FA0DDA1B
:10483000FFE79DED020A9DED011AB4EE410AF1EE8B
:1048400010FA03DDFFE700200290FFE79DED020A6A
:1048500003B0704784B0DDF814C0DDF810C00390D9
:10486000029101920093049890ED0E0AB1EE400A75
:10487000039880ED000A049890ED100AB1EE400A0A
:10488000039880ED010A0498C06B03998860019831
:10489000D0F86A000399C8600298806A0399086199
:1048A000029890F82C00039900F001000875029816
:1048B000006B03998861039914200877059841F2E9
:1048C000CE41405E00EB4000400000EE100AB8EE22
:1048D000C00A039880ED080A059841F23E71405ED7
:1048E00000EB4000400000EE100AB8EEC00A03984A
:1048F00080ED090A009890F83F100020B0EB111FDE
:104900000ED0FFE7009890F84500C008C00738B9FE
:10491000FFE743F23271C2F2000102200870FFE7A4
:10492000009991F83F3091F84500082202EA5302BD
:1049300000F0F700104481F8450043F23270C2F2F3
:10494000000000780399487504B0704780B584B0C2
:104950000290019102982C21F6F74CF88DF8030093
:104960009DF80300C00758B1FFE702980199ECF7E2
:1049700071FC8DF802009DF802008DF80F0003E035
:1049800000208DF80F00FFE79DF80F0004B080BDF8
:1049900080B582B00190019844F66811C2F200011E
:1049A00088420AD1FFE740F20040C4F202004FF40F
:1049B00080510122EFF750FCFFE702B080BD0000FC
:1049C00080B582B00190019844F66811C2F20001EE
:1049D00088420AD1FFE740F20040C4F202004FF4DF
:1049E00080510022EFF738FCFFE702B080BD0000E5
:1049F00084B0039002910398006843F60001C4F26A
:104A00000001884211D1FFE70299D1F80600D1F8E0
:104A10000A10019100900298D0F8010040F20121A3
:104A2000884201D1FFE7FFE7FFE704B070470000CD
:104A300080B582B0019001982C21F5F7DBFF8DF84D
:104A400003009DF8030090B1FFE79DF80300C00745
:104A500030B1FFE701982C210022F6F785F805E038
:104A60009DF8030001388DF80300FFE705E09DF88D
:104A7000030001388DF80300FFE702B080BD00009D
:104A800080B582B043F27C70C2F2000001900198C0
:104A9000A821EBF722FD01990320086101994861E3
:104AA00001984CF21241C0F601018161019A43F66E
:104AB0003400C2F20000D061019A4FF480601062AD
:104AC000019A00209062019A5062019AD062019A84
:104AD0001166019A43F62401C2F200015166019A5F
:104AE00010219166019908670199C8660199486784
:104AF000BFF35F8F0090FFE700980F280ED8FFE705
:104B0000009A4BF6A400C0F60100801AC07B019900
:104B10008854FFE7009801300090EDE7BFF35F8F06
:104B200002B080BD84B0039003980069029003989E
:104B3000C068019002980199884209D8FFE703985C
:104B400080680199401A029908440138009005E0F4
:104B500002990198C04308440090FFE7009804B010
:104B60007047000010B58CB0DDF83CC0DDF838C0EF
:104B70000B900A91099208930A98B0F1FF3F04DC68
:104B8000FFE70A984042059002E00A980590FFE787
:104B90000598069001200790FFE70698099988423A
:104BA00009DBFFE70698099990FBF1F0069007985A
:104BB00001300790F1E708980799884203D9FFE789
:104BC00008980790FFE70E9870B1FFE70A98002851
:104BD00006D4FFE79DF83C004007002804D5FFE716
:104BE0000E9801380E90FFE79DF83C0080070028E2
:104BF00003D5FFE7089858B3FFE79DF83C00C007CE
:104C000030BBFFE70E9810B3FFE7FFE70E990020D7
:104C1000049041B1FFE707990E9A0020914238BFF6
:104C200001200490FFE70498C00778B1FFE70E98D1
:104C300001380E900B98202100F050F90B98C068B5
:104C4000B0F1FF3F01DCFFE700E0DFE7FFE7FFE750
:104C50000B98C068002869D4FFE70A98B0F1FF3FBD
:104C600008DCFFE70A9840420A900B982D2100F0DB
:104C700035F90CE09DF83C004007002805D5FFE71A
:104C80000B982B2100F02AF900E0FFE7FFE70B98D3
:104C9000C068002849D4FFE79DF83C008007002841
:104CA0002ED5FFE79DF83C00C00748BBFFE70898FA
:104CB00030BBFFE70E9810B3FFE7FFE70E99002027
:104CC000039041B1FFE707990E9A0020914238BF47
:104CD00001200390FFE70398C00778B1FFE70E9823
:104CE00001380E900B98302100F0F8F80B98C0684E
:104CF000B0F1FF3F01DCFFE700E0DFE7FFE7FFE7A0
:104D00000B98C06800280FD4FFE70B980A99099AFE
:104D1000089BDDF838C00F9CEE46CEF80440CEF874
:104D200000C000F005F8FFE7FFE7FFE70CB010BD9B
:104D300080B58CB0DDF83CC0DDF838C00B900A912E
:104D4000099208930A980590012006900490FFE7C5
:104D500005980999884209D3FFE705980999B0FB9E
:104D6000F1F00590049801300490F1E70898049957
:104D7000884203D9FFE708980490FFE79DF83C00BC
:104D8000C007C0BBFFE70E98A0B3FFE79DF83C004B
:104D90008007002807D5FFE7089820B9FFE73020F3
:104DA0008DF80F0003E020208DF80F00FFE7FFE7EC
:104DB0000E990020029041B1FFE704990E9A00205D
:104DC000914238BF01200290FFE70298C00780B1EE
:104DD000FFE70E9801380E900B989DF80F1000F029
:104DE0007DF80B98C068B0F1FF3F01DCFFE700E001
:104DF000DEE7FFE7FFE70B98C06800286CD4FFE709
:104E0000FFE70898022804D3FFE7089801380890C4
:104E10000BE00A980699B0FBF1F007900798099902
:104E2000884201D2FFE705E0FFE709990698484369
:104E30000690E6E7FFE70A980699B0FBF1F00790C5
:104E4000079806990A9A00FB11200A900B98079A76
:104E50004BF6B501C0F60101895C00F03FF80B98F4
:104E6000C068B0F1FF3F01DCFFE709E0099906984F
:104E7000B0FBF1F00690FFE706980028DBD1FFE7D2
:104E80009DF83C00C00730B3FFE70E9810B3FFE772
:104E9000FFE70E990020019041B1FFE704990E9AB7
:104EA0000020914238BF01200190FFE70198C00720
:104EB00078B1FFE70E9801380E900B98202100F092
:104EC0000DF80B98C068B0F1FF3F01DCFFE700E090
:104ED000DFE7FFE7FFE7FFE70CB080BD80B584B0F8
:104EE00003908DF80B1003988068019001980130B1
:104EF0000399496888420FD8FFE79DF80B00039992
:104F00000968019A885401980130039988600399CF
:104F1000C8680130C860FFE703984168806888422C
:104F200015D1FFE70398016882680069F9F7B8FABC
:104F300003998968884205D0FFE703994FF0FF3055
:104F4000C86003E0039900208860FFE7FFE704B032
:104F500080BD000080B58AB00990089107920020BA
:104F600005900998C0680390FFE7099800690490CC
:104F700004980399884206D9FFE704990398C0432F
:104F80000844069008E0099881680398049A801AFA
:104F9000C04308440690FFE7069809998968039A78
:104FA000891A884203D2FFE70698019005E0099824
:104FB00080680399401A0190FFE7019806900698CF
:104FC0000799884203D2FFE70698009002E007980D
:104FD0000090FFE7009806900998406803990844FC
:104FE000029002980899069AEBF7D6F90699059867
:104FF000084405900699089808440890069907986F
:10500000401A079006990398084403900398099959
:105010008968884203D1FFE700200390FFE7BFF3D0
:105020005F8F03980999C860FFE7079800289CD113
:10503000FFE705980AB080BD80B588B0079006915B
:1050400005920798C0680390079880680399401AF2
:10505000029002980599884212D9FFE707984068A4
:1050600003990844019001980699059AEBF794F981
:10507000BFF35F8F0398059908440799C8601FE044
:105080000298049007984068039908440190019899
:105090000699049AEBF780F905980299401A049052
:1050A00007984068019001980699029A1144049A61
:1050B000EBF772F9BFF35F8F04980799C860FFE7B9
:1050C00008B080BD82B041EC100B8DED000B019853
:1050D000C00F02B07047000081B000EE100A0090CF
:1050E0000098C00F01B0704781B08DF803009DF9A2
:1050F000030000280ED4FFE79DF9031001F01F0202
:10510000012090404A094EF20011CEF2000141F810
:105110002200FFE701B070474EF60C50CEF20000BF
:105120000068C0F30220704782B08DF8070000913C
:105130009DF9070000280AD4FFE7009800019DF9B7
:1051400007104EF20042CEF2000288540BE00098A5
:1051500000019DF8071001F00F014EF61452CEF237
:1051600000028854FFE702B07047000083B002904D
:10517000029800F0070000904EF60C51CEF20001AC
:105180000868019001984FF6FF02104001900198C5
:10519000009A40EA02200022C0F2FA521043019025
:1051A0000198086003B0704780B582B0019000910B
:1051B000009843F64041C2F20001086001204860B7
:1051C000002088600198ECF77BFF18B1FFE7ECF74F
:1051D000BBFDFFE70198EDF7D3F901980A21EDF740
:1051E00039F90198EDF778F880B202B080BD00007F
:1051F00080B5A0B08DED030ACDED020A01909DEDC2
:10520000020AB5EE400AF1EE10FA40F3A280FFE781
:105210009DED030A9DED021A80EE010A8DED0D0A47
:1052200000200C900B909DED0D0AB5EE400AF1EEBA
:1052300010FA09DAFFE701200C909DED0D0AB1EE9E
:10524000400A8DED0D0AFFE79DED0D0AB7EE001A3D
:10525000B4EE410AF1EE10FA39DDFFE79DED0D1ACB
:10526000B7EE000A80EE010A8DED0D0A0D98109040
:1052700049F2A520CBF604500F9001200E900E901D
:10528000FFE70E98092819DCFFE79DED100A9DED58
:105290000F2A0E98C0F109014BF6C800C0F60100B4
:1052A00000EB810090ED001A20EE020A30EE010AB8
:1052B0008DED0F0A0E9801300E90E2E79DED0F1A6A
:1052C0009FEDD90A30EE410A8DED0B0A30E00D98C2
:1052D000139049F2A520CBF60450129001201190B2
:1052E0001190FFE71198092819DCFFE79DED130ADB
:1052F0009DED122A1198C0F109014BF6C800C0F6C5
:10530000010000EB810090ED001A20EE020A30EE61
:10531000010A8DED120A119801301190E2E79DED1E
:10532000121A9DED0B0A30EE010A8DED0B0AFFE714
:105330000C9838B1FFE79DED0B0AB1EE400A8DEDF8
:105340000B0AFFE70B980199086000208DF8130005
:10535000BCE19DED020AB5EE400AF1EE10FA80F2D2
:105360008481FFE79DED030AB5EE400AF1EE10FAE5
:1053700040F3A580FFE79DED030A9DED021A80EE44
:10538000010A8DED0A0A0020099008909DED0A0A95
:10539000B5EE400AF1EE10FA09DAFFE701200990B4
:1053A0009DED0A0AB1EE400A8DED0A0AFFE79DED78
:1053B0000A0AB7EE001AB4EE410AF1EE10FA39DD2E
:1053C000FFE79DED0A1AB7EE000A80EE010A8DEDA7
:1053D0000A0A0A98169049F2A520CBF604501590B7
:1053E000012014901490FFE71498092819DCFFE7B6
:1053F0009DED160A9DED152A1498C0F109014BF692
:10540000C800C0F6010000EB810090ED001A20EE0C
:10541000020A30EE010A8DED150A1498013014903D
:10542000E2E79DED151A9FEDAB0A30EE410A8DEDD6
:10543000080A30E00A98199049F2A520CBF60450EA
:105440001890012017901790FFE71798092819DC8A
:10545000FFE79DED190A9DED182A1798C0F1090183
:105460004BF6C800C0F6010000EB810090ED001A79
:1054700020EE020A30EE010A8DED180A179801306D
:105480001790E2E79DED181A9DED080A30EE010A2B
:105490008DED080AFFE7099838B1FFE79DED080A8E
:1054A000B1EE400A8DED080AFFE79DED080A9FED79
:1054B0008B1A30EE010A019880ED000AD1E09DEDD3
:1054C000030AB5EE400AF1EE10FA80F2A580FFE77C
:1054D0009DED030A9DED021A80EE010A8DED070A8B
:1054E0000020069005909DED070AB5EE400AF1EE0A
:1054F00010FA09DAFFE7012006909DED070AB1EEE8
:10550000400A8DED070AFFE79DED070AB7EE001A86
:10551000B4EE410AF1EE10FA39DDFFE79DED071A0E
:10552000B7EE000A80EE010A8DED070A07981C907D
:1055300049F2A520CBF604501B9001201A901A9036
:10554000FFE71A98092819DCFFE79DED1C0A9DED7D
:105550001B2A1A98C0F109014BF6C800C0F60100D9
:1055600000EB810090ED001A20EE020A30EE010AF5
:105570008DED1B0A1A9801301A90E2E79DED1B1A77
:105580009FED540A30EE410A8DED050A30E0079890
:105590001F9049F2A520CBF604501E9001201D90CB
:1055A0001D90FFE71D98092819DCFFE79DED1F0AF4
:1055B0009DED1E2A1D98C0F109014BF6C800C0F6EA
:1055C000010000EB810090ED001A20EE020A30EE9F
:1055D000010A8DED1E0A1D9801301D90E2E79DED38
:1055E0001E1A9DED050A30EE010A8DED050AFFE752
:1055F000069838B1FFE79DED050AB1EE400A8DED42
:10560000050AFFE79DED050A9FED331A30EE010A0A
:10561000019880ED000A23E0002038B9FFE70398E5
:10562000FFF75AFD68B913E0DB0FC93F039805F097
:1056300001FF41EC100B51EC100BFFF743FD38B1AB
:10564000FFE7019940F6DB70CCF24900086006E004
:10565000019940F6DB70C4F249000860FFE7FFE7FC
:10566000FFE700208DF8130030E09DED020AB5EE53
:10567000400AF1EE10FA25D1FFE79DED030AB5EEE1
:10568000400AF1EE10FA0ADDFFE7019940F6DB70FF
:10569000C3F6C970086000208DF8130016E09DED78
:1056A000030AB5EE400AF1EE10FA0ADAFFE70199B3
:1056B00040F6DB70CBF6C970086000208DF813004F
:1056C00004E0FFE7FC208DF81300FFE79DF91300CD
:1056D00020B080BDDB0FC93FDB0F49C0DB0F494065
:1056E00089B08DED080A9DED080A9FED3C1A20EE69
:1056F000010AB5EE001A30EE010A8DED050A9DEDA6
:10570000050ABDEEC00A8DED010A9DED050AB5EE54
:10571000400AF1EE10FA04DAFFE70198013801902F
:10572000FFE79DED050A9DED011AB8EEC11A30EEB6
:10573000410A8DED050A9DED050A9FED291A20EE1F
:10574000010A8DED000A9DED000ABDEEC00A10EEC3
:10575000100AADF81200BDF81200B0F5007F0CDBA6
:10576000FFE70020ADF812009DED000A9FED1D1A25
:1057700030EE010A8DED000AFFE79DED000ABDF84D
:10578000120001EE100AB8EE411A30EE410A8DED1A
:10579000060ABDF812104BF6F020C0F6010050F8D2
:1057A00021100391BDF8121000EB810040680290B7
:1057B0009DED061AB7EE000A30EE410A9DED032A70
:1057C0009DED023A21EE031A20EE020A30EE010AA4
:1057D0008DED070A9DED070A09B0704783F9223E57
:1057E00000000044000000C489B0089007910692B0
:1057F00008984068059007984068049006984068AB
:1058000003900898008807990988884215D1FFE716
:10581000089840880799498888420ED1FFE7089880
:10582000008806990988884207D1FFE708984088D0
:1058300006994988884204D0FFE7FD208DF80300CF
:1058400023E008990888498848430290029801900B
:10585000FFE70198A8B1FFE70598011D059190EDBC
:10586000000A0498011D049190ED001A30EE010A1F
:105870000398011D039180ED000A01980138019001
:10588000E7E700208DF80300FFE79DF9030009B06A
:105890007047000083B00290ADF80610ADF8042008
:1058A0000093BDF8060002990880BDF80400029933
:1058B000488000980299486003B07047BBB03990A7
:1058C00038913998406837903898406836903998C0
:1058D000008834903998408833900020329031907D
:1058E0002B9039990888498888420DD1FFE738996B
:1058F00008884988884207D1FFE739980088389995
:105900000988884204D0FFE7FD208DF8A300C8E293
:105910003698359034982C90FFE72C9858B3FFE7D1
:1059200034982C99401A2A90FFE72A9848B1FFE74B
:105930003599081D3590002008602A9801382A9072
:10594000F3E73599081D35904FF07E5008602C988C
:1059500001382A90FFE72A9848B1FFE73599081DDA
:105960003590002008602A9801382A90F3E72C9897
:1059700001382C90D1E700202990FFE7299833992E
:10598000884280F05382FFE729982F903999486820
:105990004988299A01FB022100EB81003590359856
:1059A0000068329029983090299801302D90FFE7B7
:1059B0002D983499884225D2FFE73999486849885B
:1059C0002D9A299B01FB023100EB8100359035981F
:1059D000006831909DED310AB0EEC00A9DED321A9B
:1059E000B0EEC11AB4EE410AF1EE10FA05DDFFE7A0
:1059F0002D98309031983290FFE7FFE72D980130D5
:105A00002D90D5E79DED320AB5EE400AF1EE10FA81
:105A100076D0FFE730982999884271D0FFE739980E
:105A200040682590399840682490399840882390A0
:105A300023982999401A22902F982399299A00FB9C
:105A40000121259800EB8100259030982399299A0F
:105A500000FB0121249800EB810024900020279076
:105A6000FFE727982299884213DAFFE72598006814
:105A700026902498006825990A1D2592086026988A
:105A800024990A1D24920860FFE727980130279087
:105A9000E7E7389840681F90389840681E9038981B
:105AA00040881D901D981C902F981D9941431F9868
:105AB00000EB81001F9030981D9941431E9800EB28
:105AC00081001E9000202190FFE721981C998842B8
:105AD00013DAFFE71F98006820901E9800681F994E
:105AE0000A1D1F92086020981E990A1D1E920860C8
:105AF000FFE7219801302190E7E701202B90FFE795
:105B00002B9801280CD0FFE79DED320AB5EE400A34
:105B1000F1EE10FA04D1FFE7FB208DF8EB00C5E1B0
:105B20009DED321AB7EE000A80EE010A8DED320AC1
:105B3000399840681A90399840881990199829998D
:105B4000401A18902F981999299A00FB01211A9848
:105B500000EB81001A9000201B90FFE71B9818991A
:105B6000884210DAFFE79DED321A1A98011D1A914A
:105B700090ED000A20EE010A80ED000AFFE71B9875
:105B800001301B90EAE738984068169038984088B2
:105B90001590159814902F9815994143169800EB7D
:105BA0008100169000201790FFE7179814998842FB
:105BB00010DAFFE79DED321A1698011D169190ED4F
:105BC000000A20EE010A80ED000AFFE71798013075
:105BD0001790EAE700202D90FFE72D982F99884233
:105BE00080F08B80FFE73999486849882D9A299B76
:105BF00001FB023100EB810035903598006832904E
:105C000039984068129039984068119039984088C6
:105C1000109010982999401A0F9012982D99109A67
:105C2000514300EB8100299900EB810012901198FB
:105C30002F99109A514300EB8100299900EB8100C4
:105C4000119000201390FFE713980F99884217DAFC
:105C5000FFE79DED321A1198011D119190ED002A78
:105C60001298011D129190ED000A21EE021A30EEF9
:105C7000410A80ED000AFFE7139801301390E3E733
:105C8000389840680D90389840680C903898408853
:105C90000B900B980A900D982D990B9A514300EB9D
:105CA00081000D900C982F990B9A514300EB8100C5
:105CB0000C9000200E90FFE70E980A99884217DAA0
:105CC000FFE79DED321A0C98011D0C9190ED002A12
:105CD0000D98011D0D9190ED000A21EE021A30EE93
:105CE000410A80ED000AFFE70E9801300E90E3E7CD
:105CF000FFE72D9801302D906FE72F9801302D9000
:105D0000FFE72D983499884280F08B80FFE739991E
:105D1000486849882D9A299B01FB023100EB8100DC
:105D200035903598006832903998406808903998D5
:105D30004068079039984088069006982999401A3B
:105D4000059008982D99069A514300EB81002999F6
:105D500000EB8100089007982F99069A514300EBB9
:105D60008100299900EB8100079000200990FFE74E
:105D700009980599884217DAFFE79DED321A0798CE
:105D8000011D079190ED002A0898011D089190EDE2
:105D9000000A21EE021A30EE410A80ED000AFFE708
:105DA000099801300990E3E73898406803903898E3
:105DB00040680290389840880190019800900398BC
:105DC0002D99019A514300EB8100039002982F997D
:105DD000019A514300EB8100029000200490FFE7FC
:105DE00004980099884217DAFFE79DED321A02986D
:105DF000011D029190ED002A0398011D039190ED81
:105E0000000A21EE021A30EE410A80ED000AFFE797
:105E1000049801300490E3E7FFE72D9801302D90BE
:105E20006FE7FFE7299801302990A7E500208DF85A
:105E3000A3002B98012833D0FFE79DED320AB5EE81
:105E4000400AF1EE10FA2BD1FFE7399840683790FD
:105E500000202E90FFE72E983499339A51438842C0
:105E600012D2FFE737982E9900EB810090ED000ADF
:105E7000B5EE400AF1EE10FA01D0FFE704E0FFE7CB
:105E80002E9801302E90E6E72E983499339A51439C
:105E9000884204D1FFE7FB208DF8A300FFE7FFE76E
:105EA000FFE79DF8A3008DF8EB00FFE79DF9EB00FD
:105EB0003BB0704792B008AB0093119010910F92D5
:105EC000119840680E90109840680D9011984068A5
:105ED0000C90109840680B900F9840680A901198A9
:105EE0000088ADF81E0010984088ADF81C0011988D
:105EF0004088ADF81A0000200490BDF81E00039001
:105F0000119840881099098888420ED1FFE71198AE
:105F100000880F990988884207D1FFE710984088C8
:105F20000F994988884204D0FFE7FD208DF80700CB
:105F30005EE0FFE70A98049900EB81000990BDF844
:105F40001C000590109840680D90FFE70020089015
:105F50000C980E90BDF81A000290FFE70298D8B195
:105F6000FFE700980E990A1D0E9291ED000A0D9917
:105F700091ED002A90ED001A20EE020A30EE010A9F
:105F800080ED000ABDF81C100D9800EB81000D900B
:105F9000029801380290E1E7089809990A1D0992D0
:105FA00008600598013805900B98BDF81C10059AFB
:105FB000891A00EB81000D90FFE705980028C5D1F4
:105FC000FFE70498BDF81C10084404900C98BDF835
:105FD0001A1000EB81000C90039801380390FFE742
:105FE00003980028A6D1FFE700208DF80700FFE7FF
:105FF0009DF9070012B0704789B00890079106928A
:106000000898406805900798406804900698406892
:1060100003900898008807990988884215D1FFE7FE
:10602000089840880799498888420ED1FFE7089868
:10603000008806990988884207D1FFE708984088B8
:1060400006994988884204D0FFE7FD208DF80300B7
:1060500023E00899088849884843029002980190F3
:10606000FFE70198A8B1FFE70598011D059190EDA4
:10607000000A0498011D049190ED001A30EE410AC7
:106080000398011D039180ED000A019801380190E9
:10609000E7E700208DF80300FFE79DF9030009B052
:1060A000704700008AB009900891099840680790ED
:1060B00008984068069009980088ADF81200099881
:1060C0004088ADF81000BDF8120002900020019049
:1060D0000998008808994988884207D1FFE70998FC
:1060E000408808990988884204D0FFE7FD208DF890
:1060F00003002BE0FFE70698019900EB8100059073
:10610000BDF810000390FFE7039880B1FFE7079800
:10611000011D0791006805990860BDF812100598E7
:1061200000EB81000590039801380390ECE701989B
:1061300001300190029801380290FFE70298002890
:10614000D9D1FFE700208DF80300FFE79DF9030098
:106150000AB0704780B588B000208DF81E008DF819
:106160001D00EAF7B1FC80200490EAF75DFE55209F
:106170000590EAF759FE0598EAF756FE8DF81E00DD
:10618000EAF798FC96200690EAF7D4FCEAF79CFC24
:106190000498EAF749FE0598EAF746FE0598EAF7FB
:1061A00043FE8DF81E00EAF785FC0698EAF7C2FC6C
:1061B000EAF78AFC7E20B621EAF74EFEEAF77AFC7F
:1061C0005020EAF7A3FCEAF77FFC0498EAF72CFEDC
:1061D0000598EAF729FE0598EAF726FE8DF81E00D5
:1061E000EAF768FC0698EAF7A5FCEAF76DFC049864
:1061F000EAF71AFE0598EAF717FE0598EAF714FE83
:106200008DF81E00EAF756FC0698EAF793FC9DF815
:106210001E001E2804D0FFE7FF208DF81F005CE061
:1062200000208DF81D00FFE79DF81D00052850DCBB
:10623000FFE7EAF749FC9DF81D0000EB400240F241
:10624000D410C2F2000003908118805C4978EAF70C
:1062500003FEEAF72FFC96200290EAF76BFCEAF7C0
:1062600033FC03989DF81D1001EB4101405C40F0A8
:106270008000EAF7D9FD55200190EAF7D5FD019895
:10628000EAF7D2FD8DF81E00EAF714FC0298EAF74F
:1062900051FC03999DF81E009DF81D2002EB42025F
:1062A0001144497888420DD0FFE79DF81D0000EBAE
:1062B000400140F2D410C2F20000084480788DF80A
:1062C0001F000AE0FFE79DF81D0001308DF81D005A
:1062D000AAE700208DF81F00FFE79DF81F0008B017
:1062E00080BD000080B586B0002002908DF81600B9
:1062F0008DF81500EAF7FEFB02980DF115010391E8
:10630000EAF780FDEAF7ECFB96200490EAF712FC2E
:10631000EAF7F0FB02980399EAF774FDEAF7E0FB6D
:106320000498EAF707FCEAF7E5FB1420B621EAF740
:1063300093FDEAF7D5FB5020EAF7E8FBEAF7DAFB32
:1063400002980399EAF75EFDEAF7CAFB0498EAF7B8
:10635000F1FBEAF7CFFB02980399EAF753FDEAF75E
:10636000BFFB0498EAF7E6FB9DF815000F2804D060
:10637000FFE7FF208DF8170053E000208DF816008E
:10638000FFE79DF81600052847DCFFE7EAF7B2FBB8
:106390009DF8160000EB400240F2E610C2F2000049
:1063A00001908118805C4978EAF756FDEAF798FB7E
:1063B00096200090EAF7BEFBEAF79CFB01989DF857
:1063C000161001EB4101405C0DF11501EAF71AFDD1
:1063D000EAF786FB0098EAF7ADFB01999DF81500F6
:1063E0009DF8162002EB42021144497888420DD0F4
:1063F000FFE79DF8160000EB400140F2E610C2F204
:106400000000084480788DF817000AE0FFE79DF847
:10641000160001308DF81600B3E700208DF8170044
:10642000FFE79DF8170006B080BD000080B58AB078
:106430000990ADF8221007920820059000200390E3
:106440000490BDF82210019102900998079A01A9C1
:106450006B46ECF7A7F90AB080BD000084B003904A
:106460008DF80B10019200208DF803009DF80B00B1
:1064700002282ED1FFE703980199C8700398000AFB
:1064800003900398019988700398000A0390039879
:1064900000F003008DF803000398C00003900398F8
:1064A00000F0E0009DF8031008448DF803009DF80B
:1064B000030008308DF803009DF8030000F0EB00A6
:1064C000019948700398000A039003980199087095
:1064D00011E00199002088700199C870039840016B
:1064E00003900398019948700398000A0390039859
:1064F00001990870FFE704B07047000084B08DF880
:106500000F008DF80E108DF80D208DF80C30002046
:10651000029001909DF80C0000F003008DF803003C
:106520009DF80C0040098DF802009DF80D00C00098
:10653000019001989DF80210084401900198800094
:10654000019001989DF80310084401900198000201
:10655000019001989DF80F100844019001980002E5
:10656000019001989DF80E10084401900198029046
:10657000029804B07047000083B08DF80B008DF8CE
:106580000A10002001909DF80B00C00000900098B8
:106590009DF80A1000EB51100090009801900198AE
:1065A00003B0704780B582B0019000910199B1F8B5
:1065B0004200A1F8400000980178407840EA0120AC
:1065C0000199A1F8420000988178C07840EA012042
:1065D00044F69E61C2F2000108800098017940797A
:1065E00040EA012043F65C41C2F2000108800199B3
:1065F00041F65630A1F87A000199B1F84200B1F89D
:106600007A10411A43F65040C2F200000180B0F9FE
:106610000000B0F5805F09DDFFE743F65041C2F2AC
:1066200000010888A0F50050088013E043F65040B0
:10663000C2F20000B0F9000010F5805F09DAFFE750
:1066400043F65041C2F20001088800F5005008806E
:10665000FFE7FFE743F65040C2F20000B0F9000048
:1066600000EE100AB8EEC00A9FED511A20EE010AA2
:10667000019880ED1F0A0198B0F94010B0F942006E
:10668000401A10F5805F07DAFFE70199B1F8800042
:106690000130A1F8800011E00198B0F94010B0F984
:1066A0004200401AB0F5805F07DDFFE70199B1F8BD
:1066B00080000138A1F88000FFE7FFE70198B0F9FA
:1066C00080200021B2F5FA4F0846C8BF012012F51C
:1066D000FA4FB8BF0121084370B1FFE701990020CC
:1066E000A1F880000198B0F9421000EE101AB8EE3F
:1066F000C00A80ED1B0AFFE70199B1F84600A1F836
:10670000440044F69E60C2F20000B0F9000048F276
:106710001F51C5F2EB1150FB01F1480900EBD1709C
:106720000199A1F846000198B0F94410B0F946006B
:106730009FED200AF5F70EFC0199A1F8460043F6FB
:106740005C40C2F20000B0F9000000EE100AB8EEA2
:10675000C00A9FED191A80EE010A019880ED130A14
:106760000098807900EE100AB8EE400A019880ED9A
:106770000F0A0098C07900EE100AB8EE400A01989E
:1067800080ED0E0A0198B0F94210B0F98020520352
:1067900000EE102AB8EEC00A01EE101AB8EEC11AC7
:1067A00030EE010ABDEEC00A80ED210A02B080BDC4
:1067B0005839343D0000FA43CDCC4C4480B588B004
:1067C0000790ADF81A108DED050ACDED040A8DED98
:1067D000031ACDED021A9DED050A9FED251A20EE54
:1067E000010ABDEEC00A10EE100AADF806009DEDDC
:1067F000040A20EE010ABDEEC00A10EE100AADF840
:1068000004009DED030A20EE010ABDEEC00A10EE61
:10681000100AADF802009DED020A20EE010ABDEE5D
:10682000C00A10EE100AADF800009DF8070043F60C
:106830005E42C2F2000210709DF8060050709DF892
:10684000050090709DF80400D0709DF80300107151
:106850009DF8020050719DF8010090719DF80000B4
:10686000D0710798BDF81A10FFF7E0FD08B080BDA1
:106870000000A03A85B0049004988169806A00EE17
:10688000101A01EE100A20EE010AB5EE400AF1EEF0
:1068900010FA40F39180FFE70498806900EE100A37
:1068A000B5EE400AF1EE10FA07DDFFE704988069C3
:1068B00000EE100A8DED030A08E00498806980F06C
:1068C000004000EE100A8DED030AFFE79DED030A7C
:1068D0000498406D01EE100AB4EE410AF1EE10FA90
:1068E00001DCFFE768E00498806900EE100AB5EE6D
:1068F000400AF1EE10FA07DDFFE70498806900EE28
:10690000100A8DED020A08E00498806980F00040CA
:1069100000EE100A8DED020AFFE79DED020A0498D1
:10692000016D406D01EE101A02EE100A31EE021AEE
:10693000B4EE410AF1EE10FA39DCFFE704998869F8
:10694000096D00EE101A8DED010A00EE100AB5EE89
:10695000400AF1EE10FA07DDFFE70498806900EEC7
:10696000100A8DED000A08E00498806980F000406C
:1069700000EE100A8DED000AFFE79DED010A9DED86
:10698000001A30EE410A0499086B0A6D4B6D01EE56
:10699000103A30EE010A01EE102A80EE011A00EEE4
:1069A000100A20EE010A10EE100A086303E00499B1
:1069B00000200863FFE7FFE705B0704782B0019051
:1069C0000198816A006B00EE101A01EE100A30EE99
:1069D000010A43F67440C2F2000080ED000A0198FB
:1069E000426A816AC06A00EE102A01EE101A30EE87
:1069F000010A01EE100A30EE010A43F67840C2F2B5
:106A0000000080ED000A90ED000AB5EE400AF1EEBC
:106A100010FA09DDFFE743F67840C2F2000090ED7E
:106A2000000A8DED000A0AE043F67840C2F2000049
:106A300090ED000AB1EE400A8DED000AFFE79DEDF2
:106A4000000A0198006C01EE100AB4EE410AF1EE62
:106A500010FA14DDFFE701988169806A00EE101AD0
:106A600001EE100A20EE010AB5EE400AF1EE10FA2E
:106A700004DDFFE7019900200863FFE7FFE743F625
:106A80007440C2F2000090ED000A0198406C01EEE3
:106A9000100AB4EE410AF1EE10FA07DDFFE70199A2
:106AA000002008630199486C8862FFE743F6744050
:106AB000C2F2000090ED000A0198406C80F00040A6
:106AC00001EE100AB4EE410AF1EE10FA09DAFFE71E
:106AD0000199002008630199486C80F000408862A9
:106AE000FFE702B07047000081B000900098416B52
:106AF000006C00EE101A01EE100AB4EE410AF1EE3D
:106B000010FA04DDFFE70099086C4863FFE700987E
:106B1000416B006C00EE101A80F0004001EE100A8C
:106B2000B4EE410AF1EE10FA06DAFFE70099086CBC
:106B300080F000404863FFE701B0704781B00090EB
:106B40000098416B006C00EE101A01EE100A9FEDE8
:106B50002B2A21EE021AB4EE410AF1EE10FA0EDBF6
:106B6000FFE70098006820F0004000EE100A9FED5B
:106B7000241AB4EE410AF1EE10FA01DAFFE73BE025
:106B800000980168006901EE101A00EE100A31EE5B
:106B9000400AB0EEC00AB0EEC11A80EE010A9FEDC5
:106BA000191AB4EE410AF1EE10FA0DDDFFE7009973
:106BB000D1F89920D1F89D00013240F10000C1F8D0
:106BC0009920C1F89D0006E000990020C1F89D00C1
:106BD000C1F89900FFE70098D0F89910D0F89D000F
:106BE00040F2F512891A70F1000005D3FFE7009911
:106BF000012081F8A100FFE701B070476F12833ACE
:106C000017B7D1383333733F81B000900099D1F872
:106C100008C08B69CA69D1F8900000EE10CA01EE75
:106C2000103A02EE102A31EE021AB0EE002A81EE7E
:106C3000021A20EE010A01EE100A20EE010A10EEFF
:106C4000100A086301B0704780B584B003A80190B2
:106C50000020ADF80A0043F6A470C2F2000008213B
:106C6000FEF7A2FA01460198ADF80A10BDF80A1025
:106C700000EE101AB8EE400A40F2D011C2F2000144
:106C800091ED001A20EE010A9FED041A20EE010A90
:106C900080ED000A90ED000A04B080BD5D742141D2
:106CA00084B00290ADF80610ADF80420029828B91F
:106CB000FFE74FF6FF70ADF80E0023E0FFE7BDF8E9
:106CC0000600411EADF80610B8B1FFE70298411C5E
:106CD000029100788DF80300BDF804109DF80300C0
:106CE0004840C2B24BF6F000C0F6010030F8120086
:106CF00080EA1120ADF80400E1E7BDF80400ADF82A
:106D00000E00FFE7BDF80E0004B070470000000061
:106D100080B590B0DDF848C00E900D910C920B93A9
:106D200043F67E40C2F20000007801280DD0FFE754
:106D30000C981299F3F75AFF43F67E41C2F2000114
:106D4000087000208DF83F0024E10C9841F2CE41FC
:106D5000405A0E99A1F84E000E98B0F94C00B0F5CB
:106D6000805F08DDFFE70E99B1F84C00A0F50050F8
:106D7000A1F84C000FE00E98B0F94C0010F5805FC0
:106D800008DAFFE70E99B1F84C0000F50050A1F8C1
:106D90004C00FFE7FFE70E98006A0C9941F264721D
:106DA00088500E98C06A0C9941F2F44288500D98B0
:106DB0000078002840F08180FFE70B9890ED0E0AE4
:106DC00043F2A860C2F20000049090ED071A31EE81
:106DD000012A9FED751A20EE010A30EE420A0C9846
:106DE00041F26471084480ED000A0B9890ED110A9D
:106DF00020EE010A10EE100A04F01CFB0246049873
:106E000003920A46039942EC101B8DED080B90ED9E
:106E1000040A9FED661A20EE011AB7EE000AFFEE93
:106E2000000AF6F707FF10EE100A04F003FB024613
:106E3000049805920A46059942EC101B8DED060B4D
:106E400090F8471001F00F00C0EB111000EE100A8F
:106E5000B8EEC00A10EE100A04F0ECFA41EC100B88
:106E600051EC100B9FED4E0B53EC102B04F01EF861
:106E70009DED060B53EC102B41EC100B51EC100B5D
:106E800004F0EAF99DED080B41EC110B53EC112BCA
:106E900051EC100B03F0AEFD41EC100B51EC100B5C
:106EA00003F076FD0C9941F2F442885043F67D419F
:106EB000C2F2000100200870FFE70C9941F61000B3
:106EC00008440B9A92ED0E0A9FED371A8DED011AC8
:106ED00020EE010A41F264721144D1ED000AF5F787
:106EE0005DFA0C9941F6BA0008440B9A92ED040A37
:106EF0009FED2F1A8DED021A20EE010A41F6440291
:106F00001144D1ED000AF5F749FA9DED011A0C99EB
:106F100001F5AD500B9A92ED110A20EE010A41F2F3
:106F2000F4421144D1ED000AF5F738FA9DED021A4A
:106F30000C9941F24A6008440B9A92ED050A20EE42
:106F4000010A41F2D4521144D1ED000AF5F726FAB4
:106F50000C9841F27E61415844F6B460C2F20000E0
:106F600001600C9941F6EE028958416090ED000AEB
:106F700043F6EC70C2F2000040F2FE31DFED0D1A74
:106F8000F0EE610AB0EE611AFFF718FC01208DF8EF
:106F90003F00FFE79DF83F0010B080BD00BF00BF7D
:106FA00066666666666606C0610BB6419A99993E4A
:106FB0000000C8420000000080B582B08DED010ADB
:106FC0004FF07E5000909DED010AF7F76FFEB0EE96
:106FD000401A9DED000A80EE010A8DED000A9DED3C
:106FE000000A02B080BD000080B582B00020019090
:106FF000EDF75EF9F8F76EF8F4F780F9F4F73CF87E
:10700000F3F7D8FFF3F7FEFFF4F78EFAF4F7A2FCDC
:10701000F4F706FDF4F71EF8F4F7D8FAF4F7DAFC03
:10702000F4F7FEFBF3F746FFF3F784FFF4F764FC95
:10703000F4F7A4FAF4F7AEFCF4F710FBF4F7AEFBA8
:10704000F4F79CF800F042F8FFE7FEE782B0ADF8F5
:10705000060000200090BDF90600842807D0FFE755
:10706000BDF906000099084403300090FFE700983E
:1070700002B0704780B584B00390039802900298E4
:1070800018B1FFE70298019002E001200190FFE7AC
:10709000019801F04BFB002004B080BD80B586B0A4
:1070A000059004910498039005980290039818B1F4
:1070B000FFE70398019002E001200190FFE70298AA
:1070C000019901F06BFB002006B080BD80B501F096
:1070D00055FC002080BD0000B0B590B00E900D9121
:1070E0000E98406938B3FFE70E98806918B3FFE740
:1070F0000E980168089141680B91016909910D99F9
:107100000A91B0F90800FFF7A1FF0899099A0A9BB4
:1071100084460B98DDF838E0DEF81440DEF81850AD
:10712000EE46CEF80850CEF80440CEF800C002F08B
:107130004DFA0C9020E00E98016804914168079187
:10714000018A05910D990691B0F90800FFF77EFFBD
:107150000499059A069B84460798EE460CACCEF837
:107160000440CEF800C002F0E1F9012803D0FFE7A7
:1071700000200F9003E0FFE70C980F90FFE70F98B7
:1071800010B0B0BD80B584B0039002914BF248209E
:10719000C2F200000068009044F6C850C2F200003D
:1071A0000268002182F852100068043001F076F87D
:1071B00088B9FFE744F6C850C2F200000068C16A0F
:1071C000012000FA01F24AF6F061C2F200010868FB
:1071D0009043086000E0FFE70398013080B9FFE7C3
:1071E000029868B1FFE744F6C850C2F20000006898
:1071F000011D4BF22020C2F2000001F0F5F83DE045
:107200000098039908440190019844F6C851C2F2CD
:107210000001096848600198009988420ED2FFE792
:1072200044F6D850C2F20000006844F6C851C2F2D9
:1072300000010968043101F0A1F81EE044F6D050C5
:10724000C2F20000006844F6C851C2F200010968A9
:10725000043101F093F801984BF2AC11C2F2000135
:107260000968884207D2FFE701984BF2AC11C2F2DD
:107270000001086000E0FFE7FFE7FFE704B080BD22
:1072800080B582B0019001F0D7F84AF6E061C2F211
:10729000000108680130086044F6C850C2F20000DE
:1072A000006898B9FFE7019844F6C851C2F200019E
:1072B00008604AF6E060C2F200000068012803D1CD
:1072C000FFE700F0EBFA00E0FFE71CE04BF21420D0
:1072D000C2F200000068A0B9FFE744F6C850C2F24D
:1072E00000000068C06A0199C96A884207D8FFE7B0
:1072F000019844F6C851C2F20001086000E0FFE7BF
:1073000000E0FFE7FFE74AF6EC61C2F2000108681F
:10731000013008600198C16A012000FA01F24AF6C2
:10732000F061C2F200010868104308600199C86A60
:1073300000EB800244F6E050C2F2000000EB820055
:10734000043101F051F801F0A3F84BF21420C2F21D
:1073500000000068C8B1FFE744F6C850C2F2000060
:107360000068C06A0199C96A88420CD2FFE74EF6EC
:107370000451CEF200014FF080500860BFF34F8FF0
:10738000BFF36F8F00E0FFE700E0FFE702B080BDD2
:1073900080B584B001F050F84BF24C20C2F20000EE
:1073A0000068002840D1FFE74AF6F860C2F200000A
:1073B000029000F0C3FF4AF60C70C2F20000039086
:1073C00000F0BCFF0299039844F6CC52C2F20002CE
:1073D000116044F6DC51C2F20001086069460020E9
:1073E000086044F6D942C2F2000244F67C53C2F26D
:1073F00000030A20102101F08DFC01464BF24C20C5
:10740000C2F200000160006860B1FFE74BF24C205F
:10741000C2F2000000684CF20541C0F6010101F023
:1074200029F900E0FFE700E0FFE701F031F804B0E0
:1074300080BD000080B582B0FFE74AF6E460C2F28A
:107440000000006808B3FFE700F0F6FF4BF23420BD
:10745000C2F20000C068C06801900198043000F0DA
:107460001DFF4AF6E061C2F20001086801380860B9
:107470004AF6E461C2F2000108680138086001F0D0
:1074800007F8019800F08CF8D7E702B080BD000043
:1074900080B582B0019000910198006CB8B1FFE70F
:1074A0000199C8680A6C1044C86001988168C06876
:1074B000884204D3FFE701990868C86000E0FFE74D
:1074C0000098019AD168126CE8F766FFFFE702B0F6
:1074D00080BD000080B586B0059004910392002025
:1074E00002900598806B01900598006C78B9FFE7D1
:1074F0000598006848B9FFE70598806802F0D0F960
:10750000029005990020886000E0FFE741E00398C1
:10751000B8B9FFE7059A04995068126CE8F73CFF88
:10752000059948680A6C104448600599486889685C
:10753000884204D3FFE705990868486000E0FFE748
:1075400026E0059A0499D068126CE8F725FF0599A2
:10755000C8680A6C801AC86005980168C0688842CB
:1075600006D2FFE7059988680A6C801AC86000E0B7
:10757000FFE70398022809D1FFE7019820B1FFE750
:1075800001980138019000E0FFE700E0FFE7FFE726
:10759000FFE70198013005998863029806B080BD25
:1075A00080B582B00090009890F8510040B9FFE794
:1075B0000098006B00F092FF009800F08FFF1CE035
:1075C000009890F85100012804D1FFE7009800F0DE
:1075D00085FF11E0009890F8510002280BD0FFE7DA
:1075E0004FF0500080F31188BFF36F8FBFF34F8FC0
:1075F0000190FFE7FEE7FFE7FFE702B080BD000074
:1076000082B0019044F6CC50C2F2000000680068DD
:10761000B0FA80F04009019908600198006848B903
:10762000FFE744F6CC50C2F200000068C068006872
:10763000009002E000200090FFE7009802B0704741
:1076400084B04FF4C040009044F6D660C2F200000F
:1076500001909DF80400400788B1FFE701980730CA
:107660000190019820F007000190019A44F6D6613C
:10767000C2F200010098891A08440090FFE70198BF
:10768000029002994BF21820C2F200000160002122
:1076900041600298009A10440190019808380190C6
:1076A000019820F007000190019A44F6D450C2F2EC
:1076B0000000026002685160026811600299039143
:1076C0000199039A891A5160006803990860039828
:1076D00040684BF2A811C2F20001086003984068AC
:1076E0004AF64C71C2F2000108604AF62071C2F2FB
:1076F00000014FF00040086004B0704780B582B0D0
:107700000190FFE7FFF796FE44F6E050C2F200005A
:10771000006802280CD3FFE74EF60451CEF20001B8
:107720004FF080500860BFF34F8FBFF36F8F00E0C2
:10773000FFE7E7E780B584B0DDF818C00390029159
:1077400001928DF80330029818B9FFE7069800609F
:1077500003E0019806990860FFE703980699C8635B
:107760000298069908640698012101F05BFB04B0B9
:1077700080BD000080B588B0DDF834C0DDF830C0D1
:10778000DDF82CC0DDF828C0069005910492039323
:107790000C98006B04998900A522E8F774FE0C98F8
:1077A000006B049900EB810004380290029820F0ED
:1077B000070002909DF80800400758B1FFE74FF01E
:1077C000500080F31188BFF36F8FBFF34F8F079086
:1077D000FFE7FEE70598F8B1FFE700200190FFE71B
:1077E00001980F2813D8FFE70598019A805C0C993F
:1077F000114481F8340005980199405C08B9FFE70D
:1078000005E0FFE7FFE7019801300190E8E70C99F8
:10781000002081F8430004E00C99002081F8340036
:10782000FFE70A98072803D3FFE706200A9000E045
:10783000FFE70A980C99C8620A980C9948640C9959
:107840000020009088640C98043000F08FFD0C98A4
:10785000183000F08BFD00980C9909610A99C1F16C
:1078600007010C9A91610C9949620C99C8640C99B2
:1078700081F850000C9981F8520002980699039AF9
:1078800000F0D0FC0C9908600B9820B1FFE70C9831
:107890000B99086000E0FFE708B080BD80B584B0B8
:1078A00000200390FFE70398062810D8FFE703980D
:1078B00000EB800144F6E050C2F2000000EB8100D2
:1078C00000F03CFDFFE7039801300390EBE74AF638
:1078D0002470C2F20000019000F030FD4AF63870CA
:1078E000C2F20000029000F029FD4BF2C010C2F27B
:1078F000000000F023FD4BF23420C2F2000000F043
:107900001DFD4BF22020C2F2000000F017FD01998E
:10791000029844F6D052C2F20002116044F6D851E7
:10792000C2F20001086004B080BD000083B0029084
:107930004BF21820C2F200000190FFE701980068A6
:107940000299884205D2FFE7FFE70198006801909D
:10795000F4E7019800900098019949680844029959
:10796000884209D1FFE702984268019948681044AB
:1079700048600198029000E0FFE7029800900098AC
:1079800002994968084401990968884220D1FFE7B3
:107990000198006844F6D451C2F200010968884297
:1079A0000DD0FFE7019800684268029948681044CA
:1079B00048600198006800680299086007E044F692
:1079C000D450C2F20000006802990860FFE704E0AA
:1079D0000198006802990860FFE7019802998842BF
:1079E00004D0FFE702980199086000E0FFE703B0C8
:1079F0007047000080B586B0059004910392029311
:107A00000020019004980599486005980061049849
:107A10000399884216D8FFE703980299401A0599FE
:107A20008969884203D3FFE70120019009E044F609
:107A3000DC50C2F2000000680599043100F09EFCA1
:107A4000FFE717E003980299884208D2FFE70498FD
:107A50000299884203D3FFE70120019009E044F630
:107A6000CC50C2F2000000680599043100F086FC99
:107A7000FFE7FFE7019806B080BD000080B582B047
:107A8000019000F0D9FC0198806B18B9FFE7012044
:107A9000009002E000200090FFE700F0F9FC009861
:107AA00002B080BD80B582B0019000F0C5FC0198A5
:107AB000806B0199C96B884203D1FFE701200090D8
:107AC00002E000200090FFE700F0E2FC009802B026
:107AD00080BD000008480068006880F308884FF007
:107AE000000080F3148862B661B6BFF34F8FBFF316
:107AF0006F8F00DF00BF000008ED00E080B586B0AA
:107B00000490039144F6CC50C2F200000068C068B3
:107B1000C06801900198043000F0C0FB019890F813
:107B200024004007002823D5FFE70198049B8169C2
:107B30001944039AFFF75EFFC0B1FFE70198049A6A
:107B4000694600230B60194602F09EF802900298E5
:107B500058B9FFE74FF0500080F31188BFF36F8FE3
:107B6000BFF34F8F0590FFE7FEE700E0FFE707E078
:107B7000019991F8240000F0FE0081F82400FFE74D
:107B80000198016A884706B080BD000080B58EB0BC
:107B9000FFE74BF24C20C2F20000006807A9002268
:107BA00001F05AFB002800F0B880FFE70798B0F119
:107BB000FF3F17DCFFE707A804300290029858B98E
:107BC000FFE74FF0500080F31188BFF36F8FBFF3D2
:107BD0004F8F0D90FFE7FEE702990A6848688968B1
:107BE000904700E0FFE70798002800F19580FFE745
:107BF000099806900698406928B1FFE70698043076
:107C000000F04CFB00E0FFE705A800F0FBF8039054
:107C100007980190092800F27D800199DFE801F0C2
:107C20000505053D456605053D45069991F8240085
:107C300040F0010081F824000698089B81691944EE
:107C4000039AFFF7D7FE30B3FFE70698016A88472B
:107C5000069890F82400400700281AD5FFE70698F8
:107C6000089982690A44694600230B60194602F0AC
:107C70000BF80490049858B9FFE74FF0500080F3D8
:107C80001188BFF36F8FBFF34F8F0C90FFE7FEE7B4
:107C900000E0FFE700E0FFE73DE0069991F82400EF
:107CA00000F0FE0081F8240035E0069991F82400E8
:107CB00040F0010081F82400089806998861069830
:107CC000806958B9FFE74FF0500080F31188BFF387
:107CD0006F8FBFF34F8F0B90FFE7FEE70698039B74
:107CE000816919441A46FFF785FE14E0069890F85A
:107CF00024008007002804D4FFE7069800F0EEFB7C
:107D000007E0069991F8240000F0FE0081F82400B5
:107D1000FFE700E0FFE7FFE73BE70EB080BD0000B4
:107D200080B584B00390029100F098FE684600F0A0
:107D300069F801900098D8BBFFE7029860B9FFE7A7
:107D400003980199884207D8FFE701F097FE03984E
:107D50000199FFF7D3FE2AE0029858B1FFE744F6F5
:107D6000DC50C2F2000000680068B0FA80F0400900
:107D70000290FFE74BF24C20C2F20000006803992A
:107D8000019A891A029A00F09FFC01F077FE60B90F
:107D9000FFE74EF60451CEF200014FF0805008602C
:107DA000BFF34F8FBFF36F8F00E0FFE7FFE702E005
:107DB00001F064FEFFE704B080BD000081B044F62E
:107DC000D050C2F200000068006840B9FFE74BF2F3
:107DD000AC11C2F200014FF0FF3008600FE044F632
:107DE000D050C2F200000068C068C06800900098DF
:107DF00040684BF2AC11C2F200010860FFE701B02D
:107E00007047000080B582B0019001F063FC0090E3
:107E1000009844F6C451C2F200010968884206D2B3
:107E2000FFE700F011F801990120086003E00199D3
:107E300000200860FFE7009844F6C451C2F2000138
:107E40000860009802B080BD80B588B0FFE744F6B6
:107E5000CC50C2F200000068006800284ED0FFE756
:107E600044F6CC50C2F200000168C9680968069166
:107E70000068C068C06803900398043000F00EFAF0
:107E80000398016A8847039890F824004007002867
:107E900032D5FFE70698039989690844059005984B
:107EA000069988420FD9FFE705980399486003981F
:107EB000006144F6CC50C2F200000068039904311E
:107EC00000F05CFA17E00398069A694600230B60FD
:107ED000194601F0D9FE0290029858B9FFE74FF019
:107EE000500080F31188BFF36F8FBFF34F8F07905F
:107EF000FFE7FEE7FFE700E0FFE7A8E744F6CC5224
:107F0000C2F200021068049044F6DC51C2F2000193
:107F1000086810600498086008B080BD83B0002035
:107F2000009040F2CC10C2F200000068013058B15D
:107F3000FFE74FF0500080F31188BFF36F8FBFF35E
:107F40004F8F0290FFE7FEE74FF0500080F311885B
:107F5000BFF36F8FBFF34F8F0190FFE7009808B911
:107F6000FFE7FBE703B0704780B584B00390FFE7FD
:107F700001A8FFF745FB029002980199FFF7D0FE98
:107F8000FFF704FEF4E7000080B582B0019000F036
:107F900053FA019890F845008DF80300FFE79DF92A
:107FA0000300012816DBFFE70198406A58B1FFE79C
:107FB0000198243001F000FD18B1FFE700F08AFCC1
:107FC00000E0FFE700E005E09DF8030001388DF8D0
:107FD0000300E4E70199FF2081F8450000F058FA1A
:107FE00000F02AFA019890F844008DF80200FFE7AB
:107FF0009DF90200012816DBFFE70198006980B1B6
:10800000FFE70198103001F0D7FC18B1FFE700F04E
:1080100061FC00E0FFE79DF8020001388DF80200E6
:1080200000E000E0E4E70199FF2081F8440000F05F
:108030002FFA02B080BD000080B58AB00690002003
:10804000029000F00BFD44F6D450C2F2000000682C
:1080500018B9FFE7FFF7F4FA00E0FFE706984AF6E1
:108060002071C2F200010968084240F0C580FFE7B4
:10807000069800B3FFE70698083006909DF81800B0
:108080004007B0B1FFE7069820F0070008300690DF
:108090009DF81800400758B1FFE74FF0500080F3FB
:1080A0001188BFF36F8FBFF34F8F0990FFE7FEE793
:1080B00000E0FFE700E0FFE70698002800F09A8064
:1080C000FFE706984AF64C71C2F20001096888423F
:1080D00000F29080FFE74BF21820C2F200000490FB
:1080E00000680590FFE705984168069A00209142D4
:1080F000019007D2FFE705980068002818BF01200B
:108100000190FFE70198C00730B1FFE705980490A0
:10811000059800680590E6E7059844F6D451C2F248
:1081200000010968884263D0FFE7049800680830BE
:1081300002900598006804990860059840680699BF
:10814000401A112821D3FFE70598069908440390A7
:108150009DF80C00400758B1FFE74FF0500080F346
:108160001188BFF36F8FBFF34F8F0890FFE7FEE7D3
:10817000059840680699401A039948600698059941
:1081800048600398FFF7D2FB00E0FFE705984268DC
:108190004AF64C70C2F200000168891A016000685A
:1081A0004BF2A811C2F20001096888420BD2FFE726
:1081B0004AF64C70C2F2000000684BF2A811C2F2FD
:1081C0000001086000E0FFE74AF62070C2F20000FC
:1081D00002680599486810434860059900200860C6
:1081E0004BF2B411C2F2000108680130086000E0EF
:1081F000FFE700E0FFE700E0FFE701F03FFC9DF84C
:108200000800400758B1FFE74FF0500080F3118895
:10821000BFF36F8FBFF34F8F0790FFE7FEE7029822
:108220000AB080BD83B00290019100920298043898
:10823000029002994FF08070086002980438029012
:10824000019820F001000299086002980438029019
:10825000029947F61D70C0F60100086002981438B4
:1082600002900098029908600298043802900299DE
:108270006FF002000860029820380290029803B064
:108280007047000080B582B00190002000900198F6
:10829000FFF7D2FE0090009802B080BD82B001903E
:1082A0000198006900900198416880688860019990
:1082B000486889684860009840680199884205D1FB
:1082C000FFE7019880680099486000E0FFE70199A6
:1082D000002008610099086801380860009800686B
:1082E00002B0704783B002900191009202994BF264
:1082F0005410C2F20000086001994AF65070C2F2B0
:108300000000086000998020086003B070470000FA
:1083100083B002900191009202994BF25460C2F234
:108320000000086001994BF25020C2F20000086082
:1083300000994FF48070086003B0704781B00090DE
:10834000009901F10800486000994FF0FF30886003
:10835000009901F10800C860009901F10800086166
:1083600000990020086001B07047000081B00090C3
:1083700000990020086101B07047000084B00390AC
:1083800002910298006800900098013020B9FFE740
:1083900003980069019010E0039808300190FFE70E
:1083A0000198406800680099884205D8FFE7FFE718
:1083B000019840680190F3E7FFE70198406802994F
:1083C0004860029841688860019802998860029824
:1083D000019948600398029908610399086801307F
:1083E000086004B07047000083B0029001910298C9
:1083F0004068009000980199486000988068019951
:10840000886001980099896848600198009988609F
:10841000029801990861029908680130086003B068
:1084200070470000DFF80C00016841F47001016042
:108430007047000088ED00E082B04FF0500080F3FC
:108440001188BFF36F8FBFF34F8F019040F2CC10B4
:10845000C2F200000168013101600068012814D1F6
:10846000FFE74EF60450CEF200000068000658B157
:10847000FFE74FF0500080F31188BFF36F8FBFF319
:108480004F8F0090FFE7FEE7FFE702B07047000064
:1084900082B040F2CC10C2F20000006858B9FFE789
:1084A0004FF0500080F31188BFF36F8FBFF34F8FF1
:1084B0000090FFE7FEE740F2CC10C2F20000016836
:1084C00001390160006830B9FFE700200190019890
:1084D00080F31188FFE702B07047000080B586B0D6
:1084E000039003980290039800285CD0FFE702985D
:1084F0000838029002980190019840684AF620716D
:10850000C2F20001096808420BD1FFE74FF05000AA
:1085100080F31188BFF36F8FBFF34F8F0590FFE794
:10852000FEE70198006858B1FFE74FF0500080F374
:108530001188BFF36F8FBFF34F8F0490FFE7FEE703
:10854000019840684AF62071C2F2000109680842A9
:1085500027D0FFE70198006808BBFFE74AF62070C4
:10856000C2F200000268019948689043486000F038
:1085700075FA019842684AF64C71C2F20001086827
:10858000104408600198FFF7D1F94BF2B811C2F21C
:10859000000108680130086001F070FA00E0FFE7B0
:1085A00000E0FFE7FFE706B080BD00004EF21001DB
:1085B000CEF20001002008604EF21802CEF2000256
:1085C000106040F2E400C2F20000006844F6D352AA
:1085D000C1F26202A0FB02024FF0FF3000EB9210EA
:1085E0004EF21402CEF200021060072008607047BD
:1085F00084B0EFF305800190019810281ED3FFE7A7
:1086000001984EF2F031CEF20001405C8DF803008B
:108610009DF803004AF6D661C2F20001097888424B
:108620000BDAFFE74FF0500080F31188BFF36F8F34
:10863000BFF34F8F0390FFE7FEE7FFE74EF60C50C6
:10864000CEF20000006800F4E0604AF6D861C2F2A1
:108650000001096888420BD9FFE74FF0500080F312
:108660001188BFF36F8FBFF34F8F0290FFE7FEE7D4
:1086700004B0704783B00290019100200090FFE7A2
:10868000009807281DD8FFE700994BF2D410C2F2DA
:10869000000050F8310070B9FFE70198009A4BF2E2
:1086A000D411C2F2000141F832000298009A01EBA5
:1086B000C201486005E0FFE7FFE700980130009045
:1086C000DEE703B07047000080B584B003900291EC
:1086D000019203980090FFF7AFFE009890F94400D4
:1086E000013028B9FFE70099002081F84400FFE736
:1086F000009890F94500013028B9FFE70099002063
:1087000081F84500FFE7FFF7C3FE0098806B38B99A
:10871000FFE7009824300299019A00F005F900E083
:10872000FFE70098FFF730FC04B080BD80B584B04F
:108730000290002001900298E0B1FFE74AF6E8605D
:10874000C2F20000006858B1FFE74FF0500080F31C
:108750001188BFF36F8FBFF34F8F0390FFE7FEE7E2
:1087600000F07CF902980021FEF70CFD01F086F97B
:10877000019000E0FFE7019860B9FFE74EF6045171
:10878000CEF200014FF080500860BFF34F8FBFF36F
:108790006F8F00E0FFE704B080BD000080B58AB0B5
:1087A0000690059100200290069858B9FFE74FF017
:1087B000500080F31188BFF36F8FBFF34F8F099084
:1087C000FFE7FEE7059858B9FFE74FF0500080F348
:1087D0001188BFF36F8FBFF34F8F0890FFE7FEE75D
:1087E0004AF6E860C2F20000006858B1FFE74FF0B7
:1087F000500080F31188BFF36F8FBFF34F8F079046
:10880000FFE7FEE700F02AF94BF24820C2F2000031
:108810000068019006980068059908440490019842
:1088200006990968884210D2FFE7049806990968FA
:10883000884208D2FFE704980199884203D9FFE7EC
:108840000120029000E0FFE70FE004980699096814
:10885000884205D3FFE704980199884203D9FFE7CE
:108860000120029000E0FFE7FFE704980699086006
:10887000029838B1FFE704980199401A0021FEF7E9
:1088800081FC00E0FFE701F0F9F80390039860B97C
:10889000FFE74EF60451CEF200014FF08050086021
:1088A000BFF34F8FBFF36F8F00E0FFE70AB080BDCB
:1088B00081B000904BF2B010C2F200000068009945
:1088C00008604BF24820C2F200000068009948603E
:1088D00001B070474BF2A861C2F2000101200860AC
:1088E0007047000080B584B002900191029858B999
:1088F000FFE74FF0500080F31188BFF36F8FBFF395
:108900004F8F0390FFE7FEE7029844F6C851C2F28A
:10891000000109681831FFF731FD01980121FEF7C8
:1089200031FC04B080BD000080B584B0029001919C
:108930000092029858B9FFE74FF0500080F3118879
:10894000BFF36F8FBFF34F8F0390FFE7FEE70298EF
:1089500044F6C851C2F2000109681831FFF744FD1E
:10896000009820B1FFE74FF0FF300190FFE701983A
:108970000099FEF707FC04B080BD000080B58AB006
:10898000002003900690059006A805A904AAFFF709
:10899000A9FC039B049A0599DDF818C06846C0F845
:1089A00008C04160036047F2FD60C0F601004CF270
:1089B0000041C0F6010100F009FE01464BF25010E3
:1089C000C2F200000160006818B1FFE701200790C3
:1089D00002E000200790FFE70798012804D1FFE795
:1089E00001F008F9079000E0FFE70798012823D17C
:1089F000FFE74FF0500080F31188BFF36F8FBFF394
:108A00004F8F09904BF2AC11C2F200014FF0FF30D2
:108A100008604BF21421C2F20001012008604BF201
:108A20004821C2F200010020086000F0C7F808B138
:108A3000FFE700E0FFE70FE00798013058B9FFE7D4
:108A40004FF0500080F31188BFF36F8FBFF34F8F4B
:108A50000890FFE7FEE7FFE70AB080BD4AF6E8614D
:108A6000C2F20001086801300860704785B04AF61C
:108A7000E860C2F20000006838B1FFE74BF2A8617D
:108A8000C2F20001012008604DE04BF2A861C2F281
:108A90000001002008604AF6F060C2F200000068A1
:108AA00004900498B0FA80F08DF80F009DF80F0044
:108AB000C0F11F000190019800EB800144F6E050E6
:108AC000C2F2000050F8210058B9FFE74FF0500003
:108AD00080F31188BFF36F8FBFF34F8F0290FFE7D2
:108AE000FEE7019800EB800144F6E050C2F200007E
:108AF00000EB810000900099486840684860009948
:108B000048680831884205D1FFE700994868406805
:108B10004860FFE700984068C06844F6C851C2F258
:108B200000010860FFE705B07047000080B584B021
:108B30000290ADF806100020ADF80400029828B1AC
:108B4000FFE7BDF80600022804DCFFE700208DF8EF
:108B50000F002EE00298BDF80610023940F2C21252
:108B6000C2F20002128889B2FEF79AF8ADF804004A
:108B70009DF80410029ABDF80600104410F8022C6B
:108B80000020914200900ED1FFE79DF80500029A67
:108B9000BDF80610114411F8011C401AB0FA80F01B
:108BA00040090090FFE7009800F001008DF80F00E9
:108BB000FFE79DF80F0004B080BD000080B588B0CD
:108BC0004EF60050CEF2000000684CF27121C4F263
:108BD0000F1188420BD1FFE74FF0500080F311884E
:108BE000BFF36F8FBFF34F8F0790FFE7FEE74EF69F
:108BF0000050CEF2000000684CF27021C4F20F1158
:108C000088420BD1FFE74FF0500080F31188BFF38B
:108C10006F8FBFF34F8F0690FFE7FEE74EF20040E5
:108C2000CEF20000039001780491FF2101700078DA
:108C30008DF80B009DF80B0000F050004AF6D6614D
:108C4000C2F2000108704AF6D861C2F200010720A2
:108C50000860FFE79DF80B00000600280DD5FFE730
:108C60004AF6D861C2F200010868013808609DF830
:108C70000B0040008DF80B00ECE74AF6D860C2F21A
:108C80000000006803280BD0FFE74FF0500080F38E
:108C90001188BFF36F8FBFF34F8F0590FFE7FEE79B
:108CA0004AF6D861C2F2000108680002086008684C
:108CB00000F4E060086004984EF20041CEF200013A
:108CC00008704EF62051CEF20001086840F47000A2
:108CD0000860086840F070400860FFF767FC40F2E9
:108CE000CC11C2F20001002001900860FFF79AFB4E
:108CF0004EF63471CEF20001086840F04040086042
:108D0000FEF7E8FEFFF7B2FEFFF708F9019808B09A
:108D100080BD000080B590B084461298CDF828C080
:108D20000991089207938DF81B000A9858B9FFE73C
:108D30004FF0500080F31188BFF36F8FBFF34F8F58
:108D40000F90FFE7FEE7079858B9FFE74FF0500094
:108D500080F31188BFF36F8FBFF34F8F0E90FFE743
:108D6000FEE708990020039031B1FFE70998B0FAB7
:108D700080F040090390FFE70398C00758B1FFE770
:108D80004FF0500080F31188BFF36F8FBFF34F8F08
:108D90000D90FFE7FEE708990020029031B9FFE748
:108DA0000998002818BF01200290FFE70298C00729
:108DB00058B1FFE74FF0500080F31188BFF36F8F79
:108DC000BFF34F8F0C90FFE7FEE748200490049814
:108DD00048280BD0FFE74FF0500080F31188BFF315
:108DE0006F8FBFF34F8F0B90FFE7FEE70498079854
:108DF0000590059888B1FFE70599012081F84600A4
:108E00000A980999089A9DF81B30DDF814C0EE46BF
:108E1000CEF800C0FEF78EFC00E0FFE7059810B02A
:108E200080BD000080B584B002900191029800904E
:108E3000009858B9FFE74FF0500080F31188BFF356
:108E40006F8FBFF34F8F0390FFE7FEE7FFF7F4FA52
:108E500000990B68C86B0A6C00FB023088600099AF
:108E60000020886300990868486000990B68C86B07
:108E70000A6C013800FB0230C8600099FF2081F8BD
:108E80004400009981F845000198D0B9FFE70098A7
:108E90000069A0B1FFE70098103000F08DFD60B1CF
:108EA000FFE74EF60451CEF200014FF0805008600B
:108EB000BFF34F8FBFF36F8F00E0FFE700E0FFE7E6
:108EC00008E000981030FFF739FA00982430FFF7D7
:108ED00035FAFFE7FFF7DCFA012004B080BD00009F
:108EE00080B592B00C900B910A92099300200890E3
:108EF0000C980490049858B9FFE74FF0500080F3A5
:108F00001188BFF36F8FBFF34F8F1190FFE7FEE71C
:108F10000B990020039039B9FFE70498006C0028F2
:108F200018BF01200390FFE70398C00758B1FFE77F
:108F30004FF0500080F31188BFF36F8FBFF34F8F56
:108F40001090FFE7FEE7099900200229029007D15F
:108F5000FFE70498C06B013818BF01200290FFE7BB
:108F60000298C00758B1FFE74FF0500080F3118816
:108F7000BFF36F8FBFF34F8F0F90FFE7FEE700F057
:108F80008DFB01460020019031B9FFE70A980028C7
:108F900018BF01200190FFE70198C00758B1FFE713
:108FA0004FF0500080F31188BFF36F8FBFF34F8FE6
:108FB0000E90FFE7FEE7FFE7FFF73EFA0498806BAD
:108FC0000499C96B884204D3FFE70998022834D179
:108FD000FFE704980B99099AFEF77CFA079004982A
:108FE000406AA0B1FFE70498243000F0E5FC60B1CE
:108FF000FFE74EF60451CEF200014FF080500860BA
:10900000BFF34F8FBFF36F8F00E0FFE710E00798CB
:1090100060B1FFE74EF60451CEF200014FF08050F0
:109020000860BFF34F8FBFF36F8F00E0FFE7FFE7EC
:10903000FFF72EFA01200D9065E00A9828B9FFE7A6
:10904000FFF726FA00200D905DE0089830B9FFE7A1
:1090500005A8FFF72DFC0120089000E0FFE7FFE7DF
:10906000FFE7FFF715FAFFF7F9FCFFF7E5F90498BA
:1090700090F94400013028B9FFE70499002081F8F5
:109080004400FFE7049890F94500013028B9FFE754
:109090000499002081F84500FFE7FFF7F9F905A8DA
:1090A0000AA900F0C7F928BBFFE70498FEF7FAFC0D
:1090B000C8B1FFE7049810300A99FFF713FC049831
:1090C000FEF762FF00F0DAFC60B9FFE74EF60451EC
:1090D000CEF200014FF080500860BFF34F8FBFF316
:1090E0006F8FFFE705E00498FEF74EFF00F0C6FC27
:1090F000FFE707E00498FEF747FF00F0BFFC002001
:109100000D9000E058E70D9812B080BD80B592B088
:109110000B900A91099208930B980590059858B9FD
:10912000FFE74FF0500080F31188BFF36F8FBFF35C
:109130004F8F0E90FFE7FEE70A990020029039B9A1
:10914000FFE70598006C002818BF01200290FFE798
:109150000298C00758B1FFE74FF0500080F3118824
:10916000BFF36F8FBFF34F8F0D90FFE7FEE70899B6
:1091700000200229019007D1FFE70598C06B013854
:1091800018BF01200190FFE70198C00758B1FFE721
:109190004FF0500080F31188BFF36F8FBFF34F8FF4
:1091A0000C90FFE7FEE7FFF723FAEFF311814FF092
:1091B000500080F31188BFF36F8FBFF34F8F109172
:1091C0000F90109806900598806B0599C96B88429E
:1091D00004D3FFE70898022833D1FFE7059890F8F9
:1091E00045008DF813000598806B039005980A9947
:1091F000089AFEF76FF99DF913000130B8B9FFE73F
:109200000598406A88B1FFE70598243000F0D4FB48
:1092100048B1FFE7099820B1FFE7099901200860EC
:1092200000E0FFE700E0FFE700E0FFE706E09DF871
:1092300013000130059981F84500FFE701200790F0
:1092400002E000200790FFE706981190119880F344
:109250001188079812B080BD80B58EB00990089132
:1092600007920020069009980390039858B9FFE7E9
:109270004FF0500080F31188BFF36F8FBFF34F8F13
:109280000D90FFE7FEE708990020019039B9FFE74C
:109290000398006C002818BF01200190FFE7019897
:1092A000C00758B1FFE74FF0500080F31188BFF3BB
:1092B0006F8FBFF34F8F0C90FFE7FEE700F0EEF9E2
:1092C00001460020009031B9FFE70798002818BF39
:1092D00001200090FFE70098C00758B1FFE74FF06A
:1092E000500080F31188BFF36F8FBFF34F8F0B9047
:1092F000FFE7FEE7FFE7FFF79FF80398806B029018
:10930000029830B3FFE703980899FEF7C1F8029876
:1093100001380399886303980069A0B1FFE70398B7
:10932000103000F049FB60B1FFE74EF60451CEF279
:1093300000014FF080500860BFF34F8FBFF36F8F75
:1093400000E0FFE700E0FFE7FFF7A2F801200A9046
:109350006DE0079828B9FFE7FFF79AF800200A9018
:1093600065E0069830B9FFE704A8FFF7A1FA0120ED
:10937000069000E0FFE7FFE7FFE7FFF789F8FFF758
:109380006DFBFFF759F8039890F94400013028B9B4
:10939000FFE70399002081F84400FFE7039890F964
:1093A0004500013028B9FFE70399002081F8450006
:1093B000FFE7FFF76DF804A807A900F03BF830BB02
:1093C000FFE70398FEF75AFBD0B1FFE7039824307C
:1093D0000799FFF787FA0398FEF7D6FD00F04EFBDA
:1093E00060B9FFE74EF60451CEF200014FF0805015
:1093F0000860BFF34F8FBFF36F8F00E0FFE705E01A
:109400000398FEF7C1FD00F039FBFFE70EE003987B
:10941000FEF7BAFD00F032FB0398FEF72FFB18B100
:10942000FFE700200A9002E0FFE7FFE763E70A9802
:109430000EB080BD80B588B005900491059858B9EC
:10944000FFE74FF0500080F31188BFF36F8FBFF339
:109450004F8F0790FFE7FEE7049858B9FFE74FF0FA
:10946000500080F31188BFF36F8FBFF34F8F0690CA
:10947000FFE7FEE7FEF7E0FF4BF24820C2F20000F4
:1094800000680290029805994968401A019044F6D4
:10949000C850C2F20000006890F8520058B1FFE7CF
:1094A00044F6C850C2F200000168002081F8520062
:1094B0000120039034E004980068013018B9FFE7F8
:1094C000002003902BE04BF2B010C2F200000068C5
:1094D00005990968884209D0FFE70298059949680B
:1094E000884203D3FFE70120039017E00198049915
:1094F000096888420BD2FFE7019A04990868801A2C
:1095000008600598FFF7D4F90020039005E004995E
:109510000020086001200390FFE7FFE7FFE7FFE777
:10952000FEF7B6FF039808B080BD000070B58CB0A0
:10953000DDF844C0DDF840C00B900A91ADF826205C
:109540000893BDF826008000FEF776FD059005988B
:1095500080B1FFE75420FEF76FFD0790079820B118
:10956000FFE705980799086303E00598FEF7B6FF43
:10957000FFE702E000200790FFE70798F0B1FFE760
:109580000798002680F851600B980A99BDF82620AC
:10959000089BDDF840C0119C079DEE46CEF80C609C
:1095A000CEF80850CEF80440CEF800C0FEF7E2F83E
:1095B0000798FDF765FE0120069003E04FF0FF30AD
:1095C0000690FFE706980CB070BD0000B0B58EB0F5
:1095D000DDF850C0DDF84CC0DDF848C00A900991B4
:1095E00008920793139858B9FFE74FF0500080F3A3
:1095F0001188BFF36F8FBFF34F8F0D90FFE7FEE72A
:10960000149858B9FFE74FF0500080F31188BFF36A
:109610006F8FBFF34F8F0C90FFE7FEE7542004904D
:10962000049854280BD0FFE74FF0500080F31188C6
:10963000BFF36F8FBFF34F8F0B90FFE7FEE70498E8
:10964000149820B3FFE7139808B3FFE71498069027
:109650001398069908630699022081F851000A9828
:109660000999089A079BDDF848C0069CEE4600253C
:10967000CEF80C50CEF8084005ACCEF80440CEF839
:1096800000C0FEF777F80698FDF7FAFD02E000202B
:109690000590FFE705980EB0B0BD000081B04BF219
:1096A0001420C2F20000006818B9FFE70120009002
:1096B0000DE04AF6E860C2F20000006818B9FFE762
:1096C0000220009002E000200090FFE7FFE70098F2
:1096D00001B0704781B04BF24820C2F20000006830
:1096E0000090009801B0704780B586B000200290CD
:1096F0004AF6E860C2F200000068002840F0C58029
:10970000FFE74BF24821C2F20001086801300190E6
:1097100001980860019858BBFFE744F6D050C2F2A8
:1097200000000068006858B1FFE74FF0500080F378
:109730001188BFF36F8FBFF34F8F0590FFE7FEE7F0
:1097400044F6D052C2F200021068009044F6D8519C
:10975000C2F2000108681060009808604BF2B01176
:10976000C2F20001086801300860FEF727FB00E044
:10977000FFE701984BF2AC11C2F200010968884280
:1097800062D3FFE7FFE744F6D050C2F20000006862
:10979000006840B9FFE74BF2AC11C2F200014FF094
:1097A000FF3008604FE044F6D050C2F2000000687D
:1097B000C068C068049004984068039001980399B9
:1097C000884207D2FFE703984BF2AC11C2F20001C6
:1097D000086038E0FFE704980430FEF75FFD049866
:1097E000806A28B1FFE704981830FEF757FD00E0C3
:1097F000FFE70498C16A012000FA01F24AF6F0611D
:10980000C2F200010868104308600499C86A00EBBE
:10981000800244F6E050C2F2000000EB8200043106
:10982000FEF7E2FD0498C06A44F6C851C2F2000196
:109830000968C96A884203D3FFE70120029000E06B
:10984000FFE7FFE79FE7FFE744F6C850C2F20000DA
:109850000068C06A00EB800144F6E050C2F20000EC
:1098600050F82100022803D3FFE70120029000E016
:10987000FFE74BF2A860C2F20000006818B1FFE7F2
:109880000120029000E0FFE707E04BF2BC11C2F2BA
:109890000001086801300860FFE7029806B080BD4B
:1098A00080B586B003900398029000200190039841
:1098B000002800F07D80FFE7029844F6C851C2F20C
:1098C0000001096888420BD0FFE74FF0500080F399
:1098D0001188BFF36F8FBFF34F8F0590FFE7FEE74F
:1098E0000298806C58B9FFE74FF0500080F3118860
:1098F000BFF36F8FBFF34F8F0490FFE7FEE702992E
:10990000886C013888640299C86A496C88424DD0D5
:10991000FFE70298806C002846D1FFE702980430E8
:10992000FEF7BCFCD0B9FFE70298C06A00EB8001EB
:1099300044F6E050C2F2000050F8210068B9FFE799
:109940000298C16A012000FA01F24AF6F061C2F2FF
:109950000001086890430860FFE700E0FFE7029914
:10996000486CC8620299C86AC0F107008861029811
:10997000C16A0120009000FA01F24AF6F061C2F2D9
:1099800000010868104308600299C86A00EB800271
:1099900044F6E050C2F2000000EB82000431FEF712
:1099A00023FD0098019000E0FFE700E0FFE700E002
:1099B000FFE7019806B080BD80B584B002900298A0
:1099C000C068C0680190019858B9FFE74FF0500097
:1099D00080F31188BFF36F8FBFF34F8F0390FFE7C2
:1099E000FEE701981830FEF759FC4AF6E860C2F22B
:1099F00000000068F0B9FFE701980430FEF74EFC64
:109A00000198C16A012000FA01F24AF6F061C2F23F
:109A100000010868104308600199C86A00EB8002E1
:109A200044F6E050C2F2000000EB82000431FEF781
:109A3000DBFC09E0019800F118014BF2C010C2F202
:109A40000000FEF7D1FCFFE70198C06A44F6C85158
:109A5000C2F200010968C96A884208D9FFE70120FB
:109A600000904BF2A861C2F20001086002E0002001
:109A70000090FFE7009804B080BD000080B584B07E
:109A80000020029001904AF6E860C2F200000068EF
:109A900058B9FFE74FF0500080F31188BFF36F8F84
:109AA000BFF34F8F0390FFE7FEE7FEF7C5FC4AF6D2
:109AB000E860C2F200000168013901600068002816
:109AC00040F09280FFE74AF6E060C2F200000068D2
:109AD000002800F08880FFE7FFE74BF2C010C2F2D9
:109AE00000000068E0B3FFE74BF2C010C2F20000D4
:109AF000C068C068029002981830FEF7CFFB029849
:109B00000430FEF7CBFB0298C16A012000FA01F293
:109B10004AF6F061C2F20001086810430860029939
:109B2000C86A00EB800244F6E050C2F2000000EB8D
:109B300082000431FEF758FC0298C06A44F6C8510E
:109B4000C2F200010968C96A884207D3FFE74BF2F5
:109B5000A861C2F200010120086000E0FFE7BCE755
:109B6000029818B1FFE7FEF729F9FFE74BF2BC10A6
:109B7000C2F20000006800900098E0B1FFE7FFE744
:109B8000FFF7B2FD38B1FFE74BF2A861C2F2000166
:109B90000120086000E0FFE7009801380090FFE72F
:109BA00000980028ECD1FFE74BF2BC11C2F2000193
:109BB0000020086000E0FFE74BF2A860C2F200005E
:109BC000006870B1FFE7012001904EF60451CEF21B
:109BD00000014FF080500860BFF34F8FBFF36F8FCD
:109BE00000E0FFE7FFE700E0FFE7FEF751FC019828
:109BF00004B080BD80B58AB000200890FDF7C8FB96
:109C00004BF24C20C2F20000006858B3FFE700207E
:109C100004900790069007A806A905AAFEF778FB0E
:109C2000049B059A0698DDF81CC06946C1F808C077
:109C300048600220086047F66970C0F601004CF2E7
:109C40000A41C0F60101FFF7C1FC01464BF250602A
:109C5000C2F200000160006818B1FFE7012008901F
:109C6000FFE700E0FFE7089858B9FFE74FF0500022
:109C700080F31188BFF36F8FBFF34F8F0990FFE719
:109C8000FEE708980AB080BD80B58AB0DDF830C024
:109C9000089007910692059300200490089858B9FF
:109CA000FFE74FF0500080F31188BFF36F8FBFF3D1
:109CB0004F8F0990FFE7FEE74BF24C20C2F2000005
:109CC0000068A8B3FFE707980090069801900898ED
:109CD0000290079805281EDCFFE7FFF7DFFC02284B
:109CE0000CD1FFE74BF24C20C2F2000000680C9A46
:109CF00069460023FFF7F4F804900BE04BF24C2088
:109D0000C2F200000068694600231A46FFF7E8F82F
:109D10000490FFE70BE04BF24C20C2F20000006819
:109D2000059A69460023FFF7F1F90490FFE700E088
:109D3000FFE704980AB080BD03B401984100009881
:109D400050EAC12018BF04204A0D18BF40F001009E
:109D500040F2FF72B2EB515F08BF40F002000128F1
:109D600008BF052002B070474100080218BF042058
:109D70000A0E18BF40F001004FF07F4232EA0101A5
:109D800008BF40F00200012808BF0520704700000E
:109D900010B54FF00E402DED028BB0EE408A18EE5C
:109DA000104A00EB4400B0F1506F4AD84FF0FC402D
:109DB000B0EB440F22D2B0EEC80AF7EE000A30EE44
:109DC000C00AF6EE000A60EE208A18EE900A00F053
:109DD000B3FD01EE100A14F0004F1DBFDFED2D0A98
:109DE0009FED2D0AB1EE411ADFED2C0A08BF9FED61
:109DF0002C0AF8EE001A21EE218A05E0DFED290A8F
:109E000068EE088AB0EE600A9FED271ADFED271A88
:109E100030EE080A48EE811A9FED251A08EEA11AC5
:109E2000DFED241A48EE811A9FED231A08EEA11ADD
:109E300068EE281ABDEC028B01EE810A30EE200A92
:109E400010BD4FF0E440B0EB440F0CD918EE100AEF
:109E5000FFF78AFF042808BF00F05AFDB0EE480A59
:109E6000BDEC028B10BD4FF07F40B0EB440F07D22A
:109E7000B0EE480ABDEC028BBDE8104000F03CBDDE
:109E80000120E6F759FBBDEC028BBDE8104000F065
:109E900037BD00000000C9BF22AAFDB90000C93FBC
:109EA00022AAFD390000000024FE1C3DC78AD83CD0
:109EB0001E67383D1B93993DAFAA2A3E0000000063
:109EC00010B52F499FED2C1B2DED020B84B005988A
:109ED00020F000408842D8BF9DED040B2DDD2949BC
:109EE000884209D1049840B94FF00100E6F724FBFD
:109EF00000F0E2FC06B010BD05DB9DED040B00F0A8
:109F0000CFFC06B010BD68469DED040B00F0E0F8F4
:109F100010F0030004BF9DED021B9DED000B0CD063
:109F200001280ED09DED021B9DED000B022817D0DD
:109F3000012000F01DFC06B010BD00F0E5FA06B0EF
:109F400010BD9DED021B9DED000B012000F010FCEB
:109F500051EC100B00F00FFD06B041EC100B10BDE2
:109F600000F0D2FA51EC100B00F005FD06B041EC08
:109F7000100B10BD000000000000000000000000F9
:109F8000FB21E93F0000F07F10B52F499FED2C1B0E
:109F90002DED020B84B0059820F000408842DCBF14
:109FA00000209DED040B32DD2849884209D1049838
:109FB00040B94FF00100E6F7BFFA00F07DFC06B0B3
:109FC00010BD05DB9DED040B00F06AFC06B010BD72
:109FD00068469DED040B00F07BF810F0030011D0F3
:109FE000012818D09DED021B9DED000B02281AD010
:109FF00000F08AFA51EC100B00F0BDFC06B041EC09
:10A00000100B10BD9DED021B9DED000B012000F01B
:10A01000AFFB06B010BD9DED021B9DED000B00F0E7
:10A0200073FA06B010BD012000F0A2FB51EC100B3A
:10A0300000F0A1FC06B041EC100B10BD00000000C8
:10A040000000000000000000FB21E93F0000F07F5D
:10A0500000B52DED048BB0EE409AF0EE609A83B01F
:10A0600051EC190B01F02CF841EC180B18EE100A0A
:10A0700018EE901A8DED008B002818BF01200843C0
:10A0800020F00040C0F17F6000F1E040C00F14D02C
:10A0900019EE101A19EE900A8DED009B002918BFD9
:10A0A0000121084320F00040C0F17F6000F1E04052
:10A0B000C00F04BF0120E6F73FFAB0EE480A03B034
:10A0C000F0EE680ABDEC048B00BD0000000000004B
:10A0D0002DE9F14F04462DED020B2DED088B8AB0D2
:10A0E0009FEDE70B80ED020B139EE74826F000453D
:10A0F00085420ADC9DED120B002084ED000B0AB0B6
:10A10000BDEC088B03B0BDE8F08FE0489FEDE0ABFD
:10A110009FEDE1BBA84247DDE14F9FEDE39B9FED43
:10A12000E48B9DED120B53EC1A2B51EC100B002E0F
:10A130001CDD01F091F841EC100BBD4208D053EC4E
:10A140001B2B51EC100B01F087F8C4E900010BE068
:10A1500053EC192B51EC100B01F07EF853EC182B3B
:10A1600001F07AF8C4E900010120C8E700F042FCE0
:10A1700041EC100BBD4208D053EC1B2B51EC100BE3
:10A1800000F038FCC4E900010BE053EC192B51EC52
:10A19000100B00F02FFC53EC182B00F02BFCC4E943
:10A1A00000014FF0FF30AAE7C348A84279DB9DEDDC
:10A1B000120B51EC100B00F0B3FB41EC180B9FEDB0
:10A1C000C00B53EC102B00F071FE9FEDBF1B53EC46
:10A1D000112B00F00FFC00F00FFE074600F03BFED5
:10A1E00041EC190B53EC1A2B00F060FE53EC182BCA
:10A1F00000F05AFF41EC180B53EC1B2B51EC190BE0
:10A2000000F054FEDFF8C8A241EC100B4FEA1558DD
:10A210000125FA4453EC102B51EC180B01F01CF8FB
:10A22000032DC4E900013DD0C1F30A5005EB4511EF
:10A23000A8EB00001139814234DA0AEB051BB0EEBD
:10A2400048AA9BED000BF0EE68AA53EC102B51ECE2
:10A25000190B00F02BFE41EC1B0B51EC1A0B53ECCD
:10A260001B2B00F0F9FF41EC180B51EC1A0B53ECCF
:10A27000182B00F0F1FF53EC1B2B00F0EDFF9BEDD2
:10A28000020B41EC1A0B53EC102B51EC190B00F0A4
:10A290000DFE53EC1A2B00F0DFFF41EC100B6D1C90
:10A2A000B8E70EE0002EA8BF3846BFF628AF94ED01
:10A2B000000B51EC100B00F05EFBC4E9000178428A
:10A2C0001DE7C6F3130040F4801EC6F30A50A0F247
:10A2D000F530471100F01F05C5F12000DDF848B04A
:10A2E00008900020069007900520EC467949002D43
:10A2F00007EB0002794408BF51F8221009D051F849
:10A30000223001EB8201AB404A68089922FA01F140
:10A310001943A1FB0E26A1FB0B131A449A4234BF2A
:10A320000123002303EB06080CEB8003D3E901A60D
:10A330000E448E4234BF0121002192448A4411B15F
:10A34000924502D903E0924501D2012100E00021AB
:10A35000C3E901A641444CF82010011EA0F1010000
:10A36000C4DC029800F10050850F0298DDE9036714
:10A370008000DDF8148000F06EFD41EC1A0B3046D1
:10A3800000F080FD9FED541B53EC112B00F08EFD6F
:10A3900041EC1B0B384600F075FD9FED511B53EC53
:10A3A000112B00F083FD41EC180B404600F06AFDD4
:10A3B0009FED4D1B53EC112B00F078FD41EC190B78
:10A3C00051EC180B53EC192B00F014FB53EC1B2B26
:10A3D00000F010FB53EC1A2B00F00CFBCDE9080148
:10A3E000002008909DED080B53EC1A2B51EC100B3C
:10A3F00000F032FF53EC1B2B00F02EFF53EC182B18
:10A4000000F02AFF53EC192B00F04EFE9FED381B95
:10A4100053EC112B00F04AFD9FED370B41EC180B6C
:10A4200053EC102B9DED080B51EC100B00F03EFD92
:10A4300053EC182B00F0DEFA9FED310B41EC180BBA
:10A4400053EC102B9DED080B51EC100B00F02EFD82
:10A4500053EC182B00F0CEFA41EC100B139810F0CF
:10A46000004F06D06D4251EC100B00F084FA41EC25
:10A47000100B284684ED000B41E6000000000000B0
:10A480000000000000000000FB21E93F7CD90240F1
:10A4900000004054FB21F93F3163621A61B4D03DA2
:10A4A000FB21F93F000000000000601A61B4D03DBC
:10A4B0007370032E8A19A33BFB2139410000000071
:10A4C00083C8C96D305FE43F000000000000E03F3A
:10A4D000BA13000008130000000000000000103E46
:10A4E000000000000000103C000000000000103AD6
:10A4F000182D4454FB21F93D3326A611460B113C7F
:10A5000000000054FB21F93D10B52DED040B2DED9D
:10A51000088B82B0B0EE419AF0EE619A0B9820F071
:10A5200000449FED4BABB4F1795F11DA9DED0A0B5E
:10A5300051EC100B00F060FC002801BFB0EE4A0A9D
:10A54000F0EE6A0A02B0BDEC088B04BF04B010BD87
:10A550009DED0A0B53EC102B51EC100B00F0A6FCF8
:10A5600041EC180B3C480621B0EE480AF0EE680AB0
:10A57000784400F081F853EC182B51EC100B00F0EC
:10A5800095FC9DED0A0B41EC1B0B53EC192B51EC88
:10A59000100B00F08BFC41EC190B53EC1B2B51EC16
:10A5A000180B00F083FC53EC192B00F055FE9FEDC7
:10A5B0002C0B41EC190B53EC102B51EC180B00F049
:10A5C00075FC41EC100B2848844210DA53EC192B2F
:10A5D00051EC100B00F040FE53EC1A2B00F064FD20
:10A5E00041EC100B02B0BDEC088B04B010BD1F484D
:10A5F000A042BCBF9FED1E1B8DED001B06DBA4F52A
:10A6000000100190002000909DED001B51EC100BFC
:10A6100053EC112B00F020FE9DED000B41EC180BCC
:10A6200053EC102B51EC1A0B00F016FE41EC1A0BF8
:10A6300053EC192B51EC180B00F00EFE53EC1A2BB7
:10A6400000F032FD41EC100BCCE7000000000000F0
:10A65000000000000000F03F2C100000000000008F
:10A66000000000000000E03F3333D33F0000E93F2B
:10A67000000000000000D23F70B504462DED028BB3
:10A680004D1E00EBC500B0EE408AF0EE608A90ED02
:10A69000000B35F0060017D053EC182B51EC100BC3
:10A6A00000F004FC41EC100B6D1E04EBC50090EDB6
:10A6B000001B51EC100B53EC112B00F09BF941ECFB
:10A6C000100B35F00600E7D1022D36D0042D1CD03A
:10A6D000062D1CBFBDEC028B70BD53EC182B51EC4A
:10A6E000100B00F0E3FB94ED0A1B53EC112B00F070
:10A6F00081F953EC182B00F0D9FB94ED081B53ECB7
:10A70000112B00F077F941EC100B53EC182B51ECA6
:10A71000100B00F0CBFB94ED061B53EC112B00F05B
:10A7200069F953EC182B00F0C1FB94ED040B53ECCA
:10A73000102B00F05FF941EC100B53EC182B51EC8F
:10A74000100B00F0B3FB94ED021B53EC112B00F047
:10A7500051F953EC182B00F0A9FB94ED001B53ECBE
:10A76000112B00F047F9BDEC028B41EC100B70BDD2
:10A7700031B504462DED040B2DED0A8BB0EE41BA38
:10A78000F0EE61BA0B989DED0A0B20F00040B0F19D
:10A79000795F0DDA51EC100BFFF7CEFA042808BFF1
:10A7A00000F09AF89DED0A0BBDEC0A8B05B030BDA8
:10A7B00053EC102B51EC100B00F078FB41EC180B14
:10A7C0009DED0A0B53EC182B51EC100B00F06EFBB7
:10A7D00041EC190B2C48B0EE480AF0EE680A05214E
:10A7E0007844FFF749FF9FED2ACBB0EE40AAF0EE88
:10A7F00060AA9CB353EC1C2B51EC190B00F056FBD8
:10A8000041EC1C0B53EC1A2B51EC190B00F04EFBD6
:10A810009FED210B41EC190B53EC102B51EC1B0B52
:10A8200000F044FB53EC192B00F016FD53EC182BF1
:10A8300000F03CFB53EC1B2B00F00EFD53EC1C2BEB
:10A8400000F00AFD9DED0A1B53EC112B00F02CFCCF
:10A85000BDEC0A8B05B041EC100B30BDFFE753ECAB
:10A860001A2B51EC180B00F021FB53EC1C2B00F0C1
:10A87000C1F853EC192B00F019FB9DED0A1B53ECAA
:10A88000112B00F0B7F8E3E7BC0E00000000000059
:10A89000495555555555C5BF000000000000E03F23
:10A8A00010B553EC102B51EC100B00F0A3F841EC59
:10A8B000100B10BD000000009FED050B10B553EC10
:10A8C000102B51EC100B00F03DF941EC100B10BDBA
:10A8D00000000000000000009FED050B10B553ECD8
:10A8E000102B51EC100B00F0E1FA41EC100B10BDF5
:10A8F000000000000000001030EE000A7047000069
:10A90000DFED020A80EEA00A7047000000000000A0
:10A910009FED020A20EE000A7047000000000010C0
:10A9200082B0CDE9000121F0004001909DED000BC7
:10A9300002B051EC100B704710B500EE100A2DED6F
:10A94000028BB1EEC08A18EE100A20F00040C0F170
:10A95000FF40C00F0AD010EE100A20F00040C0F1F6
:10A96000FF40C00F04BF0120E5F7E6FD18EE100A16
:10A97000BDEC028B10BD81F00041704780F00040BB
:10A98000704721F00041704720F000407047000000
:10A9900021F0004201F00043A2F16052B2F5801FA5
:10A9A00028BFD2F17F6C0BD95FEA001C43EAC202D8
:10A9B00042EB507018BF704728BF20F0010070476D
:10A9C000B2F5801FBCBF184670474FEA410C1CF51A
:10A9D000001F02D2084600F0DBBD70B500F010FB8E
:10A9E00000000089FFF7F6BF4FF00040A0F580009F
:10A9F0007047000010B591EA030F48BF83F0004391
:10AA000000F13284841A71EB030C05D2121943EB66
:10AA10000C03001B61EB0C014FEA1154A4EB135C17
:10AA2000DFF81CE11EEA430F18BF9EEA445F00F006
:10AA3000748021EA045123EA0E0343F48013DCF10D
:10AA4000200E32D322FA0CFE10EB0E0023FA0CFE7D
:10AA500041EB0E01CCF1200E03FA0EFE10EB0E00BE
:10AA6000CCF1200E51F10001B1F5801F32D201EB83
:10AA7000045112FA0EF2BDE8104058BF7047401C56
:10AA800038BF5FEA420218BF7047002814BF20F0A9
:10AA9000010041F100014FEA410313F5001F38BFE7
:10AAA0007047A1F1C04100F0F9BA012A43EB03025B
:10AAB000ACF1200CDCF11F0E32BF4FF0000E23FA78
:10AAC0000CF310EB030041EB0451B4EB115FD0D059
:10AAD000A1EB045101F58011490801EB04515FEA33
:10AAE00030000ED350F1000038BF12FA0EFE08D12C
:10AAF000BDE81040C9E7401C38BF5FEA4202CAD136
:10AB0000C3E7BDE810404FEA410313F5001F38BF0B
:10AB10007047A1F1C04100F0C1BA9EEA445F08D07D
:10AB200011EA5E0FBDE8104004BF01F000410020B3
:10AB30007047BDE8104070B500F062FA64FBBE3E9D
:10AB40000000E0FF2DE9C04130B4DFF8A4C23CEAC8
:10AB5000111418BF3CEA131400F0ED801CEA111424
:10AB600081EA030544EAD57418BF1CEA131500F006
:10AB7000C880A4EB050404F17F7404F500344FF0A1
:10AB8000004545EAC12145EAC32341EA505143EA61
:10AB900052534FEAC0204FEAC222994208BF904266
:10ABA00000F09D804FEA13650FF24416765D4FEA80
:10ABB000134506FB05F7C7F1807706FB07F74FEA59
:10ABC000D737A7FB03687642A7FB06CEC8F58038C7
:10ABD00038BFA8F1010807FB08E6A6FB028C4FF07E
:10ABE000000EE6FB03CEDCF1000CCEF1004E38BFC8
:10ABF000AEF1010EA6FB0C584FF00007E6FB0E87E6
:10AC0000A1FB08C6A0FB07CE16EB0E064FF0000511
:10AC100045F10005E1FB076515F1E04E7EBFA4F5A7
:10AC200080345FEA46066D4116F1800745F1000564
:10AC30004FEA172747EA05674FEA15254FEA0666E8
:10AC4000A6F1DE46B6F1805F20D9384605EBC47127
:10AC500024F0010C01EB0C11BCF1FE6F02D8F0BC2A
:10AC6000BDE8008124425CBF01F5801E9EEAC47FDE
:10AC700002D4F0BCBDE80081244200F13980A1F18A
:10AC8000C041F0BCBDE8004100F008BA4FEAD02056
:10AC900040EA41504FEAD1214FEAD22242EA4352E0
:10ACA0004FEAD323A7FB028607FB036605FB026678
:10ACB0001EEA0E0F58BFA6EB0056B6EB00564FEA41
:10ACC000520E4EEAC37E18EB0E0E56EB530EBCD559
:10ACD00018EB02085E417F1C55F10005B5E74FF403
:10ACE00080154FF000074FF000064FF00008ACE76A
:10ACF00001F1C04101F000414FF00000F0BCBDE89F
:10AD000000810CEA131511EA0C1F00D00CE013EAC5
:10AD10000C1F00F026804FF0000081EA030101F0D3
:10AD20000041F0BCBDE80081F0BCBDE8004181EA13
:10AD3000030100F0B3B9F0BCBDE8004170B500F00C
:10AD40005FF900BF097EFC3E00F007B84FF000003D
:10AD500081EA030101F00041704781EA030100F03C
:10AD60009DB9F0BCBDE8004122494FF0000070479A
:10AD7000FFFDFBF9F7F5F4F2F0EEEDEBE9E8E6E4C0
:10AD8000E3E1E0DEDDDBDAD8D7D5D4D3D1D0CFCD47
:10AD9000CCCBCAC8C7C6C5C4C2C1C0BFBEBDBCBB80
:10ADA000BAB9B8B7B6B5B4B3B2B1B0AFAEADACAB7B
:10ADB000AAA9A8A8A7A6A5A4A3A3A2A1A09F9F9E55
:10ADC0009D9C9C9B9A999998979796959594939307
:10ADD000929191908F8F8E8E8D8C8C8B8B8A89899E
:10ADE0008888878786858584848383828281818021
:10ADF0000000FF070000F87F4FEA41034FEA53537A
:10AE0000A3F58063D3F11E03C8BFD3F1210C0CDD81
:10AE10004FF0004242EAC12242EA505232FA03FCA9
:10AE20008CEAE17CACEBE1707047102BC4BF0020D2
:10AE3000704703F5787CBCF1FF3F04D06FF000420F
:10AE400082EA2100704770B500F0DAF84992248058
:10AE500000207047F2E710F0004248BF4042B0FACD
:10AE600080F310FA03F10AD0C3F11D0303F58063E8
:10AE700002EB03524FEA415002EBD12170474FF0F1
:10AE800000007047B0FA80F310FA03F10AD0C3F162
:10AE90001D0303F580634FEA03524FEA415002EB72
:10AEA000D12170474FF000007047000070B5DFF807
:10AEB00048C11CEA111E1EBF1CEA13159EEA0C0FA6
:10AEC00095EA0C0F00F06F8081EA03044EEAD47E0D
:10AED000AE4421EA4C1123EA4C1341F4801143F4AF
:10AEE0008013AEF17F7EA1FB024CA0FB03653619F7
:10AEF00055EB0C05A1FB034C4CF10003A0FB021C1D
:10AF000016EB0C06654153F10003094218BF46F0E9
:10AF1000010613F4007F0BD14FEA03314FEA0530ED
:10AF200041EA155140EA165034036FF003020AE07B
:10AF30004FEAC3214FEAC52041EA555140EA565035
:10AF4000F4026FF0020202EB2E4201EB025585EA99
:10AF5000CE710AD05FEA440C18BF24F0004450F1CF
:10AF6000000041F1000120EAD47040F2FE7C62450D
:10AF700000D270BDA84214BF4FF080444FF040444F
:10AF8000002E08BF0024BEF1806FA8BFA1F1C04110
:10AF9000BDE8704080F2828001F1C04101F00041C3
:10AFA0004FF0000070470CEA13159EEA0C0F18BF13
:10AFB00095EA0C0F06D081EA030E4FF000000EF068
:10AFC000004170BD00F01CF88900013E00F007B898
:10AFD00000F009B84FEA430C5FEA5C5C08D081EAF4
:10AFE000030100F05BB84FEA410C5FEA5C5CF6D10C
:10AFF00002494FF0000070470000FF070000F87F93
:10B000000EF1020E2EF0030E5EF8046B364205D4EC
:10B01000012A43EB030515F5001F12D8012841EB67
:10B02000010C1CF5001F0CD80ED14FEAD17C0CEBA3
:10B030004C0C0CF1020C15F5001F08BF4CEBD37C37
:10B0400004E04FF0080C01E04FEAD37C0CEB4C0518
:10B0500026FA05F606F00706B6F1040C06D20EEB4A
:10B06000860CBDE870404CF0010C6047DFE80CF046
:10B07000090B02024FF00041A1F500214FF0000042
:10B0800070BD19461046012851EB010418BFD4F5D4
:10B09000001484BF002001F0004170BD0808A0F535
:10B0A00000114FEA3101704710B591EA030F81F0AA
:10B0B00000413FF5A7AC83F0004300F0D5B8000095
:10B0C0002DE9F04101F5801CBCF5001FC0F2A980FC
:10B0D0004FEA115C21EA0C5141F480110CF1FD0C96
:10B0E0005FEA5C0C0CF5C07C01D340004941890249
:10B0F00041EA905187022EA48E0EA45D0A0C04FB37
:10B1000004F602FB06F6C6F14046A4FB0662F60D05
:10B1100046EA422606FB06F4A4FB01235242C3F191
:10B12000404338BF5B1EA6FB02420024E6FB03241B
:10B13000D20B42EA4446A6FB0623A1FB02E2A3FB94
:10B1400007E4E3FB61426442C2F1404E38BFAEF116
:10B15000010EA6FB04234FF00002E6FB0E32A2FB19
:10B1600003463400E2FB6264A1FB06E6A4FB07E8A9
:10B17000E4FB61687642C8F1405838BFA8F1010885
:10B18000A2FB06E4A3FB08E5E2FB6854A1FB05E68D
:10B19000A7FB04E8E1FB648618F1200556F10006E0
:10B1A000A80940EA8660B109A8F11B0808F03F0829
:10B1B000B8F10A0F1CD901EB0C51BDE8F08100BFBA
:10B1C000FCF5EEE8E2DDD8D3CFCBC7C3C0BDB9B63E
:10B1D000B4B1AEACA9A7A5A3A19F9D9B9A98969543
:10B1E0009392908F8D8C8B898887868584838281CA
:10B1F000A0FB006800FB01F208EB4208B8EB8728CF
:10B2000007D5341858EB0104D5D5401C51F1000185
:10B21000D1E7341A78EB0104CDD4401E71F100015E
:10B22000C9E75FEA4C0C5FEA9C5C0DD105D301F0E5
:10B2300000414FF00000BDE8F081BDE8F04170B57D
:10B24000FFF7DEFE6DDBFFBEBDE8F04101494FF0C8
:10B25000000070470000F87F10B591EA030F48BF67
:10B2600083F000433FF5CEAB841A71EB030C07D299
:10B270008CF0004C121943EB0C03001B61EB0C012A
:10B280004FEA1154A4EB135CDFF8A4E11EEA430F6C
:10B2900018BF9EEA445F00F0B48021EA045123EA1B
:10B2A0006E035242C3EB6E0338BF5B1EDCF1200E0F
:10B2B00025D322FA0CFE10EB0E0043FA0CFE41EBF4
:10B2C0000E01CCF1200E03FA0EFE10EB0E00CCF1B5
:10B2D000200E51F1000129D401EB045112FA0EF2B3
:10B2E000BDE8104058BF7047401C1CBFB2F1004F72
:10B2F000704700280CBF491C20F00100704712EB7A
:10B30000020E43EB030218BF4FF0010E4EEA420259
:10B31000ACF1200CDCF11E0E56D943FA0CFE10EBFA
:10B320000E00CCF11E0E51F1FF31D5D50EF1010EFC
:10B3300012FA0EFE404141EB010101EB445C5FEA71
:10B340005C5C10D901EB045110EBDE7038BFBEF12C
:10B35000004FBDE8104018BF704700280CBF491CC3
:10B3600020F00100704734D24FEAD42C24F400645A
:10B3700011F500111BD0B1FA81F20B3AA41AA41EE8
:10B38000D2F12003914030FA03F31943904001EBCE
:10B39000CC7101EB0451002CBDE81040A8BF7047F0
:10B3A00001F1C04101F000414FF000007047B0FAD8
:10B3B00080F310FA03F102D1BDE810407047E41A9F
:10B3C000173C4805C90AE2E701EB0451BDE810400B
:10B3D000704749104FEA300001EB0451BDE81040BE
:10B3E00002E04FF0000170474A0008BF0042F8D069
:10B3F000B2F5001F28BF704701F000414FF0000078
:10B4000070479EEA445F07D011EA5E0FBDE8104026
:10B4100004BF002100207047BDE8104070B5FFF761
:10B42000EFFD00BF40DFF63E104683F0004170475D
:10B430000000E0FF43004FEAD30C4FEA3C0C4340CE
:10B440001FBF40070CF1605113F0FE4F70471CF016
:10B45000006F03D10CF00041002070470CF0004356
:10B4600043EA507040EACC0010B500F03EF800BF4F
:10B47000000000924FEA0001FFF710BE4FF00041BC
:10B48000A1F500214FF0000070474FF07E5209E017
:10B4900011F0004204D54042C1F1000138BF491EFD
:10B4A00042F07E5202F170620B0012BF20235FEA6D
:10B4B00000017047B1FA81FC01FA0CF1A3EB0C0317
:10B4C00020FA03FC41EA0C0102EBC352C3F1200352
:10B4D00010FA03FC5CEA416C42EB112018BF5FF0EC
:10B4E000806C28BF20F0010070470EF1020E2EF094
:10B4F000030E5EF8044B244204D44FEA4102B2F139
:10B500007F4F11D84FEA4003B3F17F4F0CD80ED1D3
:10B510004FEAD07C0CEB4C0C0CF1020CB2F17F4FDB
:10B5200008BF4CEBD17C04E04FF0080C01E04FEA7F
:10B53000D17C0CEB4C0324FA03F404F00704B4F1BF
:10B54000040C06D20EEB840CBDE810404CF0010C4C
:10B550006047DFE80CF0070802024FF00040A0F55A
:10B56000800010BD0846420018BFD2F1807288BF2B
:10B5700000F0004010BDF1EE100A4FF6FF71C0F26E
:10B58000C03120EA010040F04070E1EE100A70473F
:10B59000FF2141EAD050C0057047000000000000C4
:10B5A0004C5555555555A53F7751C1166CC156BFE1
:10B5B0009015CB19A001FA3EAD529C804F7E92BEF1
:10B5C000C4B1B4BD9EEE213ED43888BEE9FAA8BD10
:10B5D00000004054FB21F93F3163621A61B4D03D51
:10B5E0000000601A61B4D03D7370032E8A19A33B2A
:10B5F0000000002E8A19A33BC14920259A837B397C
:10B6000000000000000000006E83F9A22915444EDE
:10B61000D15727FCC0DD34F5999562DB4190433C5E
:10B62000AB6351FE61C5BBDE3A6E24B7E0D24D423A
:10B63000EA2E49061C92D1091CEB1DFE3EA729B13A
:10B64000F53582E88444BB2E26709CE9417E5FB4C8
:10B6500039D69139F43953838B5F849C3B28F9BDEB
:10B66000FF97F81F0F9805DE8B112FEF1F6D0A5AF9
:10B67000CF7E366DB709CB27663F464F2DEA5F9EDA
:10B68000C7BA27757BF1E5EBF739073DEA92528A95
:10B69000B15FFB6B085D8D1F463003560000000054
:10B6A000A6F810111111813FD561C119A0012ABF5F
:10B6B0007DFEB157E31DC73EEB9C2B8AE6E55ABEE3
:10B6C0007CD5CF5A3AD9E53D0000C03FCDCCCC3D2A
:10B6D00000000000000020400AD7233C00000000CA
:10B6E000000020429A99993E000000000000344278
:10B6F000CDCCCC3D9A99993E00000040000000005E
:10B700000000000033331340000000000000000080
:10B71000CDCC4C3E000000000000000000000040C6
:10B7200000000000000000000000004000000000D9
:10B730000000000033331340000000000000000050
:10B74000A9C3010805EE0008000000000000000089
:10B750000001000000000000000000008CC3010890
:10B7600045EE000803000000000000000002000099
:10B77000000000000000000094C301080DEF000865
:10B7800000000000000000000001000000000000B8
:10B790000000000080C3010819F00008FEFF00004F
:10B7A0000000000000010000000000000000000098
:10B7B000B5C3010831F000080000000000000000DF
:10B7C0008000000000000000000000009DC3010890
:10B7D0006DED000800000000000000008000000087
:10B7E00000000000000000000000C8440AD7A33C8D
:10B7F0000000A0400000000000000000010203045F
:10B8000006070809000000000102030400061016E4
:10B81000000610160000803F00000000000000003D
:10B820000000000000000000000000000000000018
:10B830000000803F00000000000000000000000049
:10B840000000000000000000000000000000803F39
:10B8500000000000000000000000000000000000E8
:10B8600000000000000000000000803F0000000019
:10B8700000000000000000000000000000000000C8
:10B88000000000000000803F0000000000000000F9
:10B8900000000000000000000000000000000000A8
:10B8A0000000803F00000000000054545220524528
:10B8B0004747455300303132333435363738394114
:10B8C0004243444546000000000000000100803F64
:10B8D000C90CC0B7E565AABE435690BB3C695D3E46
:10B8E000EBFCA9BC08B732BEE745093EA59204BDF2
:10B8F0000000891112239B322446AD573665BF7470
:10B90000488CC19D5AAFD3BE6CCAE5DB7EE9F7F81F
:10B910008110080193331A22A5562C47B7753E644F
:10B92000C99C408DDBBF52AEEDDA64CBFFF976E8FF
:10B9300002218B30100299132667AF763444BD552F
:10B940004AADC3BC588ED19F6EEBE7FA7CC8F5D9DF
:10B9500083310A2091121803A7772E66B5543C450F
:10B96000CBBD42ACD99E508FEFFB66EAFDD874C9BF
:10B9700004428D5316619F702004A9153227BB36EF
:10B980004CCEC5DF5EEDD7FC6888E1997AABF3BA9F
:10B9900085520C4397711E60A1142805B3373A26CF
:10B9A000CDDE44CFDFFD56ECE9986089FBBB72AA7F
:10B9B00006638F7214409D512225AB343006B917AF
:10B9C0004EEFC7FE5CCCD5DD6AA9E3B8788AF19B5F
:10B9D00087730E6295501C41A3352A24B11638078F
:10B9E000CFFF46EEDDDC54CDEBB962A8F99A708B3F
:10B9F000088481951AA793B62CC2A5D33EE1B7F06F
:10BA00004008C919522BDB3A644EED5F766DFF7C1E
:10BA1000899400859BB712A6ADD224C3BFF136E04E
:10BA2000C1184809D33B5A2AE55E6C4FF77D7E6CFE
:10BA30000AA583B4188691972EE3A7F23CC0B5D12E
:10BA40004229CB38500AD91B666FEF7E744CFD5DDE
:10BA50008BB502A499961087AFF326E2BDD034C10E
:10BA6000C3394A28D11A580BE77F6E6EF55C7C4DBE
:10BA70000CC685D71EE597F42880A1913AA3B3B2EE
:10BA8000444ACD5B5669DF78600CE91D722FFB3E9E
:10BA90008DD604C79FF516E4A9902081BBB332A2CE
:10BAA000C55A4C4BD7795E68E11C680DF33F7A2E7E
:10BAB0000EE787F61CC495D52AA1A3B03882B193AE
:10BAC000466BCF7A5448DD59622DEB3C700EF91F5E
:10BAD0008FF706E69DD414C5ABB122A0B99230838E
:10BAE000C77B4E6AD5585C49E33D6A2CF11E780F3E
:10BAF00000000000920E493CB10AC93C2BC3163D20
:10BB00002EFB483D752B7B3D04A9963D80B6AF3D8D
:10BB100036BDC83D2FBCE13D73B2FA3D87CF093E2B
:10BB20008340163EB5AB223EA2102F3ECF6E3B3E69
:10BB3000C2C5473E0115543E135C603E7F9A6C3E81
:10BB4000CCCF783EC07D823E938E883E229A8E3E38
:10BB500032A0943E86A09A3EE59AA03E128FA63E61
:10BB6000D47CAC3EEF63B23E2A44B83E491DBE3E93
:10BB700015EFC33E53B9C93ECA7BCF3E4136D53ED1
:10BB800080E8DA3E4F92E03E7533E63EBBCBEB3EBB
:10BB9000EA5AF13ECBE0F63E275DFC3EE4E7003F8B
:10BBA0003D9C033F824B063F9BF5083F6B9A0B3F42
:10BBB000DA390E3FCDD3103F2A68133FD9F6153F2F
:10BBC000C07F183FC6021B3FD17F1D3FCBF61F3FF2
:10BBD0009967223F25D2243F5636273F1594293FA7
:10BBE0004AEB2B3FDE3B2E3FBB85303FC9C8323F7F
:10BBF000F304353F233A373F4268393F3B8F3B3FA1
:10BC0000F9AE3D3F67C73F3F70D8413F01E2433F38
:10BC100003E4453F65DE473F12D1493FF8BB4B3F48
:10BC2000029F4D3F207A4F3F3D4D513F4918533FB2
:10BC300031DB543FE595563F5348583F6AF2593F30
:10BC40001A945B3F532D5D3F05BE5E3F2146603F2A
:10BC500097C5613F5A3C633F59AA643F880F663FCE
:10BC6000D86B673F3CBF683FA7096A3F0C4B6B3FEF
:10BC70005E836C3F93B26D3F9ED86E3F73F56F3F0E
:10BC80000809713F5213723F4714733FDD0B743F35
:10BC90000BFA743FC6DE753F07BA763FC58B773F18
:10BCA000F853783F9812793F9DC7793F02737A3FE6
:10BCB000BE147B3FCDAC7B3F283B7C3FC9BF7C3F64
:10BCC000AC3A7D3FCCAB7D3F23137E3FB0707E3FCF
:10BCD0006DC47E3F580E7F3F6D4E7F3FAB847F3FEC
:10BCE0000FB17F3F97D37F3F43EC7F3F11FB7F3FF7
:10BCF0000000803F11FB7F3F43EC7F3F97D37F3FA6
:10BD00000FB17F3FAB847F3F6D4E7F3F580E7F3F2B
:10BD10006DC47E3FB0707E3F23137E3FCCAB7D3F32
:10BD2000AC3A7D3FC9BF7C3F283B7C3FCDAC7B3FDD
:10BD3000BE147B3F02737A3F9DC7793F9812793FCB
:10BD4000F853783FC58B773F07BA763FC6DE753F1D
:10BD50000BFA743FDD0B743F4714733F5213723F6D
:10BD60000809713F73F56F3F9ED86E3F93B26D3FE8
:10BD70005E836C3F0C4B6B3FA7096A3F3CBF683F3B
:10BD8000D86B673F880F663F59AA643F5A3C633FB0
:10BD900097C5613F2146603F05BE5E3F532D5D3F25
:10BDA0001A945B3F6AF2593F5348583FE595563F16
:10BDB00031DB543F4918533F3D4D513F207A4F3FAF
:10BDC000029F4D3FF8BB4B3F12D1493F65DE473FD5
:10BDD00003E4453F01E2433F70D8413F67C73F3F1F
:10BDE000F9AE3D3F3B8F3B3F4268393F233A373FF7
:10BDF000F304353FC9C8323FBB85303FDE3B2E3FA1
:10BE00004AEB2B3F1594293F5636273F25D2243F36
:10BE10009967223FCBF61F3FD17F1D3FC6021B3FD4
:10BE2000C07F183FD9F6153F2A68133FCDD3103F86
:10BE3000DA390E3F6B9A0B3F9BF5083F824B063F6A
:10BE40003D9C033FE4E7003F275DFC3ECBE0F63E30
:10BE5000EA5AF13EBBCBEB3E7533E63E4F92E03EF5
:10BE600080E8DA3E4136D53ECA7BCF3E53B9C93E63
:10BE700015EFC33E491DBE3E2A44B83EEF63B23EB5
:10BE8000D47CAC3E128FA63EE59AA03E86A09A3E98
:10BE900032A0943E229A8E3E938E883EC07D823E92
:10BEA000CCCF783E7F9A6C3E135C603E0115543EC9
:10BEB000C2C5473ECF6E3B3EA2102F3EB5AB223EE1
:10BEC0008340163E87CF093E73B2FA3D2FBCE13D59
:10BED00036BDC83D80B6AF3D04A9963D752B7B3D70
:10BEE0002EFB483D2BC3163DB10AC93C920E493C7E
:10BEF00000000000920E49BCB10AC9BC2BC316BD9C
:10BF00002EFB48BD752B7BBD04A996BD80B6AFBD89
:10BF100036BDC8BD2FBCE1BD73B2FABD87CF09BE27
:10BF2000834016BEB5AB22BEA2102FBECF6E3BBE65
:10BF3000C2C547BE011554BE135C60BE7F9A6CBE7D
:10BF4000CCCF78BEC07D82BE938E88BE229A8EBE34
:10BF500032A094BE86A09ABEE59AA0BE128FA6BE5D
:10BF6000D47CACBEEF63B2BE2A44B8BE491DBEBE8F
:10BF700015EFC3BE53B9C9BECA7BCFBE4136D5BECD
:10BF800080E8DABE4F92E0BE7533E6BEBBCBEBBEB7
:10BF9000EA5AF1BECBE0F6BE275DFCBEE4E700BF87
:10BFA0003D9C03BF824B06BF9BF508BF6B9A0BBF3E
:10BFB000DA390EBFCDD310BF2A6813BFD9F615BF2B
:10BFC000C07F18BFC6021BBFD17F1DBFCBF61FBFEE
:10BFD000996722BF25D224BF563627BF159429BFA3
:10BFE0004AEB2BBFDE3B2EBFBB8530BFC9C832BF7B
:10BFF000F30435BF233A37BF426839BF3B8F3BBF9D
:10C00000F9AE3DBF67C73FBF70D841BF01E243BF34
:10C0100003E445BF65DE47BF12D149BFF8BB4BBF44
:10C02000029F4DBF207A4FBF3D4D51BF491853BFAE
:10C0300031DB54BFE59556BF534858BF6AF259BF2C
:10C040001A945BBF532D5DBF05BE5EBF214660BF26
:10C0500097C561BF5A3C63BF59AA64BF880F66BFCA
:10C06000D86B67BF3CBF68BFA7096ABF0C4B6BBFEB
:10C070005E836CBF93B26DBF9ED86EBF73F56FBF0A
:10C08000080971BF521372BF471473BFDD0B74BF31
:10C090000BFA74BFC6DE75BF07BA76BFC58B77BF14
:10C0A000F85378BF981279BF9DC779BF02737ABFE2
:10C0B000BE147BBFCDAC7BBF283B7CBFC9BF7CBF60
:10C0C000AC3A7DBFCCAB7DBF23137EBFB0707EBFCB
:10C0D0006DC47EBF580E7FBF6D4E7FBFAB847FBFE8
:10C0E0000FB17FBF97D37FBF43EC7FBF11FB7FBFF3
:10C0F000000080BF11FB7FBF43EC7FBF97D37FBFA2
:10C100000FB17FBFAB847FBF6D4E7FBF580E7FBF27
:10C110006DC47EBFB0707EBF23137EBFCCAB7DBF2E
:10C12000AC3A7DBFC9BF7CBF283B7CBFCDAC7BBFD9
:10C13000BE147BBF02737ABF9DC779BF981279BFC7
:10C14000F85378BFC58B77BF07BA76BFC6DE75BF19
:10C150000BFA74BFDD0B74BF471473BF521372BF69
:10C16000080971BF73F56FBF9ED86EBF93B26DBFE4
:10C170005E836CBF0C4B6BBFA7096ABF3CBF68BF37
:10C18000D86B67BF880F66BF59AA64BF5A3C63BFAC
:10C1900097C561BF214660BF05BE5EBF532D5DBF21
:10C1A0001A945BBF6AF259BF534858BFE59556BF12
:10C1B00031DB54BF491853BF3D4D51BF207A4FBFAB
:10C1C000029F4DBFF8BB4BBF12D149BF65DE47BFD1
:10C1D00003E445BF01E243BF70D841BF67C73FBF1B
:10C1E000F9AE3DBF3B8F3BBF426839BF233A37BFF3
:10C1F000F30435BFC9C832BFBB8530BFDE3B2EBF9D
:10C200004AEB2BBF159429BF563627BF25D224BF32
:10C21000996722BFCBF61FBFD17F1DBFC6021BBFD0
:10C22000C07F18BFD9F615BF2A6813BFCDD310BF82
:10C23000DA390EBF6B9A0BBF9BF508BF824B06BF66
:10C240003D9C03BFE4E700BF275DFCBECBE0F6BE2C
:10C25000EA5AF1BEBBCBEBBE7533E6BE4F92E0BEF1
:10C2600080E8DABE4136D5BECA7BCFBE53B9C9BE5F
:10C2700015EFC3BE491DBEBE2A44B8BEEF63B2BEB1
:10C28000D47CACBE128FA6BEE59AA0BE86A09ABE94
:10C2900032A094BE229A8EBE938E88BEC07D82BE8E
:10C2A000CCCF78BE7F9A6CBE135C60BE011554BEC5
:10C2B000C2C547BECF6E3BBEA2102FBEB5AB22BEDD
:10C2C000834016BE87CF09BE73B2FABD2FBCE1BD55
:10C2D00036BDC8BD80B6AFBD04A996BD752B7BBD6C
:10C2E0002EFB48BD2BC316BDB10AC9BC920E49BC7A
:10C2F00000000080453A2000493A2000573A2000CB
:10C300001B5B306D001B5B313B33316D001B5B31C0
:10C310003B33326D001B5B313B33336D00202025F6
:10C320007325735468697320697320612077617283
:10C330006E696E67206D657373616765210D0A25EF
:10C340007300202025732573546869732069732056
:10C35000616E206572726F72206D657373616765BF
:10C36000210D0A25730020202573257348656C6C08
:10C370006F20776F726C643A2025640D0A25730074
:10C38000526F626F7455495461736B00494D555437
:10C3900061736B004D6F76655461736B0064656605
:10C3A00061756C745461736B0044656669616E7489
:10C3B0005461736B00526F6F745461736B0043442C
:10C3C0004320496E7465726661636500434443208F
:10C3D000436F6E6669670053544D6963726F656C95
:10C3E000656374726F6E6963730053544D3332200A
:10C3F0005669727475616C20436F6D506F72740072
:10C4000049444C4500546D725100546D722053766E
:10C4100063005465726D696E616C000040C4010870
:10C4200000000020F8010000C401000868C50108F0
:10C43000F8010020B8F4000020020008000000000D
:10C440003203100CE7416B3A58A08B3A8281011EEF
:10C45000450C0108B1041ACD041AF5041B450D085A
:10C460001D0B0108610C1108081250C347CDCCCC3C
:10C470003D0409531C110B1AC8421C320139041B1C
:10C48000010108190212011210120812046C1C0298
:10C49000400442091324F44FFFF1FD9086A70618CB
:10C4A0000B9D040108D9010108F107D43116C5021A
:10C4B0000108751C01086914C11EC1030108550457
:10C4C0001A31301A3D08140902431302011DC0320B
:10C4D0000904751A020B1305241D100105247B1095
:10C4E0000804240202052406170107058203081523
:10C4F0001009040133020A1C0705018A19072A8161
:10C500000711130A0632022A40B81A122313020234
:10C510001E4083044057591B0203151395151B0831
:10C5200091041A35041AC9041AED04071804030902
:10C53000041A032BFFFF4C32101AAA01100967409E
:10C54000533A7D04017C160240AB034110090553A8
:10C5500008065804070F160810820911160A1580DC
:08C560000B1605000C18010D7B
:040000050800018965
:00000001FF
