:020000040800F2
:1000000038F500206902000861BB0008AD8A0008CD
:100010005DBB000859100008393B010800000000D2
:1000200000000000000000000000000041EC00089B
:10003000ED1C00080000000071C9000881F00008F4
:10004000830200088302000883020008830200087C
:10005000830200088302000883020008F11C0008E4
:10006000830200088302000883020008830200085C
:100070001D1800088302000883020008830200089C
:100080002D1800083D1800088302000883020008AC
:100090005D10000883020008830200088302000844
:1000A00083020008C1F100088302000883020008EF
:1000B000DDF10008EDF1000883020008830200086A
:1000C00083020008830200088302000883020008FC
:1000D00083020008F9FF0008150001082500010847
:1000E00083020008830200088302000883020008DC
:1000F0008302000883020008830200084D180008EC
:1001000083020008830200088302000883020008BB
:10011000830200088302000883020008FDF1000842
:10012000830200085D1800086D1800087D1800089B
:10013000830200088302000883020008830200088B
:100140006D100008830200088302000819BF000830
:100150008D1800089D180008AD180008410001081E
:10016000830200088302000883020008830200085B
:1001700083020008830200088302000800000000D8
:10018000830200088302000800F002F800F05CF827
:100190000AA090E8000C82448344AAF10107DA45E2
:1001A00001D100F051F8AFF2090EBAE80F0013F0D8
:1001B000010F18BFFB1A43F00103184738B30100C1
:1001C00058B301000A444FF0000C10F8013B13F043
:1001D000070408BF10F8014B1D1108BF10F8015BA0
:1001E000641E05D010F8016B641E01F8016BF9D193
:1001F00013F0080F1EBF10F8014BAD1C0C1B09D1EA
:100200006D1E58BF01F801CBFAD505E014F8016B5B
:1002100001F8016B6D1EF9D59142D6D370470000ED
:100220000023002400250026103A28BF78C1FBD8FF
:10023000520728BF30C148BF0B6070471FB51AF086
:1002400006FB1FBD10B510BD00F084F91146FFF785
:10025000F5FF16F07DF800F0A2F903B4FFF7F2FF06
:1002600003BC00F0A5F90000094880470948004791
:10027000FEE7FEE7FEE7FEE7FEE7FEE7FEE7FEE756
:10028000FEE7FEE704480549054A064B70470000B3
:1002900079F100088901000838B5002038F5002000
:1002A00038D5002038D5002053EA020C00F06980D0
:1002B0002DE9F04B4FF00006002B1FBFB3FA83F57A
:1002C00003FA05F424FA05F65E4012BF1643B2FAAB
:1002D00082F502FA05F4C5F120051EBF22FA05FCDD
:1002E00044EA0C04203556EA044C4FEA144418BF83
:1002F000641C4FF000084FF00009904271EB030CB2
:1003000039D3002919BFB1FA81F701FA07F6B0FA1B
:1003100080F700FA07F6C7F120071EBF20FA07FC96
:1003200046EA0C062037B6FBF4FCA7EB0507103FA6
:1003300007F01F0BCBF120062CFA06F60CFA0BFB8C
:1003400044BFB3460026202FA4BF5E464FF0000BEB
:100350005BEA060C08BF4FF0010B19EB0B0948EBE9
:100360000608ABFB027C06FB02CC0BFB03CCC01BDC
:1003700071EB0C01C1E70B46024641464846BDE819
:10038000F08B13B5084318BF4FF0FF300146AFF3B1
:100390000080BDE81C407047032A40F2308010F016
:1003A000030C00F0158011F8013BBCF1020F624410
:1003B00098BF11F801CB00F8013B38BF11F8013BA1
:1003C000A2F1040298BF00F801CB38BF00F8013B4E
:1003D00011F0030300F02580083AC0F0088051F8BE
:1003E000043B083A51F804CBA0E80810F5E7121DC9
:1003F0005CBF51F8043B40F8043BAFF30080D207E8
:1004000024BF11F8013B11F801CB48BF11F8012BB3
:1004100024BF00F8013B00F801CB48BF00F8012BD6
:10042000704710B5203AC0F00B80B1E81850A0E832
:100430001850B1E81850A0E81850203ABFF4F5AFB2
:100440005FEA027C24BFB1E81850A0E8185044BF0E
:1004500018C918C0BDE810405FEA827C24BF51F87B
:10046000043B40F8043B08BF7047D20728BF31F86F
:10047000023B48BF11F8012B28BF20F8023B48BFC0
:1004800000F8012B704702F0FF0343EA032242EA1F
:10049000024200F024B84FF000020429C0F012809C
:1004A00010F0030C00F01B80CCF1040CBCF1020F27
:1004B00018BF00F8012BA8BF20F8022BA1EB0C01FC
:1004C00000F00DB85FEAC17C24BF00F8012B00F8F2
:1004D000012B48BF00F8012B70474FF0000200B518
:1004E000134694469646203922BFA0E80C50A0E857
:1004F0000C50B1F12001BFF4F7AF090728BFA0E805
:100500000C5048BF0CC05DF804EB890028BF40F8D0
:10051000042B08BF704748BF20F8022B11F0804F12
:1005200018BF00F8012B704770477047704710B52F
:1005300000F008F8006810BD10B5044600F002F89D
:10054000046010BD00487047F80100200048704763
:10055000F80100207546FFF7F9FFAE460500694631
:10056000534620F00700854618B020B5FFF78AFEF5
:10057000BDE820404FF000064FF000074FF00008A4
:100580004FF0000BAC46ACE8C009ACE8C009ACE8E1
:10059000C009ACE8C00921F007018D46704710B5CD
:1005A0000446AFF300802046BDE81040FFF755BE7B
:1005B00001491820ABBEFEE726000200704700008C
:1005C00082B0019042F20030C4F201000090009924
:1005D000486820F4403048600198426800994868B3
:1005E0001043486001980168486820F480704860B2
:1005F000019801680269486840EA02204860019851
:100600000168486820F0407048600198016882687D
:1006100048681043486001980168886820F40060C9
:10062000886001980168C2688868104388600198F2
:10063000806A0121C0F60071884219D0FFE7019855
:100640000168886820F07060886001980168826A9B
:1006500088681043886001980168886820F04050DD
:10066000886001980168C26A8868104388600CE05D
:1006700001980168886820F07060886001980168BE
:10068000886820F040508860FFE70198016888681A
:1006900020F0020088600198027E0168886840EAC4
:1006A00042008860019890F82000C8B1FFE70198E7
:1006B0000168486840F40060486001980168486833
:1006C00020F46040486001980168426A4EF20000E0
:1006D000CFF6FF7000EB423248681043486006E0F6
:1006E00001980168486820F400604860FFE70198BD
:1006F0000168C86A20F47000C86201980168C26984
:100700000020CFF6F07000EB0252C86A1043C862B6
:1007100001980168886820F400708860019890F85A
:1007200030200168886840EA4220886001980168AA
:10073000886820F480608860019801684269886850
:1007400040EA8220886002B07047000080B58CB01B
:100750000B900A9140F25820C2F20000049043F23C
:10076000AC51C2F2000103910022059200F022F97F
:100770000399049800F080F804980A99B1F9A0242C
:1007800000EE102AB8EEC00A01F2C44191ED001A41
:10079000F1EE410A00F20A600BF042FE04980A9959
:1007A000B1F9E82600EE102AB8EEC00A01F20C7189
:1007B00091ED001AF1EE410A00F652000BF030FE06
:1007C00004980A9901F63C1292ED000AB8EEC00AAC
:1007D00001F65411D1ED000A00F51F600BF020FE68
:1007E00004980A99B1F9302900EE102AB8EEC00A2F
:1007F00001F62421D1ED000A00F69A200BF010FE3C
:10080000059B0A98D0F83E0607900A98D0F886080B
:1008100008900A98D0F8CE0A09909DED090ABDEE1D
:10082000C00A10EE100A69464B60086043F6786013
:10083000C2F200004FF4007106911A4600F098FFD2
:10084000059806999DED071A9DED080ABDEEC11A9F
:1008500011EE102ABDEEC00A10EE103AEC46CCF8AC
:100860000400CCF8000043F6A060C2F2000000F0E3
:100870007FFF0CB080BD000082B00190009141F676
:10088000C431C2F2000146F20000C4F2D150C86087
:100890000098007B022816D1FFE741F6C431C2F26E
:1008A000000191ED031ABBEE040A30EE410A0198F3
:1008B00000F2C44080ED000AC868019AC2F80C0733
:1008C000012008760CE001990020C1F8C4040199C8
:1008D000C1F80C0741F6C431C2F200010876FFE707
:1008E00002B0704780B582B0019041F6C130C2F2CB
:1008F00000000078012809D0FFE701980AF068FAA3
:1009000041F6C131C2F200010870FFE741F65470B0
:10091000C2F20000007840BBFFE70198B0F9A014D4
:1009200000EE101AB8EEC00A00F2C44080ED000AD2
:100930000198B0F9E81600EE101AB8EEC00A00F2FD
:100940000C7080ED000A0198B0F92C1900EE101A15
:10095000B8EEC00A00F6541080ED000A41F6C0312E
:10096000C2F2000100200870FFE741F6C431C2F274
:1009700000010020C4F2A07088604CF20000C4F2B4
:10098000DA50C86001200871087501990020C1F88B
:10099000C4040199C1F80C07019800F63C1191EDCF
:1009A000000AB8EEC00A00F6541080ED000A02B04A
:1009B00080BD000083B0029001918DF80320019862
:1009C000407B022810D1FFE740F20000C2F2000095
:1009D0000078022807D0FFE741F6C431C2F20001D7
:1009E00001200861FFE719E00198407B012807D149
:1009F000FFE741F6C431C2F20001012008610CE0BA
:100A00000198407B032807D1FFE741F6C431C2F2C9
:100A1000000100200861FFE7FFE7FFE741F6C4306F
:100A2000C2F200000069012838DBFFE741F6C4305C
:100A3000C2F20000007E88B3FFE7029800F63C1186
:100A400091ED000AB8EEC00A9FED191A30EE010AC6
:100A500000F6541080ED000A0198407B02281CD15A
:100A6000FFE7029800F63C1191ED000AB8EEC00ACB
:100A700041F6C431C2F2000191ED021A91ED042A4F
:100A8000B8EEC22A21EE021A30EE410A00F65410E6
:100A900080ED000A00200861FFE7FFE70198407B36
:100AA00040F20001C2F20001087003B0704700BFBD
:100AB0000000FAC580B50020C4F202001021012216
:100AC00003F012FC80BD000080B50020C4F20200DB
:100AD0001021002203F008FC80BD000070470000D8
:100AE00080B540F20040C4F202000122114603F03A
:100AF000FBFB80BD80B540F20040C4F20200012142
:100B0000002203F0F1FB80BD7047000080B582B089
:100B1000ADF80600FFE7BDF80600411EADF806106F
:100B200028B1FFE74FF47A7000F004F8F3E702B061
:100B300080BD000086B0ADF8160000200490039040
:100B40000290019000904EF21400CEF20000006876
:100B50000090BDF81600C0EB0010400104904EF26A
:100B60001800CEF2000000680390FFE74EF2180074
:100B7000CEF20000006802900298039988421ED0CD
:100B8000FFE702980399884207D2FFE7039802998A
:100B9000411A01980844019008E000980299401A0F
:100BA00003990144019808440190FFE702980390DB
:100BB00001980499884201D3FFE701E0FFE7D5E7F8
:100BC00006B0704780B582B000208DF80700FFF7AF
:100BD00085FFFFF799FF14F0EFFC01469DF8070031
:100BE00008438DF8070014F0AFFD01469DF807009B
:100BF00008438DF807009DF8070002B080BD000093
:100C000080B588B00790069105920020009004906E
:100C10000390FFF759FF922000F006F9122003A974
:100C20000191062200F0CCF8FFF744FF9DF80C007C
:100C30009DF80D1040EA0120ADF80A00BDF90A0048
:100C400000EE100AB8EEC00A40F20400C2F2000042
:100C500090ED001A20EE010A069981ED000A9DF838
:100C60000E109DF80F2041EA0221ADF80A10BDF9DF
:100C70000A1000EE101AB8EEC00A90ED001A20EE2D
:100C8000010A069981ED010A9DF810109DF81120C6
:100C900041EA0221ADF80A10BDF90A1000EE101A5F
:100CA000B8EEC00A90ED001A20EE010A069880ED19
:100CB000020AFFF71FFF00980199082200F080F850
:100CC000FFF70EFF9DF80C000F2844D1FFE79DF8B9
:100CD0000E009DF80F1040EA0120ADF80A00BDF9A2
:100CE0000A0000EE100AB8EEC00A40F20800C2F294
:100CF000000090ED001A20EE010A079981ED000A2C
:100D00009DF810109DF8112041EA0221ADF80A105B
:100D1000BDF90A1000EE101AB8EEC00A90ED001AE4
:100D200020EE010A079981ED010A9DF812109DF845
:100D3000132041EA0221ADF80A10BDF90A1000EEB5
:100D4000101AB8EEC00A90ED001A20EE010A0798BA
:100D500080ED020AFFE7FFF7B7FEA22000F064F87B
:100D6000222003A9022200F02BF8FFF7A3FE9DF832
:100D70000C009DF80D10C00040EA5110ADF80A00BB
:100D8000BDF90A00B0F5806F07DBFFE7BDF80A0088
:100D9000A0F50060ADF80A00FFE7BDF90A0000EE1B
:100DA000100AB8EEC00AB4EE001A20EE010AB3EE43
:100DB000071A30EE010A059880ED000A08B080BDE0
:100DC00080B584B08DF80F0002918DF807209DF852
:100DD0000F0040F0800000F027F8FFE79DF80700C3
:100DE00070B1FFE7552000F01FF8029908700298D3
:100DF000013002909DF8070001388DF80700EDE7FB
:100E000004B080BD80B582B08DF8070000919DF8D8
:100E1000070040F0800000F007F8552000F004F8CB
:100E20000099087002B080BD80B582B08DF80700CF
:100E300069464FF47A70086044F29C70C2F2000078
:100E40000DF107010DF10602012305F071FE9DF879
:100E5000060002B080BD000080B582B08DF80700AA
:100E60008DF806109DF80700FFF7DEFF9DF80600DD
:100E7000FFF7DAFF02B080BD80B586B00590059817
:100E8000006841F20041C4F2000188423FD1FFE70F
:100E900040F2E801C2F200010491087801300870C4
:100EA00041F64C50C2F2000000F012FE43F6E4207E
:100EB000C2F2000080ED000A40F25820C2F20000A9
:100EC0006A46D06043F24850C2F20000906041F69A
:100ED0006C41C2F20001516043F2AC51C2F2000118
:100EE0001160183044F60E51C2F2000143F28C43F7
:100EF000C2F20003012200F0A1FB049A44F2F47054
:100F0000C2F2000040F2012100F01CFAFFE706B037
:100F100080BD000080B586B005900598006844F655
:100F20000001C4F20001884252D1FFE744F6842058
:100F3000C2F200000068006800F010010020B0EB71
:100F4000111F44D0FFE70020ADF81200FFE700209A
:100F5000039044F68420C2F20000016809680391FE
:100F60000068406803900398FFE744F68420C2F2CB
:100F7000000001680968ADF8121001684968ADF811
:100F8000121006F0B5FE44F27010C2F200000068C4
:100F9000406813280FD1FFE741F63040C2F200004D
:100FA00043F2AC51C2F2000142F20802C2F2000266
:100FB0000CF030F8FFE744F68420C2F2000041F65E
:100FC0003041C2F20001252207F0D4FBFFE7FFE722
:100FD0000598006841F20041C4F2010188420FD136
:100FE000FFE744F6C820C2F200000068006800F085
:100FF00010010020B0EB111F01D0FFE7FFE7FFE772
:101000000598006841F20001C4F20101884221D133
:10101000FFE744F6FC10C2F200000068006800F030
:1010200010010020B0EB111F13D0FFE743F248522C
:10103000C2F2000202F140000190002112F080FD96
:10104000019944F6FC10C2F20000132207F092FB53
:10105000FFE7FFE706B080BDFFE7FEE780B543F698
:101060007860C2F2000001F06BFE80BD80B543F6EF
:10107000A060C2F2000001F063FE80BD80B582B0C6
:101080000190019800F050FF41F62040C2F20000AC
:1010900000F1080243F67860C2F2000040F231210C
:1010A00014F0F6FB012002B080BD000080B58EB0C8
:1010B0000C90002003908DF814008DF815008DF829
:1010C00016008DF817008DF810008DF811008DF8BE
:1010D00012008DF813008DF82C008DF82D008DF87E
:1010E0002E008DF82F008DF8280008218DF829108A
:1010F0008DF82A008DF82B008DF824008DF825003E
:101100008DF826008DF827008DF820008DF821003D
:101110008DF822008DF823008DF81C008DF81D003D
:101120008DF81E008DF81F008DF818008DF819102D
:101130008DF81A008DF81B000C9809F04FFC20B9AF
:10114000FFE700208DF837006BE00C9809F0F8FC01
:1011500020B9FFE700208DF8370062E00C982021CD
:10116000232205AB09F062FD0C982421272204AB51
:1011700009F05CFD0C980021019103220BAB09F0F2
:1011800055FD0C980421009107220AAB09F04EFD91
:101190000C9808210B2209AB09F048FD0C9810218E
:1011A000132208AB09F042FD0C981421172207AB5B
:1011B00009F03CFD0C9818211B2206AB09F036FD06
:1011C000009A0C98602109F013FD0C9870210122FF
:1011D000029209F00DFD019A0C982A2109F008FDF0
:1011E0000C982921912209F003FD029A0C982821DC
:1011F00009F0FEFC019A0C982C2109F0F9FC029AE6
:101200000C982B2109F0F4FC0C9809F0C5FC20B9CE
:10121000FFE700208DF8370003E001208DF837004C
:10122000FFE79DF837000EB080BD000080B588B0A4
:1012300007900691002000908DF817008DF814009B
:10124000049003900290079809F0B2FB01460098C1
:101250008DF804109DF80410B0EB911F6ED0FFE7DD
:101260009DF804104FF0FF3000EB91106FF0020179
:10127000084207D1FFE70798902102AA0D2309F041
:101280001BFC0EE09DF804100220B0EB911F07D16B
:10129000FFE70798942102AA0D2309F00DFCFFE750
:1012A000FFE79DF80400C0F3C100022811D1FFE759
:1012B0000699022008709DF808209DF809309DF8D5
:1012C0000A009DF80B1014F04BFB0699C1F80100C1
:1012D0000CE00699012008709DF808009DF809109F
:1012E00014F07CFB0699C1F80100FFE79DF80C00A3
:1012F000069948719DF80D00069988719DF80E00B9
:101300000699C8719DF80F00069908729DF81000A3
:10131000069948729DF81100069988729DF812008E
:101320000699C8729DF81300069908739DF8140079
:101330000699487301208DF81700FFE79DF8170004
:1013400008B080BD80B584B00390ADF80A1001925A
:1013500044F65051C2F2000101200870BDF90A00A4
:10136000C1F8010008204871019A10685268C1F85C
:101370000A20C1F80600039800F002F804B080BD0E
:1013800080B588B00790069100208DF8170044F6CC
:101390000C31C2F20001087048708870C87007985C
:1013A00009F0A6FB014643F6CC20C2F20000017012
:1013B00000788008C007F0B9FFE70699D1F801006E
:1013C000097844F60C32C2F20002049214F078FA62
:1013D000049A079806994B790631EC46CCF8001030
:1013E000402109F023FB0798812109F097FB012098
:1013F0008DF817004FE043F6CC20C2F200000078D1
:101400000009C007F0B9FFE70699D1F80100097893
:1014100044F60C32C2F20002039214F051FA039A1D
:10142000079806994B790631EC46CCF8001042211A
:1014300009F0FCFA0798822109F070FB01208DF871
:10144000170027E043F6CC20C2F2000000788009A4
:10145000C007F0B9FFE70699D1F80100097844F612
:101460000C32C2F20002029214F02AFA029A079891
:1014700006994B790631EC46CCF80010442109F06E
:10148000D5FA0798842109F049FB01208DF817004F
:10149000FFE7FFE7FFE79DF8170008B080BD0000F9
:1014A00080B590B00E2003900F900B9001210E910B
:1014B00000200C900D9106900790089009900B90D9
:1014C0000A9043F67860C2F20000019006A90291EA
:1014D00001F068FA019802F081F801980221049164
:1014E00001F07EF9029903980F900B9043F6A060EB
:1014F000C2F20000059001F055FA059802F06EF86E
:101500000499059801F06CF910B080BD84B08DF895
:101510000F000291ADF806209DF80F0001460091E2
:1015200023281DD80099DFE801F012131415161BAB
:101530001B1B1B1B1B1B1B1B1B1B1B1B1B1B1B1BFB
:101540001B1B1B1B1B1B1B1B1B1B1718191A08E043
:1015500007E006E005E004E003E002E001E000E06F
:10156000FFE7002004B070470020704780B582B0CC
:1015700043F60C30C2F20000009042F68C41C2F2F9
:101580000001002201920FF003F9009842F28C4111
:10159000C2F200010FF0DEF8019802B080BD000039
:1015A00080B584B003900291039943F60C30C2F2E7
:1015B000000001900FF0CEF801980FF071F80020B4
:1015C00004B080BD83B0029001918DF8032000200B
:1015D0008DF802009DF9020003B0704780B586B017
:1015E0000490ADF80E1000208DF80D0043F60C307D
:1015F000C2F20000D0F8BC0202900298D0F81402A7
:1016000020B1FFE701208DF8170013E00499BDF821
:101610000E2043F60C30C2F2000001900FF0B8F833
:1016200001980FF0BFF98DF80D009DF80D008DF8B1
:101630001700FFE79DF8170006B080BD10B588B011
:10164000DDF834C0DDF830C0DDF82CC0DDF828C08E
:10165000079006918DF81720049307980C99049A27
:101660000A9BDDF82CC00D9CEE46CEF80440CEF867
:1016700000C012F021FB0699CD2008700798016880
:1016800043F6DC20C2F20000029001600178069A65
:1016900051704178069A91708178069AD170C1781C
:1016A000069A11710799496801600178069A51718B
:1016B0004178069A91718178069AD171C178069A1B
:1016C00011720799497D069A5172079989690160DB
:1016D0000178069A91724178069AD1728178069AB9
:1016E0001173C178069A51730799097F069A91730D
:1016F0000799096A01600178069AD1734178069AC0
:1017000011748178069A5174C178069A9174079978
:10171000496A01600178069AD1744178069A117578
:101720008178069A5175C078069988750699DC20EB
:10173000C8759DF8170038B9FFE706981421FFF720
:101740004DFF8DF80F0010E09DF8170001280BD118
:10175000FFE7069944F6FC10C2F20000182207F0D9
:101760004DF88DF80F00FFE7FFE7012008B010BD2E
:1017700010B586B08C46864609980899CDF814E0D5
:10178000ADF812C0ADF81020ADF80E30ADF80C1069
:10179000ADF80A009DF811008DF802009DF81000C8
:1017A0008DF803009DF80F008DF804009DF80E00E1
:1017B0008DF805009DF80D008DF806009DF80C00D1
:1017C0008DF807009DF80B008DF808009DF80A00C1
:1017D0008DF809000598BDF812100DF1020214F001
:1017E00057F806B010BD000082B00090009908784C
:1017F00001380870009890F90000042806DCFFE723
:101800000099002008708DF8070003E001208DF892
:101810000700FFE79DF8070002B0704780B544F26B
:101820007010C2F2000002F06DF880BD80B544F285
:10183000B000C2F2000002F065F880BD80B544F24D
:101840001010C2F2000002F05DF880BD80B543F6D2
:101850009070C2F2000002F055F880BD80B544F2ED
:10186000D010C2F2000002F04DF880BD80B543F602
:10187000D060C2F2000002F045F880BD80B543F6AA
:101880003070C2F2000002F03DF880BD80B543F632
:10189000F070C2F2000002F035F880BD80B544F26D
:1018A0003020C2F2000002F02DF880BD80B544F275
:1018B0005000C2F2000002F025F880BD82B0019015
:1018C0000198007810384AF6AB21CAF6AA21A0FB8D
:1018D00001100009009000994AF6E420C0F60100CA
:1018E000405C0199C8650098042807D3FFE7019977
:1018F0000868042262F30900886506E00199086817
:1019000040F2FF3290438865FFE70198806D02B096
:101910007047000086B0059000208DF813000598F0
:10192000806A03900598806910BBFFE703980290D6
:1019300003281BD80299DFE801F0020D0218059870
:1019400090F82F00C00720B1FFE701208DF81300A9
:10195000FFE70CE00598C06AB0F1C07F04D1FFE753
:1019600001208DF81300FFE701E000E0FFE745E00C
:1019700005988069B0F5005F25D1FFE703980190D5
:1019800003281ED80199DFE801F0020602110120A8
:101990008DF8130016E0059890F82F00C00720B1CD
:1019A000FFE701208DF81300FFE70BE00598C06A00
:1019B000B0F1C07F04D1FFE701208DF81300FFE7ED
:1019C00000E0FFE719E003980090032804D3FFE745
:1019D0000098032804D00EE001208DF813000BE0DE
:1019E000059890F82F00C00720B1FFE701208DF87F
:1019F0001300FFE700E0FFE7FFE7FFE79DF81300B4
:101A000006B0704784B0039002910192009303984E
:101A10000168086820F4802008600098039909682C
:101A2000486003988068402809D1FFE7019803992E
:101A300009688860029803990968C86008E00298FC
:101A4000039909688860019803990968C860FFE7ED
:101A500004B0704782B00090009991F8700001388E
:101A600081F87000009890F97000042807DCFFE707
:101A70000099002081F870008DF8070003E0012034
:101A80008DF80700FFE79DF8070002B070470000DF
:101A900081B041F20400CEF200000068009000988E
:101AA00041F61841C2F200010968884208D2FFE7F6
:101AB00041F61C41C2F20001086801300860FFE7EE
:101AC000009841F61841C2F20001086001B0704769
:101AD00080B584B0039041F20400CEF200000068AB
:101AE0000290029803990968401A00EE100AB8EEB5
:101AF000400A41F60040C2F2000090ED001AB8EE34
:101B0000411A80EE010A8DED010A029803990860DE
:101B1000FFF7BEFF9DED010A04B080BD80B582B025
:101B200000F066F842F23800C2F2000001688388D3
:101B30004FF47A7201FB023100EE101AB8EE401A2F
:101B4000C08800EE100AB8EEC00A9FED062A20EE0B
:101B5000020A30EE010A8DED010A9DED010A02B084
:101B600080BD00BF6F12833A81B000904EF6FC51E9
:101B7000CEF20001086840F08070086041F2040174
:101B8000CEF200010020086041F20002CEF2000215
:101B9000116841F001011160009944F24022C0F245
:101BA0000F024A4341F60041C2F200010A600A688E
:101BB00044F6D353C1F26203A2FB0332920941F609
:101BC0000443C2F200031A6009684DF68362C4F24E
:101BD0001B32A1FB0221890C41F60842C2F200022D
:101BE000116041F61C41C2F20001086001B070476B
:101BF000B0B586B041F20400CEF200000068059056
:101C0000FFF746FF41F61C40C2F20000016805984C
:101C1000002302934FF0FF3C1A46E1FB0C0241F611
:101C20001041C2F2000100914A60086008684968EA
:101C300041F60044C2F200042268FEF735FB029B25
:101C400002468C46009941F64840C2F20000C0F8B6
:101C500004C00260D1F800C04968D0F800E04268D2
:101C60002468AEFB04E502FB0452BCEB0E0C61EBF6
:101C7000020241F65041C2F200010391C1F800C0D6
:101C80004A60006842F23802C2F200020492106018
:101C90000868496841F60442C2F2000201921268E3
:101CA000FEF702FBDDF804C0029B049A014603988C
:101CB0009180016840689288DCF800C002FB0CF259
:101CC0008A1A60F1000041F65841C2F200010A6030
:101CD00048600868496841F60842C2F2000212688A
:101CE000FEF7E2FA0499C88006B0B0BD7047000064
:101CF00080B582B044F2F470C2F20000009044F665
:101D0000F841C2F2000112F053F88DF807000220EA
:101D100002F0F2F8009812F0BDF802B080BD0000A9
:101D200081B0EFF3108072B60090FFE7FEE700008D
:101D300080B588B0A820FFF717FFFFF7B1FB44F28A
:101D4000F470C2F20000FFF7B1F943F6F021C2F2DD
:101D50000001087044F62410C2F2000005F0BEFA3B
:101D600044F6B410C2F2000005F0B8FA44F66C1064
:101D7000C2F20000082105F0BDFE43F6F070C2F289
:101D80000000019001F064FD44F25000C2F2000036
:101D9000029001F05DFD019801F044FF029801F00E
:101DA00041FF44F6FC10C2F2000005F0A1FF44F22E
:101DB0007010C2F20000039001F04AFD039801F098
:101DC00031FF44F68420C2F20000049005F090FF39
:101DD00004980268D16841F01001D16041F63041A9
:101DE000C2F20001252206F0C5FC44F2D010C2F276
:101DF0000000059001F02CFD44F23020C2F20000FA
:101E0000069001F025FD059801F00CFF069801F001
:101E100009FF44F6C820C2F2000005F069FF09F08E
:101E200061FE40F63C01C4F20001079132200860D7
:101E30004FF4FA7002F010F807990020086008B01B
:101E400080BD000041F66050C2F2000090ED690ACA
:101E50007047000041F66050C2F2000090ED680A41
:101E60007047000080B584B047F61020C1F6FF70BF
:101E70000068039047F61420C1F6FF7000680290D6
:101E800047F61820C1F6FF70006801900199039889
:101E900008440390039888B1FFE7039840F2A81123
:101EA000C2F2000100910231082207F07DFF009983
:101EB00002981231042207F077FFFFE704B080BDDB
:101EC00041F66050C2F2000090ED6A0A70470000CF
:101ED00041F66050C2F2000090ED6B0A70470000BE
:101EE00082B00190ADF802100198007841F62041CF
:101EF000C2F200010870019840784870019880781B
:101F000088700198C078C8700198007908710198AC
:101F1000407948710198807988710198C079C871B9
:101F2000002002B07047000082B001900198428802
:101F300041F62041C2F20001009108896FF3DF22CF
:101F400000F478401044088143F6F120C2F200000A
:101F5000B0F813300A8913446FF3DF2302F4784298
:101F60001A440A81019A93884A896FF3DF2302F4A5
:101F700078421A444A81B0F815304A8913446FF305
:101F8000DF2302F478421A444A81019A528953426B
:101F90008A896FF3DF2302F478421A448A81B0F809
:101FA0001720888902446FF3DF2200F47840104440
:101FB0008881019890F844008009C00738B9FFE78C
:101FC000019890F84500C008C00788B1FFE741F6C6
:101FD0002041C2F20001088900F478400881488954
:101FE00000F478404881888900F478408881FFE7D0
:101FF000019890F84500C007A8B1FFE741F62041DD
:10200000C2F20001088942426FF3DF2200F47840F7
:1020100010440881488942426FF3DF2200F478407F
:1020200010444881FFE742F20800C2F20000C16894
:10203000C1F3807341F62041C2F20001CA8922F047
:10204000020242EA4302CA81C268C2F380538A890B
:1020500022F4006242EAC3228A81C268C2F3C053FA
:102060008A8922F4805242EA03328A81019A92F8E4
:102070004430CA895B085B0963F34512CA81019A3F
:1020800092F845308A896FF3DF3242EAC3328A819F
:10209000019A92F84430CA895B081B0963F3041261
:1020A000CA81019A92F845205308CA8963F3000255
:1020B000CA81019A92F84420C2F300138A8922F45B
:1020C000005242EA43328A81C068C0F34052C88954
:1020D00020F0080040EAC200C88141F65470C2F204
:1020E00000000278C88902F0030220F4C07040EAC0
:1020F000C210C8810198027BC88902F0030220F453
:10210000C06040EA4220C8810198427BC88902F041
:10211000030220F4C05040EAC220C881019890F820
:102120003E20C889C2F3001220F4005040EA423039
:10213000C88143F24850C2F20000027AC8896FF3A6
:10214000DF3040EAC230C881012002B07047000091
:1021500085B00390029100200190FFE7039890F86A
:102160003C00012804D1FFE702208DF81300F7E0BE
:102170000399012081F83C00FFE7FFE7029800681F
:102180000A281CD3FFE70298008800EB4000A0F16A
:102190001E01072000FA01F203980168C868904305
:1021A000C86002998868098801EB41011E3900FA6C
:1021B00001F203980168C8681043C86018E00298EB
:1021C000008800EB4001072000FA01F20398016843
:1021D00008699043086102998868098801EB410108
:1021E00000FA01F203980168086910430861FFE7EB
:1021F0000298406806281BD8FFE70298406800EB69
:102200008000411F1F2000FA01F203980168486B0B
:102210009043486302990888496801EB81010539B8
:1022200000FA01F203980168486B104348633DE0EF
:10223000029840680C281CD8FFE70298406800EB21
:102240008000A0F123011F2000FA01F20398016829
:10225000086B9043086302990888496801EB810183
:10226000233900FA01F203980168086B10430863F0
:102270001BE00298406800EB8000A0F141011F20A4
:1022800000FA01F203980168C86A9043C862029993
:102290000888496801EB8101413900FA01F203988D
:1022A0000168C86A1043C862FFE7FFE742F20030E6
:1022B000C4F2010000900398006842F20001C4F2E9
:1022C000010188420BD1FFE702980068122806D16D
:1022D000FFE70099486840F480004860FFE70398F2
:1022E000006842F20001C4F2010188422ED1FFE7EA
:1022F00002980068102805D0FFE7029800681128AE
:1023000024D1FFE70099486840F400004860029833
:102310000068102819D1FFE740F2E400C2F2000083
:1023200000684DF68361C4F21B31A0FB0110800CE4
:1023300000EB800040000190FFE7019820B1FFE72B
:10234000019801380190F8E7FFE7FFE7FFE70399FD
:10235000002081F83C00FFE700208DF81300FFE724
:102360009DF8130005B0704781B000900098006898
:10237000C06C01B07047000080B584B002900020AE
:102380008DF80700029820B9FFE701208DF80F00B3
:1023900042E00298806A0121C0F60071884201D0B3
:1023A000FFE7FFE70298006C50B9FFE7029800F0E2
:1023B00037F8029900204864029981F83C00FFE751
:1023C0000298006CC006002817D4FFE70298006C42
:1023D00040F0020020F48850029908640298FEF749
:1023E000EFF80299002048640298006C40F0010068
:1023F00020F002000299086403E001208DF8070034
:10240000FFE7FFE70299002081F83C00FFE79DF815
:1024100007008DF80F00FFE79DF80F0004B080BDA6
:1024200080B58AB00990002008900790069005902A
:1024300004900998006842F20001C4F20101884248
:1024400012D1FFE7FFE70020039043F64400C4F2F7
:102450000200016841F480710160006800F480703E
:1024600003900398FFE73AE00998006842F20021E0
:10247000C4F20101884231D1FFE7FFE7002002905A
:1024800043F64400C4F20200016841F48061016037
:10249000006800F4806002900298FFE7FFE70020E8
:1024A000019043F63000C4F20200016841F02001BF
:1024B0000160006800F0200001900198FFE74FF4F0
:1024C00080600490032005900020069041F20040B7
:1024D000C4F2020004A901F02BFDFFE7FFE70AB0F8
:1024E00080BD000080B584B0029001910020009072
:1024F0000298006880684005002816D5FFE702981A
:1025000000688068C00500280FD5FFE70299086CB5
:1025100040F020000864FFE70299002081F83C00A9
:10252000FFE701208DF80F006DE001F0F5FE00904F
:10253000FFE702980068006800F00200022829D036
:10254000FFE70198013020B3FFE7019840B1FFE7B2
:1025500001F0E2FE0099401A0199884218D9FFE77C
:1025600002980068006800F0020002280FD0FFE720
:102570000299086C40F004000864FFE7029900200B
:1025800081F83C00FFE703208DF80F003BE0FFE7F8
:10259000FFE7CEE7029801686FF012000860029929
:1025A000086C40F40070086402980068806810F0BD
:1025B000405F24D1FFE70298007E00BBFFE702984E
:1025C0000068C06A10F4700F07D0FFE70298006837
:1025D00080684005002812D4FFE70299086C20F4B7
:1025E000807008640298006CC004002806D4FFE7DD
:1025F0000299086C40F001000864FFE7FFE7002043
:102600008DF80F00FFE79DF80F0004B080BD0000BB
:1026100084B0029000200190FFE7029890F83C00FF
:10262000012804D1FFE702208DF80F00D4E00299C1
:10263000012081F83C00FFE7FFE70298006880680E
:10264000C007F0B9FFE702980168886840F0010010
:10265000886040F2E400C2F2000000684DF6836139
:10266000C4F21B31A0FB0110800C00EB4000019074
:10267000FFE7019820B1FFE7019801380190F8E7E2
:10268000FFE7029800688068C007002800F0958086
:10269000FFE70298006C40F4807040F201618843CB
:1026A000029908640298006840684005002809D52E
:1026B000FFE70298006C40F4805020F4005002992B
:1026C0000864FFE70298006CC004002806D5FFE705
:1026D0000299486C20F00600486403E0029900204B
:1026E0004864FFE7FFE70299002081F83C00FFE71C
:1026F00042F20030C4F201000090029801686FF0CD
:102700002200086000984068C006E8BBFFE7029816
:10271000006842F20001C4F20101884224D0FFE7C0
:102720000298006842F20011C4F20101884208D107
:10273000FFE742F20430C4F201000068C00698B11D
:10274000FFE70298006842F20021C4F201018842CA
:1027500019D1FFE742F20430C4F20100006800F032
:102760001F000F280FD8FFE702980068806810F05C
:10277000405F07D1FFE702980168886840F0804019
:102780008860FFE7FFE717E00298006842F2000167
:10279000C4F2010188420ED1FFE702980068806808
:1027A00010F0405F07D1FFE702980168886840F0A9
:1027B00080408860FFE7FFE70AE00299086C40F07C
:1027C000100008640299486C40F001004864FFE77B
:1027D00000208DF80F00FFE79DF80F0004B0704750
:1027E00084B002900191029890F820008DF80300C7
:1027F0009DF80300012805D0FFE79DF8030002289B
:102800000AD1FFE7019A02980168486910434861BC
:1028100000208DF80F0008E00299486A40F48020FB
:10282000486201208DF80F00FFE79DF80F0004B00B
:102830007047000088B006900591049203930698B3
:1028400090F820008DF807000698006880680090D6
:102850000598806808B9FFE700E0FFE79DF80700EA
:10286000012806D0FFE79DF80700022840F08D8080
:10287000FFE79DF80300400700280CD4FFE79DF810
:1028800003000007002806D4FFE79DF80300C006F8
:10289000002871D5FFE70098C0F30160029002980C
:1028A000032809D3FFE70699486A40F4000048620C
:1028B00001208DF81F0071E00299012088400399E2
:1028C00008600598806868B9FFE705980168C068E6
:1028D00040EA415006990968029A01EB0211C1F8D9
:1028E00080010EE005994A688868C96840EAC2001C
:1028F000084306990968029A01EB0211C1F88001A8
:10290000FFE70598006906990968029A01EB021130
:10291000C1F884010598007D01280CD1FFE70698D5
:102920000068029900EB0111D1F8840140F4807035
:10293000C1F88401FFE70498406806990968029A83
:1029400001EB0211C1F88C0104980068069909682E
:10295000029A01EB0211C1F88801069800680299F9
:1029600000EB0111D1F8800140F00100C1F88001B5
:1029700000208DF81F0011E00699486A40F400100D
:10298000486201208DF81F0008E00699486A40F46B
:102990008020486201208DF81F00FFE79DF81F008E
:1029A00008B0704786B004900391049800680190C5
:1029B000049890F820008DF803009DF8030001288A
:1029C00006D0FFE79DF80300022840F0B080FFE743
:1029D00046F20040C4F2000001900199D1F80002D3
:1029E00040F00100C1F800020199D1F8000220F482
:1029F0007C50C1F800020398426A0199D1F80002A4
:102A000040EA0220C1F800020398406900F01F016B
:102A1000012088400290029A0199D1F81C0290434B
:102A2000C1F81C020398C069F0B9FFE7029A019946
:102A3000D1F80C029043C1F80C02039A9088D16837
:102A4000526940EA0140019901EBC201C1F840021C
:102A5000039A10889168526940EA0140019901EB9C
:102A6000C201C1F84402FFE70398C06901281ED1E2
:102A7000FFE7029A0199D1F80C021043C1F80C0249
:102A8000039A90881168526940EA0140019901EB6C
:102A9000C201C1F84002039A90899168526940EAE4
:102AA0000140019901EBC201C1F84402FFE703981C
:102AB000806940B9FFE7029A0199D1F80402904376
:102AC000C1F8040207E0029A0199D1F80402104308
:102AD000C1F80402FFE70398006940B9FFE7029AD2
:102AE0000199D1F814029043C1F8140207E0029A48
:102AF0000199D1F814021043C1F81402FFE70398BA
:102B0000006A012808D1FFE7029A0199D1F81C0256
:102B10001043C1F81C02FFE70199D1F8000220F030
:102B20000100C1F8000200208DF8170008E00499A8
:102B3000486A40F48020486201208DF81700FFE7C2
:102B40009DF8170006B0704781B0009001B0704743
:102B500086B00490039102920193049890F82000AB
:102B60008DF803009DF80300012806D0FFE79DF8CB
:102B70000300022840F0D780FFE7039880B9FFE701
:102B800004980068C068800748B9FFE70499486A5C
:102B900040F40010486201208DF81700CCE00FE0EF
:102BA000049800680069800748B9FFE70499486AFB
:102BB00040F40010486201208DF81700BCE0FFE7E8
:102BC00004980068039900EB0110D0F8B00100F000
:102BD0000400029988600298806858B9FFE7049859
:102BE0000068039900EB0110D0F8B001400D029984
:102BF00008600AE004980068039900EB0110D0F81F
:102C0000B001C00802994860FFE704980068039982
:102C100000EB0110D0F8B00100F002000299C8608A
:102C200004980068039900EB0110D0F8B40100F09B
:102C30000F000299086104980068039900EB0110E5
:102C4000D0F8B40180B2000A029988610498006843
:102C5000039900EB0110D0F8B401000C029948610F
:102C600004980068039900EB0110D0F8B8010199AD
:102C7000087004980068039900EB0110D0F8B801BF
:102C8000000A0199487004980068039900EB01104C
:102C9000D0F8B801000C0199887004980068039975
:102CA00000EB0110D0F8B801000E0199C87004982B
:102CB0000068039900EB0110D0F8BC01019908717C
:102CC00004980068039900EB0110D0F8BC01000AD9
:102CD0000199487104980068039900EB0110D0F83D
:102CE000BC01000C0199887104980068039900EBFD
:102CF0000110D0F8BC01000E0199C871039838B9D1
:102D0000FFE704980168C86840F02000C86006E04A
:102D100004980168086940F020000861FFE700207E
:102D20008DF8170008E00499486A40F48020486252
:102D300001208DF81700FFE79DF8170006B07047D7
:102D400080B58AB009900020089009980068406911
:102D500007900998006840680690099800688068A4
:102D6000059009980068C068049009980068006997
:102D7000039009980068806902909DF81C00C007C4
:102D8000002800F09480FFE79DF81400C00758B3B6
:102D9000FFE709980168012088609DF8140080070A
:102DA000002804D5FFE7099800F062FC1BE09DF8BD
:102DB00014004007002805D5FFE7089840F400609C
:102DC00008900FE09DF814000007002805D5FFE7E4
:102DD000089840F48050089003E0099800F044FC03
:102DE000FFE7FFE7FFE7FFE79DF81500C00760B3C7
:102DF000FFE7099801684FF4807088609DF815001E
:102E00008007002804D5FFE7099800F039FC1BE093
:102E10009DF815004007002805D5FFE7089840F405
:102E2000005008900FE09DF815000007002805D518
:102E3000FFE7089840F48040089003E0099800F00C
:102E40001BFCFFE7FFE7FFE7FFE79DF81600C00761
:102E500060B3FFE7099801684FF4803088609DF8FF
:102E600016008007002804D5FFE7099800F010FC41
:102E70001BE09DF816004007002805D5FFE70898DD
:102E800040F4004008900FE09DF81600000700286D
:102E900005D5FFE7089840F48030089003E00998D2
:102EA00000F0F2FBFFE7FFE7FFE7FFE7FFE79DF832
:102EB0001C000007002810D5FFE79DF81000C00691
:102EC000002809D5FFE7089840F400700890099899
:102ED00001681020C860FFE7FFE79DF81C0040076D
:102EE00000280FD5FFE79DF810000007002808D53F
:102EF000FFE7099801680820C860099800F0CCFA3B
:102F0000FFE7FFE79DF81C00800700280BD5FFE7CF
:102F100009980068C068800720B1FFE7099800F0B1
:102F2000BFFAFFE7FFE79DF81C004006002810D518
:102F3000FFE79DF80C00C006002809D5FFE70898B8
:102F400040F4806008900998016810200861FFE74C
:102F5000FFE79DF81C00800600280FD5FFE79DF8CD
:102F60000C000007002808D5FFE709980168082031
:102F70000861099800F026FBFFE7FFE79DF81C00B9
:102F8000C00600280BD5FFE7099800680069800794
:102F900020B1FFE7099800F019FBFFE7FFE79DF874
:102FA0001E00800700280FD5FFE79DF81800C00617
:102FB000002808D5FFE709980168102048600998A3
:102FC00000F008FBFFE7FFE79DF81E00C00778B19F
:102FD000FFE79DF818000007002808D5FFE70998CB
:102FE000016808204860099800F056FBFFE7FFE7FA
:102FF0009DF81D000006002840F18D80FFE79DF838
:1030000018004007002840F18180FFE79DF81D006F
:10301000C00750B1FFE79DF80800C00728B1FFE7DF
:10302000089840F001000890FFE79DF81D00800718
:1030300000280BD5FFE79DF808008007002805D57C
:10304000FFE7089840F002000890FFE79DF81D0098
:10305000400700280BD5FFE79DF80800400700282F
:1030600005D5FFE7089840F004000890FFE79DF8B9
:103070001D000007002848D5FFE79DF8080010F064
:10308000700F42D0FFE7029800F0700001460191F6
:10309000102814D0FFE70198202815D0FFE70198E9
:1030A000302816D0FFE70198402817D0FFE7019895
:1030B000502818D0FFE70198602819D01DE0089823
:1030C00040F00800089019E0089840F010000890BF
:1030D00014E0089840F0200008900FE0089840F0B5
:1030E000400008900AE0089840F08000089005E051
:1030F000089840F48070089000E0FFE709980168A4
:10310000886920F070008861FFE7FFE7099801688F
:1031100004204860FFE7089848B1FFE7089A09993A
:10312000486A104348620998FFF70EFDFFE70AB0AE
:1031300080BD000080B584B00290029820B9FFE7FE
:1031400001208DF80F00E0E0029890F8200020B9EF
:10315000FFE7029800F0DEF8FFE7029801680868D0
:1031600040F00100086001F0D7F80190FFE70298F5
:1031700000684068C007A8B9FFE701F0CDF80199E1
:10318000401A0B280DD3FFE70299486A40F400303B
:1031900048620299052081F8200001208DF80F0077
:1031A000B3E0E4E702980168086820F002000860D4
:1031B00001F0B2F80190FFE70298006840688007CC
:1031C000002815D5FFE701F0A7F80199401A0B2850
:1031D0000DD3FFE70299486A40F400304862029933
:1031E000052081F8200001208DF80F008DE0E3E735
:1031F0000298007E012807D1FFE70298016808685D
:1032000040F08000086006E002980168086820F03D
:1032100080000860FFE70298407E012807D1FFE7A1
:1032200002980168086840F04000086006E00298D3
:103230000168086820F040000860FFE70298807E7F
:10324000012807D1FFE702980168086840F02000D4
:10325000086006E002980168086820F02000086015
:10326000FFE70298C07E012807D1FFE702980168B6
:10327000086820F01000086006E0029801680868FD
:1032800040F010000860FFE70298007F012807D196
:10329000FFE702980168086840F00800086006E04F
:1032A00002980168086820F008000860FFE70298AB
:1032B000407F012807D1FFE702980168086840F0C5
:1032C0000400086006E002980168086820F0040025
:1032D0000860FFE7029B19685A689868D3F80CC029
:1032E00040EA0C00D3F810C040EA0C005B691843B8
:1032F000013A1043C861029900204862029A0121F4
:1033000082F820108DF80F00FFE79DF80F0004B041
:1033100080BD000080B590B00F9000200E900D9001
:103320000C900B900A900F98006846F20041C4F28E
:103330000001884249D1FFE741F66440C2F2000033
:103340000168013101600068012812D1FFE7FFE741
:103350000020099043F64000C4F20200016841F0E9
:1033600000710160006800F0007009900998FFE7A3
:10337000FFE7FFE70020089043F63000C4F20200A8
:10338000016841F008010160006800F00800089041
:103390000898FFE703200A9002210B910021039176
:1033A0000C910D9009200E9040F60040C4F20200EE
:1033B0000AA900F0BDFD039A14200490052101F034
:1033C00087F8049801F07AF864E00F98006846F6F0
:1033D0000001C4F2000188425BD1FFE7FFE7002053
:1033E000079043F64000C4F20200016841F080619A
:1033F0000160006800F0806007900798FFE741F6E1
:103400006440C2F2000001680131016000680128D7
:1034100012D1FFE7FFE70020069043F64000C4F218
:103420000200016841F000710160006800F0007066
:1034300006900698FFE7FFE7FFE70020059043F6B8
:103440003000C4F20200016841F00201016000682E
:1034500000F0020005900598FFE760200A90022026
:103460000B90002001900C9003200D9009200E90ED
:1034700040F20040C4F202000AA900F059FD019A8E
:1034800040200290052101F023F8029801F016F87F
:10349000FFE7FFE710B080BD81B0009001B070473A
:1034A00080B58AB00990099844F60653C2F2000329
:1034B000002102AAFFF74CFB099843F67861C2F29B
:1034C000000188424CD1FFE70298019040F20321AD
:1034D000884237D0FFE7019840F23221884228D055
:1034E000FFE7019840F20131884206D0FFE70198DA
:1034F00040F2023188420ED031E040F25820C2F250
:10350000000041F28841084444F60651C2F200012D
:1035100012F07AFA23E040F25820C2F2000041F2A1
:10352000F861084444F60651C2F2000112F06CFA48
:1035300015E044F60650C2F2000040F23221FEF7D8
:10354000CFFC0CE040F25820C2F2000000F6281038
:1035500044F60651C2F200010AF0E0FBFFE7FFE784
:10356000099843F6A061C2F20001884228D1FFE722
:103570000298009040F20121884206D0FFE70098AF
:1035800040F2022188420DD019E040F25820C2F2E8
:10359000000000F5936044F60651C2F200010AF003
:1035A00029FC0CE040F25820C2F2000000F5DC607B
:1035B00044F60651C2F200010AF01CFCFFE7FFE7E7
:1035C0000AB080BD81B0009001B0704781B000901A
:1035D00001B0704781B0009001B0704780B584B0F1
:1035E0000290029890F8200001282FD1FFE702995D
:1035F000022081F8200002980168086820F001008C
:10360000086000F089FE0190FFE7029800684068BA
:10361000C007A8B1FFE700F07FFE0199401A0B2810
:103620000DD3FFE70299486A40F4003048620299DE
:10363000052081F8200001208DF80F000FE0E4E75D
:103640000299002048628DF80F0008E00299486A4C
:1036500040F40020486201208DF80F00FFE79DF83C
:103660000F0004B080BD000081B0009001B0704731
:1036700081B0009001B0704781B0009001B07047F8
:1036800081B0009001B0704781B0009001B07047E8
:1036900081B0009001B0704781B0009001B07047D8
:1036A00080B582B00090009820B9FFE701208DF826
:1036B000070011E00098407938B9FFE70099002031
:1036C0000871009800F00CF8FFE70099012048719C
:1036D00000208DF80700FFE79DF8070002B080BDCD
:1036E00082B001900198006843F20001C4F2020127
:1036F000884212D1FFE7FFE70020009043F6300038
:10370000C4F20200016841F480510160006800F4D5
:10371000805000900098FFE7FFE702B0704700007C
:1037200080B584B002900298806D019000F0F4FDA5
:103730000090029890F8350002280DD0FFE702991A
:1037400080204865FFE70299002081F83400FFE7F8
:1037500001208DF80F0055E002980168086820F0FC
:103760001600086002980168486920F080004861EE
:103770000298006C20B9FFE70298806C38B1FFE72F
:1037800002980168086820F008000860FFE70298C6
:103790000168086820F001000860FFE702980068EF
:1037A0000068C007C8B1FFE700F0B6FD0099401AF5
:1037B000062811D3FFE702992020486502990320CB
:1037C00081F83500FFE70299002081F83400FFE717
:1037D00003208DF80F0015E0E0E70298C16D3F204F
:1037E0008840019988600299012081F83500FFE73F
:1037F0000299002081F83400FFE7FFE700208DF8F0
:103800000F00FFE79DF80F0004B080BD82B000906C
:10381000009890F83500022807D0FFE70099802033
:10382000486501208DF807000EE00099052081F819
:10383000350000980168086820F001000860FFE783
:1038400000208DF80700FFE79DF8070002B07047E1
:1038500080B584B00290029820B9FFE701208DF86E
:103860000F004BE0029890F83500022804D1FFE7E2
:1038700002208DF80F0041E002980168086820F0EE
:103880000100086002980168002000900860029919
:103890000968486002990968886002990968C860E7
:1038A000029909680861029801682120486102981C
:1038B000FEF704F80146009801910299C863029945
:1038C000086402994864029988640299C86402995C
:1038D00008650299CA6D3F219140019A9160029951
:1038E0004865029981F83500FFE70299002081F8C8
:1038F0003400FFE700208DF80F00FFE79DF80F0070
:1039000004B080BD80B586B005900020039040F2E1
:10391000E400C2F20000006848F2B511C1F64E3171
:10392000A0FB0110800A02900598806D019001981B
:103930000068049004980599C96DC84000070028E4
:103940001AD5FFE70598006800684007002812D5DF
:10395000FFE705980168086820F0040008600598F2
:10396000C16D08208840019988600599486D40F034
:1039700001004865FFE7FFE704980599C96DC84055
:10398000C007A0B1FFE7059800684069000600285D
:103990000CD5FFE70598C16D01208840019988602A
:1039A0000599486D40F002004865FFE7FFE704987D
:1039B0000599C96DC8404007002814D5FFE7059850
:1039C00000680068800700280CD5FFE70598C16DE6
:1039D00004208840019988600599486D40F00400F2
:1039E0004865FFE7FFE704980599C96DC840C00620
:1039F000002847D5FFE70598006800680007002801
:103A00003FD5FFE70598C16D102088400199886077
:103A1000059800680068400300281AD5FFE705985C
:103A2000006800680003002809D4FFE70598006CCF
:103A300020B1FFE70598016C8847FFE708E005988B
:103A4000806C20B1FFE70598816C8847FFE7FFE7AE
:103A500016E0059800680068C005002807D4FFE755
:103A600005980168086820F008000860FFE70598DD
:103A7000006C20B1FFE70598016C8847FFE7FFE77E
:103A8000FFE7FFE704980599C96DC8408006002844
:103A900040F18D80FFE7059800680068C0060028A7
:103AA00040F18480FFE70598C16D2020884001998E
:103AB0008860059890F83500052834D1FFE705980F
:103AC0000168086820F016000860059801684869D8
:103AD00020F0800048610598006C20B9FFE7059848
:103AE000806C38B1FFE705980168086820F008008D
:103AF0000860FFE70598C16D3F2088400199886004
:103B00000599012081F83500FFE70599002081F82B
:103B10003400FFE70598006D20B1FFE70598016DBF
:103B20008847FFE77BE005980068006840030028AD
:103B30001AD5FFE70598006800680003002809D43B
:103B4000FFE70598406C20B1FFE70598416C884776
:103B5000FFE708E00598C06B20B1FFE70598C16B4F
:103B60008847FFE7FFE720E0059800680068C00588
:103B7000002811D4FFE705980168086820F01000BC
:103B800008600599012081F83500FFE705990020BC
:103B900081F83400FFE7FFE70598C06B20B1FFE72D
:103BA0000598C16B8847FFE7FFE7FFE7FFE7059848
:103BB000406DA0B3FFE70598406DC00730B3FFE745
:103BC0000599052081F8350005980168086820F0FE
:103BD00001000860FFE703980130039002998842D2
:103BE00001D9FFE707E0FFE7059800680068C00714
:103BF0000028F0D1FFE70599012081F83500FFE7A3
:103C00000599002081F83400FFE7FFE70598C06CB4
:103C100020B1FFE70598C16C8847FFE7FFE706B0D2
:103C200080BD000080B586B004900020039000F0B5
:103C300073FB0290049820B9FFE701208DF817006C
:103C4000A3E00498406A08B1FFE7FFE70499022067
:103C500081F83500FFE70499002081F83400FFE780
:103C600004980168086820F001000860FFE70498E4
:103C700000680068C00790B1FFE700F04DFB0299B3
:103C8000401A06280AD3FFE70499202048650499C2
:103C9000032081F835008DF8170076E0E7E70498F7
:103CA000006800680390039848F23F01CFF21001CA
:103CB00008400390049900914868D1F808C0CB6887
:103CC0000A6940EA0C00184310434A6910438A69A4
:103CD0001043CA691043096A0143039808430390DB
:103CE0000498406A042808D1FFE70499C86A096B60
:103CF0000143039808430390FFE703980499096878
:103D000008600498006840690390039820F0070059
:103D100003900498416A0398084303900498406A0A
:103D200004281AD1FFE70498816A03980843039096
:103D30000498C06A80B1FFE70498FDF7EBFD50B12D
:103D4000FFE70499402048650499012081F8350077
:103D50008DF8170019E0FFE7FFE703980499096859
:103D600048610498FDF7AAFD01900498C16D3F20B9
:103D7000884001998860049900204865049A0121CF
:103D800082F835108DF81700FFE79DF8170006B090
:103D900080BD000080B588B0069005910492039321
:103DA00000208DF80B000698806D0190FFE70698C3
:103DB00090F83400012804D1FFE702208DF81F009D
:103DC00045E00699012081F83400FFE7FFE70698F7
:103DD00090F8350001282BD1FFE70699022081F8E1
:103DE000350006990020486506980599049A039BBA
:103DF000FDF708FE0698C16D3F2088400199886054
:103E000006980168086840F0160008600698006C83
:103E100038B1FFE706980168086840F008000860BC
:103E2000FFE706980168086840F00100086009E0B3
:103E3000FFE70699002081F83400FFE702208DF8A3
:103E40000B00FFE79DF80B008DF81F00FFE79DF8C2
:103E50001F0008B080BD000080B584B0039000F062
:103E60005BFA0290039801900198013048B1FFE796
:103E700040F2C210C2F2000001780198084401909B
:103E8000FFE7FFE700F048FA0299401A01998842DB
:103E900001D2FFE7F6E704B080BD000080B582B034
:103EA000ADF80600BDF80600022822D1FFE744F273
:103EB000F470C2F2000044F6F841C2F200010FF0C3
:103EC00077FF8DF805009DF8050058B1FFE744F233
:103ED000F470C2F2000044F6F841C2F200010FF0A3
:103EE000B9FFFFE744F2F470C2F200000FF0D2FF16
:103EF000FFE702B080BD000080B582B0ADF80600DB
:103F000043F61440C4F201000068BDF806100842F0
:103F10000CD0FFE7BDF8060043F61441C4F20101DE
:103F20000860BDF80600FFF7B9FFFFE702B080BDEB
:103F30008EB00D900C9100200A90099008900B9083
:103F4000FFE70B980F2800F2CC81FFE70B990120C7
:103F500088400A900C9800680A99084009900998CE
:103F60000A99884240F0B881FFE70C98406800F059
:103F70000300012807D0FFE70C98406800F0030019
:103F800002282FD1FFE70D98806808900B98410018
:103F9000032000FA01F10898884308900C98C06843
:103FA0000B99490000FA01F1089808430890089815
:103FB0000D9988600D98406808900B99012000FACF
:103FC00001F10898884308900C984068C0F30010ED
:103FD0000B9900FA01F108980843089008980D9988
:103FE0004860FFE70C98406800F00300032818D0F1
:103FF000FFE70D98C06808900B984100032000FA75
:1040000001F10898884308900C9880680B99490042
:1040100000FA01F108980843089008980D99C860C3
:10402000FFE70C98406800F00300022826D1FFE764
:104030000D980B996FF0030202EA51010844006ADF
:1040400008900B9800F0070081000F2000FA01F1A2
:104050000898884308900C9800690B9901F00701B3
:10406000890000FA01F108980843089008980D9912
:104070000B9B02EA530211440862FFE70D980068A7
:1040800008900B984100032000FA01F1089888433A
:1040900008900C98406800F003000B99490000FA62
:1040A00001F108980843089008980D9908600C9849
:1040B00080798007002800F00E81FFE7FFE70020ED
:1040C000079043F64400C4F20200016841F48041C5
:1040D0000160006800F4804007900798FFE70B98A4
:1040E00020F0030043F60801C4F201014058089093
:1040F0000B9800F0030081000F2000FA01F10898EE
:10410000884308900D980021C4F20201884203D12F
:10411000FFE7002006905EE00D9840F20041C4F2F7
:104120000201884203D1FFE70120059050E00D987D
:1041300040F60001C4F20201884203D1FFE70220E9
:10414000049042E00D9840F60041C4F2020188421A
:1041500003D1FFE70320039034E00D9841F2000102
:10416000C4F20201884203D1FFE70420029026E056
:104170000D9841F20041C4F20201884203D1FFE7E9
:104180000520019018E00D9841F60001C4F20201EB
:10419000884203D1FFE7062000900AE00D9941F61E
:1041A0000042C4F202020820914208BF072000909A
:1041B000FFE700980190FFE701980290FFE702985F
:1041C0000390FFE703980490FFE704980590FFE74A
:1041D00005980690FFE70698C0B20B9901F003011D
:1041E000890000FA01F108980843089008980B9993
:1041F00021F0030143F60802C4F20102885043F69D
:104200000840C4F2010000680890099908988843A2
:1042100008900C988079C006002805D5FFE7099919
:10422000089808430890FFE7089843F60841C4F24D
:104230000101086043F60C40C4F2010000680890D8
:1042400009990898884308900C988079800600287E
:1042500005D5FFE70999089808430890FFE70898F3
:1042600043F60C41C4F20101086043F60440C4F275
:1042700001000068089009990898884308900C98F4
:1042800080798007002805D5FFE709990898084339
:104290000890FFE7089843F60441C4F20101086062
:1042A00043F60040C4F2010000680890099908989C
:1042B000884308900C988079C00728B1FFE70999D6
:1042C000089808430890FFE7089843F60041C4F2B5
:1042D00001010860FFE7FFE7FFE70B9801300B9053
:1042E0002FE60EB07047000082B00190ADF80210CA
:1042F0008DF801209DF8010028B1FFE7BDF802000C
:104300000199886105E0BDF8020000040199886107
:10431000FFE702B0704700004AF66450C2F20000A6
:104320000068704740F2C210C2F2000002784AF6FC
:104330006451C2F200010868104408607047000030
:1043400080B543F60041C4F20201086840F40070F1
:104350000860086840F480600860086840F4807075
:104360000860032000F0CEF80F2000F005F800F000
:1043700079F8002080BD000080B58CB00B90002043
:1043800004900390FFE70020009043F64000C4F241
:104390000200016841F001010160006800F00100C5
:1043A00000900098FFE706A802A901F0ADFB09986C
:1043B0000490049820B9FFE701F0D6FB059004E0D3
:1043C00001F0D2FB40000590FFE705984DF68361B0
:1043D000C4F21B31A0FB01014FF0FF3000EB914014
:1043E000039044F6DC00C2F200004FF0804101600F
:1043F00040F2E731C16003994160002101618160B1
:10440000816102F03DFE8DF807009DF8070028BB92
:10441000FFE744F6DC00C2F2000002F05FFF8DF817
:1044200007009DF80700C0B9FFE71C2000F046F820
:104430000B980F280CD8FFE70B991C20002200F0E6
:1044400047F80B9840F2C411C2F20001086003E083
:1044500001208DF80700FFE7FFE7FFE79DF8070061
:104460000CB080BD80B582B0FFE70020019043F61C
:104470004400C4F20200016841F480410160006818
:1044800000F4804001900198FFE7FFE700200090D2
:1044900043F64000C4F20200016841F0805101601F
:1044A000006800F0805000900098FFE76FF0010076
:1044B0000F21002200F00CF802B080BD80B582B060
:1044C0008DF807009DF9070010F040F802B080BD9C
:1044D00080B586B08DF817000491039200200290F9
:1044E00010F04CF802909DF9170001900298049981
:1044F000039A07F037FB0146019810F047F806B021
:1045000080BD000080B582B00190019810F060F885
:1045100002B080BD82B001908DF8031002B07047E8
:1045200082B00190ADF80210BDF80200019909684F
:104530004862002002B0704784B003908DF80B10E1
:10454000ADF8082003980068406A00909DF80B00C1
:1045500048B9FFE7BDF80810009840EA0140039908
:104560000968886233E003980068816A009800EB6C
:104570001140009000208DF80700FFE79DF807002C
:104580009DF80B100139884213D2FFE703980068A9
:104590009DF8071000EB8100D0F80411009800EBA3
:1045A00011400090FFE79DF8070001308DF80700EB
:1045B000E4E7BDF80810009840EA01400399096853
:1045C0009DF80B2001EB8201C1F80001FFE70020FC
:1045D00004B0704780B582B001900198D0F808050A
:1045E0000DF07AF802B080BD80B582B001908DF8F0
:1045F0000310019AD2F808059DF8031001EBC103DE
:1046000002EB8302D26C0CF0C3FE02B080BD00004E
:1046100080B582B001908DF80310019AD2F8080598
:104620009DF8031001EBC10302EB8302D2F88C2248
:104630000CF078FF02B080BD80B582B00190019887
:10464000D0F808050DF04EF802B080BD80B584B0FA
:1046500003908DF80B109DF80B00000600280CD578
:10466000FFE703989DF80B1001F00F0101EBC1016A
:1046700000EB81003C3001900CE003989DF80B109A
:1046800001F00F0101EBC10100EB810000F51F708B
:104690000190FFE70398006801990EF079FE8DF80C
:1046A0000A009DF80A0004B080BD000080B584B007
:1046B00002908DF807109DF80700000600280FD51E
:1046C000FFE702989DF8071001F00F0101EBC1010F
:1046D00000EB81003C3000900099012048700FE011
:1046E00002989DF8071001F00F0101EBC10100EBEA
:1046F000810000F51F700090009900204870FFE7CE
:104700009DF8070000F00F0000990870FFE702987D
:1047100090F8BC04012804D1FFE702208DF80F00B7
:1047200014E00299012081F8BC04FFE7FFE702983A
:10473000006800990EF054F8FFE70299002081F814
:10474000BC04FFE700208DF80F00FFE79DF80F0085
:1047500004B080BD80B584B002908DF807109DF83C
:10476000070000F00F0002994968884204D9FFE76A
:1047700001208DF80F004DE09DF80700000600288D
:104780000FD5FFE702989DF8071001F00F0101EB2C
:10479000C10100EB81003C3000900099012048707D
:1047A0000FE002989DF8071001F00F0101EBC10125
:1047B00000EB810000F51F70009000990020487008
:1047C000FFE70099002088709DF8070000F00F00B7
:1047D00000990870FFE7029890F8BC04012804D102
:1047E000FFE702208DF80F0014E00299012081F804
:1047F000BC04FFE7FFE70298006800990EF070FB29
:10480000FFE70299002081F8BC04FFE700208DF843
:104810000F00FFE79DF80F0004B080BD82B001904B
:104820008DF8031001989DF8031001F00F0101EBC2
:10483000C10100EB8100D0F89C0202B0704700007B
:1048400080B586B004908DF80F10ADF80C208DF86F
:104850000B3000208DF80A009DF80F00000600289C
:104860000FD5FFE704989DF80F1001F00F0101EB41
:10487000C10100EB81003C3001900199012048709A
:104880000FE004989DF80F1001F00F0101EBC1013A
:1048900000EB810000F51F70019001990020487025
:1048A000FFE79DF80F0000F00F0001990870BDF8B8
:1048B0000C000199C8609DF80B00019908710198DE
:1048C000407820B1FFE7019908780881FFE79DF85B
:1048D0000B00022804D1FFE7019900204871FFE78F
:1048E000FFE7049890F8BC04012804D1FFE70220F8
:1048F0008DF8170015E00499012081F8BC04FFE74A
:10490000FFE70498006801990DF024FEFFE7049981
:10491000002081F8BC04FFE79DF80A008DF817001D
:10492000FFE79DF8170006B080BD000080B586B097
:1049300005908DF813100392029305989DF81310BB
:1049400001F00F0101EBC10100EB810000F51F70C8
:104950000190039801990861029801998861019971
:1049600000200862019948709DF8130000F00F00C4
:104970000199087005980069012804D1FFE70398A0
:1049800001994861FFE79DF81300000738B9FFE778
:10499000059A10680199127C0EF056F906E0059A06
:1049A00010680199127C0EF03FFBFFE7002006B073
:1049B00080BD000080B584B002908DF807109DF88E
:1049C000070000F00F0002994968884204D9FFE708
:1049D00001208DF80F0058E09DF807000006002820
:1049E0000FD5FFE702989DF8071001F00F0101EBCA
:1049F000C10100EB81003C3000900099012048701B
:104A00000DE002989DF8071001EBC10100EB810059
:104A100000F51F700090009900204870FFE7009992
:104A2000012088709DF8070000F00F0000990870C1
:104A3000FFE7029890F8BC04012804D1FFE70220A8
:104A40008DF80F0021E00299012081F8BC04FFE7F6
:104A5000FFE70298006800990EF092FA9DF80700AF
:104A6000000740B9FFE7029A1068117C02F2C442C5
:104A70000EF0E6F9FFE7FFE70299002081F8BC0499
:104A8000FFE700208DF80F00FFE79DF80F0004B04E
:104A900080BD000080B586B005908DF8131003929C
:104AA000029305989DF8131001F00F0101EBC1016D
:104AB00000EB81003C300190039801990861029855
:104AC00001998861019900200862019901204870CC
:104AD0009DF8130000F00F00019908700598006917
:104AE000012804D1FFE7039801994861FFE79DF889
:104AF0001300000738B9FFE7059A10680199127C86
:104B00000EF0A2F806E0059A10680199127C0EF0EA
:104B10008BFAFFE7002006B080BD000080B58CB0A6
:104B20000B900B9800680A900A9809900B980068FF
:104B30000EF070FD002840F00D84FFE70B98006830
:104B40000EF0D4FD10B9FFE700F004BC0998D0F8CE
:104B50000808C0F30D200B99C1F8FC040B980068FD
:104B60000EF0C4FD8007002807D5FFE70B98016809
:104B7000486900F002004861FFE70B9800680EF0FA
:104B8000B5FDC006002862D5FFE70B98016888696B
:104B900020F0100088610A98006A02900B98029930
:104BA00001F00F0101EBC10100EB810000F51F7066
:104BB0000890029800F4F0110220B0EB514F23D17D
:104BC000FFE7BDF8080047F6F07108421BD0FFE789
:104BD0000A9808990969029AC2F30A120EF094FD24
:104BE000029847F6F07100EA0103089A106900EB99
:104BF00013101061029800EA01020899086A00EB9C
:104C000012100862FFE71BE0029800F4F011062082
:104C1000B0EB514F12D1FFE70A980B9901F2C44152
:104C200008220EF071FD029847F6F07100EA0102C9
:104C30000899086A00EB1210086200E0FFE7FFE73E
:104C40000B980168886940F010008861FFE70B98B5
:104C500000680EF04BFD0003002840F1A680FFE73E
:104C6000002004900B9800680EF0EEFC0690FFE721
:104C70000698002800F09880FFE79DF81800C0070C
:104C8000002800F08A80FFE70B9800689DF810105C
:104C90000EF014FD05909DF81400C00760B1FFE709
:104CA0000998049900EB41110120C1F8080B0B98F9
:104CB000049907F037FAFFE79DF814000007002871
:104CC0000CD5FFE70998049900EB41110820C1F8C1
:104CD000080B0B98049907F0DFF9FFE79DF8140023
:104CE000C006002808D5FFE70998049900EB411198
:104CF0001020C1F8080BFFE79DF81400800700287A
:104D00002DD5FFE70A9840690006002808D5FFE77F
:104D10000999D1F8040840F48060C1F80408FFE75D
:104D20000B98049901EBC10100EB810000F51F70A5
:104D300008900898C078012809D1FFE70899002059
:104D4000C8700B989DF8101000F014FBFFE709984D
:104D5000049900EB41110220C1F8080BFFE79DF810
:104D600014008006002808D5FFE70998049900EB95
:104D700041112020C1F8080BFFE79DF815008006BF
:104D8000002809D5FFE70998049900EB41114FF479
:104D90000050C1F8080BFFE7FFE7049801300490CA
:104DA00006984008069063E7FFE70B9800680EF04E
:104DB0009DFC4003002840F1C680FFE70B98006887
:104DC0000EF030FC069000200490FFE706980028C3
:104DD00000F0B880FFE79DF81800C007002800F039
:104DE000AA80FFE70B9800689DF810100EF03EFCBB
:104DF00005909DF81400C00700283ED0FFE70498F6
:104E000000F00F01012000FA01F10391039B099AC0
:104E1000D2F834189943C2F834180999049A01EB6E
:104E20004211C1F808090B98006901281FD1FFE75A
:104E30000B98049901EBC10100EB81018A6CC86CED
:104E40001044C864049888B9FFE70B98049901EBF3
:104E5000C10100EB8100406D40B9FFE70B99086884
:104E600001F2C44201210DF0EBFFFFE7FFE70B98D1
:104E70009DF81010FFF7B8FBFFE79DF8140000073E
:104E8000002808D5FFE70998049900EB4111082094
:104E9000C1F80809FFE79DF81400C006002808D5EE
:104EA000FFE70998049900EB41111020C1F80809A7
:104EB000FFE79DF814004006002808D5FFE7099891
:104EC000049900EB41114020C1F80809FFE79DF863
:104ED00014008007002822D5FFE70A9804990EF0F5
:104EE0002FFB0B98049901EBC10100EB81003C30D2
:104EF00008900898C078012809D1FFE70899002098
:104F0000C8700B989DF8101000F026FAFFE709987A
:104F1000049900EB41110220C1F80809FFE79DF850
:104F200014000006002805D5FFE70B98049907F048
:104F3000DDF9FFE7FFE70498013004900698400888
:104F4000069043E7FFE70B9800680EF0CFFBC00F19
:104F500000B3FFE70999D1F8040820F00100C1F877
:104F600004080B9890F8F404012808D1FFE70B9887
:104F7000002180F8F4140B98FFF7CCFA03E00B98AB
:104F800000F0E2FBFFE70B980168486900F0004081
:104F90004861FFE70B9800680EF0A8FB00050028A9
:104FA00011D5FFE70998D0F80808C00720B1FFE73E
:104FB0000B9800F057FCFFE70B980168486900F474
:104FC00000604861FFE70B9800680EF08FFBC0049B
:104FD000002840F18680FFE70999D1F8040820F005
:104FE0000100C1F804080B98006810210EF0A8FA1F
:104FF00000200790FFE707980B994968884231D253
:10500000FFE70998079900EB41114FF67F30C1F88F
:1050100008090999079A01EB4212D2F8001921F404
:105020000011C2F800190999079A01EB4211C1F861
:10503000080B0998079900EB4111D1F8000B20F4F7
:105040000010C1F8000B0998079900EB4111D1F845
:10505000000B40F00060C1F8000BFFE7079801303B
:105060000790C8E70999D1F81C0840F00110C1F871
:105070001C080B98006B78B1FFE70999D1F88408F8
:1050800040F00B00C1F884080999D1F8440840F0B9
:105090000B00C1F844080FE00999D1F8140842F256
:1050A0002B021043C1F814080999D1F8100840F0F8
:1050B0000B00C1F81008FFE70999D1F8000820F4A7
:1050C000FE60C1F800080B9A1068117C02F2C4421D
:1050D0000DF0B6FE0B980168486900F480504861F5
:1050E000FFE70B9800680EF001FB800400281FD535
:1050F000FFE70B9800680DF09DFA0B9800680EF022
:1051000063FA0B99C8600B980068019000F026FDC7
:10511000014601980B9A127B0EF0EEFB0B9800F003
:10512000E9FA0B980168486900F400504861FFE70C
:105130000B9800680EF0DAFA000700280AD5FFE79E
:105140000B9800F00BFB0B980168486900F0080011
:105150004861FFE70B9800680EF0C8FA00060028C7
:1051600025D5FFE70A99886920F080008861012031
:105170000490FFE704980B994968884216D2FFE72C
:105180000B98049901EBC10100EB810090F87F02BC
:10519000012806D1FFE70B989DF81010FFF756FA8B
:1051A000FFE7FFE7049801300490E3E7FFE70B987F
:1051B00000680EF09BFAC00200283ED5FFE70120F0
:1051C0000490FFE704980B99496888422ED2FFE7C4
:1051D0000998049900EB4110D0F8000902900B984F
:1051E000049901EBC10100EB810090F84000012817
:1051F00017D1FFE79DF80B000006002811D5FFE747
:105200000B98049901EBC10100EB8101012081F8A9
:105210003F000B989DF8101041F08001FFF716FA3F
:10522000FFE7FFE7049801300490CBE70B98016893
:10523000486900F480104861FFE70B9800680EF0A1
:1052400055FA8002002855D5FFE701200490FFE7BA
:1052500004980B994968884245D2FFE70998049958
:1052600000EB4110D0F8000B02900B98049901EB71
:10527000C10100EB810090F8800201282ED1FFE7E8
:105280009DF80B000006002828D5FFE7029800F4DF
:1052900080300B99D1F8FC1401F0010188421DD136
:1052A000FFE70B98049901EBC10100EB810101209C
:1052B00081F87F020A99886940F0800088610A9825
:1052C00040690006002808D4FFE70999D1F80408CE
:1052D00040F40070C1F8040805E0FFE7FFE7049818
:1052E00001300490B4E70B980168486900F400109D
:1052F0004861FFE70B9800680EF0F8F940000028BD
:105300000AD5FFE70B98FFF765F90B980168486924
:1053100000F080404861FFE70B9800680EF0E6F966
:105320004007002815D5FFE70B98006840680290F9
:105330009DF808004007002804D5FFE70B98FFF709
:105340007BF9FFE7029A0B980168486810434860B0
:10535000FFE7FFE70CB080BD80B582B001908DF80B
:1053600003100198D0F808059DF803100CF056FAC8
:1053700002B080BD80B582B001908DF80310019815
:10538000D0F808059DF803100CF080FA02B080BD3B
:105390002DE9F04F97B01590159820B9FFE701203F
:1053A0008DF85B0049E1159800681490159890F805
:1053B000BD0440B9FFE71599002081F8BC04159899
:1053C00000F040F9FFE71599032081F8BD04149817
:1053D000C06BC005002804D4FFE7159900200861C0
:1053E000FFE7159800680DF025FC159810900168EE
:1053F000119141688268C368D0F810C0446985691A
:10540000C669076AD0F82480D0F82890D0F82CA07C
:10541000D0F830B0D0F834E068461290C0F824E0FC
:105420001198DDF848E0CEF820B0CEF81CA0CEF8F8
:105430001890CEF81480CEF81070CEF80C60CEF82C
:105440000850CEF80440CEF800C00DF009F940B184
:10545000FFE71599022081F8BD0401208DF85B005B
:10546000EBE01598006800210F910EF0A7F90F9856
:105470008DF84F00FFE79DF84F0015994968884265
:1054800045D2FFE715989DF84F1001EBC10100EBE5
:105490008101012081F83D009DF84F00159900EB36
:1054A000C00201EB820181F83C009DF84F00159984
:1054B00000EBC00201EB8201A1F8440015989DF8B1
:1054C0004F1001EBC10100EB8101002081F8400089
:1054D00015999DF84F2002EBC20201EB820188640E
:1054E00015999DF84F2002EBC20201EB8201C864BE
:1054F00015999DF84F2002EBC20201EB820148652D
:10550000FFE79DF84F0001308DF84F00B3E7002012
:105510008DF84F00FFE79DF84F00159949688842C4
:105520003ED2FFE715989DF84F1001EBC10100EB4B
:105530008101002081F87D029DF84F10159A01EB42
:10554000C10302EB830282F87C1215999DF84F206B
:1055500002EBC20201EB820181F8800215999DF8ED
:105560004F2002EBC20201EB8201C1F888021599BB
:105570009DF84F2002EBC20201EB8201C1F88C02C0
:1055800015999DF84F2002EBC20201EB8201C1F890
:105590009402FFE79DF84F0001308DF84F00BAE705
:1055A00015980C9001680D9141688268C368D0F825
:1055B00010C044698569C669076AD0F82480D0F8AC
:1055C0002890D0F82CA0D0F830B0D0F834E068465D
:1055D0000E90C0F824E00D98DDF838E0CEF820B049
:1055E000CEF81CA0CEF81890CEF81480CEF810702B
:1055F000CEF80C60CEF80850CEF80440CEF800C0CB
:105600000DF0B6F940B1FFE71599022081F8BD040D
:1056100001208DF85B0010E0159900200B9081F8B7
:1056200038001599012081F8BD04159800680DF027
:1056300089F90B988DF85B00FFE79DF85B0017B0C8
:10564000BDE8F08F80B58AB00990002008900790DF
:1056500006900590049009980068B0F1A04F47D1DA
:10566000FFE7FFE70020039043F63000C4F202009A
:10567000016841F001010160006800F00100039041
:105680000398FFE74FF4C0500490022005900020DB
:105690000690032007900A2008900020C4F2020020
:1056A00004A9FEF745FCFFE743F63401C4F202010A
:1056B000086840F080000860FFE70020029043F691
:1056C0004400C4F20200016841F4804101600068B6
:1056D00000F4804002900298FFE7FFE7432001902A
:1056E00005210022FEF7F4FE0198FEF7E7FEFFE732
:1056F0000AB080BD80B582B0019001208DF8030012
:105700000198C06820B9FFE700208DF803000CE085
:105710000198C068022804D1FFE701208DF803003A
:1057200002E0FCF7FDFAFFE7FFE70198D0F8080573
:105730009DF803100CF0AAF90198D0F808050CF0B8
:1057400025F902B080BD000080B582B001900198BB
:10575000D0F808050CF068F902B080BD80B582B0C1
:1057600001900198D0F808050CF070F902B080BDE6
:1057700080B584B002908DF80710FFE7029890F88A
:10578000BC04012804D1FFE702208DF80F001AE0C5
:105790000299012081F8BC04FFE7FFE79DF80700AC
:1057A000029981F83800029800689DF807100EF001
:1057B00075F8FFE70299002081F8BC04FFE700209C
:1057C0008DF80F00FFE79DF80F0004B080BD0000CA
:1057D00080B582B001900199D1F8080501F2C44169
:1057E0000CF07EF902B080BD80B584B002900298C2
:1057F00000680190FFE7029890F8BC04012804D1EA
:10580000FFE702208DF80F0027E00299012081F8C0
:10581000BC04FFE7FFE70298806A01280BD1FFE78D
:1058200002988069012806D0FFE70199886B40F44F
:1058300080308863FFE7029800680DF037FE029819
:1058400000680DF069F8FFE70299002081F8BC04B8
:10585000FFE700208DF80F00FFE79DF80F0004B070
:1058600080BD000080B582B001900198D0F8080595
:105870000CF0B8F901980168D1F8000E40F0010071
:10588000C1F8000E0198006A48B1FFE74EF61051CA
:10589000CEF20001086840F006000860FFE702B0A1
:1058A00080BD000080B584B002900191029820B9BB
:1058B000FFE701208DF80F0021E1019843F6004138
:1058C000C4F20201096801F00701884212D9FFE71A
:1058D000019943F60040C4F202000170006800F034
:1058E00007000199884204D0FFE701208DF80F00DE
:1058F00005E1FFE702980078800700282AD5FFE736
:10590000029800784007002809D5FFE743F6080110
:10591000C4F20201086840F4E0500860FFE7029812
:1059200000780007002809D5FFE743F60801C4F214
:105930000201086840F460400860FFE743F6080190
:10594000C4F20201086820F0F000029A9268104345
:105950000860FFE702980078C00700286ED0FFE7D4
:1059600002984068012811D1FFE743F60000C4F215
:105970000200006800F400310020B0EB514F04D168
:10598000FFE701208DF80F00B9E02CE00298406895
:10599000022805D0FFE702984068032811D1FFE7ED
:1059A00043F60000C4F20200006800F0007100201D
:1059B000B0EB516F04D1FFE701208DF80F009EE09E
:1059C00010E043F60000C4F20200006800F002019B
:1059D0000020B0EB510F04D1FFE701208DF80F003C
:1059E0008DE0FFE7FFE743F60801C4F20201086813
:1059F00020F00300029A526810430860FEF78CFC06
:105A00000090FFE743F60800C4F20200006800F0CF
:105A10000C0002994968B0EB810F0ED0FFE7FEF74A
:105A20007BFC0099401A41F28931884204D3FFE798
:105A300003208DF80F0062E0E4E7FFE7019843F6EA
:105A40000041C4F20201096801F00701884212D244
:105A5000FFE7019943F60040C4F2020001700068BC
:105A600000F007000199884204D0FFE701208DF87B
:105A70000F0044E0FFE702980078400700280CD5AB
:105A8000FFE743F60801C4F20201086820F4E05081
:105A9000029AD26810430860FFE702980078000776
:105AA00000280DD5FFE743F60801C4F2020108689B
:105AB00020F46040029A126940EAC2000860FFE7E1
:105AC00000F076F843F60801C4F202010968C9B291
:105AD0000A094AF6CC21C0F60101895CC84040F2AF
:105AE000E401C2F20001086040F2C410C2F20000FA
:105AF0000068FEF741FC00208DF80F00FFE79DF8DD
:105B00000F0004B080BD000082B0019000910199A7
:105B10000F20086043F60800C4F20200016801F09B
:105B20000301019A5160016801F0F001019A91604E
:105B3000016801F4E051019AD160006800F460400E
:105B4000C0080199086143F60040C4F202000068F1
:105B500000F007000099086002B0704740F2E400CE
:105B6000C2F200000068704780B5FFF7F7FF43F608
:105B70000801C4F202010968C1F382224AF6DC215D
:105B8000C0F60101895CC84080BD000080B5FFF708
:105B9000E5FF43F60801C4F20201096889B24A0B25
:105BA0004AF6DC21C0F60101895CC84080BD0000D6
:105BB00080B586B00020059004900390029043F6D3
:105BC0000800C4F20200006800F00C0001460191D8
:105BD00040B1FFE7019804280AD0FFE701980828A0
:105BE0000CD04FE042F20040C0F2F40002904FE0CF
:105BF00041F60030C0F2B700029049E043F60400DD
:105C0000C4F20200016801F03F0105910068400202
:105C1000002813D5FFE743F60400C4F20200006831
:105C2000C0F3881041F60031C0F2B701A0FB0101BA
:105C3000059A0023FAF738FB049012E043F60400BB
:105C4000C4F202000068C0F3881042F20041C0F2C2
:105C5000F401A0FB0101059A0023FAF725FB04904B
:105C6000FFE743F60400C4F20200006800F440318C
:105C7000022000EBD130039004980399B0FBF1F0BF
:105C8000029005E042F20040C0F2F4000290FFE70B
:105C9000029806B080BD000080B586B004900498DC
:105CA00020B9FFE701208DF8170050E30498007831
:105CB000C007002800F0A580FFE743F60800C4F203
:105CC0000200006800F00C00042813D0FFE743F640
:105CD0000800C4F20200006800F00C0008281ED181
:105CE000FFE743F60400C4F2020000684002002807
:105CF00015D5FFE743F60000C4F20200006800F487
:105D000000310020B0EB514F08D0FFE70498406805
:105D100020B9FFE701208DF8170018E370E0FFE7D6
:105D200004984068B0F5803F09D1FFE743F60001D1
:105D3000C4F20201086840F48030086020E0049852
:105D40004068B0F5A02F0DD1FFE743F60001C4F283
:105D50000201086840F480200860086840F4803040
:105D600008600CE043F60001C4F20201086820F468
:105D700080300860086820F480200860FFE7FFE7B3
:105D8000FFE704984068E8B1FFE7FEF7C5FA039023
:105D9000FFE743F60000C4F20200006800F400319F
:105DA0000020B0EB514F0CD1FFE7FEF7B5FA039995
:105DB000401A652804D3FFE703208DF81700C6E2D8
:105DC000E7E71CE0FEF7A8FA0390FFE743F60000C0
:105DD000C4F20200006800F400310020B0EB514F23
:105DE0000CD0FFE7FEF798FA0399401A652804D310
:105DF000FFE703208DF81700A9E2E7E7FFE7FFE7D9
:105E0000FFE7049800788007002840F19680FFE7BC
:105E100043F60800C4F20200006810F00C0F13D023
:105E2000FFE743F60800C4F20200006800F00C002F
:105E300008282CD1FFE743F60400C4F202000068F2
:105E40004002002823D4FFE743F60000C4F202001A
:105E5000006800F002010020B0EB510F09D0FFE70D
:105E60000498C068012804D0FFE701208DF81700CE
:105E70006DE243F60001C4F20201086820F0F80068
:105E8000049A126940EAC2000860FFE754E00498EF
:105E9000C06870B3FFE70021C4F247210120086009
:105EA000FEF73AFA0390FFE743F60000C4F202005F
:105EB000006800F002010020B0EB510F0CD1FFE7A9
:105EC000FEF72AFA0399401A032804D3FFE70320B8
:105ED0008DF817003BE2E7E743F60001C4F2020148
:105EE000086820F0F800049A126940EAC2000860CD
:105EF00021E00021C4F2472100200860FEF70CFADF
:105F00000390FFE743F60000C4F20200006800F0CF
:105F100002010020B0EB510F0CD0FFE7FEF7FCF9B7
:105F20000399401A032804D3FFE703208DF81700D4
:105F30000DE2E7E7FFE7FFE7FFE7049800780007D7
:105F400000284BD5FFE70498406918B3FFE740F6F7
:105F50008061C4F2472101200860FEF7DDF903905B
:105F6000FFE743F67400C4F20200006800F002018B
:105F70000020B0EB510F0CD1FFE7FEF7CDF90399EC
:105F8000401A032804D3FFE703208DF81700DEE151
:105F9000E7E722E040F68061C4F247210020086074
:105FA000FEF7BAF90390FFE743F67400C4F202006B
:105FB000006800F002010020B0EB510F0CD0FFE7A9
:105FC000FEF7AAF90399401A032804D3FFE7032038
:105FD0008DF81700BBE1E7E7FFE7FFE704980078DB
:105FE0004007002840F1CE80FFE700208DF8070031
:105FF00043F64000C4F202000068C000002815D437
:10600000FFE7FFE70020009043F64000C4F20200E3
:10601000016841F080510160006800F080500090FC
:106020000098FFE701208DF80700FFE747F2000026
:10603000C4F200000068C005002822D4FFE747F240
:106040000001C4F20001086840F480700860FEF7A7
:1060500063F90390FFE747F20000C4F20000006814
:10606000C00500280CD4FFE7FEF756F90399401A43
:10607000032804D3FFE703208DF8170067E1EAE760
:10608000FFE7FFE704988068012809D1FFE743F69E
:106090007001C4F20201086840F0010008601FE0CE
:1060A0000498806805280DD1FFE743F67001C4F21B
:1060B0000201086840F004000860086840F0010030
:1060C00008600CE043F67001C4F20201086820F099
:1060D00001000860086820F004000860FFE7FFE79F
:1060E000FFE704988068F8B1FFE7FEF715F9039021
:1060F000FFE743F67000C4F20200006800F00201FE
:106100000020B0EB510F0ED1FFE7FEF705F9039920
:10611000401A41F28931884204D3FFE703208DF809
:10612000170014E1E5E71EE0FEF7F6F80390FFE73D
:1061300043F67000C4F20200006800F00201002083
:10614000B0EB510F0ED0FFE7FEF7E6F80399401AC7
:1061500041F28931884204D3FFE703208DF817000C
:10616000F5E0E5E7FFE79DF80700012809D1FFE723
:1061700043F64001C4F20201086820F08050086034
:10618000FFE7FFE704988069002800F0DC80FFE764
:1061900043F60800C4F20200006800F00C00082872
:1061A00000F08580FFE70498806902285CD1FFE752
:1061B0006021C4F2472100200860FEF7ADF803908B
:1061C000FFE743F60000C4F20200006800F000712F
:1061D0000020B0EB516F0CD0FFE7FEF79DF803995C
:1061E000401A032804D3FFE703208DF81700AEE020
:1061F000E7E70499C869D1F820C04B6A8A6A40EA87
:106200000C0040EA8310D2034FF6FF739A43A2F5C5
:1062100080321043C96A40EA016043F60401C4F2C7
:10622000020108606021C4F2472101200860FEF7E6
:1062300073F80390FFE743F60000C4F20200006821
:1062400000F000710020B0EB516F0CD1FFE7FEF7BA
:1062500063F80399401A032804D3FFE703208DF85D
:10626000170074E0E7E721E06021C4F24721002035
:106270000860FEF751F80390FFE743F60000C4F210
:106280000200006800F000710020B0EB516F0CD0EC
:10629000FFE7FEF741F80399401A032804D3FFE70C
:1062A00003208DF8170052E0E7E7FFE74AE0049883
:1062B0008069012804D1FFE701208DF8170046E02E
:1062C00043F60400C4F2020000680290049880695A
:1062D000012831D0FFE7029800F480000499C969D1
:1062E000884229D1FFE7029800F03F000499096A2B
:1062F000884221D1FFE7029847F6C071084004990F
:10630000496AB0EB811F17D1FFE7029800F44030D3
:106310000499896AC9034FF6FF729143A1F5803150
:10632000884209D1FFE7029800F070600499C96AB9
:10633000B0EB016F04D0FFE701208DF8170006E0F5
:10634000FFE7FFE7FFE700208DF81700FFE79DF864
:10635000170006B080BD000081B00090009890F852
:10636000510001B07047000080B584B002900298DF
:1063700020B9FFE701208DF80F0071E00298406A14
:1063800060B9FFE702984068B0F5827F01D1FFE76E
:1063900003E002990020C861FFE705E002990020B0
:1063A000086102994861FFE702990020886202981B
:1063B00090F8510040B9FFE70299002081F85000A1
:1063C000029800F051F8FFE70299022081F851008D
:1063D00002980168086820F040000860029A019263
:1063E00011685068D2F808C0D36800F482700CF4C9
:1063F000044C604403F400631844136903F002037F
:106400001844536903F001031844936903F40073BB
:106410001844D36903F038031844136A03F0800367
:106420001843926A02F4005210430860029A508B9B
:1064300000F004001168526A02F010021044486033
:1064400002980168C86920F40060C86102990020C0
:106450004865029A012182F851108DF80F00FFE77C
:106460009DF80F0004B080BD80B592B0119000205F
:1064700010900F900E900D900C901198006843F2C0
:106480000001C4F20101884240F0B680FFE7FFE757
:1064900000200B9043F64400C4F20200016841F46E
:1064A00080510160006800F480500B900B98FFE76A
:1064B000FFE700200A9043F63000C4F202000168B2
:1064C00041F002010160006800F002000A900A98A1
:1064D000FFE7FFE70020099043F63000C4F2020016
:1064E000016841F001010160006800F001000990BD
:1064F0000998FFE718200C90022001900D900120D0
:1065000002900E90032003900F90052004901090AD
:1065100040F20040C4F202000CA90591FDF708FD0D
:10652000DDF804C0029B039A049805994FF0800E91
:10653000CDF830E0CDF834C00E930F9210900020CB
:10654000C4F20200FDF7F4FC43F6D060C2F2000092
:10655000069046F24041C4F2020101604FF0C06172
:10656000416000218160C1604FF48062026141613D
:106570008161C1614FF4403202624162FDF752FB1A
:1065800018B1FFE7FBF7CCFBFFE7FFE7119843F6F5
:10659000D061C2F20001C16411988863FFE743F63D
:1065A0003070C2F20000009046F25841C4F202017D
:1065B00001604FF0C0614160402181600021C160F5
:1065C0004FF48062026141618161C1614FF4003228
:1065D00002624162FDF726FB18B1FFE7FBF7A0FB63
:1065E000FFE7FFE7119843F63071C2F200018164C2
:1065F00011988863FFE73EE01198006843F60001B8
:10660000C4F20001884235D1FFE7FFE7002008907F
:1066100043F64000C4F20200016841F48041016089
:10662000006800F4804008900898FFE7FFE700202A
:10663000079043F63000C4F20200016841F0020105
:106640000160006800F0020007900798FFE74FF430
:1066500060400C9002200D9000200E9003200F90BF
:106660000520109040F20040C4F202000CA9FDF792
:106670005FFCFFE7FFE712B080BD000080B588B087
:1066800006900591ADF81220039300208DF80700C5
:1066900006984068B0F5827F16D1FFE706988068BB
:1066A00090B9FFE70699042081F851000698059AF1
:1066B000BDF812300399EC46CCF80010114600F0FA
:1066C00037FA8DF81F00EDE0FFE7069890F85000CC
:1066D000012804D1FFE702208DF81F00E2E00699AF
:1066E000012081F85000FFE7FFE7FDF715FE02905B
:1066F000069890F85100012804D0FFE702208DF899
:106700000700C0E0059820B1FFE7BDF8120020B9EE
:10671000FFE701208DF80700B5E00699042081F815
:1067200051000699002048650599069A9163BDF8C5
:106730001210069A9187BDF81210069AD187069911
:106740000863069988860699C8860699086406999A
:10675000486406988068B0F5004F0DD1FFE70698B1
:106760000168086820F04000086006980168086821
:1067700020F480400860FFE706980068006800F099
:106780004000402807D0FFE706980168086840F0FD
:1067900040000860FFE70698C06880BBFFE7FFE79E
:1067A0000698C08F50B3FFE7069800688068C0075E
:1067B00078B1FFE706980068007B0699896B08703E
:1067C0000699886B013088630699C88F0138C8879D
:1067D00013E0FDF7A1FD0299401A0399884204D302
:1067E000FFE70398013018B9FFE7039820B9FFE7E6
:1067F00003208DF8070046E0FFE7D1E72FE0FFE731
:106800000698C08F50B3FFE7069800688068C007FD
:1068100078B1FFE706980068C0680699896B088020
:106820000699886B023088630699C88F0138C8873B
:1068300013E0FDF771FD0299401A0399884204D3D1
:10684000FFE70398013018B9FFE7039820B9FFE785
:1068500003208DF8070016E0FFE7D1E7FFE7069871
:106860000399029A08F052F820B1FFE70699202018
:106870004865FFE70698406D20B1FFE701208DF8DD
:106880000700FFE7FFE70699012081F85100FFE7C5
:106890000699002081F85000FFE79DF807008DF869
:1068A0001F00FFE79DF81F0008B080BD80B588B0CD
:1068B00006900591ADF81220039300208DF8070093
:1068C000FFE7069890F85000012804D1FFE7022066
:1068D0008DF81F0028E10699012081F85000FFE79C
:1068E000FFE7FDF719FD0290BDF81200ADF80400B6
:1068F000069890F85100012804D0FFE702208DF897
:10690000070002E1059820B1FFE7BDF8120020B9A9
:10691000FFE701208DF80700F7E00699032081F8D2
:1069200051000699002048650599069A1163BDF843
:106930001210069A9186BDF81210069AD186069911
:106940008863069988870699C887069948640699D6
:10695000086406988068B0F5004F0DD1FFE70698EF
:106960000168086820F0400008600698016808681F
:1069700040F480400860FFE706980068006800F077
:106980004000402807D0FFE706980168086840F0FB
:1069900040000860FFE70698C068B0F5006F47D177
:1069A000FFE70698406828B1FFE7BDF8040001281A
:1069B0000ED1FFE706980168006B0088C860069951
:1069C000086B023008630699C88E0138C886FFE755
:1069D000FFE70698C08E50B3FFE70698006880680E
:1069E000800700280ED5FFE706980168006B008835
:1069F000C8600699086B023008630699C88E013892
:106A0000C88613E0FDF788FC0299401A0399884272
:106A100004D3FFE70398013018B9FFE7039820B9C2
:106A2000FFE703208DF807006FE0FFE7D1E746E0BE
:106A30000698406828B1FFE7BDF8040001280ED190
:106A4000FFE706980168006B007808730699086BE9
:106A5000013008630699C88E0138C886FFE7FFE752
:106A60000698C08E50B3FFE70698006880688007DC
:106A700000280ED5FFE706980168006B00780873C0
:106A80000699086B013008630699C88E0138C886DC
:106A900013E0FDF741FC0299401A0399884204D3A0
:106AA000FFE70398013018B9FFE7039820B9FFE723
:106AB00003208DF8070028E0FFE7D1E7FFE70698FD
:106AC0000399029A07F094FF20B1FFE7069920206E
:106AD0004865FFE70698806870B9FFE7FFE7002088
:106AE000009006980068C06800900698006880686A
:106AF00000900098FFE7FFE70698406D20B1FFE7A0
:106B000001208DF80700FFE7FFE70699012081F8D3
:106B10005100FFE70699002081F85000FFE79DF83B
:106B200007008DF81F00FFE79DF81F0008B080BD2B
:106B300080B58EB0DDF840C00C900B910A92ADF894
:106B400026300120059000208DF81300FFE70C98F7
:106B500090F85000012804D1FFE702208DF837009B
:106B600095E10C99012081F85000FFE7FFE7FDF760
:106B7000D3FB06900C9890F851008DF81F000C98EC
:106B800040680890BDF82600ADF824009DF81F006D
:106B9000012812D0FFE70898B0F5827F09D1FFE7FE
:106BA0000C98806828B9FFE79DF81F00042804D0DE
:106BB000FFE702208DF813005AE10B9838B1FFE788
:106BC0000A9820B1FFE7BDF8260020B9FFE70120B1
:106BD0008DF813004CE10C9890F85100042805D072
:106BE000FFE70C99052081F85100FFE70C99002080
:106BF00048650A990C9A9163BDF826100C9AD187C2
:106C0000BDF826100C9A91870B990C9A1163BDF868
:106C100026100C9AD186BDF826100C9A91860C99F4
:106C200008640C9948640C980068006800F0400003
:106C3000402807D0FFE70C980168086840F0400042
:106C40000860FFE70C98C068B0F5006F76D1FFE7E9
:106C50000C98406828B1FFE7BDF8240001280ED148
:106C6000FFE70C980168006B0088C8600C99086BFE
:106C7000023008630C99C88E0138C886FFE7FFE729
:106C80000C98C18E0120029039B9FFE70C98C08F93
:106C9000002818BF01200290FFE70298C0070028D3
:106CA0004BD0FFE70C98006880688007002818D553
:106CB000FFE70C98C08EA0B1FFE70598012810D11E
:106CC000FFE70C980168006B0088C8600C99086B9E
:106CD000023008630C99C88E0138C88600200590E0
:106CE000FFE70C9800688068C007A8B1FFE70C9820
:106CF000C08F88B1FFE70C980068C0680C99896B59
:106D000008800C99886B023088630C99C88F013811
:106D1000C88701200590FFE7FDF7FEFA0699401AA3
:106D20001099884208D3FFE71098013020B1FFE79F
:106D300003208DF813009BE0A2E778E00C984068F0
:106D400028B1FFE7BDF8240001280ED1FFE70C9819
:106D50000168006B007808730C99086B01300863B8
:106D60000C99C88E0138C886FFE7FFE70C98C18EE2
:106D70000120019039B9FFE70C98C08F002818BF97
:106D800001200190FFE70198C00700284ED0FFE7DF
:106D90000C98006880688007002818D5FFE70C98D9
:106DA000C08EA0B1FFE70598012810D1FFE70C982D
:106DB0000168006B007808730C99086B0130086358
:106DC0000C99C88E0138C88600200590FFE70C9802
:106DD00000688068C007A8B1FFE70C98C08F88B131
:106DE000FFE70C980068C0680C99896B08700C99D3
:106DF000886B013088630C99C88F0138C8870120DF
:106E00000590FFE7FDF788FA0699401A1099884225
:106E100004D3FFE71098013018B9FFE7109820B9A4
:106E2000FFE703208DF8130022E09FE7FFE70C98AF
:106E30001099069A07F0DCFD38B1FFE701208DF8C4
:106E400013000C992020486512E00C98806870B9F6
:106E5000FFE7FFE7002003900C980068C0680390EC
:106E60000C980068806803900398FFE7FFE7FFE74E
:106E70000C99012081F85100FFE70C99002081F85E
:106E80005000FFE79DF813008DF83700FFE79DF8ED
:106E900037000EB080BD000081B0009001B0704797
:106EA00081B0009001B0704784B002900191002041
:106EB0000090FFE7029890F83C00012804D1FFE71A
:106EC00002208DF80F0044E00299012081F83C0077
:106ED000FFE7FFE7009820F0FF000199C968084329
:106EE0000090009820F44070019989680843009050
:106EF000009820F480600199496808430090009848
:106F000020F400600199096808430090009820F47B
:106F100080500199096908430090009820F40050BE
:106F20000199496908430090009820F48040019934
:106F3000C969084300900098029909684864FFE70E
:106F40000299002081F83C00FFE700208DF80F0037
:106F5000FFE79DF80F0004B07047000085B0039074
:106F60000291FFE7039890F83C00012804D1FFE765
:106F700002208DF813007EE00399012081F83C0087
:106F8000FFE7FFE70399022081F83D0003980068BE
:106F9000406801900398006880680090019820F094
:106FA00070000190029801680198084301900198CF
:106FB000039909684860039800680021C4F2010140
:106FC00088423CD0FFE703980068B0F1804F36D08C
:106FD000FFE70398006840F20041C4F200018842D4
:106FE0002DD0FFE70398006840F60001C4F20001CD
:106FF000884224D0FFE70398006840F60041C4F2BD
:10700000000188421BD0FFE70398006840F200416E
:10701000C4F20101884212D0FFE70398006844F2ED
:107020000001C4F20101884209D0FFE7039800681B
:1070300041F60001C4F2000188420ED1FFE700983A
:1070400020F080000090029841680098084300906A
:107050000098039909688860FFE70399012081F887
:107060003D00FFE70399002081F83C00FFE7002086
:107070008DF81300FFE79DF8130005B0704700007E
:1070800080B582B00090009820B9FFE701208DF80C
:1070900007003FE0009890F83D0040B9FFE70099F5
:1070A000002081F83C00009800F038F8FFE70099D4
:1070B000022081F83D00009951F8040B08F0ACF86B
:1070C0000099012081F84600FFE70099012081F82E
:1070D0003E00009981F83F00009981F84000009936
:1070E00081F84100FFE7FFE70099012081F84200A5
:1070F000009981F84300009981F84400009981F8D3
:107100004500FFE70099012081F83D0000208DF83F
:107110000700FFE79DF8070002B080BD80B58CB086
:107120000B900B9800680021C4F2010188421BD12A
:10713000FFE7FFE700200A9043F64400C4F2020094
:10714000016841F001010160006800F001000A904F
:107150000A98FFE71920059005210022FDF7B8F9EC
:107160000598FDF7ABF9B7E00B98006840F20041D5
:10717000C4F2000188421BD1FFE7FFE7002009901D
:1071800043F64000C4F20200016841F002010160D0
:10719000006800F0020009900998FFE71D200490A4
:1071A00005210022FDF794F90498FDF787F992E094
:1071B0000B98006840F60001C4F2000188423FD1FC
:1071C000FFE7FFE70020089043F64000C4F202000A
:1071D000016841F004010160006800F004000890BB
:1071E0000898FFE743F69070C2F20000039046F261
:1071F000B801C4F2020101604FF0806141600021DA
:107200008160C1604FF4806202614FF400624261AC
:107210004FF400528261C16101624162FCF702FDDC
:1072200018B1FFE7FAF77CFDFFE7FFE70B9843F69D
:107230009071C2F20001C1620B988863FFE749E0D8
:107240000B98006841F20041C4F2000188421BD152
:10725000FFE7FFE70020079043F64000C4F202007A
:10726000016841F020010160006800F020000790F3
:107270000798FFE73720029005210022FDF728F943
:107280000298FDF71BF924E00B98006844F20041D6
:10729000C4F2010188421BD1FFE7FFE700200690FE
:1072A00043F64400C4F20200016841F40031016079
:1072B000006800F4003006900698FFE7192001905E
:1072C00005210022FDF704F90198FDF7F7F8FFE723
:1072D000FFE7FFE7FFE7FFE70CB080BD83B0019059
:1072E000019890F83D00012804D0FFE701208DF8B7
:1072F0000B006AE00199022081F83D0001980168C5
:10730000C86840F00100C860019800680021C4F21C
:10731000010188423CD0FFE701980068B0F1804F3E
:1073200036D0FFE70198006840F20041C4F2000146
:1073300088422DD0FFE70198006840F60001C4F2B2
:107340000001884224D0FFE70198006840F6004120
:10735000C4F2000188421BD0FFE70198006840F2A8
:107360000041C4F20101884212D0FFE70198006891
:1073700044F20001C4F20101884209D0FFE70198FC
:10738000006841F60001C4F20001884212D1FFE713
:1073900001980068806800F00700009000980628B7
:1073A00007D0FFE701980168086840F00100086015
:1073B000FFE706E001980168086840F001000860F6
:1073C000FFE700208DF80B00FFE79DF80B0003B0EE
:1073D0007047000080B586B00490039100208DF8BE
:1073E0000B00FFE7049890F83C00012804D1FFE768
:1073F00002208DF81700ABE00499012081F83C00D1
:10740000FFE7FFE70499022081F83D000498006837
:1074100080680190019820F077000190019820F495
:107420007F4001900198049909688860039800687A
:107430000090002872D0FFE7009810286ED0FFE778
:10744000009820286AD0FFE70098302866D0FFE730
:107450000098402855D0FFE70098502837D0FFE724
:107460000098602840D0FFE7009870280BD0FFE715
:107470000098B0F5805F05D0FFE70098B0F5005F99
:1074800016D052E055E004980068039B5A6899684A
:10749000DB6807F0ABFF04980068806801900198F2
:1074A00040F077000190019804990968886040E0F5
:1074B00004980068039B5A689968DB6807F096FF98
:1074C00004980168886840F48040886031E004983E
:1074D0000068039A5168D26808F074F9049800684B
:1074E000502107F09DFF24E004980068039A51683A
:1074F000D26808F08FF904980068602107F090FFC7
:1075000017E004980068039A5168D26808F05AF9A5
:1075100004980068402107F083FF0AE0049800689F
:107520000399096807F07CFF03E001208DF80B0048
:10753000FFE70499012081F83D00FFE7049900204E
:1075400081F83C00FFE79DF80B008DF81700FFE77E
:107550009DF8170006B080BD81B0009001B0704763
:1075600080B582B0019001980068006900F00201C6
:107570000020B0EB510F28D0FFE701980068C068E9
:1075800000F002010020B0EB510F1DD0FFE7019881
:1075900001686FF0020008610199012008770198E5
:1075A00000688069800720B1FFE70198FFF7D4FFEA
:1075B00006E0019800F0A2F9019800F097FAFFE7C1
:1075C000019900200877FFE7FFE70198006800694C
:1075D00000F004010020B0EB910F29D0FFE70198E3
:1075E0000068C06800F004010020B0EB910F1ED0CD
:1075F000FFE7019801686FF004000861019902201B
:10760000087701980068806910F4407F04D0FFE794
:107610000198FFF7A1FF06E0019800F06FF90198CB
:1076200000F064FAFFE7019900200877FFE7FFE721
:1076300001980068006900F008010020B0EBD10F4C
:1076400028D0FFE701980068C06800F0080100201A
:10765000B0EBD10F1DD0FFE7019801686FF0080073
:10766000086101990420087701980068C0698007C3
:1076700020B1FFE70198FFF76FFF06E0019800F0E7
:107680003DF9019800F032FAFFE7019900200877F0
:10769000FFE7FFE701980068006900F01001002093
:1076A000B0EB111F29D0FFE701980068C06800F017
:1076B00010010020B0EB111F1ED0FFE701980168F8
:1076C0006FF01000086101990820087701980068A0
:1076D000C06910F4407F04D0FFE70198FFF73CFF3A
:1076E00006E0019800F00AF9019800F0FFF9FFE7C1
:1076F000019900200877FFE7FFE70198006800691B
:10770000C00780B1FFE701980068C068C00748B1B2
:10771000FFE7019801686FF001000861019800F02F
:10772000CFFAFFE7FFE7019800680069C1B20020C7
:10773000B0EBD11F13D0FFE701980068C068C1B259
:107740000020B0EBD11F09D0FFE7019801686FF06E
:10775000800008610198FFF79FFBFFE7FFE70198B2
:107760000068006900F040010020B0EB911F14D0C8
:10777000FFE701980068C06800F040010020B0EB0E
:10778000911F09D0FFE7019801686FF04000086180
:10779000019800F0A3FAFFE7FFE70198006800698D
:1077A00000F020010020B0EB511F14D0FFE701983A
:1077B0000068C06800F020010020B0EB511F09D024
:1077C000FFE7019801686FF0200008610198FFF75A
:1077D00067FBFFE7FFE702B080BD000080B58AB01D
:1077E0000990002008900790069005900490099851
:1077F00000680021C4F20101884223D1FFE7FFE7BE
:107800000020039043F63000C4F20200016841F00A
:1078100010010160006800F0100003900398FFE77A
:107820004FF42060049002200590002006900790FD
:107830000120089041F20000C4F2020004A9FCF704
:1078400077FB58E00998006840F60001C4F2000197
:10785000884223D1FFE7FFE70020029043F6300083
:10786000C4F20200016841F008010160006800F004
:10787000080002900298FFE74FF480400490022035
:1078800005900121069103210791089040F60040E0
:10789000C4F2020004A9FCF74BFB2BE00998006836
:1078A00044F20041C4F20101884222D1FFE7FFE720
:1078B0000020019043F63000C4F20200016841F05C
:1078C00020010160006800F0200001900198FFE7AE
:1078D000402004900220059001210691079003208A
:1078E000089041F20040C4F2020004A9FCF720FB1A
:1078F000FFE7FFE7FFE70AB080BD000081B000901E
:1079000001B0704780B586B00490039102920020C8
:107910008DF80700FFE7049890F83C00012804D197
:10792000FFE702208DF8170089E00499012081F813
:107930003C00FFE7FFE7029800900C2800F27080FF
:107940000099DFE801F0076D6D6D206D6D6D3A6D8A
:107950006D6D530004980068039907F077FD049853
:107960000168886940F008008861049801688869A6
:1079700020F004008861039802690498016888690E
:107980001043886150E004980068039907F0D4FD23
:1079900004980168886940F400608861049801686F
:1079A000886920F4806088610398026904980168FE
:1079B000886940EA0220886136E0049800680399EB
:1079C00007F034FE04980168C86940F00800C861F7
:1079D00004980168C86920F00400C861039802692E
:1079E00004980168C8691043C8611DE004980068E4
:1079F000039907F095FE04980168C86940F4006097
:107A0000C86104980168C86920F48060C86103985F
:107A1000026904980168C86940EA0220C86103E06D
:107A200001208DF80700FFE7FFE70499002081F8A7
:107A30003C00FFE79DF807008DF81700FFE79DF871
:107A4000170006B080BD000080B582B0009000989D
:107A500020B9FFE701208DF807003FE0009890F87B
:107A60003D0040B9FFE70099002081F83C000098F4
:107A700000F038F8FFE70099022081F83D000099F6
:107A800051F8040B07F0C8FB0099012081F846006B
:107A9000FFE70099012081F83E00009981F83F003E
:107AA000009981F84000009981F84100FFE7FFE765
:107AB0000099012081F84200009981F84300009963
:107AC00081F84400009981F84500FFE70099012002
:107AD00081F83D0000208DF80700FFE79DF80700C2
:107AE00002B080BD81B0009001B0704781B00090BD
:107AF00001B0704780B58CB00A900991099828B9F7
:107B0000FFE70A9890F83E0007901CE009980428C7
:107B100005D1FFE70A9890F83F00069010E0099819
:107B2000082805D1FFE70A9890F84000059004E086
:107B30000A9890F841000590FFE705980690FFE746
:107B400006980790FFE70798012804D0FFE7012077
:107B50008DF82F00AFE0099828B9FFE70A990220B5
:107B600081F83E001EE00998042806D1FFE70A9933
:107B7000022081F83F00049012E00998082806D1FD
:107B8000FFE70A99022081F84000039005E00A9976
:107B9000022081F841000390FFE703980490FFE77B
:107BA0000498FFE70A98006809990122019207F0FA
:107BB00001FC01980A9909680022C4F2010291426D
:107BC00002900CD0FFE70A9800684FF60041CBF610
:107BD000FE710844B0FA80F040090290FFE7029875
:107BE000C00738B1FFE70A980168486C40F40040CC
:107BF0004864FFE70A9800680021C4F20101884246
:107C00003CD0FFE70A980068B0F1804F36D0FFE71C
:107C10000A98006840F20041C4F2000188422DD069
:107C2000FFE70A98006840F60001C4F200018842AC
:107C300024D0FFE70A98006840F60041C4F2000132
:107C400088421BD0FFE70A98006840F20041C4F266
:107C50000101884212D0FFE70A98006844F200014F
:107C6000C4F20101884209D0FFE70A98006841F692
:107C70000001C4F20001884212D1FFE70A980068AF
:107C8000806800F0070008900898062807D0FFE7F2
:107C90000A980168086840F001000860FFE706E004
:107CA0000A980168086840F001000860FFE70020BA
:107CB0008DF82F00FFE79DF82F000CB080BD00006D
:107CC00080B582B0019001980068B0F1804F03D177
:107CD000FFE7FCF727FBFFE702B080BD81B0009013
:107CE00001B0704782B00190ADF8021002B0704749
:107CF00080B584B00390002002900398006840692A
:107D0000C0B2C0090290039890F83D00212823D109
:107D1000FFE7029800B3FFE7FFE7FFE7039800687B
:107D200050E8050F20F080000190FFE701990398CB
:107D3000026842E805100028F0D1FFE7FFE703984A
:107D4000406B28B1FFE70398406BFBF7E9FCFFE7C6
:107D5000039807F00FFFFFE7039800684069C0F33E
:107D600080100290039890F83E00222823D1FFE76C
:107D7000029800B3FFE7FFE7FFE70398006850E8C9
:107D8000050F20F040000090FFE70099039802687B
:107D900042E805100028F0D1FFE7FFE70398806B69
:107DA00028B1FFE70398806BFBF7BAFCFFE7039865
:107DB00007F082FEFFE7002004B080BD81B0009094
:107DC00001B0704780B592B01190119800680068BA
:107DD000109011980068C0680F9011980068406971
:107DE0000E9000200D900C90109800F00F000D9058
:107DF0000D9888B9FFE79DF84000800600280AD555
:107E0000FFE79DF83C008006002804D5FFE71198A5
:107E100007F0CCFEE3E1FFE70D98002800F0C280F8
:107E2000FFE79DF83800C00738B9FFE7BDF83C0010
:107E300010F4907F00F0B680FFE79DF84000C00787
:107E400058B1FFE79DF83D00C00730B1FFE7119939
:107E5000086C40F001000864FFE79DF8400040070F
:107E600000280BD5FFE79DF83800C00730B1FFE7C9
:107E70001199086C40F002000864FFE79DF840008B
:107E8000800700280BD5FFE79DF83800C00730B108
:107E9000FFE71199086C40F004000864FFE79DF8C3
:107EA00040000007002811D5FFE79DF83C00800640
:107EB000002805D4FFE79DF83800C00730B1FFE780
:107EC0001199086C40F008000864FFE71198006CF5
:107ED000002866D0FFE79DF84000800600280AD5FC
:107EE000FFE79DF83C008006002804D5FFE71198C5
:107EF00007F05CFEFFE7119800684069C0F380104E
:107F00000C901198006C0007002804D4FFE70C982F
:107F100000283ED0FFE7119807F0CEFD11980068C9
:107F20004069400600282FD5FFE7FFE7FFE71198DB
:107F3000006850E8050F20F040000B90FFE70B9918
:107F40001198026842E805100028F0D1FFE7FFE72A
:107F50001198806B98B1FFE71198816B4FF669001B
:107F6000C0F6000008651198806BFBF74FFC28B144
:107F7000FFE71198806B016D8847FFE703E01198D8
:107F8000FFF71CFFFFE703E01198FFF717FFFFE77C
:107F900006E01198FFF712FF119900200864FFE72F
:107FA000FFE71CE11198006B012840F0F880FFE723
:107FB0009DF84000C006002840F1F180FFE79DF8E1
:107FC0003C00C006002840F1EA80FFE7FFE7002000
:107FD0000A901198006800680A901198006840683B
:107FE0000A900A98FFE71198006840694006002847
:107FF0007ED5FFE71198806B00684068ADF82600D9
:10800000BDF82600002872D0FFE7BDF826001199C0
:10801000898D88426BDAFFE7BDF826001199C88583
:108020001198806BC069B0F5807F58D0FFE7FFE7FB
:10803000FFE71198006850E8030F20F48070089063
:10804000FFE708991198026842E803100028F0D170
:10805000FFE7FFE7FFE7FFE71198006850E8050F2B
:1080600020F001000790FFE707991198026842E8A5
:1080700005100028F0D1FFE7FFE7FFE7FFE71198C1
:10808000006850E8050F20F040000690FFE70699D1
:108090001198026842E805100028F0D1FFE7FFE7D9
:1080A0001199202081F83E00119900200863FFE714
:1080B000FFE71198006850E8030F20F010000590CA
:1080C000FFE705991198026842E803100028F0D1F3
:1080D000FFE7FFE71198806BFBF722FBFFE71198A2
:1080E000818DC28D891A89B2FFF7FCFDFFE776E02A
:1080F0001199888DC98D401AADF812001198C08D64
:1081000000284BD0FFE7BDF81200002846D0FFE75B
:10811000FFE7FFE71198006850E8030F20F4907024
:108120000390FFE703991198026842E803100028C2
:10813000F0D1FFE7FFE7FFE7FFE71198006850E89D
:10814000050F20F001000290FFE7029911980268E4
:1081500042E805100028F0D1FFE7FFE71199202041
:1081600081F83E00119900200863FFE7FFE71198AE
:10817000006850E8030F20F010000190FFE701991C
:108180001198026842E803100028F0D1FFE7FFE7EA
:108190001198BDF81210FFF7A5FDFFE71FE09DF84D
:1081A0004000000600280AD5FFE79DF83C000006C5
:1081B000002804D5FFE7119807F0D4FE0FE09DF8E2
:1081C0004000400600280AD5FFE79DF83C00400625
:1081D000002804D5FFE7119807F0B8FCFFE712B0BC
:1081E00080BD000080B582B00090009820B9FFE704
:1081F00001208DF807003EE00098806908B1FFE794
:1082000000E0FFE7009890F83D0040B9FFE70099D3
:10821000002081F83C00009800F032F8FFE7009958
:10822000242081F83D0000980168C86820F40050BF
:10823000C860009807F06CFD00980168086920F498
:108240009040086100980168486920F02A00486160
:1082500000980168C86840F40050C8600099002088
:108260000864009A202182F83D10009A82F83E109E
:108270008DF80700FFE79DF8070002B080BD000001
:1082800080B5A2B02190002020901F901E901D90DC
:108290001C902198006841F20001C4F2010188425B
:1082A00040F0BB80FFE7FFE700201B9043F644004F
:1082B000C4F20200016841F010010160006800F0A2
:1082C00010001B901B98FFE7FFE700201A9043F671
:1082D0003000C4F20200016841F002010160006850
:1082E00000F002001A901A98FFE7FFE700201990AB
:1082F00043F63000C4F20200016841F00101016060
:10830000006800F0010019901998FFE780201C9088
:1083100002200D901D90002011901E9003200E90C1
:108320001F9007200F90209040F20040C4F20200FE
:108330001CA91091FBF7FCFDDDF834C00E9A0F98D4
:108340001099119B4FF4007ECDF870E0CDF874C009
:108350001E931F9220900020C4F20200FBF7E8FD5C
:10836000119943F6F070C2F20000129046F2884272
:10837000C4F2020202604FF0006242608160C1609C
:108380004FF48062026141618161C16101624162B9
:10839000FBF748FC18B1FFE7F9F7C2FCFFE7FFE77E
:1083A000219843F6F071C2F200018163219888633D
:1083B000FFE744F25000C2F200000C9046F2B841D0
:1083C000C4F2020101604FF0006141604021816010
:1083D0000021C1604FF48062026141618161C1612D
:1083E00001624162FBF71EFC18B1FFE7F9F798FC48
:1083F000FFE7FFE7219844F25001C2F20001416318
:1084000021988863FFE725200B9005210022FCF7C7
:108410005FF80B98FCF752F8AAE12198006844F243
:108420000041C4F20001884240F09280FFE7FFE77C
:108430000020189043F64000C4F20200016841F4A5
:1084400000310160006800F4003018901898FFE7D0
:10845000FFE70020179043F63000C4F202000168E5
:1084600041F008010160006800F0080017901798BB
:10847000FFE760201C9002201D90002009901E90B4
:1084800003201F900720209040F60040C4F2020015
:108490001CA9FBF74DFD099944F2B000C2F200009F
:1084A0000A9046F28802C4F2020202604FF00062B3
:1084B00042608160C1604FF480620261416181610C
:1084C000C16101624162FBF7ADFB18B1FFE7F9F74B
:1084D00027FCFFE7FFE7219844F2B001C2F2000158
:1084E000816321988863FFE744F21010C2F2000014
:1084F000089046F2A001C4F2020101604FF0006151
:108500004160402181600021C1604FF480620261BE
:1085100041618161C16101624162FBF783FB18B176
:10852000FFE7F9F7FDFBFFE7FFE7219844F21011A1
:10853000C2F20001416321988863FFE7262007907B
:1085400005210022FBF7C4FF0798FBF7B7FF0EE1F8
:108550002198006844F60001C4F20001884268D105
:10856000FFE7FFE70020169043F64000C4F2020048
:10857000016841F480210160006800F480201690B9
:108580001698FFE7FFE70020159043F63000C4F28D
:108590000200016841F004010160006800F004007D
:1085A00015901598FFE74FF440601C9002201D9035
:1085B000002005901E9003201F900720209040F679
:1085C0000000C4F202001CA9FBF7B2FC059944F2BA
:1085D0007010C2F20000069046F22802C4F20202B5
:1085E00002604FF0006242608160C1604FF48062BF
:1085F000026141618161C16101624162FBF712FB6D
:1086000018B1FFE7F9F78CFBFFE7FFE7219844F289
:108610007011C2F20001816321988863FFE727206F
:10862000049005210022FBF753FF0498FBF746FF57
:108630009CE02198006841F20041C4F201018842A7
:1086400040F09380FFE7FFE70020149043F64400DA
:10865000C4F20200016841F020010160006800F0EE
:10866000200014901498FFE7FFE70020139043F6D2
:108670003000C4F20200016841F04001016000686E
:1086800000F0400013901398FFE74FF484401C90D3
:1086900002201D90002002901E9003201F900820B1
:1086A000209041F60000C4F202001CA9FBF740FC38
:1086B000029944F2D010C2F20000039046F2284220
:1086C000C4F2020202604FF0206242608160C16029
:1086D0004FF48062026141618161C1610162416266
:1086E000FBF7A0FA18B1FFE7F9F71AFBFFE7FFE77E
:1086F000219844F2D011C2F200018163219888636D
:10870000FFE744F23020C2F20000019046F2A0419F
:10871000C4F2020101604FF020614160402181609C
:108720000021C1604FF48062026141618161C161D9
:1087300001624162FBF776FA18B1FFE7F9F7F0FA48
:10874000FFE7FFE7219844F23021C2F200014163C4
:1087500021988863FFE74720009005210022FBF75E
:10876000B7FE0098FBF7AAFEFFE7FFE7FFE7FFE78A
:1087700022B080BD80B584B002900191ADF8022096
:10878000029890F83E00202828D1FFE7019820B1F8
:10879000FFE7BDF8020020B9FFE701208DF80F00C8
:1087A00020E0FFE7029890F83C00012804D1FFE7A1
:1087B00002208DF80F0015E00299012081F83C009D
:1087C000FFE7FFE702990020086302980199BDF8CE
:1087D000022007F03BFB8DF80F0003E002208DF82C
:1087E0000F00FFE79DF80F0004B080BD81B000903E
:1087F00001B0704781B0009001B0704780B586B07D
:1088000004900391ADF80A20049890F83D002028C8
:1088100074D1FFE7039820B1FFE7BDF80A0020B943
:10882000FFE701208DF817006CE0FFE7049890F84F
:108830003C00012804D1FFE702208DF8170061E019
:108840000499012081F83C00FFE7FFE703980499B1
:108850000862BDF80A0004998884BDF80A000499EA
:10886000C884049900200864049A212182F83D10EC
:1088700004994A6B4FF62521C0F60001D163049993
:108880004A6B4FF6A121C0F60001116404994A6BAE
:108890004FF68901C0F60001D1640499496B08655F
:1088A00003A8019004980268406B0199096804329A
:1088B000BDF80A30FBF76EFA049801686FF04000CB
:1088C0000860FFE70499002081F83C00FFE7FFE71C
:1088D000FFE70498006850E8050F40F08000009022
:1088E000FFE700990498026842E805100028F0D1DB
:1088F000FFE7FFE700208DF8170003E002208DF866
:108900001700FFE79DF8170006B080BD81B000900A
:1089100001B0704781B0009001B0704780B584B05D
:1089200003900399002001900874039BD3F8F4008E
:10893000596844F62852C2F20002009212889B7BCA
:108940005A43F7F76EFD0099039A50680988927BA5
:108950005143F7F7C2FD0099039AD2F8180109882C
:10896000927B51435143F7F7B8FD0099039AD2F82F
:108970000C010988137B927B59435143F7F7ADFDF6
:1089800001988DF80B00FFE79DF80B000399897B98
:10899000884243DAFFE70398D0F8F4009DF80B1003
:1089A00000EB810090ED000AB5EE400AF1EE10FAFE
:1089B0002DD0FFE7039AD2F8F4109DF80B0051F880
:1089C0002000127C41F822009DF80B00039A516AA6
:1089D000127C8854DDF80CC0DCF818009DF80BE020
:1089E00050F82E00DCF80C119CF80C209CF810308C
:1089F000DCF814C01CF80EC012FB03C201EB8201AC
:108A000041F8040C0399087C01300874FFE7FFE784
:108A10009DF80B0001308DF80B00B5E700208DF8B4
:108A20000A00FFE79DF80A000399097C884216DADC
:108A3000FFE7039BD869596A9DF80A20895C50F8C2
:108A40002100D3F818111B7C12FB032241F82200ED
:108A5000FFE79DF80A0001308DF80A00E2E703996C
:108A6000087CA1F878000399087BA1F87A000399A3
:108A7000087BA1F880000399087CA1F88200039983
:108A8000087CA1F890000399087CA1F89200039952
:108A9000087BA1F898000399087CA1F89A00039933
:108AA000087CA1F8480004B080BD0000FFE7FEE7A5
:108AB00080B58AB004A902910146029809910999EA
:108AC000D1F8EC10096808910999D1F8EC104968BF
:108AD00007910999D1F8EC10896806910999D1F8A4
:108AE000EC10C968059190ED040A90ED042A90ED10
:108AF000031A90ED033A21EE031A20EE020A30EE3B
:108B0000011A90ED020A90ED022A20EE020A30EEE0
:108B1000011A90ED010A90ED012A20EE020A30EED2
:108B2000010A0DF0FDFB029880ED000A00208DF88F
:108B30000F00FFE79DF80F00032817DCFFE70298FE
:108B400090ED001A0998D0F8EC009DF80F1000EB9A
:108B5000810090ED000A20EE010A80ED000AFFE797
:108B60009DF80F0001308DF80F00E3E7029991EDB9
:108B7000030A41F66050C2F20000009090ED6F1AB7
:108B800020EE010AB0EE001A8DED011A80EE010A06
:108B9000099AD2F8002182ED040A91ED020A90EDC3
:108BA0006F2A20EE020A80EE010A099AD2F800210B
:108BB00082ED050A91ED040A90ED6F2A20EE420A3B
:108BC00080EE010A099AD2F8002182ED0A0A91ED9D
:108BD000010A90ED6F2A20EE020A80EE010A099A3E
:108BE000D2F8002182ED0B0A91ED010A90ED6F2A77
:108BF00020EE420A80EE010A099AD2F8002182EDA5
:108C0000100A91ED040A90ED6F2A20EE420A80EEE0
:108C1000010A099AD2F8002182ED110A91ED020AA7
:108C200090ED6F2A20EE020A80EE010A099AD2F82E
:108C3000002182ED160A91ED030A90ED6F2A20EED5
:108C4000420A80EE010A0999D1F8001181ED170A54
:108C500090ED741A0999D1F8F81091ED1C0A80EE84
:108C6000010A81ED1C0A90ED741A0998D0F8F800F9
:108C700090ED230A80EE010A80ED230A0998D0F8CE
:108C8000F80090ED1C0A9FED151AB4EE410AF1EEC2
:108C900010FA09DDFFE70998D0F8F81044F2000057
:108CA000C4F21C600867FFE70998D0F8F80090ED5F
:108CB000230A9FED0A1AB4EE410AF1EE10FA0ADD1A
:108CC000FFE70998D0F8F81044F20000C4F21C60E5
:108CD000C1F88C00FFE70AB080BD00BF00401C4611
:108CE00080B58CB08DED0B0ACDED0A0A8DED091A19
:108CF000CDED081A8DED072ACDED062A41F660511B
:108D0000C2F200010591012008700B98C1F8B00172
:108D10000A98C1F8B4010998C1F8B8014CF6774037
:108D2000C3F22B20C1F8CC01002081F83801C1F832
:108D30004401C1F84001C1F84C01C1F8480107984D
:108D4000C1F8BC019DED080AB7EE001AB4EE410A65
:108D5000F1EE10FA04DDFFE74FF07E500890FFE7D8
:108D6000089941F66050C2F200000390C0F8D0119B
:108D70000430062100220192032301F053F80399E5
:108D800001F5E07001F5E4730122029211460BF047
:108D9000B3FF019A02990398D0F8ECC04FF07E53CC
:108DA000CCF80030D0F8EC305A60D0F8EC309A6053
:108DB000D0F8EC30DA6048F61D62C0F60002C0F868
:108DC000D02048F6B122C0F60002C0F8D42048F600
:108DD0006562C0F60002C0F8D82049F2E142C0F650
:108DE0000002C0F8DC2080F82E1080F82F10D0F898
:108DF00004014AF6EC21C0F6010190220492F7F733
:108E000010FB0398049AD0F8FC0040F22C01C2F247
:108E10000001F7F706FB0CB080BD000080B582B002
:108E200001900198D0F8F81040F22C00C2F2000036
:108E30009022F7F7F6FA0198D0F81C1141F6045089
:108E4000C2F2000048220092F7F7EBFA009A01986C
:108E5000D0F80C1141F6BC40C2F20000F7F7E1FA7D
:108E600002B080BD80B586B005900598D0F8EC00C2
:108E700090ED000A30EE000A8DED040A0598D0F856
:108E8000EC0090ED010A30EE000A8DED030A059822
:108E9000D0F8EC0090ED020A30EE000A8DED020AE7
:108EA0000598D0F8EC0090ED030A30EE000A8DED45
:108EB000010A059BD3F80C0144F62851C2F20001C7
:108EC00009881A7B9B7B59435143F7F706FB9DEDBD
:108ED000020AB1EE400A0598D0F80C0180ED000AB4
:108EE00001980599D1F80C1148609DED040AB1EE86
:108EF000400A0598D0F80C0180ED020A0398059904
:108F0000D1F80C11C86003980599D1F80C1188614B
:108F100004980599D1F80C11C86101980599D1F808
:108F20000C11086202980599D1F80C114862049856
:108F30000599D1F80C1108639DED030AB1EE400AC2
:108F40000598D0F80C0180ED0D0A9DED020AB1EEF6
:108F5000400A0598D0F80C0180ED0E0A0198059999
:108F6000D1F80C11C86306B080BD000080B590B088
:108F70008DED0F0ACDED0E0A8DED0D1ACDED0C1A0B
:108F80008DED0B2ACDED0A2A9DED0F0A41F66050BA
:108F9000C2F20000059090ED581A30EE410A80EDC3
:108FA0005B0A9DED0E0A90ED591A30EE410A80EDF4
:108FB0005C0A9DED0D0A90ED5A1A30EE410A80EDE3
:108FC0005D0A90ED5B0A90ED6F1AB6EE002A20EE76
:108FD000020A20EE010A8DED090A90ED5C0A90ED7F
:108FE0006F1A20EE020A20EE010A8DED080A90EDBC
:108FF0005D0A90ED6F1A20EE020A20EE010A8DED57
:10900000070AD0F804014AF6EC21C0F601019022CB
:10901000F7F707FA05999DED090AB1EE400AD1F874
:10902000040180ED010A9DED080AB1EE400AD1F875
:10903000040180ED020A9DED070AB1EE400AD1F865
:10904000040180ED030A0998D1F804219061079882
:10905000D1F8042110629DED080AB1EE400AD1F862
:10906000040180ED090A0898D1F8042110639DEDF0
:10907000070AB1EE400AD1F8040180ED0D0A099803
:10908000D1F80421D0630798D1F80421906408989E
:10909000D1F80421D0649DED090AB1EE400AD1F85F
:1090A000040180ED140AD1F84801D1F84C110843AD
:1090B000C8B9FFE70C9841F66051C2F20001C1F84F
:1090C00078010B98C1F87C010A98C1F88001D1F8A9
:1090D0004821D1F84C01013240F10000C1F848218B
:1090E000C1F84C01FFE741F66050C2F20000049065
:1090F00090ED5E0A90ED641A90ED6F3A20EE010A51
:1091000033EE012A80EE020A9DED0C1A21EE031ABD
:1091100081EE021A30EE010A80ED5E0A90ED5F0AE0
:1091200090ED641A90ED6F3A20EE010A33EE012AB9
:1091300080EE020A9DED0B1A21EE031A81EE021A4F
:1091400030EE010A80ED5F0A90ED600A90ED641A3E
:1091500090ED6F3A20EE010A33EE012A80EE020A0A
:109160009DED0A1A21EE031A81EE021A30EE010A71
:1091700080ED600A90ED5E1A90ED5F2A90ED600A36
:1091800022EE022A21EE011A31EE021A20EE000A26
:1091900030EE010A05F082FD049880ED660A90ED3C
:1091A000661AB7EE000A80EE010A8DED060A90ED10
:1091B0005E0A9DED061A20EE010A816881ED000A23
:1091C00090ED5F0A9DED061A20EE010A816881ED9F
:1091D000010A90ED600A9DED061A20EE010A8168F1
:1091E00081ED020A90ED5B1A90ED5C2A90ED5D0A2C
:1091F00022EE022A21EE011A31EE021A20EE000AB6
:1092000030EE010A05F04AFD049880ED650A90ED04
:10921000650A9FEDAC1AB4EE410AF1EE10FA24DAB9
:10922000FFE741F66050C2F2000090ED660A9FED44
:10923000A61AB4EE410AF1EE10FA16DDFFE741F688
:109240006050C2F2000090ED660A9FEDA01AB4EEE5
:10925000410AF1EE10FA08DAFFE741F66051C2F276
:109260000001012081F8390107E041F66051C2F2A6
:109270000001002081F83901FFE741F66051C2F298
:109280000001039191ED6C0A91ED6F1A20EE010A35
:10929000081DD1F8182182ED000A91ED6C0A91EDBC
:1092A0006F1A20EE010AD1F8182182ED070A91ED1C
:1092B0006C0A91ED6F1A20EE010AD1F8182182EDA7
:1092C0000E0A91ED6C0A91ED6F1A20EE010AD1F8A9
:1092D000182182ED150A91ED6D0A91ED6F1A20EEBD
:1092E000010AD1F8182182ED1C0A91ED6D0A91ED69
:1092F0006F1A20EE010AD1F8182182ED230AD1F865
:109300001C31D1F8B8211A60D1F81C31D1F8B8213C
:109310001A61D1F81C21D1F8B811116201F0D8F905
:10932000039841680968C0F8501141684968C0F85D
:10933000541141688968C0F858114168C968C0F87B
:109340005C1190ED540A90ED551A90ED562A90ED6F
:10935000573A22EE033A20EE010A30EE030A21EEDC
:10936000013AB6EE001A8DED011A31EE431A22EEE3
:10937000022A71EE420A00F5D0700BF06BF90398E7
:1093800090ED680A9FED521A8DED021A20EE010A47
:1093900080ED680A90ED540A90ED551A90ED563A1A
:1093A00090ED572A20EE030A21EE021A30EE410A10
:1093B00030EE000A0FF058FE9DED011A9DED022AD5
:1093C000039820EE020A80ED690A90ED544A90ED70
:1093D000550A90ED563A90ED572A24EE024A20EEB7
:1093E000030A30EE040A23EE033A31EE431A22EE6A
:1093F000022A71EE420A00F5D4700BF02BF99DEDB4
:10940000021A039890ED6A0A20EE010A80ED6A0ABA
:1094100041680969C0F8601141684969C0F8641180
:109420000021C0F8681190ED6A0A90ED761A30EECE
:10943000410A9FED281AB4EE410AF1EE10FA0ADD56
:10944000FFE741F66051C2F20001B1F8D4010138E2
:10945000A1F8D4011CE041F66050C2F2000090ED8A
:109460006A0A90ED761A30EE410A9FED1B1AB4EEAF
:10947000410AF1EE10FA0ADAFFE741F66051C2F252
:109480000001B1F8D4010130A1F8D401FFE7FFE7F2
:1094900041F66051C2F20001B1F9D40100EE100AA8
:1094A000B8EEC00A91ED6A1A9FED0C2A20EE020A6E
:1094B00030EE010A81ED6B0AD1F8A801C1F8D8019C
:1094C00010B080BD9A99993ECDCC1441CDCC2441A9
:1094D000E12E654200003443000034C30000B44371
:1094E00080B58CB007A904910B900B9901F178001D
:1094F00080310CF009F80B9981F8C8000B99B1F88C
:109500007800A1F8A8000B99B1F85A00A1F8AA00B8
:109510000B9A02F1780002F15801A8320BF0FCFE20
:109520000B9981F8C8000B99B1F8A800A1F8B00018
:109530000B99B1F88200A1F8B2000B9A02F1A800D1
:1095400002F18001B0320BF0E7FE0B9981F8C80000
:109550000B99B1F89000A1F8A0000B99B1F8920016
:10956000A1F8A2000B9A02F1B00002F19001A03222
:109570000BF06CFB0B9981F8C8000B9901F1A0006E
:10958000B0310BF0CDFB014604980B9A82F8C8105D
:109590000B99D1F8EC1009680A910B99D1F8EC10ED
:1095A000496809910B99D1F8EC10896808910B99D9
:1095B000D1F8EC10C96807910B9AB2F87810A2F8AC
:1095C000B8100B9A0121A2F8BA1090ED020A90EDA2
:1095D000002A90ED031A90ED013A21EE031A20EED5
:1095E000020A30EE410A30EE000A0B99D1F82C1134
:1095F00081ED000A90ED030A90ED022A90ED011A28
:1096000090ED003A21EE031A20EE020A30EE010A34
:1096100030EE000A0B99D1F82C1181ED010A90ED82
:10962000030A90ED032A90ED021A90ED023A21EE22
:10963000031A20EE020A30EE410A90ED011A90ED75
:10964000012A21EE021A30EE411A90ED000A90ED47
:10965000002A20EE020A30EE010A0B98D0F82C0105
:1096600080ED020A00208DF81B00FFE79DF81B002B
:1096700002281EDCFFE70B98D0F82C019DF81B1088
:1096800000EB810090ED000AB0EEC00A0BF05AFA30
:109690009DF81B1041F66050C2F2000000EB810003
:1096A00080ED610AFFE79DF81B0001308DF81B007B
:1096B000DCE70B99B1F84800A1F8C0000B99012034
:1096C0000290A1F8C2000B9A02F1480002F1B80121
:1096D000C0320BF0C3FE014602980B9A82F8C81004
:1096E0000B9AB2F8C010A2F8A8100B99A1F8AA0022
:1096F0000B9A02F1B00002F1C001A8320BF00CFE8F
:10970000014602980B9A82F8C8100B99A1F8B8008C
:109710000B99B1F8C000A1F8BA000B9901F1C00093
:10972000B8310BF0F1FE0B9981F8C8000B9901F1EB
:10973000B800A83141F66052C2F20002039202F56D
:10974000E0720BF0E9FD014603980B9A82F8C8100D
:1097500090ED720A90ED731AB6EE002A21EE021A0D
:10976000B4EE410AF1EE10FA08DAFFE741F6605173
:10977000C2F20001012081F83801FFE741F6605094
:10978000C2F2000090ED720A90ED731AB4EE410A35
:10979000F1EE10FA64DDFFE741F66050C2F200001E
:1097A00090F8380100285BD0FFE741F66050C2F224
:1097B000000090F8390180B1FFE741F66051C2F234
:1097C0000001D1F84021D1F84401013240F10000FC
:1097D000C1F84021C1F8440109E041F66051C2F2EC
:1097E00000010020C1F84401C1F84001FFE741F643
:1097F0006050C2F20000D0F84011D0F84401333973
:1098000070F100000BD3FFE741F66051C2F2000196
:10981000002081F838010B9981F82C001FE00B9B88
:10982000D3F8E800D3F8EC1044F62852C2F2000254
:10983000019212881B7B5A43F6F7F3FD019A0B9BAA
:10984000D3F8F800D3F8FC1012881B7B5A435A4314
:10985000F6F7E7FD0B99012081F82C0063E142E067
:1098600041F66050C2F2000090ED720A90ED731A5A
:109870009FEDAE2A21EE021AB4EE410AF1EE10FA83
:109880001BDDFFE741F66050C2F2000090F838019E
:1098900098B1FFE741F66050C2F2000090ED720A05
:1098A00090ED731A31EE400A9FEDA12A21EE021AC3
:1098B00080EE010A80ED670A08E041F66051C2F2CD
:1098C00000014FF07E50C1F89C01FFE741F6605166
:1098D000C2F200010020C1F84401C1F840010B9917
:1098E00081F82C00FFE70B99B1F85800A1F8A80007
:1098F0000B99B1F88200A1F8AA000B9A02F1580066
:1099000002F18001A8320BF007FD0B9981F8C80025
:109910000B9A02F1A80002F1B00198320BF0FCFCA6
:109920000B9981F8C80000208DF81A00FFE79DF818
:109930001A000B9AB2F89810B2F89A205143884254
:109940001ADAFFE741F66050C2F2000090ED671AA4
:109950000B98D0F81C019DF81A1000EB810090EDD7
:10996000000A20EE010A80ED000AFFE79DF81A00C8
:1099700001308DF81A00DAE704208DF81900FFE7AE
:109980009DF81900052835DCFFE700208DF8180048
:10999000FFE79DF81800022825DCFFE79DF8191065
:1099A00041F66050C2F2000000EB810090ED5D0ACC
:1099B0009FED621A80EE011A0B98D0F81C0101EBA2
:1099C00041019DF81820114400EB810090ED000A40
:1099D00020EE010A80ED000AFFE79DF81800013033
:1099E0008DF81800D5E7FFE79DF8190001308DF8D4
:1099F0001900C5E70B99B1F89800A1F8B8000B99C8
:109A00000120A1F8BA000B9A02F1980002F1C001FE
:109A1000B8320BF081FC0B9981F8C80041F6605018
:109A2000C2F2000090F8380100286BD0FFE7042054
:109A30008DF81700FFE79DF81700052861DCFFE7A8
:109A40000B98D0F8BC009DF8171000EB810090ED4A
:109A5000000A41F66050C2F2000090ED6F1A9FEDCF
:109A6000352A21EE021AB4EE410AF1EE10FA14DDA5
:109A7000FFE741F66050C2F2000090ED6F0A9FEDE3
:109A80002D1A20EE010A0B98D0F8BC009DF8171093
:109A900000EB810080ED000AFFE70B98D0F8BC00D6
:109AA0009DF8171000EB810090ED000A41F6605020
:109AB000C2F2000090ED6F1A9FED1F2A21EE021AEC
:109AC000B4EE410AF1EE10FA14DAFFE741F6605005
:109AD000C2F2000090ED6F0A9FED171A20EE010A06
:109AE0000B98D0F8BC009DF8171000EB810080EDBA
:109AF000000AFFE7FFE79DF8170001308DF8170017
:109B000099E7FFE70B98D0F8BC100020C8600B9ACB
:109B100002F1380002F1B80130320BF097F80B99DE
:109B200081F8C800FFE70CB080BD00BFCDCCCC3DB4
:109B30006666663F0AD7233C0AD723BCDA0FC93FC3
:109B400080B584B0039002910298039991ED090ABF
:109B5000DFED0F0A02F0A6FD029890ED080AB5EEBF
:109B6000400AF1EE10FA04DAFFE7029900200862D9
:109B7000FFE7029890ED080ABDEEC00A10EE100A49
:109B8000ADF80600BDF8060004F0B4FE04B080BDD8
:109B90000000224280B584B003900291002000288A
:109BA00040F0B380FFE7039A02F10C0002F11801C4
:109BB0002432F7F725F8039890F8480002285AD184
:109BC000FFE741F66051C2F20001019146F2666082
:109BD000C3F66670C1F89001039890ED001A90EDFD
:109BE000030A30EE410A80ED030A039890ED011A52
:109BF00090ED040A30EE410A80ED040A039890EDDE
:109C0000021A90ED050A30EE410A80ED050A03982C
:109C100090ED030AD0ED040A90ED051AD0ED061A76
:109C200090ED072AD0ED082AFFF7A0F9F8F70AF916
:109C3000039880ED0E0AF8F70DF9039880ED0F0AEE
:109C4000F8F73EF9039880ED100AF8F741F9DDF8CE
:109C500004C0039880ED110A0399DCF85001DCF888
:109C60005421DCF85831DCF85CC1C1F834C00B6316
:109C7000CA62886248E0039890F84800012842D1FF
:109C8000FFE7039890ED000A90ED031A30EE010A09
:109C900080ED000A039890ED010A90ED041A30EE71
:109CA000010A80ED010A039890ED020A90ED051A71
:109CB00030EE010A80ED020A0399C86C0130C864D5
:109CC0000398C06CB0F57A7F1CD3FFE7039890ED42
:109CD000000A9FED331A80EE010A80ED000A039816
:109CE00090ED010A80EE010A80ED010A039890EDE3
:109CF000020A80EE010A80ED020A0399022081F82F
:109D00004800FFE7FFE7FFE7FFE741F65050C2F2E8
:109D1000000000684CF6CD41CCF6CC4148434FEAF8
:109D2000700049F69911C1F6991188422FD8FFE7C2
:109D300003980299FFF704FF039890ED090A9FED3D
:109D4000191A30EE010AB6EE001A30EE410AB0EEF2
:109D5000C00AB4EE410AF1EE10FA17DAFFE70398F1
:109D600090F8480090B9FFE741F65450C2F2000065
:109D70000168013101600068B0F5967F05D9FFE701
:109D80000399012081F84800FFE7FFE7FFE741F66C
:109D90005051C2F2000108680130086004B080BD73
:109DA00000007A44000022C283B0029001918DF835
:109DB000032000208DF802008DF80200FFE79DF8D7
:109DC00002009DF80310884229DAFFE70298000F8D
:109DD000092809D8FFE70298000F303001999DF853
:109DE000022001F8120009E00299372000EB1170FF
:109DF00001999DF8022001F81200FFE70298000186
:109E0000029001989DF8021000EB4101002048707B
:109E1000FFE79DF8020001308DF80200CFE703B0A4
:109E20007047000080B58AB009908DF823108DF836
:109E300022208DF8213044F62851C2F2000106910B
:109E40000420088044F62651C2F200010820088050
:109E50009DF82300099908739DF822000999487319
:109E60009DF82100099988730999002008749DF8CC
:109E700021000DF0BBFB09994861099840699DF8E4
:109E80002110F6F708FB069800889DF8211048433A
:109E90000DF0ACFB0699099A9061099880690988D0
:109EA0009DF821205143F6F718FB069800889DF88D
:109EB000211048430DF09AFB0699099AD061099840
:109EC000C06909889DF821205143F6F706FB0698E2
:109ED00000889DF8231048430DF088FB0699099AE5
:109EE00010620998006A09889DF823205143F6F70B
:109EF000F4FA9DF821000DF079FB09994862099860
:109F0000406A9DF82110F6F7C6FA069800889DF879
:109F1000231048430DF06AFB0699099A10600998CE
:109F2000006809889DF823205143F6F7D6FA069871
:109F300000889DF8211048430DF058FB0699099AB6
:109F400050600998406809889DF821205143F6F730
:109F5000C4FA069800889DF8221048430DF046FB8D
:109F60000699099A90600998806809889DF82220CE
:109F70005143F6F7B2FA069800889DF8231048433B
:109F80000DF034FB0699099AC2F8E8000998D0F858
:109F9000E80009889DF823205143F6F79EFA099AB4
:109FA00002F13000117BD2F8E830012207920AF06A
:109FB000A3FE069800889DF8231048430DF016FB79
:109FC0000699099AC2F8EC000998D0F8EC000988C3
:109FD0009DF823205143F6F780FA079A099B03F175
:109FE0003800197BD3F8EC300AF086FE9DF8220089
:109FF00010B3FFE744F62850C2F200000590008835
:10A000009DF8221048430DF0F1FA0599099AC2F81B
:10A01000F0000998D0F8F00009889DF822205143FB
:10A02000F6F75BFA099A02F14000517BD2F8F03062
:10A0300001220AF061FEFFE744F62850C2F2000058
:10A04000049000889DF8211048430DF0CFFA049940
:10A05000099AC2F8F4000998D0F8F40009889DF82C
:10A0600021205143F6F739FA099A02F14800917B11
:10A07000D2F8F43001220AF03FFE049800889DF8DF
:10A080002310484348430DF0B1FA0499099AC2F8E5
:10A09000F8000998D0F8F80009889DF8232051436A
:10A0A0005143F6F71AFA099901F150000A7BD1F8E9
:10A0B000F83011460AF020FE049800889DF823101D
:10A0C000484348430DF092FA0499099AC2F8FC00FB
:10A0D0000998D0F8FC0009889DF82320514351438A
:10A0E000F6F7FBF9099901F158000A7BD1F8FC3029
:10A0F00011460AF001FE049800889DF82310484399
:10A1000048430DF073FA01460498099AC2F8001109
:10A1100000889DF82310484348430DF067FA0499DE
:10A12000099AC2F804010998D0F8000109889DF83D
:10A13000232051435143F6F7D0F904990998D0F8F8
:10A14000040109889DF8232051435143F6F7C5F9CE
:10A15000099901F160000A7BD1F8003111460AF03B
:10A16000CBFD099901F168000A7BD1F80431114651
:10A170000AF0C2FD9DF8220040B3FFE744F62850E4
:10A18000C2F20000039000889DF8231048439DF818
:10A19000221048430DF02AFA0399099AC2F80801DF
:10A1A0000998D0F8080109889DF8232051439DF8AB
:10A1B00022205143F6F791F9099B03F17000197BB6
:10A1C0005A7BD3F808310AF097FDFFE744F6285090
:10A1D000C2F20000019000889DF8211048439DF8CC
:10A1E000231048430DF002FA01460198099AC2F87B
:10A1F0000C1100889DF8231048439DF82110484316
:10A200000DF0F4F90199099AC2F810010998D0F8F3
:10A210000C0109889DF8212051439DF823205143CA
:10A22000F6F75BF901990998D0F8100109889DF8B3
:10A23000232051439DF821205143F6F74EF9099B05
:10A2400003F178001A7B997BD3F80C310AF054FDA6
:10A25000099B03F18000197B9A7BD3F810310AF037
:10A260004BFD019800889DF82310484348430DF0AA
:10A27000BDF90199099AC2F814010998D0F814019E
:10A2800009889DF8232051435143F6F726F909998F
:10A2900001F188000A7BD1F8143111460AF02CFD37
:10A2A000019800889DF82110484348430DF09EF91D
:10A2B0000199099AC2F818010998D0F8180109887B
:10A2C0009DF8212051435143F6F707F9099901F10F
:10A2D00090008A7BD1F8183111460AF00DFD0198E3
:10A2E00000889DF8231048439DF8211048430DF045
:10A2F0007DF90199099AC2F81C010998D0F81C014E
:10A3000009889DF8232051439DF821205143F6F7F9
:10A31000E4F8099B03F19800197B9A7BD3F81C3170
:10A320000AF0EAFC019800880999097B48434843F0
:10A330000DF05CF90199099AC2F82001099AD2F846
:10A3400020010988127B51435143F6F7C6F8019862
:10A3500000880999097B484348430DF047F9019962
:10A36000099AC2F82401099AD2F824010988127BBB
:10A3700051435143F6F7B1F8019800880999097BD8
:10A38000484348430DF032F90199099AC2F828016F
:10A39000099AD2F828010988127B51435143F6F7F4
:10A3A0009CF8019800880999097B48430DF01EF933
:10A3B0000199099AC2F82C01099AD2F82C0109884E
:10A3C000127B5143F6F789F8019800880999097BB7
:10A3D00048430DF00BF90199099AC2F83001099A26
:10A3E000D2F82C010988127B5143F6F776F80999C7
:10A3F00001F1A0000A7BD1F8203111460AF07CFC63
:10A40000099901F1A8000A7BD1F8243111460AF01C
:10A4100073FC099901F1B0000A7BD1F8283111468B
:10A420000AF06AFC099A02F1B800117BD2F82C31CB
:10A43000012202920AF060FC029A099B03F1C0001B
:10A44000197BD3F830310AF057FC0999002081F8C4
:10A450002800099981F82900099981F82A000999A9
:10A4600081F82B00099981F82C000AB080BD00000A
:10A4700080B582B001900198C07B20B1FFE70198C0
:10A48000FEF74CFA16E0019BD3F8F400596844F645
:10A490002852C2F20002009212889B7B5A43F5F7C1
:10A4A000C0FF0099019A50680988927B5143F6F7E2
:10A4B00014F8FFE7019BD3F8F000996844F628529E
:10A4C000C2F2000212885B7B5A43F5F7AAFF02B082
:10A4D00080BD000080B582B00190019890F82C00FA
:10A4E000B0BBFFE70199B1F89800A1F8A800019965
:10A4F000B1F87A00A1F8AA000199B1F8A800A1F872
:10A50000B0000199B1F85A00A1F8B200019A02F125
:10A51000980002F17801A8320AF0FEFE019981F854
:10A52000C800019A02F1A80002F15801B0320AF005
:10A53000F3FE019981F8C800019A02F1580002F176
:10A54000B00150320AF08AFF019981F8C800FFE794
:10A5500002B080BD80B582B00190019890F82900CA
:10A56000A8BBFFE7019901F1600068310AF0CCFF58
:10A57000019981F8C800019A02F1600002F15001CE
:10A5800058320AF0C9FE019981F8C8000199B1F862
:10A590005800A1F8A8000199B1F86A00A1F8AA0032
:10A5A000019A02F1580002F16801A8320AF0B4FEE3
:10A5B000019981F8C800019A02F1A80002F188010E
:10A5C00058320AF043FB019981F8C800FFE702B056
:10A5D00080BD000080B582B00190019890F82A00FB
:10A5E000002872D1FFE7019901F1780080310AF06B
:10A5F0008BFF019981F8C8000199B1F87800A1F8A2
:10A60000A8000199B1F85A00A1F8AA00019A02F134
:10A61000780002F15801A8320AF07EFE019981F813
:10A62000C8000199B1F8A800A1F8B0000199B1F8EB
:10A630008200A1F8B200019A02F1A80002F18001A3
:10A64000B0320AF069FE019981F8C8000199B1F8A9
:10A650009000A1F8A0000199B1F89200A1F8A20021
:10A66000019A02F1B00002F19001A0320AF0EEFA74
:10A67000019981F8C800019901F1A000B0310AF0F8
:10A680004FFB019981F8C8000199B1F85800A1F871
:10A69000A8000199B1F88200A1F8AA00019A02F17C
:10A6A000580002F18001A8320AF036FE019981F8C3
:10A6B000C800019A02F1A80002F1B00198320AF034
:10A6C0002BFE019981F8C800FFE702B080BD0000B1
:10A6D00080B584B003900398FFF7CAFE0398D0F8C2
:10A6E000CC0028B1FFE70398D0F8CC108847FFE7EB
:10A6F000039800F0B5F80398D0F8D00028B1FFE730
:10A700000398D0F8D0108847FFE70398FFF722FF9F
:10A710000398D0F8D40028B1FFE70398D0F8D410FC
:10A720008847FFE70398007C20B9FFE70398C07BC8
:10A73000F0B9FFE70398FFF74DFF0398D0F8D80072
:10A7400028B1FFE70398D0F8D8108847FFE70398AF
:10A7500000F0D8F80398D0F8DC0028B1FFE70398A0
:10A76000D0F8DC108847FFE70398FFF7B3FE1BE043
:10A77000039BD3F8E800D3F8EC1044F62852C2F259
:10A780000002019212881B7B5A43F5F74AFE019A98
:10A79000039BD3F8F800D3F8FC1012881B7B5A43B4
:10A7A0005A43F5F73EFEFFE70398D0F8E00028B1E2
:10A7B000FFE70398D0F8E0108847FFE700208DF806
:10A7C0000B00FFE79DF80B000399097B88422CDA08
:10A7D000FFE70398D0F8F8209DF80B10037B11FBDE
:10A7E000031302EB830292ED000A006A00EB810082
:10A7F00090ED001AB4EE410AF1EE10FA0EDAFFE71E
:10A80000039B186A9DF80B2050F82200D3F8F8102B
:10A810001B7B12FB032241F82200FFE7FFE79DF8B4
:10A820000B0001308DF80B00CCE7039B1868D3F8C0
:10A83000E81044F62852C2F2000212881B7B5A43E9
:10A84000F5F7EFFD0398D0F8E40028B1FFE703988F
:10A85000D0F8E4108847FFE70398006804B080BD93
:10A8600080B582B00190019890F82800002846D168
:10A87000FFE70198407B012834DBFFE70199087B63
:10A88000A1F8B800019901200090A1F8BA00019A3E
:10A8900002F1600002F13001B8320AF03DFD0146DC
:10A8A0000098019A82F8C810019A117BA2F8C01092
:10A8B0000199A1F8C200019A02F1700002F1400171
:10A8C000C0320AF029FD019981F8C800019A02F10D
:10A8D000B80002F1C00138320AF0B8F9019981F8E4
:10A8E000C8000BE0019A02F1600002F13001383239
:10A8F0000AF012FD019981F8C800FFE7FFE702B0F6
:10A9000080BD000080B582B00190019890F82B00C6
:10A9100000284BD1FFE70199B1F87800A1F8B80001
:10A92000019901200090A1F8BA00019A02F1780083
:10A9300002F13801B8320AF0EFFC01460098019AA2
:10A9400082F8C810019AB2F84810A2F8C010019914
:10A95000A1F8C200019A02F1480002F1B801C03228
:10A960000AF07CFD01460098019A82F8C810019A0D
:10A97000B2F89810A2F8B8100199A1F8BA00019A9B
:10A9800002F1980002F1C001B8320AF0C5FC019949
:10A9900081F8C800019A02F1380002F1B8013032A2
:10A9A0000AF054F9019981F8C800FFE702B080BDB0
:10A9B00080B582B00190019809F034FA0198B02175
:10A9C00004F086F8019804F065F88DF8030001980A
:10A9D00009F010FA9DF8030002B080BD80B584B084
:10A9E0000290029809F006FA0A208DF80700FFE7A6
:10A9F0000298FBF7B1FC012804D1FFE701208DF894
:10AA00000F000EE09DF8070001388DF80700FFE702
:10AA10009DF807000028EBDCFFE700208DF80F0011
:10AA2000FFE79DF80F0004B080BD000080B584B042
:10AA3000DDF818C003908DF80B1001928DF80330EB
:10AA4000039809F0EFF903989DF80B1004F040F813
:10AA500003980199042204F049F803989DF8031023
:10AA600004F036F8039806999DF8032004F03EF8A8
:10AA7000039809F0BFF904B080BD000080B582B032
:10AA800001908DF80310019809F0CCF90198032189
:10AA900004F01EF801989DF8031004F019F80198CD
:10AAA00003F0F8FF8DF80200019809F0A3F99DF872
:10AAB000020002B080BD000080B584B003908DF824
:10AAC0000B1001928DF80330039809F0ABF903984D
:10AAD0009DF80B1003F0FCFF039801999DF80320EB
:10AAE00003F0E6FF039809F085F904B080BD00008B
:10AAF00080B582B00190019809F094F90198A021E5
:10AB000003F0E6FF019803F0C5FF8DF803000198FC
:10AB100009F070F99DF8030002B080BD80B582B0E5
:10AB200001908DF80310019809F07CF901989DF8C7
:10AB3000031003F0CDFF019809F05CF902B080BD6D
:10AB400080B584B0029002980F21802200F050F866
:10AB50000A208DF80700FFE702980E21FFF78EFF0D
:10AB600000F0E000802804D1FFE701208DF80F00FD
:10AB70000EE09DF8070001388DF80700FFE79DF80B
:10AB800007000028E8DCFFE700208DF80F00FFE752
:10AB90009DF80F0004B080BD80B584B0029002988B
:10ABA0000F21002200F024F80A208DF80700FFE7AB
:10ABB00002980E21FFF762FF10F0E00F04D1FFE7CB
:10ABC00001208DF80F000EE09DF8070001388DF888
:10ABD0000700FFE79DF807000028E9DCFFE70020F9
:10ABE0008DF80F00FFE79DF80F0004B080BD000056
:10ABF00080B582B001908DF803108DF80220019885
:10AC000009F010F90198022103F062FF01989DF804
:10AC1000031003F05DFF01989DF8021003F058FF48
:10AC2000019809F0E7F802B080BD000080B584B05B
:10AC300003908DF80B108DF80A200193039809F00A
:10AC4000F1F80398022103F043FF03989DF80B10DD
:10AC500003F03EFF039801999DF80A209DF80B3000
:10AC6000D21A0132D2B203F041FF039809F0C2F8C0
:10AC700004B080BD80B59AB019901891189843F629
:10AC8000B021C2F2000191ED000ADFED470A04F0A5
:10AC90007DFA002204921792169215924AF6A0139A
:10ACA000C0F60103186859689B68149313911290B9
:10ACB0004AF6B813C0F60103186859689B681193E7
:10ACC00010910F90199841F6100108449FED370A32
:10ACD000DFED370A12A9DFED372ACDED032A8123F4
:10ACE0000193B0EE621AF0EE621AB0EE622A01F041
:10ACF00079FC019BDDED032A049A199841F6BA010B
:10AD000008449FED2D0A8DED020ADFED2C0A0FA9F4
:10AD1000B0EE621AF0EE621AB0EE622A01F062FC46
:10AD20009DED032A049A0E920D920C924AF6AC13F2
:10AD3000C0F60103186859689B680B930A91099043
:10AD40004AF6C413C0F60103186859689B68089353
:10AD500007910690199800F5AD509FED190ADFEDA7
:10AD6000190A09A9DFED181AF6EE002AF523059352
:10AD7000B0EE611A01F036FC9DED020A9DED032A4A
:10AD8000049A059B199841F24A61084406A9DFED2F
:10AD90000F2AF0EE420AB0EE421AF0EE421A01F02B
:10ADA00021FC01201AB080BDA69B443B00803B469D
:10ADB0000000FA45000000000060EA4600803B45C4
:10ADC000000048440000A04200007A44CDCC4C3E34
:10ADD00080B59CB01B904AF6D012C0F601021068F4
:10ADE000516892681A92199118904AF6F412C0F6B6
:10ADF00001021068516892681792169115901B987D
:10AE000000F20A609FED490A8DED010ADFED480A64
:10AE1000CDED020A15A9DFED472ACDED032A002268
:10AE2000049281230593B0EE621AF0EE621AB0EE3E
:10AE3000622A01F0D7FB9DED010ADDED020ADDED8E
:10AE4000032A049A059B4AF6DC1CC0F6010CDCF8C8
:10AE50000000DCF80410DCF808C0CDF850C01391F5
:10AE600012904AF60C2CC0F6010CDCF80000DCF85D
:10AE70000410DCF808C0CDF844C010910F901B9866
:10AE800000F652000FA9B0EE621AF0EE621AB0EEB0
:10AE9000622A01F0A7FB9DED010ADDED020ADDED5E
:10AEA000032A049A059B0E920D920C924AF6E81C16
:10AEB000C0F6010CDCF80000DCF80410DCF808C077
:10AEC000CDF82CC00A9109904AF6002CC0F6010C6E
:10AED000DCF80000DCF80410DCF808C0CDF820C075
:10AEE000079106901B9800F51F6009A9B0EE621A41
:10AEF000F0EE621AB0EE622A01F074FB9DED010AD9
:10AF0000DDED020ADDED032A049A059B1B9800F68D
:10AF10009A2006A9B0EE621AF0EE621AB0EE622A2A
:10AF200001F060FB01201CB080BD00BF0060EA465C
:10AF30000000FA440000000080B586B000220092B4
:10AF4000059204920392029243F6E850C2F2000086
:10AF5000019042F20001C4F2010101604FF480311E
:10AF6000416082600261027680F82020C262012185
:10AF7000C0F600718162C2600121C16180F8302099
:10AF80004161F7F7F9F918B1FFE7F6F7C9FEFFE7F6
:10AF900010200290012003900020049043F6E85016
:10AFA000C2F2000002A9F7F7D3F818B1FFE7F6F7ED
:10AFB000B7FEFFE706B080BD80B586B000220092E4
:10AFC000059204920392029243F63060C2F20000AE
:10AFD000019042F20021C4F2010101604FF480317E
:10AFE000416082600261027680F82020C262012105
:10AFF000C0F600718162C2600121C16180F8302019
:10B000004161F7F7B9F918B1FFE7F6F789FEFFE7F5
:10B0100008200290012003900020049043F6306045
:10B02000C2F2000002A9F7F793F818B1FFE7F6F7AC
:10B0300077FEFFE706B080BD80B582B043F678604A
:10B04000C2F20000019046F20041C4F2000101602A
:10B050000321416000218160C1604FF41022026130
:10B060004FF4001242610176012242768176C27667
:10B0700001774177F8F75EF818B1FFE7F6F750FE71
:10B08000FFE702B080BD000080B582B043F6A0604B
:10B09000C2F20000019046F60001C4F20001016016
:10B0A0000321416000218160C1604FF410220261E0
:10B0B0004FF4001242610176012242768176C27617
:10B0C00001774177F8F736F818B1FFE7F6F728FE71
:10B0D000FFE702B080BD000080B543F6C860C2F251
:10B0E000000043F20001C4F202010160F8F7D8FA4F
:10B0F00018B1FFE7F6F714FEFFE780BD80B58EB00C
:10B10000FFE700200D9043F63000C4F20200016812
:10B1100041F480010160006800F480000D900D98FA
:10B12000FFE7FFE700200C9043F63000C4F2020076
:10B13000016841F400110160006800F400100C90F7
:10B140000C98FFE70C2000900521099100220A923B
:10B15000F9F7BEF90098F9F7B1F909990A9A1020A0
:10B160000190F9F7B5F90198F9F7A8F909990A9A40
:10B1700011200290F9F7ACF90298F9F79FF90999B3
:10B180000A9A2F200390F9F7A3F90398F9F796F993
:10B1900009990A9A39200490F9F79AF90498F9F76D
:10B1A0008DF909990A9A3A200590F9F791F90598CD
:10B1B000F9F784F909990A9A3B200690F9F788F97A
:10B1C0000698F9F77BF909990A9A44200790F9F74C
:10B1D0007FF90798F9F772F909990A9A45200890BA
:10B1E000F9F776F90898F9F769F909990A9A462062
:10B1F0000B90F9F76DF90B98F9F760F90EB080BD77
:10B20000B0B5ACB04AF6A420C0F6010001684268AF
:10B210008368D0F80CC0D0F810E044692A94CDF8C7
:10B22000A4E0CDF8A0C027932692259180692B90A9
:10B2300025A8002101910BF003F9019943F6E022C2
:10B24000C2F2000210604AF66C20C0F601000268EB
:10B250004368D0F808C0D0F80CE00469456923952C
:10B260002294CDF884E0CDF880C01F931E928069AF
:10B2700024901EA80BF0E4F8019942F22802C2F2D1
:10B28000000210604AF65020C0F6010002684368D0
:10B29000D0F808C0D0F80CE0046945691C951B94EF
:10B2A000CDF868E0CDF864C01893179280691D90BE
:10B2B00017A80BF0C5F8019941F65852C2F20002E6
:10B2C00010604AF61820C0F6010002684368D0F802
:10B2D00008C0D0F80CE00469456915951494CDF8C0
:10B2E0004CE0CDF848C0119310928069169010A8D8
:10B2F0000BF0A6F8019941F66042C2F2000210601C
:10B300004AF63420C0F6010002684368D0F808C04D
:10B31000D0F80CE0046945690E950D94CDF830E045
:10B32000CDF82CC00A93099280690F9009A80BF000
:10B3300087F8019941F66842C2F2000210604AF6AD
:10B340008820C0F6010002684368D0F808C0D0F831
:10B350000CE00469456907950694CDF814E0CDF832
:10B3600010C0039302928069089002A80BF068F85D
:10B3700042F22C01C2F2000108602CB0B0BD000006
:10B3800080B598B0002017901690159014901390E7
:10B39000FFE70020129043F63000C4F2020001687B
:10B3A00041F002010160006800F002001290129862
:10B3B000FFE7FFE70020119043F63000C4F20200DF
:10B3C000016841F040010160006800F04000119008
:10B3D0001198FFE7FFE70020109043F63000C4F219
:10B3E0000200016841F001010160006800F0010005
:10B3F00010901098FFE7FFE700200F9043F6300011
:10B40000C4F20200016841F008010160006800F028
:10B4100008000F900F98FFE7FFE700200E9043F61B
:10B420003000C4F20200016841F0040101600068CC
:10B4300000F004000E900E98FFE7FFE700200D904B
:10B4400043F63000C4F20200016841F0800101605F
:10B45000006800F080000D900D98FFE7FFE70020E6
:10B460000C9043F63000C4F20200016841F0200164
:10B470000160006800F020000C900C98FFE7FFE7E7
:10B4800000200B9043F63000C4F20200016841F046
:10B4900010010160006800F010000B900B98FFE7AE
:10B4A00041F60040C4F2020001904FF4E0510091D7
:10B4B00000220992F8F718FF0020C4F2020003905E
:10B4C0001021029101220592F8F70EFF099A40F22D
:10B4D0000040C4F2020007904FF480510491F8F745
:10B4E00003FF059A07981146F8F7FEFE059802211A
:10B4F000069113914FF404111491159041F20040FC
:10B50000C4F2020013A90891F8F712FDDDF800C09B
:10B510000198059B0899099ACDF84CC0149315928F
:10B520001692F8F705FD0398059A0899099B13925E
:10B5300014931592F8F7FCFCDDF808C00398059BFE
:10B54000069A0899CDF84CC0149315931692F8F703
:10B55000EFFC05980899302213924FF48812149248
:10B56000159040F60000C4F20200F8F7E1FC049BDD
:10B57000059A079808991393149215921692F8F762
:10B58000D7FC059B069A0798089913931493159373
:10B590001692F8F7CDFC099A07200A900521F8F7D2
:10B5A00097FF0A98F8F78AFF18B080BD80B582B07F
:10B5B00044F29C70C2F20000019043F20001C4F218
:10B5C000010101604FF48271416000218160C1601E
:10B5D00002220261012242614FF400728261102254
:10B5E000C2610162416281620A21C162FAF7BCFE56
:10B5F00018B1FFE7F6F794FBFFE702B080BD00004B
:10B6000080B582B044F2F470C2F20000019043F6BB
:10B610000001C4F2000101604FF482714160002119
:10B620008160C160016141614FF40072826110224A
:10B63000C2610162416281620A21C162FAF794FE2D
:10B6400018B1FFE7F6F76CFBFFE702B080BD000022
:10B6500080B588B000210091079106910591049171
:10B6600003910291019144F69400C2F2000044F269
:10B670000042C4F20102026053224260816040F243
:10B68000CF72C26001618161FBF7FAFC18B1FFE77C
:10B69000F6F746FBFFE744F69400C2F20000FCF721
:10B6A000D3F918B1FFE7F6F73BFBFFE76020019005
:10B6B000002202920392059244F69400C2F2000026
:10B6C00001A9FCF71FF918B1FFE7F6F729FBFFE71F
:10B6D00044F69400C2F20000FCF780F808B080BD88
:10B6E00080B598B000210191179116911591149190
:10B6F00013911291119110910F910E910D910C9146
:10B700000B910A9109910891079106910591049175
:10B71000039144F64C00C2F2000002900022C4F2F1
:10B7200001020260A7224260816044F61F62C2608B
:10B730000161416180218161FBF7A2FC18B1FFE743
:10B74000F6F7EEFAFFE74FF48050149044F64C0001
:10B75000C2F2000014A9FBF73DFE18B1FFE7F6F7AF
:10B76000DFFAFFE744F64C00C2F20000FCF76CF988
:10B7700018B1FFE7F6F7D4FAFFE700201290139014
:10B7800044F64C00C2F2000012A9FBF7E7FB18B127
:10B79000FFE7F6F7C5FAFFE760200B904FF4FA7069
:10B7A0000C9000220D920E920F921092119244F67C
:10B7B0004C00C2F200000BA9FCF7A4F818B1FFE797
:10B7C000F6F7AEFAFFE744F64C00C2F200000BA910
:10B7D0000422FCF797F818B1FFE7F6F7A1FAFFE7A4
:10B7E0000020039004900590069007904FF40050BD
:10B7F00008904FF480400A9044F64C00C2F20000DA
:10B8000003A9FBF751FB18B1FFE7F6F789FAFFE749
:10B8100044F64C00C2F20000FBF7E0FF18B080BD18
:10B8200080B588B00021019107910691059104919E
:10B830000391029144F62410C2F2000040F200424B
:10B84000C4F200020260A7224260816040F2E73247
:10B85000C26001618161FBF713FC18B1FFE7F6F7E5
:10B860005FFAFFE74FF48050049044F62410C2F2D0
:10B87000000004A9FBF7AEFD18B1FFE7F6F750FA98
:10B88000FFE700200290039044F62410C2F200006B
:10B8900002A9FBF763FB18B1FFE7F6F741FAFFE7F0
:10B8A00008B080BD80B58EB0002100910D910C9143
:10B8B0000B910A91099108910791069105910491C4
:10B8C00003910291019144F66C10C2F2000040F61F
:10B8D0000002C4F2000202604160816045F207226A
:10B8E000C26001618161FBF7CBFB18B1FFE7F6F79E
:10B8F00017FAFFE74FF480500A9044F66C10C2F23A
:10B9000000000AA9FBF766FD18B1FFE7F6F708FA91
:10B91000FFE744F66C10C2F20000FCF795F818B18E
:10B92000FFE7F6F7FDF9FFE700200890099044F6DD
:10B930006C10C2F2000008A9FBF710FB18B1FFE77A
:10B94000F6F7EEF9FFE760200190002002900390E7
:10B95000059044F66C10C2F2000001A90822FBF722
:10B96000D1FF18B1FFE7F6F7DBF9FFE744F66C10FB
:10B97000C2F20000FBF732FF0EB080BD80B582B08E
:10B9800000210191009144F6B410C2F2000041F28E
:10B990000042C4F200020260A7224260816040F2CD
:10B9A000E732C2608161FBF76BFB18B1FFE7F6F786
:10B9B000B7F9FFE700200090019044F6B410C2F2FE
:10B9C00000006946FBF7CAFA18B1FFE7F6F7A8F9D5
:10B9D000FFE702B080BD000080B582B044F6FC10E5
:10B9E000C2F20000019041F20001C4F201010160C5
:10B9F0004FF4E131416000218160C16001610C229E
:10BA000042618161C161FCF7EDFB18B1FFE7F6F718
:10BA100087F9FFE702B080BD80B582B044F64020D0
:10BA2000C2F20000019044F20041C4F20001016042
:10BA30004FF4E131416000218160C16001610C225D
:10BA400042618161C161FCF7CDFB18B1FFE7F6F7F8
:10BA500067F9FFE702B080BD80B582B044F684206C
:10BA6000C2F20000019044F60001C4F2000101603E
:10BA700048F2A061C0F2010141604FF48051816041
:10BA80000021C1604FF4806202610C224261816139
:10BA9000C161FCF7A7FB18B1FFE7F6F741F9FFE733
:10BAA00002B080BD80B582B044F6C820C2F200006A
:10BAB000019041F20041C4F2010101604FF4E13113
:10BAC000416000218160C16001610C22426181619D
:10BAD000C161FCF787FB18B1FFE7F6F721F9FFE733
:10BAE00002B080BD80B543F60C30C2F2000040F2D7
:10BAF0001001C2F20001002205F0D8FB18B1FFE7E7
:10BB0000F6F70EF9FFE743F60C30C2F2000040F200
:10BB1000F401C2F2000106F0C9F818B1FFE7F6F728
:10BB2000FFF8FFE743F60C30C2F2000040F290113C
:10BB3000C2F2000104F0F4FD18B1FFE7F6F7F0F8E7
:10BB4000FFE743F60C30C2F2000006F039FA18B1F4
:10BB5000FFE7F6F7E5F8FFE780BD0000FFE7FEE747
:10BB6000FFE7FEE788B0079006910592079800F07E
:10BB7000070004900498C0F10700052803D3FFE7ED
:10BB80000420019004E00498C0F107000190FFE751
:10BB90000198039004980430062803D8FFE700209A
:10BBA000009003E0049803380090FFE700980290AB
:10BBB00006980399012202FA01F101390840029B1B
:10BBC000984005999A40013A1140084308B07047DF
:10BBD00086B003A9009101460098059180ED010A05
:10BBE000C0ED000A0598D0F80600406841F65C51A7
:10BBF000C2F2000108600020ADF80A00FFE7BDF8BE
:10BC00000A00059909880139884224DAFFE7059876
:10BC1000D0F80600BDF80A1000EB810090ED010A93
:10BC200041F65C51C2F2000191ED001A30EE410A7A
:10BC300080ED000A0598D0F80A10BDF80A2001EB43
:10BC40008200406841F82200FFE7BDF80A00013099
:10BC5000ADF80A00D3E70099059AD2F806001288D9
:10BC600000EB820010ED020A91ED011A30EE010A9C
:10BC700000ED010A0398059AD2F80A10128801EB28
:10BC8000820141F8040C0599D1F802000988884224
:10BC900007D2FFE70599D1F802000130C1F8020090
:10BCA000FFE705990020C1F82600C1F82200C1F87D
:10BCB0001E00C1F81A0005990888D1F80210401A30
:10BCC000ADF80800FFE7BDF808000599098888422B
:10BCD0005DDAFFE70599BDF80830D1F80620D1F804
:10BCE0001A0002EB830292ED000A01EE100A20EE28
:10BCF000000A30EE010A10EE100AC1F81A00059988
:10BD0000BDF80830D1F80620D1F81E0002EB8302FE
:10BD100092ED001A00EE100A30EE010A10EE100A41
:10BD2000C1F81E000599BDF80830D1F806C0D1F859
:10BD30000A20D1F822000CEB830C9CED000A02EBE8
:10BD4000830292ED002A01EE100A20EE020A30EE84
:10BD5000010A10EE100AC1F822000599BDF808305A
:10BD6000D1F80A20D1F8260002EB830292ED001AE6
:10BD700000EE100A30EE010A10EE100AC1F826009B
:10BD8000FFE7BDF808000130ADF808009BE7059912
:10BD90000A4652F81A0F5368D2F808C0D26802EE69
:10BDA00010CAB1F800C000EE10CAB8EEC03A01EEF9
:10BDB000103A00EE102A21EE000A22EE032A30EE9D
:10BDC000420A02EE100A21EE011A22EE032A31EE97
:10BDD000421A80EE010A10EE100AC1F80E00059911
:10BDE0000020C1F8160005990888D1F80210401A01
:10BDF000ADF80600FFE7BDF80600059909888842FE
:10BE000030DAFFE70599D1F806C0D1F80A00D1F879
:10BE10000E20D1F8123000EE102ABDF806200CEBEF
:10BE2000820C9CED002A01EE103A20EE020A30EE60
:10BE3000010A00EB820090ED001A30EE410AB0EEEC
:10BE4000C01AD1F8160000EE100A30EE010A10EE0A
:10BE5000100AC1F81600FFE7BDF806000130ADF882
:10BE60000600C8E70599088800EE100AB8EEC01A67
:10BE7000D1F8160000EE100A80EE010A10EE100A4A
:10BE8000C1F816000598D0F80E0000EE100A06B0B2
:10BE90007047000080B584B00390ADF80A10BDF87B
:10BEA0000A0003990880039900200190C1F802005C
:10BEB000BDF80A0080000BF073FA0399C1F8060080
:10BEC000BDF80A0080000BF06BFA01460198039A56
:10BED000C2F80A100399C1F80E000399C1F81200C4
:10BEE0000398D0F80600BDF80A108900F4F7D3FAD9
:10BEF0000398D0F80A00BDF80A108900F4F7CBFACD
:10BF000001980399C1F82600C1F82200C1F81E006B
:10BF1000C1F81A0004B080BD80B544F29020C2F28E
:10BF20000000F8F7FBFD80BD80B588B08DED060AF6
:10BF3000CDED050A8DED041A4CF6CD40C3F64C70DC
:10BF400003904CF6CD40C3F64C6002909DED060A7E
:10BF500001F0A2FE8DED010A9DED050A01F09CFEA7
:10BF6000B0EE401A9DED010A30EE410A01F094FE58
:10BF70009DED041AB4EE410AF1EE10FA11DBFFE771
:10BF80009DED050A9DED061A9FED122A21EE021A7B
:10BF90009FED0E2A20EE020A30EE010A8DED070A0F
:10BFA00010E09DED050A9DED061A9FED082A21EE91
:10BFB000021A9FED072A20EE020A30EE010A8DEDEB
:10BFC000070AFFE79DED070A08B080BDCDCC4C3FC6
:10BFD000CDCC4C3ECCCC4C3E85B0ADF81000ADF88D
:10BFE0000E108DED020A4CF6CD40C3F64C70019058
:10BFF0000090BDF91000BDF90E10401A00EE100AB5
:10C00000B8EEC00A9DED021AB4EE410AF1EE10FA44
:10C010001DDBFFE7BDF90E0000EE100AB8EEC00A06
:10C02000BDF9100001EE100AB8EEC11A9FED182AF2
:10C0300021EE021A9FED172A20EE020A30EE010AC5
:10C04000BDEEC00A10EE100AADF812001CE0BDF9FA
:10C050000E0000EE100AB8EEC00ABDF9100001EEA5
:10C06000100AB8EEC11A9FED0A2A21EE021A9FEDBE
:10C07000092A20EE020A30EE010ABDEEC00A10EED7
:10C08000100AADF81200FFE7BDF9120005B07047C5
:10C09000CCCC4C3ECDCC4C3F80B586B005900491C5
:10C0A000059800680390039802900398006C019033
:10C0B0000298049900EB4110D0F8080B0090019809
:10C0C00043F20B01C4F6547188420FD3FFE79DF889
:10C0D00001000006002809D5FFE70298049900EB4B
:10C0E00041114FF40040C1F8080BFFE70598F9F73C
:10C0F0006FFB019843F20B01C4F6547188420DD3D3
:10C10000FFE705980069012808D1FFE7059908684D
:10C1100001F2C442012106F093FEFFE7002006B0C1
:10C1200080BD000080B588B0079006910798006830
:10C130000490049803900498006C02900398069968
:10C1400000EB4110D0F8080B019007980069012816
:10C1500040F08180FFE79DF804000007002818D513
:10C16000FFE7029843F20B01C4F6547188420FD3E3
:10C17000FFE79DF805000006002809D5FFE70398B2
:10C18000069900EB41114FF40040C1F8080BFFE79E
:10C1900060E09DF804008006002808D5FFE70398BA
:10C1A000069900EB41112020C1F8080B51E09DF8E1
:10C1B000040010F0280F4AD1FFE7029843F20B0168
:10C1C000C4F6547188420FD3FFE79DF805000006BE
:10C1D000002809D5FFE70398069900EB41114FF4B9
:10C1E0000040C1F8080B31E00798069901EBC10146
:10C1F00000EB810000F51F7005900598C069039958
:10C20000069A01EB4211D1F8101B6FF3DF41401A7F
:10C2100005990862069898B9FFE70598806940B9C2
:10C22000FFE70799086801F2C442012106F008FE01
:10C2300005E0059908690A6A10440861FFE7FFE70D
:10C2400007989DF81810F8F7E3F9FFE700E0FFE71B
:10C25000FFE7FFE747E0029843F20A11C4F6547182
:10C26000884224D1FFE79DF805000006002809D583
:10C27000FFE70398069900EB41114FF40040C1F825
:10C28000080B13E09DF804008006002808D5FFE79E
:10C290000398069900EB41112020C1F8080BFFE735
:10C2A00007989DF81810F8F7B3F9FFE71AE0069819
:10C2B00090B9FFE70798069901EBC10100EB8100F7
:10C2C000D0F8940240B9FFE70799086801F2C44228
:10C2D000002106F0B5FDFFE707989DF81810F8F764
:10C2E00097F9FFE7FFE7002008B080BD80B58CB06C
:10C2F0000A9009910A9800680890089807900A988F
:10C30000099901EBC10100EB81003C3006900698D1
:10C310008169006A884204D9FFE701208DF82F0067
:10C3200079E006998869096A401A05900598069986
:10C33000C968884204D9FFE70698C0680590FFE7FE
:10C340000598033080080490FFE70798099900EBEF
:10C350004110D0F8180981B2049A0020914202904D
:10C360000FD3FFE706988269016A0020914202908C
:10C3700007D2FFE706988069002818BF01200290C5
:10C38000FFE70298C00770B3FFE706998869096A5A
:10C39000401A059005980699C968884204D9FFE7B4
:10C3A0000698C0680590FFE7059803308008049060
:10C3B0000898069909699DF82420BDF81430DDF825
:10C3C00028C09CF810C0EE46CEF800C007F072FB03
:10C3D000059A0699086910440861059A0699086A41
:10C3E00010440862B1E706998869096A88420ED844
:10C3F000FFE7099800F00F01012088400390039A9D
:10C400000799D1F834089043C1F83408FFE70020B9
:10C410008DF82F00FFE79DF82F000CB080BD0000C5
:10C4200080B586B005908DED040ACDED030A059820
:10C4300090F898000006002804D5FFE7059809F059
:10C44000AFFDFFE70598D0F88C00029002A8F5F741
:10C450003FFB059910EE100AC1F89000029805996B
:10C46000C1F88C0004980599086103980599086043
:10C4700005990A68086900EE102A01EE100A30EEEC
:10C48000410A10EE100A886105994A68886900EE31
:10C49000102A01EE100A20EE010A10EE100A48627E
:10C4A00005998B688A69D1F8900000EE103A01EE88
:10C4B000102A20EE010A01EE100A20EE010A10EE09
:10C4C000100A08630598B0F8600003281BDBFFE73B
:10C4D0000598C3688169D0F8902000EE103A8DED80
:10C4E000010A623000EE102A00EE901AFFF770FB8E
:10C4F000B0EE401A9DED010A20EE010A059910EEFA
:10C50000100AC86218E00599D1F80CC08B69CA6995
:10C51000D1F8900000EE10CA01EE103A02EE102A97
:10C5200031EE421A20EE010A01EE100A80EE010AF5
:10C5300010EE100AC862FFE7059890F898004007CF
:10C54000002804D5FFE7059809F090FDFFE705985E
:10C5500090F898008006002804D5FFE7059809F0B8
:10C56000BBFBFFE7059890F89800C00720B1FFE7F4
:10C57000059809F055FCFFE70599886A0A6B01EEFA
:10C58000102A00EE100A30EE010A10EE100A88623E
:10C5900005994B6A8A6AC86A00EE103A01EE102AC1
:10C5A00030EE010A01EE100A30EE010A10EE100A18
:10C5B0004863059809F0CAFC05990869486105991E
:10C5C000486B88630599C86AC86305998869C8611A
:10C5D0000599086B08620598406B00EE100A06B0DA
:10C5E00080BD000080B58CB00DF1100CCDF804C0FA
:10C5F00084460198CDF82CC080ED060AC0ED050AEE
:10C60000089180ED031AC0ED021A80ED012AC0EDF9
:10C61000002AADF80E208DF80D3009980B9948646A
:10C620000A980B9908640B990020029008600899F9
:10C6300009680B9A5160089949680B9A91600899AA
:10C6400089680B9AD1600B99086307980B99086564
:10C6500006980B99486505980B99886504980B997D
:10C66000C865BDF80E000B99A1F860000B98623008
:10C67000BDF80E10FFF70EFC02980B99C1F88C0064
:10C680009DF80D100B9A82F898100B99C1F89D0037
:10C69000C1F899000B9981F8A1000B9948630CB07F
:10C6A00080BD000084B002908DED010ACDED000A3E
:10C6B000029818B9FFE70020039015E10299086C71
:10C6C00048640299C86B08640098029988610198CF
:10C6D0000299C8619DED000A9DED011A30EE410AF4
:10C6E000029880ED0F0A02980078002840F08780B9
:10C6F000FFE7029890ED010A90ED0F1A20EE010A73
:10C7000080ED090A029890ED020A90ED0A1A90ED68
:10C710000F2A20EE020A30EE010A80ED0A0A029981
:10C72000486B88630299086B4863029890ED0F0A82
:10C7300090ED101A30EE410A80ED0C0A029890ED4F
:10C74000030A90ED0C1A20EE010A80ED0B0A029804
:10C7500090ED051A90ED0A0AB4EE410AF1EE10FAD6
:10C7600004DDFFE702994869886215E0029890EDC0
:10C77000051A90ED0A0AB1EE411AB4EE410AF1EE43
:10C7800010FA08DAFFE7029890ED050AB1EE400AC8
:10C7900080ED0A0AFFE7FFE7029890ED090A90EDA5
:10C7A0000A2A90ED0B1A30EE020A30EE010A80EDF3
:10C7B000080A029890ED041A90ED080AB4EE410AB6
:10C7C000F1EE10FA04DDFFE702990869086215E04E
:10C7D000029890ED041A90ED080AB1EE411AB4EEF9
:10C7E000410AF1EE10FA08DAFFE7029890ED040A28
:10C7F000B1EE400A80ED080AFFE7FFE770E002981B
:10C80000007801286BD1FFE7029890ED010A90EDC6
:10C810000F1A90ED102A31EE421A20EE010A80ED37
:10C82000090A029890ED020A90ED0F1A20EE010A13
:10C8300080ED0A0A0299486B88630299086B486385
:10C84000029890ED0F0A90ED102A90ED111A32EE39
:10C85000022A30EE420A30EE010A80ED0C0A0298FC
:10C8600090ED030A90ED0C1A20EE010A80ED0B0A00
:10C87000029890ED080A90ED091A90ED0A3A90EDB1
:10C880000B2A31EE031A31EE021A30EE010A80ED66
:10C89000080A029890ED041A90ED080AB4EE410AD5
:10C8A000F1EE10FA04DDFFE702990869086215E06D
:10C8B000029890ED041A90ED080AB1EE411AB4EE18
:10C8C000410AF1EE10FA08DAFFE7029890ED040A47
:10C8D000B1EE400A80ED080AFFE7FFE7FFE7FFE758
:10C8E0000298006A0390FFE79DED030A04B07047C9
:10C8F00086B005908DF8131003928DED020ACDEDF0
:10C90000010A059818B1FFE7039808B9FFE72CE082
:10C910009DF8130005990870039800680599486010
:10C920000398406805998860039880680599C860F5
:10C9300002980599086101980599486105990020B8
:10C940000090886305994863059908630599086212
:10C950000599C862059988620599486205994864F5
:10C96000059908640599C863FFE706B070470000A1
:10C97000EFF30980BFF36F8F154B1A681EF0100F8D
:10C9800008BF20ED108A20E9F04F10602DE9090062
:10C990004FF0500080F31188BFF34F8FBFF36F8FBC
:10C9A0000BF018FA4FF0000080F31188BDE8090081
:10C9B00019680868B0E8F04F1EF0100F08BFB0EC1F
:10C9C000108A80F30988BFF36F8F704700BF00BFE4
:10C9D000544C00200000000080B5A2B021902198A6
:10C9E000006C0DF093FE41EC100B51EC100B9FED21
:10C9F000FC0B53EC102B019300920DF0C3FB41ECA8
:10CA0000100B51EC100B9FEDF80B53EC102B039314
:10CA100002920DF003FA41EC100B51EC100B0DF0EB
:10CA200023F944F64451C2F20001049108602198B0
:10CA3000806B0DF06BFE009A019B41EC100B51ECEA
:10CA4000100B0DF09FFB029A039B41EC100B51EC75
:10CA5000100B0DF0E3F941EC100B51EC100B0DF045
:10CA600003F944F64851C2F200010591086021988B
:10CA7000C06B0DF04BFE009A019B41EC100B51EC8A
:10CA8000100B0DF07FFB029A039B41EC100B51EC55
:10CA9000100B0DF0C3F941EC100B51EC100B0DF025
:10CAA000E3F80146049844F64C52C2F200020692A2
:10CAB000116000680DF02AFE41EC100B0CF0D0FB69
:10CAC00051EC100B0DF0D0F8014604981F9100684E
:10CAD0000DF01CFE41EC100B0CF05EFB51EC100B4A
:10CAE0000DF0C2F8014605981C9100680DF00EFE8D
:10CAF00041EC100B0CF0B4FB51EC100B0DF0B4F842
:10CB000001460598209100680DF000FE41EC100BE5
:10CB10000CF042FB51EC100B0DF0A6F80146069804
:10CB20001D9100680DF0F2FD41EC100B0CF098FB2C
:10CB300051EC100B0DF098F8014606981E91006814
:10CB40000DF0E4FD41EC100B0CF026FB51EC100B4A
:10CB50000DF08AF81B909DED1D0A9DED1C1A20EE2C
:10CB6000010A9DED1B2A9DED201A9DED1F3A21EE35
:10CB7000031A9DED1E3A21EE031A20EE020A30EE52
:10CB8000010A8DED1A0A9DED1E0A9DED1D1A20EE7B
:10CB9000010A9DED1C2A9DED1B1A9DED203A21EE08
:10CBA000031A9DED1F3A21EE031A20EE020A30EE21
:10CBB000410A8DED190A9DED1C0A9DED201A20EE0B
:10CBC000010A9DED1B2A9DED1F1A9DED1D3A21EED8
:10CBD000031A9DED1E3A21EE031A20EE020A30EEF2
:10CBE000010A8DED180A9DED1F0A9DED1D1A20EE1C
:10CBF000010A9DED1B2A9DED1C1A9DED203A21EEA8
:10CC0000031A9DED1E3A21EE031A20EE020A30EEC1
:10CC1000410A8DED170A9DED1A0A8DED070A10EEF7
:10CC2000100A0DF073FD9DED070A41EC110B8DED1F
:10CC3000081B9DED191A21EE011A20EE000A30EEB4
:10CC4000011A9DED180A20EE000A30EE011A9DED42
:10CC5000170A20EE000A30EE010A10EE100A0DF05D
:10CC600055FD41EC100B0CF05FFBB0EE401AF0EEFE
:10CC7000601A9DED080B53EC112B51EC100B0DF0CD
:10CC8000CDF841EC100B51EC100B0CF0EDFF44F61D
:10CC90002C51C2F2000108609DED190A8DED0B0ABE
:10CCA00010EE100A0DF032FD9DED0B1A41EC100B49
:10CCB0008DED0C0B9DED1A0A21EE011A20EE000AF3
:10CCC00030EE011A9DED180A20EE000A30EE011A2E
:10CCD0009DED170A20EE000A30EE010A10EE100A50
:10CCE0000DF014FD41EC100B0CF01EFBB0EE401AE1
:10CCF000F0EE601A9DED0C0B53EC112B51EC100B68
:10CD00000DF08CF841EC100B51EC100B0CF0ACFF5B
:10CD100044F63051C2F2000108609DED180A8DED15
:10CD20000F0A10EE100A0DF0F1FC9DED0F0A41EC18
:10CD3000110B8DED101B9DED1A1A9DED192A22EE97
:10CD4000022A21EE011A31EE021A20EE000A30EE1C
:10CD5000011A9DED170A20EE000A30EE010A10EECE
:10CD6000100A0DF0D3FC41EC100B0CF0DDFAB0EE24
:10CD7000401AF0EE601A9DED100B53EC112B51ECA4
:10CD8000100B0DF04BF841EC100B51EC100B0CF0AC
:10CD90006BFF44F63451C2F2000108609DED170AA2
:10CDA0008DED130A10EE100A0DF0B0FC9DED130A84
:10CDB00041EC110B8DED141B9DED1A1A9DED192AF6
:10CDC00022EE022A21EE011A31EE022A9DED181AF6
:10CDD00021EE011A31EE021A00F00AB800BF00BFBE
:10CDE0009836359D46DF913F00000000000000406E
:10CDF00020EE000A30EE010A10EE100A0DF086FC5B
:10CE000041EC100B0CF090FAB0EE401AF0EE601A04
:10CE10009DED140B53EC112B51EC100B0CF0FEFF9D
:10CE200041EC100B51EC100B0CF01EFF44F6385186
:10CE3000C2F20001086022B080BD000082B08DED1A
:10CE4000000A9DED000A9FED601AB4EE410AF1EE72
:10CE500010FA09D1FFE79DED000A9FED6D1A20EE53
:10CE6000010A8DED010AABE09DED000A9FED571A16
:10CE7000B4EE410AF1EE10FA0AD0FFE79DED000A88
:10CE80009FED531AB4EE410AF1EE10FA09D1FFE713
:10CE90009DED000A9FED5D1A20EE010A8DED010A5D
:10CEA0008EE09DED000A9FED4B1AB4EE410AF1EEC3
:10CEB00010FA09D1FFE79DED000A9FED531A20EE0D
:10CEC000010A8DED010A7BE09DED000A9FED421AFB
:10CED000B4EE410AF1EE10FA0AD0FFE79DED000A28
:10CEE0009FED3E1AB4EE410AF1EE10FA09D1FFE7C8
:10CEF0009DED000A9FED431A20EE010A8DED010A17
:10CF00005EE09DED000A9FED361AB4EE410AF1EEA7
:10CF100010FA09D1FFE79DED000A9FED361A20EEC9
:10CF2000010A8DED010A4BE09DED000A9FED2D1ADF
:10CF3000B4EE410AF1EE10FA09D1FFE79DED000AC7
:10CF40009FED2F1A20EE010A8DED010A38E09DEDCC
:10CF5000000A9FED251AB4EE410AF1EE10FA09D14C
:10CF6000FFE79DED000A9FED251A20EE010A8DEDE9
:10CF7000010A25E09DED000A9FED1C1AB4EE410A5E
:10CF8000F1EE10FA0AD0FFE79DED000A9FED181AA6
:10CF9000B4EE410AF1EE10FA09D1FFE79DED000A67
:10CFA0009FED151A20EE010A8DED010A08E09DEDB6
:10CFB000000A9FED101A20EE010A8DED010AFFE72D
:10CFC0009DED010A02B07047000034420000484263
:10CFD0000000484300005C4200007042000096429E
:10CFE0000000824200008C420000A0420000B442D7
:10CFF0000000C842CDCCCC3DB81E853D295C8F3D9C
:10D00000EC51B83D0AD7A33D8FC2753D0AD7233DE9
:10D010008FC2F53C80B588B00790069105920699BD
:10D020001E2081F84600059807991322F3F7B4F9FA
:10D0300005984068C0F30130069908730598406868
:10D04000C0F3813006994873059800686FF3DF20BC
:10D05000A0F580600699488005980068C0F3CA2052
:10D06000A0F5806006998880059908684968800D58
:10D0700040EA81206FF3DF20A0F580600699C88028
:10D0800005984068C0F34A00A0F5806006990881C1
:10D09000059800696FF3DF20A0F58060069948814C
:10D0A00005980088400560B9FFE706990020488090
:10D0B000069988800699C880069908810699488152
:10D0C000FFE70598C06840F3C011C0B240EA0120F4
:10D0D000069A92F8352000F063FC0246069991F812
:10D0E000340002F00F0200F0F000104481F8340028
:10D0F0000598C06840F3C031C0F3072040EA012022
:10D10000069A92F8362000F04BFC0246069991F8F8
:10D11000340000F00F0040EA021081F83400059856
:10D12000D0F80E0000F00100069991F8402000218F
:10D13000019100F035FC01990346069A92F83800F7
:10D1400003F00F0300F0F000184482F8380005984F
:10D15000C068C0F38040069A92F8422000F020FC9C
:10D1600001990346069A92F8390003F00F0300F084
:10D17000F000184482F839000598C068C0F34040B8
:10D18000069A92F8412000F00BFC01990346069A9A
:10D1900092F8380000F00F0040EA031082F83800DF
:10D1A0000598C068C0F3C040069A92F8432000F08A
:10D1B000F7FB0246069991F8390000F00F0040EAAB
:10D1C000021081F83900069890ED040A8DED020AEC
:10D1D00005984068C117000C40EA01400DF0C4FA00
:10D1E0009DED020A00EE900A9FEDD91A8DED041A0A
:10D1F000FEF79AFE069880ED040A069890ED070A5D
:10D200008DED030A0598806840F3C031C0EA014003
:10D210000DF0AAFA9DED030A9DED041A00EE900AA6
:10D22000FEF782FE069880ED070A0598C068C0F3F5
:10D230000052069991F83A0000F0F000104481F88D
:10D240003A00069890F83A0000F00F00012818D133
:10D25000FFE741F64870C2F20000007888B9FFE7A6
:10D26000069A92F84410012020EA010301F0FE0121
:10D27000194482F8441041F64871C2F20001087066
:10D2800015E0069890F83A00000778B9FFE741F6F4
:10D290004870C2F200000078012807D1FFE741F68C
:10D2A0004871C2F2000100200870FFE7FFE705980F
:10D2B000C068C0F34052069991F83A0000F00F00A0
:10D2C00040EA021081F83A00069890F83A100120DE
:10D2D000B0EB111F19D1FFE741F64270C2F2000016
:10D2E000007890B9FFE7069A92F84410012020EAEE
:10D2F000510301F0FD0141EA430182F8441041F677
:10D300004271C2F20001087017E0069890F83A10D6
:10D310000020B0EB111F0FD1FFE741F64270C2F2BF
:10D3200000000078012807D1FFE741F64271C2F200
:10D33000000100200870FFE7FFE70598C068C0F310
:10D340008052069991F83B0000F0F000104481F8FB
:10D350003B00069890F83B0000F00F00012819D11F
:10D36000FFE741F64670C2F20000007890B9FFE78F
:10D37000069A92F84410012020EA910301F0FB0183
:10D3800041EA830182F8441041F64671C2F200017D
:10D39000087015E0069890F83B00000778B9FFE7A1
:10D3A00041F64670C2F200000078012807D1FFE77D
:10D3B00041F64671C2F2000100200870FFE7FFE766
:10D3C0000598C068C0F3C052069991F83B0000F080
:10D3D0000F0040EA021081F83B00069890F83B10DD
:10D3E0000120B0EB111F19D1FFE741F64370C2F2E3
:10D3F0000000007890B9FFE7069A92F844100120E7
:10D4000020EAD10301F0F70141EAC30182F8441098
:10D4100041F64371C2F20001087017E0069890F8D7
:10D420003B100020B0EB111F0FD1FFE741F6437016
:10D43000C2F200000078012807D1FFE741F64371EE
:10D44000C2F2000100200870FFE7FFE70598C07BEB
:10D4500000F00102069991F83C0000F0F000104441
:10D4600081F83C00069890F83C0000F00F0001287D
:10D4700019D1FFE741F64770C2F20000007890B979
:10D48000FFE7069A92F84410012020EA111301F0F8
:10D49000EF0141EA031182F8441041F64771C2F2EC
:10D4A0000001087015E0069890F83C00000778B974
:10D4B000FFE741F64770C2F200000078012807D16B
:10D4C000FFE741F64771C2F2000100200870FFE754
:10D4D000FFE70598C068C0F34062069991F83C00E8
:10D4E00000F00F0040EA021081F83C00069890F826
:10D4F0003C100120B0EB111F19D1FFE741F6447039
:10D50000C2F20000007890B9FFE7069A92F8441042
:10D51000012020EA511301F0DF0141EA431182F8B2
:10D52000441041F64471C2F2000108701AE00698F6
:10D5300090F83C100020B0EB111F12D1FFE741F62C
:10D540004470C2F20000007801280AD102E000BF56
:10D550000000FA4341F64471C2F200010020087055
:10D56000FFE7FFE70598C068C0F3C062069991F82D
:10D570003D0000F00F0040EA021081F83D000698DF
:10D5800090F83D100120B0EB111F19D1FFE741F6D3
:10D590004B70C2F20000007890B9FFE7069A92F84B
:10D5A0004410012080EAD11301F07F0141EAC31148
:10D5B00082F8441041F64B71C2F20001087017E086
:10D5C000069890F83D100020B0EB111F0FD1FFE737
:10D5D00041F64B70C2F200000078012807D1FFE746
:10D5E00041F64B71C2F2000100200870FFE7FFE72F
:10D5F0000598C068C0F38062069991F83D0000F07C
:10D60000F000104481F83D00069890F83D0000F0CD
:10D610000F00012819D1FFE741F64570C2F2000062
:10D62000007890B9FFE7069A92F84410012020EAAA
:10D63000911301F0BF0141EA831182F8441041F6D1
:10D640004571C2F20001087015E0069890F83D009F
:10D65000000778B9FFE741F64570C2F20000007894
:10D66000012807D1FFE741F64571C2F20001002011
:10D670000870FFE7FFE70598C068C0F300720699DD
:10D6800091F83E0000F0F000104481F83E0006984A
:10D6900090F83E0000F00F00012818D1FFE741F696
:10D6A0004A70C2F20000007888B9FFE7069A92F843
:10D6B0004510012020EA010301F0FE01194482F81F
:10D6C000451041F64A71C2F20001087015E0069853
:10D6D00090F83E00000778B9FFE741F64A70C2F2C1
:10D6E00000000078012807D1FFE741F64A71C2F235
:10D6F000000100200870FFE7FFE70598C068C0F34D
:10D700004072069991F83E0000F00F0040EA0210C6
:10D7100081F83E00069890F83E100120B0EB111FF2
:10D7200019D1FFE741F64170C2F20000007890B9CC
:10D73000FFE7069A92F84510012020EA510301F014
:10D74000FD0141EA430182F8451041F64171C2F200
:10D750000001087017E0069890F83E100020B0EB2A
:10D76000111F0FD1FFE741F64170C2F200000078AF
:10D77000012807D1FFE741F64171C2F20001002004
:10D780000870FFE7FFE70598C068C0F3807206994C
:10D7900091F83F0000F0F000104481F83F00069837
:10D7A00090F83F0000F00F00012819D1FFE741F683
:10D7B0004970C2F20000007890B9FFE7069A92F82B
:10D7C0004510012020EA910301F0FB0141EA8301A9
:10D7D00082F8451041F64971C2F20001087015E067
:10D7E000069890F83F00000778B9FFE741F64970C6
:10D7F000C2F200000078012807D1FFE741F6497125
:10D80000C2F2000100200870FFE7FFE70598C16839
:10D81000102000EAD162069991F83F0000F00F0055
:10D82000104481F83F00069890F83F100120B0EBBB
:10D83000111F19D1FFE741F64070C2F200000078D5
:10D8400090B9FFE7069A92F84510012020EAD1032B
:10D8500001F0F70141EAC30182F8451041F6407139
:10D86000C2F20001087017E0069890F83F100020FF
:10D87000B0EB111F0FD1FFE741F64070C2F200007C
:10D880000078012807D1FFE741F64071C2F200019C
:10D8900000200870FFE7FFE70598427B069991F8A2
:10D8A000340000F00F0040EA021081F834000698BE
:10D8B00090F834100120B0EB111F16D1FFE741F6AC
:10D8C0004C70C2F20000007878B9FFE7069991F831
:10D8D0003600B0FA80F0400981F8360041F64C710C
:10D8E000C2F200010120087017E0069890F8341089
:10D8F0000020B0EB111F0FD1FFE741F64C70C2F2D0
:10D9000000000078012807D1FFE741F64C71C2F210
:10D91000000100200870FFE7FFE70598027B0699E9
:10D9200091F8340002F00F0200F0F000104481F88A
:10D930003400069890F8340000F00F00012816D14A
:10D94000FFE741F64D70C2F20000007878B9FFE7BA
:10D95000069991F83500B0FA80F0400981F8350059
:10D9600041F64D71C2F200010120087015E00698E1
:10D9700090F83400000778B9FFE741F64D70C2F225
:10D9800000000078012807D1FFE741F64D71C2F28F
:10D99000000100200870FFE7FFE708B080BD00002D
:10D9A00086B0039102908DF807200298039980F0C9
:10D9B0000100084390B9FFE79DF80700142809DC2F
:10D9C000FFE79DF8070001308DF8070001208DF872
:10D9D000170009E002208DF8170005E000208DF8FF
:10D9E00007008DF81700FFE79DF8170006B0704795
:10D9F00080B586B08DF817000491F4F78FF8BCEE6F
:10DA0000C00A8DED030A9DF8170040F2E001C2F252
:10DA1000000191F90010884224D0FFE70020029015
:10DA2000FFE70298022815DCFFE7029A40F2D400D3
:10DA3000C2F2000050F8220040F2CE01C2F2000112
:10DA400031F812100122F6F74FFCFFE7029801307F
:10DA50000290E6E79DF8170040F2E001C2F20001F3
:10DA60000870FFE7039841F65071C2F2000109689F
:10DA7000401A0499884210D9FFE741F64E71C2F26C
:10DA800000010878B0FA80F040090870039841F668
:10DA90005071C2F200010860FFE700200190FFE72B
:10DAA0000198022846DCFFE79DF8170000EB4001D3
:10DAB00040F2BC00C2F2000008440199405CA0B3EF
:10DAC000FFE741F64E70C2F2000090F9000088B9FD
:10DAD000FFE7019A40F2D400C2F2000050F82200A1
:10DAE00040F2CE01C2F2000131F812100022F6F726
:10DAF000FBFBFFE741F64E70C2F2000090F9000018
:10DB0000012811DBFFE7019A40F2D400C2F20000C5
:10DB100050F8220040F2CE01C2F2000131F812109A
:10DB20000122F6F7E1FBFFE7FFE7FFE7019801308D
:10DB30000190B5E706B080BD80B582B00190019834
:10DB4000007B0146009120B1FFE70098012805D035
:10DB500097E003206421FFF74BFF92E001980078E3
:10DB6000012832D1FFE70198807801282DD1FFE705
:10DB70000198C078012828D1FFE70198C0790128D1
:10DB800023D1FFE70198007A01281ED1FFE7019811
:10DB9000407A012819D1FFE70198807A012814D131
:10DBA000FFE70198007901280FD1FFE7019840793C
:10DBB00001280AD1FFE701988079012805D1FFE704
:10DBC0000520C821FFF714FFFFE70198007848BB44
:10DBD000FFE70198807800B3FFE70198C078E0B1D3
:10DBE000FFE70198C079C0B1FFE70198007AA0B1C2
:10DBF000FFE70198407A80B1FFE70198807A60B131
:10DC0000FFE70198007940B1FFE70198407920B122
:10DC1000FFE70198807928B9FFE704203221FFF758
:10DC2000E7FEFFE701980078012829D1FFE7019876
:10DC3000807800B3FFE70198C078E0B1FFE7019872
:10DC4000C079C0B1FFE70198007AA0B1FFE7019861
:10DC5000407A80B1FFE70198807A60B1FFE70198D0
:10DC6000007940B1FFE70198407920B1FFE70198C2
:10DC7000807928B9FFE705203221FFF7B9FEFFE7D9
:10DC8000FFE702B080BD000081B000900099012044
:10DC9000087301B07047000082B08DED010A019851
:10DCA0000090009820F0004000909DED000A02B026
:10DCB0007047000085B08DED040ACDED030A8DEDAF
:10DCC000021A9DED020A9DED041AB4EE410AF1EE2E
:10DCD00010FA05DDFFE79DED040A8DED010A18E05D
:10DCE0009DED020A9DED031AB4EE410AF1EE10FA21
:10DCF00005DAFFE79DED030A8DED000A04E09DEDD6
:10DD0000020A8DED000AFFE79DED000A8DED010A84
:10DD1000FFE79DED010A05B07047000082B0019059
:10DD2000009101998888488000980178407840EAFD
:10DD300001200199888001990889C880009881781C
:10DD4000C07840EA01200199088100980179407962
:10DD500040EA01200199C8810198B0F90210B0F998
:10DD60000400401A10F57A6F05DAFFE70199888CF4
:10DD7000013088840FE00198B0F90210B0F9040076
:10DD8000401AB0F57A6F05DDFFE70199888C0138FC
:10DD90008884FFE7FFE70198B0F9242047F6F46094
:10DDA000002182420846C8BF012048F20C13CFF67A
:10DDB000FF739A42B8BF0121084368B1FFE7019998
:10DDC000002088840198B0F9041000EE101AB8EE13
:10DDD000C00A80ED0B0AFFE70199B1F90400B1F91F
:10DDE000242000EB4230486101990F20087002B0F6
:10DDF0007047000082B001900091019988884880A6
:10DE000000980178407840EA0120019988800199C2
:10DE10000889C88000988178C07840EA012001997B
:10DE2000088100980179407940EA01200199C88170
:10DE300000988079019908740198B0F90210B0F93E
:10DE40000400401A10F57A6F05DAFFE70199888C13
:10DE5000013088840FE00198B0F90210B0F9040095
:10DE6000401AB0F57A6F05DDFFE70199888C01381B
:10DE70008884FFE7FFE70198B0F9242047F6F460B3
:10DE8000002182420846C8BF012048F20C13CFF699
:10DE9000FF739A42B8BF0121084368B1FFE70199B7
:10DEA000002088840198B0F9041000EE101AB8EE32
:10DEB000C00A80ED0B0AFFE701990F200870019955
:10DEC000B1F90400B1F9242000EB4230486102B0FE
:10DED0007047000080B584B00390029101920093D6
:10DEE00003980299019A009B00F008F80398FFF745
:10DEF000CBFE0398FFF720FE04B080BD80B584B050
:10DF00000390029101920093029890F84600042831
:10DF100008DCFFE70299032081F8460003990020FE
:10DF2000087003E0039901200870FFE7029991F857
:10DF30004600013881F84600009890F90E00042848
:10DF400007DCFFE700990320887303990020C8725B
:10DF500003E003990120C872FFE7019841F2904164
:10DF60000844F3F777FD0399C870019800F5B8509D
:10DF7000F3F770FD03998870019800F59360F3F74B
:10DF800033FC03990871019800F5DC60F3F72CFC71
:10DF900003994871019800F62810F3F725FC0399BE
:10DFA0008871019800F53760F3F71EFC0399C8717A
:10DFB000019800F6B850F3F717FC0399087201981E
:10DFC00000F58050F3F710FC03994872019841F274
:10DFD00048210844F3F708FC0399887204B080BD17
:10DFE00080B590B0DDF85CC0DDF858C0DDF854C0F5
:10DFF000DDF850C0DDF84CC0DDF848C08DF83F00BA
:10E000000E910D920C939DF83F0001380146099145
:10E01000032800F222820999DFE811F004005B0175
:10E020001D021E021599B1F8780BB1F8762B801AF3
:10E03000A1F87A0B1599B1F8C00DB1F8BE2D801A70
:10E04000A1F8C20D159941F20800085A41F20602E2
:10E050008A5A801A41F20A028852159941F25020D8
:10E06000085A41F24E228A5A801A41F252228852AC
:10E070000E9890F845008008C007A0B1FFE71298FD
:10E0800090ED030A9FEDDA1AB4EE410AF1EE10FAB0
:10E0900004DCFFE71498C07A28B9FFE70020C4F237
:10E0A0007A300B9018E00C98B0F8400050B1FFE7C0
:10E0B0000C98B0F8400000EE100AB8EE400A8DED62
:10E0C000080A04E09FEDEE0A8DED080AFFE79DEDDA
:10E0D000080A8DED0B0AFFE70E98B0F9021001EB6C
:10E0E000410190F8392002F00F00C0EB12104FF4FC
:10E0F0002572504300EB4100404200EE100AB8EE9A
:10E10000C00A0D9880ED010A0E98B0F9041001EBD9
:10E11000410190F8383003F00F00A0EB131050438A
:10E1200000EB4100404200EE100AB8EEC00A0D9824
:10E1300080ED000A0E98B0F90A1001EB410190F849
:10E140003A0000F00F00504300EB4100404200EE67
:10E15000100AB8EEC00A0D9880ED020A0D9890EDF5
:10E16000000AB5EE400AF1EE10FA13D1FFE70D9860
:10E1700090ED010AB5EE400AF1EE10FA0AD1FFE780
:10E180000D9890ED020AB5EE400AF1EE10FA00F09B
:10E190009F80FFE742F22400C2F20000079090ED5A
:10E1A000000A9FEDB81A30EE010A80ED000A9DEDDD
:10E1B0000B0AFEF743FE07988DED0A0A90ED000A60
:10E1C0009DED0A1AB4EE410AF1EE10FA07DDFFE701
:10E1D0000A9842F22401C2F200010860FFE742F20D
:10E1E0002000C2F20000039090ED000AFFF754FDFA
:10E1F000B0EE401A9FEDA40A8DED050ADFEDA30AEB
:10E20000CDED040AFFF756FD03989DED051A80EE4B
:10E21000011AB7EE000A8DED060A30EE411A0D998B
:10E2200091ED000A20EE010A81ED000A90ED000A4E
:10E23000FFF732FDDDED040AB0EE401A9DED050A50
:10E24000FFF738FD9DED052AB0EE401A9DED060A58
:10E2500081EE021A30EE411A0D9890ED010A20EE7F
:10E26000010A80ED010A42F22400C2F2000090EDA2
:10E27000001A0D9991ED000A20EE010A81ED000AC5
:10E2800090ED001A0D9991ED010A20EE010A81ED41
:10E29000010A90ED001A0D9890ED020A20EE010A95
:10E2A00080ED020A0D98006844F65C31C2F200016C
:10E2B00008600D98406844F66031C2F200010860C1
:10E2C0000D98806844F65831C2F200010860FFE7FB
:10E2D000C3E00E98007B012805D0FFE70E98007B75
:10E2E000022860D1FFE70D99012081F898000E986F
:10E2F000B0F9081000EE101AB8EEC00A90ED071A37
:10E300009FED5C2A8DED012A21EE021A9FED5A2A1B
:10E3100020EE020A30EE411A0D9890ED080A30EE18
:10E32000010A80ED080A0D9890ED081A90ED090A8F
:10E33000D0ED0A0AFFF7BEFC9DED011A0D9880EDA5
:10E34000080A0E98B0F9061000EE101AB8EEC00ACE
:10E350008DED020A90ED040A20EE011AB7EE000AD4
:10E36000FFEE000AFFF7A6FCB0EE401A9DED020A90
:10E370009FED422A20EE020A30EE410A0E9890F8F4
:10E380003B1001F00F00C0EB111001EE100AB8EEC7
:10E39000C11A30EE411A0D9890ED0B0A30EE010AC9
:10E3A00080ED0B0A56E00E98007B032851D1FFE761
:10E3B0000D99002081F898001398007AC007002872
:10E3C00046D0FFE743F6C820C2F2000090ED000AF5
:10E3D000B7EE001A30EE010A80ED000A90ED000A57
:10E3E0009FED1F1AB4EE410AF1EE10FA2FDD01E0A5
:10E3F00000003443139890ED001A90ED040A9FED4D
:10E40000195A20EE050A9FED184A20EE040A9FEDE6
:10E41000173A80EE030A9FED162A21EE021A30EE1B
:10E42000410A0D9880ED080A139890ED011A90EDBD
:10E43000030A20EE050A20EE040A80EE030A21EE0C
:10E44000021A30EE410A0D9880ED0B0AFFE7FFE754
:10E45000FFE7FFE701E000E0FFE710B080BD00BF8D
:10E460000000FA436F12833A000000460000B443F4
:10E47000610BB6410AD7233C6F1283BBA69BC4BB7A
:10E480000000344217B7D13800E02B4500000000EF
:10E4900080B586B005900491039243F2F450C2F225
:10E4A00000000190FFE70198007818B9FFE705F038
:10E4B00019FDFFE7FFE7EFF311804FF0200181F333
:10E4C0001188009005980499039A00F007F80290CB
:10E4D000009880F31188029806B080BD80B58AB09C
:10E4E00009900891079208980490099800EB400160
:10E4F00043F2F450C2F2000000EBC1001830039068
:10E5000003984069029040B1FFE70298012819D0B2
:10E51000FFE7029802282CD032E0039805F034FD82
:10E52000059005980799884203D2FFE700200690DE
:10E5300007E00798069003980499079A05F0AEFF44
:10E54000FFE720E0039805F01FFD05900598079967
:10E55000884203D2FFE70598019002E007980190F6
:10E56000FFE70198069003980499069A05F096FF34
:10E5700009E003980499079A05F01EFF069002E04F
:10E5800000200690FFE706980AB080BD82B080B5F3
:10E5900084B0079306920390029106A80090039816
:10E5A00002996A4600F008F80190019804B0BDE8AD
:10E5B000804002B07047000080B5A4B02390229143
:10E5C000219207A81B9040201C9000201D902399A9
:10E5D0001F911E90FFE7229800788DF88300229803
:10E5E000013022909DF8830008B9FFE76DE19DF8A6
:10E5F0008300252840F05C81FFE70020189001206F
:10E600001A90FFE7229800788DF883009DF8830028
:10E610002338014604910D2829D80499DFE801F038
:10E620001F2727272727272717270727270F189868
:10E6300040F0010018902298013022901AE01898BA
:10E6400040F00200189022980130229012E01898B1
:10E6500040F0040018902298013022900AE01898A7
:10E6600040F00800189022980130229002E000202B
:10E670001A90FFE7FFE71A980028C3D1FFE70020B0
:10E680001790FFE7229800788DF883009DF88300AB
:10E69000302805DBFFE79DF883003A2801DBFFE720
:10E6A00010E0229801302290179800EB80019DF82D
:10E6B000830000EB410030381790FFE7012000286D
:10E6C000E0D1FFE700201990229800788DF88300B0
:10E6D0009DF883002E2825D1FFE722980130229053
:10E6E000FFE7229800788DF883009DF8830030289A
:10E6F00005DBFFE79DF883003A2801DBFFE710E028
:10E70000229801302290199800EB80019DF8830037
:10E7100000EB410030381990FFE701200028E0D1DC
:10E72000FFE7FFE7229800788DF88300FFE79DF868
:10E7300083006C2805D0FFE79DF88300682808D186
:10E74000FFE7229801302290229800788DF883000C
:10E7500000E004E0FFE701200028E8D1FFE79DF892
:10E76000830001460391252800F09880FFE7039875
:10E7700058284FD0FFE70398632814D0FFE7039889
:10E7800064281FD0FFE70398702876D0FFE703982E
:10E79000732853D0FFE70398752827D0FFE7039825
:10E7A000782837D07FE0219A1068011D1160006839
:10E7B0001A901A988DF81B009DF81B101BA805F0E5
:10E7C000BFFD71E0219A1068011D116000681A9068
:10E7D0001A99199B1798DDF860C06A46C2F804C000
:10E7E00010601BA80A2205F0EFFB5DE0219A10687B
:10E7F000011D116000681A901A99199B1798DDF88D
:10E8000060C06A46C2F804C010601BA80A2205F066
:10E81000C1FC49E0219A1068011D116000681A903E
:10E820001A99199B1798DDF860C06A46C2F804C0AF
:10E8300010601BA8102205F0ADFC35E0219A10688D
:10E84000011D116000680590FFE7059800788DF8BC
:10E8500083000598013005909DF8830008B9FFE713
:10E860000AE09DF883101BA805F06AFDFFE71E98DB
:10E87000B0F1FF3FE9DCFFE716E0219A1068011DC7
:10E88000116000681A901A996846002242600823B5
:10E8900003601BA8102205F07DFC05E01BA82521C4
:10E8A00005F04EFD00E0FFE722980130229005E0E0
:10E8B0009DF883101BA805F043FDFFE7FFE71E98B6
:10E8C000B0F1FF3F3FF787AEFFE71E9801280EDB50
:10E8D000FFE71D9830B1FFE723981D9A07A9FFF7BE
:10E8E000D7FDFFE71D991E9808441E90FFE71E986C
:10E8F00024B080BD81B0ADF80200BDF8020044F242
:10E900003441C4F20101086001B0704780B586B09F
:10E9100004900391029204984068B0F5827F13D16D
:10E92000FFE704988068B0F5004F06D0FFE7049831
:10E930008068B0F5806F07D1FFE704980168086828
:10E9400020F040000860FFE704984068B0F5827F3F
:10E9500031D1FFE704988068B0F5806F15D0FFE7EC
:10E960000498039B02996A4611608021002200F0FE
:10E97000CDF848B1FFE70499486D40F020004865A4
:10E9800003208DF817002FE014E00498039B0299F0
:10E990006A4611600121002200F0B8F848B1FFE793
:10E9A0000499486D40F02000486503208DF8170059
:10E9B0001AE0FFE714E00498039B02996A4611608D
:10E9C0000121002200F0A2F848B1FFE70499486D48
:10E9D00040F02000486503208DF8170004E0FFE7B1
:10E9E00000208DF81700FFE79DF8170006B080BDE6
:10E9F00080B586B004900391029240F2E400C2F226
:10EA0000000000684AF6AB21CAF6AA21A0FB01105B
:10EA100000094DF68361C4F21B31A0FB0110800C8C
:10EA20004FF47A714843019004984068B0F5827FB2
:10EA300015D1FFE70498039B02996A461160802173
:10EA4000002200F063F848B1FFE70499486D40F0F8
:10EA50002000486503208DF8170017E012E0FFE75B
:10EA6000019808B9FFE70CE0019801380190FFE731
:10EA7000049800688068C1B20020B0EBD11FEFD1CC
:10EA8000FFE7FFE700208DF81700FFE79DF817006C
:10EA900006B080BD80B582B0019001980DF10301F0
:10EAA00001220A23F7F7EAFD9DF8030002B080BDBA
:10EAB00080B584B0039002918DF8072003980299E5
:10EAC0009DF807200A23F7F7D9FD04B080BD0000A8
:10EAD00080B582B001908DF8031001980DF103010B
:10EAE00001220A23F7F7E2FE02B080BD80B584B0B0
:10EAF000039002918DF80720039802999DF8072052
:10EB00000A23F7F7D3FE04B080BD000080B58AB0B9
:10EB1000DDF830C0089007918DF81B20059305980B
:10EB20000190F5F7F9FB024601980C99891A0844FF
:10EB30000390F5F7F1FB0290039840F2E401C2F272
:10EB400000010968C1F3CB3148430490FFE70898FE
:10EB50000068806807990840401AB0FA80F04009C0
:10EB60009DF81B1088425ED0FFE705980130002811
:10EB700058D0FFE7F5F7D0FB0299401A0399884275
:10EB800004D2FFE70398002842D1FFE70898016804
:10EB9000486820F0E000486008984068B0F5827F3F
:10EBA00013D1FFE708988068B0F5004F06D0FFE763
:10EBB00008988068B0F5806F07D1FFE70898016872
:10EBC000086820F040000860FFE70898806AB0F508
:10EBD000005F0FD1FFE7FFE708980168086820F49D
:10EBE0000050086008980168086840F40050086008
:10EBF000FFE7FFE70899012081F85100FFE7089936
:10EC0000002081F85000FFE703208DF827000EE078
:10EC1000049818B9FFE700200390FFE70498013833
:10EC20000490FFE793E700208DF82700FFE79DF8A9
:10EC300027000AB080BD00000000000000000000B6
:10EC4000074B19680868B0E8F04F80F30988BFF3F4
:10EC50006F8F4FF0000080F31188704700BF00BF36
:10EC6000544C002084B003900398009000980078E2
:10EC7000ADF8080000980130009000980078ADF8D9
:10EC80000600BDF80610BDF8080040EA0120ADF806
:10EC90000A00BDF80A0004B07047000086B08DED90
:10ECA000040A9DED040AB5EE400AF1EE10FA03DC09
:10ECB000FFE7002005904AE09DED040AB0EE001A3F
:10ECC00080EE010A8DED030A9DED040A9FED221AE4
:10ECD00020EE010A8DED010AFFE79DED030A9DED8F
:10ECE000041A20EE000A30EE410A8DED020A9DED75
:10ECF000021A9DED030A30EE002A81EE021A30EE70
:10ED0000410A8DED030AFFE79DED020A9DED011A10
:10ED10000120B4EE410AF1EE10FA00900FDCFFE79B
:10ED20009DED020A9DED011AB1EE411A0020B4EEEC
:10ED3000410AF1EE10FAB8BF01200090FFE70098F9
:10ED4000C0070028C9D1FFE703980590FFE79DEDB4
:10ED5000050A06B0704700BF6F12833A80B586B0CF
:10ED60000590F2F7E5FF00200490FFE704980130DA
:10ED7000049004984BF2D832C0F601020292694620
:10ED80004A6008604BF23E41C0F601014BF2E532A9
:10ED9000C0F601024BF2D033C0F60103002003900D
:10EDA000FFF7F4FB029903986A4611604BF21A418F
:10EDB000C0F601014BF2DD32C0F601024BF2CC335A
:10EDC000C0F60103FFF7E2FB029903986A4611605F
:10EDD0004BF2F531C0F601014BF2ED32C0F6010203
:10EDE0004BF2D433C0F60103FFF7D0FB012007F04C
:10EDF000F5FABBE780B584B0039009F0D7FD029027
:10EE000040F25820C2F200000190FBF7E1FF0198A8
:10EE1000F1F768FDFFE743F2AC50C2F2000040F2A8
:10EE20005821C2F20001F1F791FC02A8022107F07B
:10EE3000E9FAF0E780B588B0079009F0B7FD0690D1
:10EE40004AF6C022C0F60102106851689268059225
:10EE50000491039044F61030C2F2000000210291A8
:10EE600003AA9FED210ADFED210AFDF741FDB2EE75
:10EE7000040A9FED1F1AF7EE001A9FED1E2ADFED20
:10EE80001E2AF0EE420AF9F72BFF029944F694008D
:10EE9000C2F20000F8F72EFEFFE7F1F793FE08B18B
:10EEA000FFE7FAE7FFE741F66C40C2F2000001908D
:10EEB00044F61031C2F20001FAF76CFE42F2300063
:10EEC000C2F20000F2F704FE0198BCEEC00A42F262
:10EED0003401C2F2000181ED000AFDF77DFD06A8B4
:10EEE000012107F08FFADEE700A08C4500001644F0
:10EEF0008096184B6F12833A0000000080B590B0E6
:10EF00000F9009F053FD0E9041F66871C2F20001B6
:10EF10000D9141F65630A1F8480040F25820C2F257
:10EF2000000042F24001C2F20001FBF7A3FE0D997E
:10EF300043F6AC22C2F20002107041F64E20C4F239
:10EF4000094048624BF6B400CCF2A0308862FFE77B
:10EF500041F66870C2F2000009908C30F2F7B8FDFB
:10EF6000099880ED1E0AF2F7D9FD099880ED210A73
:10EF700043F2AC50C2F200000790F2F77FF8079915
:10EF8000099A42F24000C2F2000008906B465861B4
:10EF900041F66C40C2F200000C90186140F258201B
:10EFA000C2F200000B90D86041F65470C2F200002B
:10EFB0000A90986043F24850C2F20000586041F64F
:10EFC000E830C2F20000186043F28C43C2F2000342
:10EFD0000220FFF705F8DDF820C009980A990B9A7E
:10EFE0000C9BEE46CEF800C007F08CF844F6643176
:10EFF000C2F200010870012008F04CFDA8E70000F3
:10F0000080B582B0019009F0D1FC0090FFE768461E
:10F01000012108F077FDFAE780B584B0039009F08C
:10F02000C5FC0290FFE741F66870C2F20000019053
:10F030009030F2F74DFD019880ED1F0A41F6E8305F
:10F04000C2F2000000F1080341F65470C2F2000061
:10F0500043F2AC51C2F2000140F25822C2F2000267
:10F06000FEF738FF07F022F84AF67C50C2F20000A3
:10F0700080ED000A02A8052107F0C4F9D3E70000DB
:10F0800080B582B04FF0500080F31188BFF36F8FCE
:10F09000BFF34F8F009009F093FC40B1FFE74EF6AD
:10F0A0000451CEF200014FF080500860FFE70020CD
:10F0B0000190019880F3118802B080BD80B594B0B2
:10F0C00008A83021F1F709FA002007900690059072
:10F0D00004900390FFE70020029043F64000C4F242
:10F0E0000200016841F080510160006800F080502A
:10F0F00002900298FFE7FFE70020019047F200002E
:10F10000C4F20000016841F480410160006800F42D
:10F11000804001900198FFE7012008904FF4803073
:10F12000099002200E904FF480010F91062110915A
:10F13000A821119112900720139008A8F6F7ACFDB2
:10F1400018B1FFE7F2F7ECFDFFE70F200390022074
:10F150000490002005904FF4A05006904FF480508A
:10F16000079003A80521F6F79DFB18B1FFE7F2F71A
:10F17000D7FDFFE714B080BD4EF68851CEF20001F6
:10F18000086840F4700008607047000083B0029087
:10F190008DED010ACDED000A019802998860009872
:10F1A0000299486002990020C8600299086102999A
:10F1B0004861029988610299C86103B070470000F4
:10F1C00080B544F64C00C2F20000F8F7C9F944F6E5
:10F1D0009400C2F20000F8F7C3F980BD80B544F690
:10F1E000DC00C2F20000F8F7BBF980BD80B544F640
:10F1F0002410C2F20000F8F7B3F980BD80B582B0E8
:10F2000044F6B410C2F200000190F8F7A9F9019891
:10F21000F1F732FE02B080BD83B0029001910298F6
:10F220000068009002980021C4F20101884225D0B4
:10F23000FFE70298B0F1804F20D0FFE7029840F23C
:10F240000041C4F20001884218D0FFE7029840F65E
:10F250000001C4F20001884210D0FFE7029840F696
:10F260000041C4F20001884208D0FFE7029840F252
:10F270000041C4F2010188420AD1FFE7009820F062
:10F280007000009001984168009808430090FFE7E3
:10F2900002980021C4F20101884255D0FFE702988C
:10F2A000B0F1804F50D0FFE7029840F20041C4F225
:10F2B0000001884248D0FFE7029840F60001C4F2FE
:10F2C0000001884240D0FFE7029840F60041C4F2B6
:10F2D0000001884238D0FFE7029840F20041C4F2B2
:10F2E0000101884230D0FFE7029844F20001C4F2E5
:10F2F0000101884228D0FFE7029844F20041C4F29D
:10F300000101884220D0FFE7029844F60001C4F2D0
:10F310000101884218D0FFE7029841F60001C4F2CB
:10F320000001884210D0FFE7029841F60041C4F284
:10F330000001884208D0FFE7029842F20001C4F2BF
:10F34000000188420AD1FFE7009820F44070009045
:10F350000198C168009808430090FFE7009820F0EA
:10F36000800001994969084300900098029908605B
:10F37000019880680299C8620198006802998862C1
:10F3800002980021C4F20101884208D0FFE70298E8
:10F3900040F20041C4F20101884205D1FFE7019823
:10F3A000006902990863FFE702990120486103B0F0
:10F3B0007047000084B0039002910192029800F01F
:10F3C0001F01012088400090009A0399086A904329
:10F3D00008620198029901F01F0100FA01F20399F5
:10F3E000086A1043086204B07047000085B00490BA
:10F3F000039102920193049880680090009820F491
:10F400007F40009003980299019A41EA022101434A
:10F4100000980843009000980499886005B07047F0
:10F4200083B002900191029880680090009820F0CB
:10F430007000009001980099084340F00700009088
:10F4400000980299886003B07047000085B004906E
:10F4500003910499086A20F0010008620498006A88
:10F460000190049840680090049880690290029886
:10F4700020F070000290029820F0030002900398A0
:10F480000168029808430290019820F00200019060
:10F490000398816801980843019004980021C4F200
:10F4A0000101884208D0FFE7049840F20041C4F20D
:10F4B000010188420ED1FFE7019820F00800019079
:10F4C0000398C168019808430190019820F0040056
:10F4D0000190FFE704980021C4F20101884208D09E
:10F4E000FFE7049840F20041C4F20101884213D1C1
:10F4F000FFE7009820F480700090009820F40070DE
:10F50000009003984169009808430090039881692E
:10F51000009808430090FFE700980499486002981B
:10F520000499886103984068049948630198049994
:10F53000086205B07047000085B0049003910499FB
:10F54000086A20F0100008620498006A019004988C
:10F5500040680090049880690290029820F4E0408E
:10F560000290029820F4407002900398016802987B
:10F5700040EA01200290019820F0200001900398B9
:10F580008168019840EA0110019004980021C4F2BA
:10F590000101884208D0FFE7049840F20041C4F21C
:10F5A000010188420FD1FFE7019820F0800001900F
:10F5B0000398C168019840EA01100190019820F079
:10F5C00040000190FFE704980021C4F20101884245
:10F5D00008D0FFE7049840F20041C4F201018842DC
:10F5E00015D1FFE7009820F480600090009820F487
:10F5F0000060009003984169009840EA8100009003
:10F6000003988169009840EA81000090FFE7009824
:10F6100004994860029804998861039840680499A5
:10F62000886301980499086205B0704785B004901A
:10F6300003910499086A20F4807008620498006AB3
:10F6400001900498406800900498C0690290029864
:10F6500020F070000290029820F0030002900398BE
:10F660000168029808430290019820F4007001900C
:10F6700003988168019840EA0120019004980021D4
:10F68000C4F20101884208D0FFE7049840F200412B
:10F69000C4F2010188420FD1FFE7019820F4006015
:10F6A00001900398C168019840EA012001900198F7
:10F6B00020F480600190FFE704980021C4F201016A
:10F6C000884208D0FFE7049840F20041C4F20101EB
:10F6D000884215D1FFE7009820F4805000900098F0
:10F6E00020F40050009003984169009840EA01100E
:10F6F000009003988169009840EA01100090FFE7AC
:10F7000000980499486002980499C8610398406879
:10F710000499C86301980499086205B07047000015
:10F7200085B0049003910499086A20F4805008621F
:10F730000498006A01900498406800900498C06999
:10F740000290029820F4E0400290029820F4407069
:10F75000029003980168029840EA01200290019803
:10F7600020F40050019003988168019840EA01302C
:10F77000019004980021C4F20101884208D0FFE7FB
:10F78000049840F20041C4F2010188420BD1FFE726
:10F79000009820F48040009003984169009840EA66
:10F7A00081100090FFE7009804994860029804993E
:10F7B000C861039840680499086401980499086234
:10F7C00005B0704785B00490039102920498006AD6
:10F7D00000900499086A20F001000862049880698A
:10F7E0000190019820F0F00001900299019840EA00
:10F7F00001100190009820F00A00009003990098F1
:10F80000084300900198049988610098049908625F
:10F8100005B0704785B00490039102920499086A7C
:10F8200020F0100008620498806901900498006A32
:10F830000090019820F4704001900299019840EAEC
:10F8400001300190009820F0A000009003990098EA
:10F8500040EA011000900198049988610098049989
:10F86000086205B07047000080B582B00190019831
:10F87000806B009000990020C8850099C88400988A
:10F88000F8F79CFA02B080BD80B584B003900020E8
:10F8900002900398806B0190019800684069C0B2A3
:10F8A000C0090290019890F83D0021280AD1FFE795
:10F8B000029838B1FFE701990020C884019800F050
:10F8C00059F9FFE7019800684069C0F38010029081
:10F8D000019890F83E0022280AD1FFE7029838B13B
:10F8E000FFE701990020C885019800F0E5F8FFE7DF
:10F8F0000199086C40F0100008640198F8F75EFA6E
:10F9000004B080BD80B586B005900598806B0490EA
:10F91000059800680068C00500285AD4FFE70499DC
:10F920000020C885FFE7FFE70498006850E8030F50
:10F9300020F480700390FFE703990498026842E87E
:10F9400003100028F0D1FFE7FFE7FFE7FFE7049887
:10F95000006850E8050F20F001000290FFE70299CF
:10F960000498026842E805100028F0D1FFE7FFE79D
:10F97000FFE7FFE70498006850E8050F20F040001B
:10F980000190FFE701990498026842E805100028F9
:10F99000F0D1FFE7FFE70499202081F83E000498AA
:10F9A000006B012814D1FFE7FFE7FFE70498006828
:10F9B00050E8030F20F010000090FFE70099049832
:10F9C000026842E803100028F0D1FFE7FFE7FFE7F5
:10F9D000FFE70498006B012805D1FFE70498818DAB
:10F9E000F8F780F903E00498F8F700FFFFE706B0A6
:10F9F00080BD000080B582B001900198806B0090BE
:10FA00000098006B012806D1FFE70098818D490816
:10FA1000F8F768F903E00098F8F7ECFEFFE702B0AA
:10FA200080BD000080B584B003900398806B029085
:10FA3000039800680068C00500282AD4FFE70299EF
:10FA40000020C884FFE7FFE70298006850E8050F30
:10FA500020F080000190FFE701990298026842E8D7
:10FA600005100028F0D1FFE7FFE7FFE7FFE7029866
:10FA7000006850E8030F40F040000090FFE7009955
:10FA80000298026842E803100028F0D1FFE7FFE780
:10FA900003E00298F8F73AFFFFE704B080BD0000EA
:10FAA00080B582B001900198806B00900098F8F7C3
:10FAB00031FF02B080BD000084B00390FFE7FFE794
:10FAC0000398006850E8030F20F490700290FFE75D
:10FAD00002990398026842E803100028F0D1FFE77A
:10FAE000FFE7FFE7FFE70398006850E8050F20F005
:10FAF00001000190FFE701990398026842E80510B0
:10FB00000028F0D1FFE7FFE70398006B012814D12C
:10FB1000FFE7FFE7FFE70398006850E8030F20F0D6
:10FB200010000090FFE700990398026842E8031074
:10FB30000028F0D1FFE7FFE7FFE70399202081F8D5
:10FB40003E0003990020086304B0704780B582B07E
:10FB5000019001980168C86820F04000C8600199D0
:10FB6000202081F83D000198F8F7D0FE002002B077
:10FB700080BD000082B00190FFE7FFE701980068B8
:10FB800050E8030F20F0C0000090FFE700990198B3
:10FB9000026842E803100028F0D1FFE7FFE701996F
:10FBA000202081F83D0002B07047000080B586B08B
:10FBB0000490049890F83E00222840F0A180FFE7CE
:10FBC00004988068B0F5805F15D1FFE7049800695C
:10FBD00088B9FFE7002003900498806A0290049897
:10FBE000006840686FF35F20029908800499886A72
:10FBF0000230886225E00498806A03900020029019
:10FC000004988068B0F5805F08D0FFE704988068AA
:10FC100050B9FFE70498006930B9FFE7049800681D
:10FC200040680399087007E004980068406800F095
:10FC30007F0003990870FFE70499886A01308862A1
:10FC4000FFE70499C88D0138C8850004002853D106
:10FC5000FFE704980168C86820F02000C860049895
:10FC60000168C86820F48070C86004980168486919
:10FC700020F0010048610499202081F83E0004989A
:10FC8000006B012830D1FFE7049900200863FFE7EB
:10FC9000FFE70498006850E8030F20F0100001907F
:10FCA000FFE701990498026842E803100028F0D1A8
:10FCB000FFE7FFE7049800680068C00600280ED53B
:10FCC000FFE7FFE7002000900498006800680090BC
:10FCD00004980068406800900098FFE7FFE70498E8
:10FCE000818DF7F7FFFF03E00498F8F77FFDFFE74A
:10FCF00000208DF8170007E000208DF8170003E0C2
:10FD000002208DF81700FFE79DF8170006B080BDB0
:10FD100080B586B0059005980068006920F44050D1
:10FD2000059A1168D26810430861059988680B69C3
:10FD30004A69C9691843104308430490059800684C
:10FD4000C06849F20C618843049908430599096821
:10FD5000C86005980068406920F44070059A1168F1
:10FD60009269104348610598006841F20001C4F2AD
:10FD70000101884209D0FFE70598006841F200417F
:10FD8000C4F20101884204D1FFE7F5F7FFFE0390BA
:10FD900003E0F5F7E9FE0390FFE70598C069B0F5C9
:10FDA000004F29D1FFE703981921A0FB0101059A13
:10FDB0001368029353685A00DB0FF0F775FA029943
:10FDC000864648F21F53C5F2EB13AEFB03204209EF
:10FDD00010014FF0640C02FB1CEC322202EBCC024F
:10FDE000A2FB0332F82303EA521300EB4300C2F3F1
:10FDF00042121044886026E003981921A0FB0101FB
:10FE0000059A1368019353689A009B0FF0F74CFA18
:10FE10000199844648F21F52C5F2EB12ACFB023046
:10FE20004309642003FB10CC322000EB0C10A0FB34
:10FE30000202F02000EA521000EB0310C2F343125A
:10FE400010448860FFE706B080BD000080B588B030
:10FE500007900691ADF81620069807998862BDF8BC
:10FE6000160007998885079900200864079A2221BF
:10FE700082F83E1007998A6B4FF60511C0F6000113
:10FE8000D16307998A6B4FF6F511C0F60001116432
:10FE900007998A6B4FF68901C0F60001D164079972
:10FEA000896B086506A8049007980168806B043187
:10FEB000049A1268BDF81630F3F76CFFFFE70020D4
:10FEC00003900798006800680390079800684068EE
:10FED00003900398FFE7FFE70799002081F83C00B3
:10FEE000FFE707980069A0B1FFE7FFE7FFE7079882
:10FEF000006850E8030F40F480700290FFE7029919
:10FF00000798026842E803100028F0D1FFE7FFE7F6
:10FF1000FFE7FFE7FFE70798006850E8050F40F0AC
:10FF200001000190FFE701990798026842E8051077
:10FF30000028F0D1FFE7FFE7FFE7FFE70798006839
:10FF400050E8050F40F040000090FFE70099079847
:10FF5000026842E805100028F0D1FFE7FFE7002023
:10FF600008B080BD83B00190019890F83D00212831
:10FF70003AD1FFE701988068B0F5805F13D1FFE7C1
:10FF80000198006978B9FFE70198006A009000982D
:10FF900000886FF35F200199096848600199086A39
:10FFA0000230086208E0019A106A411C1162007870
:10FFB000019909684860FFE70199C88C0138C88435
:10FFC000000468B9FFE701980168C86820F0800064
:10FFD000C86001980168C86840F04000C860FFE749
:10FFE00000208DF80B0003E002208DF80B00FFE7E6
:10FFF0009DF80B0003B0704780B582B044F6FC104A
:020000040801F1
:10000000C2F200000190F7F7DDFE0198F0F782FFE1
:1000100002B080BD80B544F64020C2F20000F7F780
:10002000D1FE80BD80B582B044F68420C2F20000CB
:100030000190F7F7C7FE0198F0F76CFF02B080BDA2
:1000400080B582B044F6C820C2F200000190F7F7F4
:10005000B9FE0198F0F75EFF02B080BD80B586B0B2
:1000600004908DF80F100498D0F8C80201900498FD
:10007000D0F8D41200EB8100D0F8C00220B9FFE71D
:1000800003208DF817005FE00498D0F8D41200EB3D
:100090008100D0F8C002029004989DF80F1001F082
:1000A0000F0101EB810100EB8100806940B3FFE7A4
:1000B00004989DF80F1001F00F0101EB810200EB95
:1000C00082008269019801EBC10100EB8100816C23
:1000D000B2FBF1F000FB112090B9FFE704989DF806
:1000E0000F1001F00F0101EB810100EB81000023F3
:1000F000836104989DF80F101A4601F083FD1FE0FC
:1001000002990020C1F814020498D0F8D41200EB30
:100110008100D0F8C402006988B1FFE70498D0F8E4
:10012000D41200EB8100D0F8C40203690299D1F81F
:10013000080201F504719DF80F209847FFE7FFE7DB
:1001400000208DF81700FFE79DF8170006B080BD6E
:1001500080B584B002908DF807100298D0F8D412C0
:1001600000EB8100D0F8C00200900298D0F8D412C1
:1001700000EB8100D0F8C00220B9FFE703208DF822
:100180000F0019E002989DF8071001F0CBFA0099D2
:10019000C1F80C020298D0F8D41200EB8100D0F81C
:1001A000C402C2680099D1F8040201F503719047B6
:1001B00000208DF80F00FFE79DF80F0004B080BD10
:1001C00080B586B005908DF81310059840F20D01AA
:1001D000C2F200010091097801F0BCF8009905987D
:1001E000097801F00F0101EB810100EB8101002092
:1001F00003908884059840F20E01C2F2000101913B
:10020000097801F0A7F8019A03980599127802F08D
:100210000F0202EB820201EB8201A1F86401059852
:1002200040F20C01C2F200010291097801F092F84B
:10023000029A03980599137803F00F0303EB8303E5
:1002400001EB830188840599127802F00F0202EB1A
:10025000820201EB8201C8840598D0F8D41200EB29
:100260008100D0F8C002F0B1FFE70598D0F8D412B1
:1002700000EB8100D0F8C402406880470598D0F8B0
:10028000D41200EB8100D0F8C00202F057F90598B3
:10029000D0F8D41200EB81010020C1F8C00205990A
:1002A000C1F8BC02FFE7002006B080BD80B584B075
:1002B00002900298D0F8D41200EB8100D0F8C0026E
:1002C0000190019820B9FFE703208DF80F0025E089
:1002D0000298D0F8D41200EB8100D0F8C402C8B163
:1002E000FFE7019890F80002FF2813D0FFE702987B
:1002F000D0F8D41200EB8100D0F8C40283680199D1
:1003000091F8000291F8012298470199FF2081F8A5
:100310000002FFE700208DF80F00FFE79DF80F00B7
:1003200004B080BD81B0009000990A20088040F29E
:100330007010C2F2000001B07047000080B586B0B6
:10034000059040F22C10C2F200000190822100F0D2
:100350009BFE014601980491012100F095FE0146A3
:1003600001980391812100F08FFE0290049820B142
:10037000FFE7049910208871FFE7039820B1FFE799
:10038000039940208880FFE7029820B1FFE7029997
:1003900040208880FFE705994320088040F22C1018
:1003A000C2F2000006B080BD80B586B0059040F274
:1003B0002C10C2F200000190822100F065FE01467F
:1003C00001980491012100F05FFE0146019803911C
:1003D000812100F059FE0290049820B1FFE70499B2
:1003E00010208871FFE7039828B1FFE703994FF4C5
:1003F00000708880FFE7029828B1FFE702994FF468
:1004000000708880FFE705994320088040F22C1097
:10041000C2F2000006B080BD80B586B0059040F203
:100420002C10C2F200000190822100F02DFE014646
:1004300001980491012100F027FE014601980391E3
:10044000812100F021FE0290049820B1FFE7049979
:1004500010208871FFE7039820B1FFE7039940203F
:100460008880FFE7029820B1FFE70299402088804A
:10047000FFE705994320088040F22C10C2F20000EB
:1004800006B080BD80B590B00E908DF837104FF457
:10049000077002F057F80C900C9860B9FFE70E98BF
:1004A000D0F8D41200EB81010020C1F8C002022074
:1004B0008DF83F00F0E00C984FF40771F0F70DF85D
:1004C0000C980E99D1F8D42201EB8201C1F8C00238
:1004D0000E99D1F8D40201EB8000D0F8C002C1F827
:1004E000BC020E98007C002840D1FFE70E9840F235
:1004F0000D01C2F2000107910978022208924FF41F
:100500000073099301F0FAF90799089A099B0E986C
:10051000097801F00F0101EB810100EB810101205D
:100520000B9088840E9840F20E01C2F200010A91ED
:10053000097801F0E3F90A9A0B980E99127802F003
:100540000F0202EB820201EB8201A1F864010E9816
:1005500040F20C01C2F20001097801F00F0101EB39
:10056000810100EB81011020C8843EE00E9840F22A
:100570000D01C2F200010291097802220392402388
:10058000049301F0BBF90299039A049B0E98097831
:1005900001F00F0101EB810100EB810101200690C8
:1005A00088840E9840F20E01C2F20001059109788C
:1005B00001F0A4F9059A06980E99127802F00F023C
:1005C00002EB820201EB8201A1F864010E9840F275
:1005D0000C01C2F20001097801F00F0101EB810169
:1005E00000EB81011020C884FFE70E9840F20C0157
:1005F000C2F20001009109780322082301F07EF97C
:1006000000990E98097801F00F0101EB810100EBD0
:100610008101012088840C9900200190C1F8040216
:100620000E98D0F8D41200EB8100D0F8C402006814
:10063000804701980C99C1F814020C99C1F818026E
:100640000C98D0F8040220B9FFE702208DF83F0093
:1006500022E00E98007C70B9FFE70E9840F20E0180
:10066000C2F2000109780C9AD2F804224FF4007308
:1006700001F06AF90CE00E9840F20E01C2F200019E
:1006800009780C9AD2F80422402301F05DF9FFE7C3
:1006900000208DF83F00FFE79DF83F0010B080BDBF
:1006A00080B584B002900298D0F8D41200EB81009B
:1006B000D0F8C00201900298D0F8D41200EB81006B
:1006C000D0F8C00220B9FFE703208DF80F0022E028
:1006D0000298007C70B9FFE7029840F20E01C2F266
:1006E00000010978019AD2F804224FF4007301F056
:1006F0002BF90CE0029840F20E01C2F200010978D9
:10070000019AD2F80422402301F01EF9FFE70020ED
:100710008DF80F00FFE79DF80F0004B080BD0000CA
:1007200083B001900091009820B9FFE703208DF875
:100730000B000BE000980199D1F8D42201EB820163
:10074000C1F8C40200208DF80B00FFE79DF80B00F4
:1007500003B0704784B0029001910298D0F8D4128F
:1007600000EB8100D0F8C0020090009820B9FFE7AC
:1007700003208DF80F0007E001980099C1F80402EA
:1007800000208DF80F00FFE79DF80F0004B07047C0
:1007900085B00390029101920398D0F8D41200EB37
:1007A0008100D0F8C0020090009820B9FFE7032034
:1007B0008DF813000BE002980099C1F80802019827
:1007C0000099C1F8100200208DF81300FFE79DF892
:1007D000130005B07047000080B58AB008900791FB
:1007E0000898D0F8D41200EB8100D0F8C00206902F
:1007F00000208DF81500ADF812008DF81100069854
:1008000020B9FFE703208DF82700C7E0079800789C
:1008100000F060000146039100285ED0FFE70398D6
:10082000202840F0AE80FFE70798C088002846D017
:10083000FFE7079800780006002823D5FFE708980F
:10084000D0F8D41200EB8100D0F8C4028368079A74
:1008500050780699D28898470798C088082803D30B
:10086000FFE70720029003E00798C0880290FFE7A7
:100870000298ADF8160008980699BDF8162000F009
:1008800081F91BE007984078069981F800020798E3
:10089000C0883F2804D8FFE70798C088019002E08D
:1008A00040200190FFE70198069981F8010208981D
:1008B000069991F8012200F037F9FFE70CE008985B
:1008C000D0F8D41200EB8100D0F8C40283680799F5
:1008D000487800229847FFE75BE007984078014698
:1008E00000910B2844D80099DFE801F0064142420C
:1008F0004242424242421C32089890F89C0203282D
:1009000007D1FFE708980DF11201022200F03AF931
:1009100007E00898079900F0F9F803208DF8110016
:10092000FFE72DE0089890F89C02032807D1FFE725
:1009300008980DF11501012200F024F907E008984C
:10094000079900F0E3F803208DF81100FFE717E0A6
:10095000089890F89C02032808D0FFE708980799A8
:1009600000F0D4F803208DF81100FFE708E007E05D
:100970000898079900F0CAF803208DF81100FFE7E6
:1009800007E00898079900F0C1F803208DF81100DE
:10099000FFE79DF811008DF82700FFE79DF827007D
:1009A0000AB080BD80B584B002900298D0F8D4120D
:1009B00000EB8100D0F8C002019001208DF8030007
:1009C0000298D0F8D41200EB8100D0F8C00220B910
:1009D000FFE703208DF80F002AE00198D0F81402F9
:1009E00008BBFFE701990120C1F814020198D0F873
:1009F0001002029A40F20D01C2F200010B7803F0DE
:100A00000F0303EB830302EB8302906102980978E2
:100A1000019BD3F80822D3F8103201F0F3F800203C
:100A20008DF80300FFE79DF803008DF80F00FFE746
:100A30009DF80F0004B080BD80B582B001908DF8A4
:100A4000031000208DF802000198D0F8B8124A680F
:100A50009DF80310904720B1FFE703208DF80200B6
:100A6000FFE79DF8020002B080BD000080B582B0B3
:100A700001900091019890F89C02013802280ED84C
:100A8000FFE700984088012808D1FFE7019900207E
:100A9000C1F8A402019800F08FF8FFE704E0019884
:100AA000009900F033F8FFE702B080BD82B00190FA
:100AB0008DF80310002002B07047000082B0019052
:100AC0008DF80310002002B07047000080B584B09C
:100AD0000390029101920398029A019B00210091D8
:100AE00000F032FF009804B080BD000080B584B0F3
:100AF0000390029101920398029A019B00210091B8
:100B000001F080F8009804B080BD000080B582B08C
:100B1000019000910198802101F02CF801980021AA
:100B200001F028F802B080BD80B584B00390029136
:100B3000019203990320C1F8940201980399C1F826
:100B4000580101980399C1F85C010398029A019B2E
:100B50000021009100F0F8FE009804B080BD000074
:100B600080B582B0019001990520C1F894020198E6
:100B70000023009319461A4600F0E6FE009802B0E2
:100B800080BD000080B584B003900291019203996A
:100B90000220C1F894020198039988610198039991
:100BA000C8610398029A019B0021009101F02AF884
:100BB000009804B080BD000080B582B0019001991A
:100BC0000420C1F8940201980023009319461A46A4
:100BD00001F018F8009802B080BD000080B582B026
:100BE0008DF8070000919DF8070060B9FFE7009AB3
:100BF0004BF2A440C0F6010042F26C01C2F20001C7
:100C000000F0DEFA0BE0009A4BF2A440C0F60100BF
:100C100042F26C01C2F2000100F0D2FAFFE742F2A8
:100C20006C00C2F2000002B080BD000082B08DF8FE
:100C30000700009100991220088040F27C10C2F257
:100C4000000002B07047000080B582B08DF8070048
:100C500000919DF8070060B9FFE7009A4BF29640BB
:100C6000C0F6010042F26C01C2F2000100F0A8FAE5
:100C70000BE0009A4BF29640C0F6010042F26C0184
:100C8000C2F2000100F09CFAFFE742F26C00C2F2EF
:100C9000000002B080BD000082B08DF80700009116
:100CA00000990420088040F2A410C2F2000002B0B3
:100CB0007047000080B584B08DF80F000291029A51
:100CC0004BF2AF40C0F6010042F26C01C2F20001EB
:100CD000019100F075FA019804B080BD80B582B032
:100CE0008DF8070000919DF8070060B9FFE7009AB2
:100CF0004BF2C240C0F6010042F26C01C2F20001A8
:100D000000F05EFA0BE0009A4BF2C240C0F6010020
:100D100042F26C01C2F2000100F052FAFFE742F227
:100D20006C00C2F2000002B080BD000080B582B04D
:100D30008DF80700009100991A200880F1F792F8C9
:100D400040F2A810C2F2000002B080BD80B584B0AD
:100D5000039002910298C088012805D0FFE703980C
:100D60000299FFF7D3FE21E0039890F89C12481EE9
:100D70000191022804D3FFE7019803280AD00FE06D
:100D8000039900208860039800F108010122FFF711
:100D9000F9FE0AE00398011D0122FFF7F3FE04E0CB
:100DA00003980299FFF7B2FEFFE7FFE704B080BDAA
:100DB00080B588B0079006910020ADF81600049029
:100DC0008DF80F000698C078013801460291062878
:100DD00000F21E810299DFE811F0070011002E00D9
:100DE0001B011B01E80000010798D0F8B4120A6843
:100DF000007C0DF116019047049013E10798007CE8
:100E000060B9FFE70798D0F8B802816A0DF11600C3
:100E1000884704900499022048700BE00798D0F8A6
:100E2000B802C16A0DF116008847049004990220A7
:100E30004870FFE7F6E006988078014601910528A2
:100E400000F2A8800199DFE801F0031E39546F8A8F
:100E50000798D0F8B402406850B1FFE70798D0F87F
:100E6000B4124A68007C0DF116019047049009E025
:100E700007980699FFF74AFE9DF80F0001308DF89C
:100E80000F00FFE790E00798D0F8B402806850B1F7
:100E9000FFE70798D0F8B4128A68007C0DF11601BC
:100EA0009047049009E007980699FFF72FFE9DF8F8
:100EB0000F0001308DF80F00FFE775E00798D0F8BC
:100EC000B402C06850B1FFE70798D0F8B412CA68FE
:100ED000007C0DF116019047049009E007980699EF
:100EE000FFF714FE9DF80F0001308DF80F00FFE7AB
:100EF0005AE00798D0F8B402006950B1FFE70798AC
:100F0000D0F8B4120A69007C0DF1160190470490E4
:100F100009E007980699FFF7F9FD9DF80F000130E9
:100F20008DF80F00FFE73FE00798D0F8B402406962
:100F300050B1FFE70798D0F8B4124A69007C0DF170
:100F400016019047049009E007980699FFF7DEFD27
:100F50009DF80F0001308DF80F00FFE724E007989F
:100F6000D0F8B402806950B1FFE70798D0F8B41206
:100F70008A69007C0DF116019047049009E00798FA
:100F80000699FFF7C3FD9DF80F0001308DF80F00A3
:100F9000FFE709E007980699FFF7B8FD9DF80F00F5
:100FA00001308DF80F00FFE73CE00798007C48B95E
:100FB000FFE70798D0F8B802416B0DF1160088479B
:100FC000049009E007980699FFF7A0FD9DF80F002F
:100FD00001308DF80F00FFE724E00798007C60B92E
:100FE000FFE70798D0F8B802016B0DF116008847AB
:100FF000049004990720487009E007980699FFF7C4
:1010000085FD9DF80F0001308DF80F00FFE709E026
:1010100007980699FFF77AFD9DF80F0001308DF8CB
:101020000F00FFE79DF80F0008B1FFE72AE00698E0
:10103000C08818B3FFE7BDF81600C8B1FFE7BDF8D8
:1010400016000699C988884204DAFFE7BDF8160041
:10105000009003E00698C0880090FFE70098ADF884
:10106000160007980499BDF81620FFF78BFD04E0E1
:1010700007980699FFF74AFDFFE703E00798FFF797
:101080009BFDFFE708B080BD80B586B005908DF868
:101090001310059803900598029000200190029982
:1010A00048880978884227DDFFE702980078ADF884
:1010B0000200FFE7BDF802000299498888421ADA67
:1010C000FFE703980DF1020100F034F80390039854
:1010D000407805280ED1FFE70398019001988078A9
:1010E0009DF81310884201D1FFE704E00020019031
:1010F000FFE7FFE7DEE7FFE7019806B080BD0000ED
:1011000083B0029000208DF8070002980090FFE75E
:101110000098007848B1FFE79DF8070001308DF88E
:101120000700009801300090F2E79DF8070003B037
:101130007047000083B002900191029800900098DF
:10114000027801990888104408800298009909786B
:1011500008440090009803B07047000080B582B04A
:1011600001900091019890F89C02013802281FD844
:10117000FFE70098C088022805D0FFE70198009992
:10118000FFF7C4FC19E001990120C8600198D0F86C
:10119000A40230B1FFE70199C86840F00200C860BE
:1011A000FFE7019800F10C010222FFF7EBFC04E0DD
:1011B00001980099FFF7AAFCFFE702B080BD00008C
:1011C00080B586B005900491039200208DF80B0045
:1011D000059808B9FFE73DE0059801900198FFF7F1
:1011E0008FFF0146022000EB41000399088003981D
:1011F000007804999DF80B2088549DF80B0001306D
:101200008DF80B0004999DF80B20032088549DF85D
:101210000B0001308DF80B00FFE701980078C8B192
:10122000FFE70198007804999DF80B2088540198F5
:10123000013001909DF80B0001308DF80B000499EE
:101240009DF80B20002088549DF80B0001308DF88C
:101250000B00E2E706B080BD82B08DF807000020E9
:101260008DF806009DF8070001460091032814D868
:101270000099DFE801F002060A0E00208DF8060052
:101280000FE003208DF806000BE001208DF806002A
:1012900007E003208DF8060003E003208DF8060028
:1012A000FFE79DF8060002B07047000080B584B0EB
:1012B000029001918DF80320029820B9FFE70320E6
:1012C0008DF80F0023E002990020C1F8B8020299BE
:1012D000C1F8C4020299C1F8D002019828B1FFE711
:1012E00001980299C1F8B402FFE70299012081F840
:1012F0009C029DF8030002990870029800F020FA01
:101300008DF802009DF802008DF80F00FFE79DF8B0
:101310000F0004B080BD000080B582B001908DF850
:10132000031000208DF802008DF801000198D0F81C
:10133000C8029DF80310F3F70DFA8DF802009DF82E
:101340000200FFF789FF8DF801009DF8010002B04F
:1013500080BD000080B582B001908DF803100020A0
:101360008DF802008DF801000198D0F8C8029DF8B0
:101370000310F3F79BF98DF802009DF80200FFF7C8
:101380006BFF8DF801009DF8010002B080BD0000E8
:1013900080B588B006908DF8171004929DF817005C
:1013A000002875D1FFE70698143003900698D0F80E
:1013B000940202285DD1FFE703998868C9688842D2
:1013C00012D9FFE703998868CA68801A886006986E
:1013D0000499039A9268FFF789FB0698002319463F
:1013E0001A4600F0B1FA43E003988168C068884269
:1013F0001ED1FFE703994868C968884218D3FFE700
:10140000039840680699D1F89812884210D2FFE7F5
:101410000698002201921146FFF768FB019B06988F
:10142000C0F89832069819461A4600F08DFA1EE068
:10143000069890F89C02032811D1FFE70698D0F88F
:10144000B802C06850B1FFE706990020C1F8D40285
:101450000698D0F8B812C9688847FFE7FFE70698F2
:10146000802100F087FB0698FFF77AFBFFE7FFE794
:1014700000E0FFE7069890F8A00240B1FFE7069869
:1014800000F04EFC0699002081F8A002FFE740E042
:1014900006989DF8171041F08001FFF707FB8DF8C3
:1014A0000A009DF80A00FF2832D0FFE79DF80A00E5
:1014B00070BBFFE7069890F89C02032827D1FFE74E
:1014C00006989DF80A1000EB8100D0F8B802406938
:1014D000E0B1FFE79DF80A000699C1F8D40206982A
:1014E0009DF80A1000EB8101D1F8B8124A699DF805
:1014F000171090478DF80B009DF80B0028B1FFE7FF
:101500009DF80B008DF81F0007E0FFE7FFE7FFE7FE
:10151000FFE700208DF81F00FFE79DF81F0008B0CF
:1015200080BD000080B58AB008908DF81F1006922B
:1015300000208DF813009DF81F00002840F08380E4
:10154000FFE7089800F5AA7005900898D0F8940273
:10155000032876D1FFE705998868C96888421DD9B4
:10156000FFE705998868CA68801A88600898029021
:101570000698039005998868C968884204D2FFE7F5
:1015800005988068019003E00598C0680190FFE726
:1015900003990298019AFFF799FA51E0089890F898
:1015A000AA0200F01F000146009140B1FFE7009839
:1015B000012808D0FFE7009802280CD013E0002093
:1015C0008DF8120013E0089890F8AE12FFF776FA43
:1015D0008DF812000BE0089890F8AE12FFF766FA4B
:1015E0008DF8120003E000208DF81200FFE79DF84F
:1015F000120008BBFFE7089890F89C0203281AD154
:10160000FFE708989DF8121000EB8100D0F8B802AF
:10161000006978B1FFE79DF812000899C1F8D4027B
:1016200008989DF8121000EB8101D1F8B8120969F1
:101630008847FFE7FFE7FFE70898FFF7BDFAFFE7F6
:1016400000E0FFE740E008989DF81F1001F07F01DF
:10165000FFF72CFA8DF812009DF81200FF2832D007
:10166000FFE79DF8120070BBFFE7089890F89C0216
:1016700003281ED1FFE708989DF8121000EB8100A7
:10168000D0F8B802806998B1FFE79DF81200089978
:10169000C1F8D40208989DF8121000EB8101D1F82E
:1016A000B8128A699DF81F1090478DF81300FFE764
:1016B000FFE79DF8130028B1FFE79DF813008DF8B0
:1016C000270005E0FFE7FFE700208DF82700FFE790
:1016D0009DF827000AB080BD81B00090002001B0C5
:1016E0007047000080B582B0019000208DF80300A3
:1016F0000199012081F89C020198D0F8B80268B1E4
:10170000FFE70198D0F8B8124A680179904720B1F4
:10171000FFE703208DF80300FFE7FFE79DF80300D4
:1017200002B080BD80B582B001908DF803100198A1
:10173000D0F8C8029DF80310F3F770F802B080BD2E
:1017400080B584B0039003980078A8BBFFE70399A5
:1017500044F29020C2F200000290C0F808150399EC
:10176000C1F8C8024FF0A04101600421416002228B
:10177000C260002101618261C16101624162C16296
:101780000163F3F705FE18B1FFE7F0F7C9FAFFE7C9
:1017900044F29020C2F20000019080210091F2F703
:1017A000BFFE019800214022F2F7C6FE009A019880
:1017B0000121F2F7C1FEFFE7002004B080BD000068
:1017C00084B002908DF807100298D0F8C8020090FB
:1017D0009DF80700000600280ED5FFE700989DF849
:1017E000071001F07F0101EBC10100EB810090F8CF
:1017F0003E008DF80F000DE000989DF8071001F0F5
:101800007F0101EBC10100EB810090F87E028DF8B1
:101810000F00FFE79DF80F0004B0704780B584B05B
:1018200002908DF807100298D0F8D41200EB8100D6
:10183000D0F8B80220B9FFE703208DF80F0020E0B0
:10184000029890F89C02032817D1FFE70298D0F87D
:10185000D41200EB8100D0F8B802006A60B1FFE753
:101860000298D0F8D41200EB8101D1F8B8120A6ABC
:101870009DF807109047FFE7FFE700208DF80F0065
:10188000FFE79DF80F0004B080BD000080B584B074
:1018900002908DF807100298D0F8D41200EB810066
:1018A000D0F8B80220B9FFE703208DF80F0020E040
:1018B000029890F89C02032817D1FFE70298D0F80D
:1018C000D41200EB8100D0F8B802406A60B1FFE7A3
:1018D0000298D0F8D41200EB8101D1F8B8124A6A0C
:1018E0009DF807109047FFE7FFE700208DF80F00F5
:1018F000FFE79DF80F0004B080BD000080B584B004
:1019000003908DF80B108DF80A20ADF808300020F8
:101910008DF807008DF806000398D0F8C8029DF8EE
:101920000B10BDF808209DF80A30F2F789FF8DF8FA
:1019300007009DF80700FFF78FFC8DF806009DF863
:10194000060004B080BD000080B586B005908DF81B
:1019500013100392029300208DF807008DF8060003
:101960000598D0F8C8029DF81310039A029BF2F76D
:10197000DDFF8DF807009DF80700FFF76DFC8DF87F
:1019800006009DF8060006B080BD000080B586B058
:10199000059000208DF81300059A012182F89C1211
:1019A0000599C1F89402059948600599C1F8A40207
:1019B000059981F8A0020598D0F8B802A0B1FFE718
:1019C0000598D0F8B802406868B1FFE70598D0F8EC
:1019D000B8124A680179904720B1FFE703208DF8DB
:1019E0001300FFE7FFE7FFE705980022019240237D
:1019F00003931146FFF782FF019A039B059901208B
:101A00000290A1F864010598C0F860310598802122
:101A1000FFF774FF02990398059A9184059908626B
:101A20009DF8130006B080BD81B00090009890F83A
:101A30009C02042807D1FFE7009890F89D020099C6
:101A400081F89C02FFE7002001B0704780B582B0AA
:101A50000190019890F89C02032813D1FFE70198A8
:101A6000D0F8B80268B1FFE70198D0F8B802C069B1
:101A700030B1FFE70198D0F8B812C9698847FFE78D
:101A8000FFE7FFE7002002B080BD000082B00190B8
:101A90008DF803109DF8030001990874002002B02E
:101AA0007047000080B582B001908DF803100020CF
:101AB0008DF802008DF801000198D0F8C8029DF859
:101AC0000310F3F755FE8DF802009DF80200FFF7B2
:101AD000C3FB8DF801009DF8010002B080BD00003D
:101AE00080B584B003900291039800F2AA20029975
:101AF00000F0AAF803990120C1F894020399B1F803
:101B0000B002C1F89802039890F8AA0200F01F00F2
:101B10000146009140B1FFE7009801280CD0FFE793
:101B20000098022810D017E0039800F2AA2100F0D4
:101B30004FFA8DF8070019E0039800F2AA2100F08F
:101B400083FC8DF8070011E0039800F2AA2100F051
:101B5000A5FA8DF8070009E0039890F8AA1201F0A1
:101B6000800100F007F88DF80700FFE79DF80700F7
:101B700004B080BD80B582B001908DF803100020C4
:101B80008DF802008DF801000198D0F8C8029DF888
:101B90000310F2F70FFF8DF802009DF80200FFF727
:101BA0005BFB8DF801009DF8010002B080BD0000D4
:101BB00080B582B0019000208DF803008DF80200FE
:101BC0000198D0F8C802F3F70FFE8DF803009DF8D6
:101BD0000300FFF741FB8DF802009DF8020002B000
:101BE00080BD000081B00090009890F89C020099A0
:101BF00081F89D020099042081F89C02002001B028
:101C00007047000080B586B005908DF813100392E0
:101C1000029300208DF807008DF806000598D0F893
:101C2000C8029DF81310039A029BF2F733FF8DF858
:101C300007009DF80700FFF70FFB8DF806009DF8E1
:101C4000060006B080BD000080B584B0039002910C
:101C5000029801900198007803990870019801306A
:101C60000190019800780399487001980130019023
:101C70000198FCF7F7FF0399488001980130019023
:101C80000198013001900198FCF7ECFF03998880DE
:101C90000198013001900198013001900198FCF702
:101CA000E1FF0399C88004B080BD000080B584B016
:101CB000029001910020ADF80200019820B9FFE7E1
:101CC00003208DF80F0026E001980299C1F8B802B0
:101CD0000298D0F8D41200EB8100D0F8B802C06AA4
:101CE00078B1FFE70298D0F8D41200EB8100D0F869
:101CF000B802C16A0DF1020088470299C1F8D0020A
:101D0000FFE70299D1F8D8020130C1F8D8020020CB
:101D10008DF80F00FFE79DF80F0004B080BD0000B4
:101D200081B00090002001B07047000080B584B001
:101D30000390029102988088B8BBFFE70298C088A0
:101D400098BBFFE7029840887F282ED8FFE70298CB
:101D5000807800F07F008DF80700039890F89C02CF
:101D6000032805D1FFE703980299FEF7CFFE1BE099
:101D70009DF80700039981F89E0203989DF80710CB
:101D8000FFF790FE0398FEF717FF9DF8070028B1B4
:101D9000FFE70399022081F89C0204E003990120E7
:101DA00081F89C02FFE7FFE704E003980299FEF741
:101DB000ADFEFFE704B080BD80B582B001908DF824
:101DC000031000208DF802000198D0F8B80250B13D
:101DD000FFE70198D0F8B8120A689DF80310904701
:101DE0008DF80200FFE79DF8020002B080BD000000
:101DF00080B586B00490039100208DF80B00039805
:101E0000817842F26800C2F2000001700078022876
:101E100008D3FFE704980399FEF778FE03208DF8B6
:101E20001700A0E0049890F89C0201460191022856
:101E300004D0FFE7019803282FD07FE042F268002A
:101E4000C2F20000007818B3FFE742F26801C2F264
:101E500000010878049A506004980978FFF7ACFFF5
:101E60008DF80B009DF80B0048B1FFE7049803992B
:101E7000FEF74CFE0499022081F89C0207E00498CA
:101E8000FEF79AFE0499032081F89C02FFE703E025
:101E90000498FEF791FEFFE760E042F26800C2F2AC
:101EA0000000007898B9FFE70499022081F89C02AD
:101EB00042F26801C2F200010878049A5060049866
:101EC0000978FEF7B9FD0498FEF776FE35E042F298
:101ED0006800C2F20000007804994968884227D05F
:101EE000FFE704980179FEF7A7FD42F26801C2F20C
:101EF00000010878049A506004980978FFF75CFFA5
:101F00008DF80B009DF80B0068B1FFE7049803996A
:101F1000FEF7FCFD04980179FEF78EFD049902207E
:101F200081F89C0203E00498FEF746FEFFE703E019
:101F30000498FEF741FEFFE7FFE70FE004980399DE
:101F4000FEF7E4FD049842F26801C2F2000109784C
:101F5000FEF772FD03208DF80B00FFE79DF80B00E4
:101F60008DF81700FFE79DF8170006B080BD000050
:101F700080B582B00190009100984088012808D176
:101F8000FFE701990120C1F8A4020198FEF714FEB1
:101F900013E000984088022809D1FFE700984079B3
:101FA000019981F8A0020198FEF706FE04E001986D
:101FB0000099FEF7ABFDFFE7FFE702B080BD000030
:101FC00080B582B001900198FFF7F2FD02B080BDAC
:101FD00080B586B00590049100208DF80F0004981C
:101FE000007800F0600001460291A8B1FFE7029876
:101FF000202804D0FFE70298402846D1FFE7059843
:10200000D0F8D41200EB8101D1F8B8128A68049993
:1020100090478DF80F003DE004984078014601910B
:1020200009282CD80199DFE801F01B252A202A0A6B
:10203000052A160F05980499FEF7BAFE24E00598C4
:102040000499FFF773FE1FE005980499FFF7D0FE8F
:102050008DF80F0018E005980499FEF777FE13E05D
:1020600005980499FFF77AF80EE005980499FFF7B0
:102070007FFF09E005980499FEF7F8FC04E0059855
:102080000499FEF743FDFFE704E005980499FEF785
:102090003DFDFFE79DF80F0006B080BD80B58CB018
:1020A0000B900A9100208DF821000A9880888DF805
:1020B00023000A98007800F0600001460791B8B349
:1020C000FFE70798202805D0FFE70798402840F051
:1020D000B281FFE70B989DF82310FEF7E7FC8DF81F
:1020E00022009DF82200FF2821D0FFE79DF8220062
:1020F000E8B9FFE79DF822000B99C1F8D4020B98CC
:102100009DF8221000EB8100D0F8B802806868B119
:10211000FFE70B989DF8221000EB8101D1F8B8126F
:102120008A680A9990478DF82100FFE7FFE787E169
:102130000A98407801460691002800F0BD80FFE72C
:10214000069801284CD0FFE70698032840F06D81DF
:10215000FFE70B9890F89C0201460591022804D0F5
:10216000FFE70598032819D034E09DF8230078B1E3
:10217000FFE79DF8230080280AD0FFE70B989DF821
:102180002310FFF7F7FC0B988021FFF7F3FC04E026
:102190000B980A99FEF7BAFCFFE720E00A984088FE
:1021A000A0B9FFE79DF8230078B1FFE79DF8230071
:1021B00080280AD0FFE70A98C08830B9FFE70B985B
:1021C0009DF82310FFF7D6FCFFE7FFE70B98FEF71B
:1021D000F3FC04E00B980A99FEF798FCFFE729E16D
:1021E0000B9890F89C0201460491022804D0FFE766
:1021F0000498032819D059E09DF8230078B1FFE72F
:102200009DF8230080280AD0FFE70B989DF8231043
:10221000FFF7B0FC0B988021FFF7ACFC04E00B98B3
:102220000A99FEF773FCFFE745E00A984088E0BB97
:10223000FFE79DF82300400630B1FFE70B989DF8BB
:102240002310FFF769F8FFE70B98FEF7B5FC0B9832
:102250009DF82310FEF72AFC8DF822009DF822003D
:10226000FF2821D0FFE79DF82200E8B9FFE79DF89D
:1022700022000B99C1F8D4020B989DF8221000EBB4
:102280008100D0F8B802806868B1FFE70B989DF82C
:10229000221000EB8101D1F8B8128A680A999047A0
:1022A0008DF82100FFE7FFE7FFE704E00B980A99AC
:1022B000FEF72CFCFFE7BDE00B9890F89C0201466E
:1022C0000391022804D0FFE70398032838D0A6E042
:1022D0009DF8230050B1FFE79DF82300802805D02A
:1022E000FFE70B980A99FEF711FC9DE09DF823008B
:1022F000000600280CD5FFE70B989DF8231001F08D
:102300007F0101EB810100EB8100143002900CE0B1
:102310000B989DF8231001F07F0101EB810100EB88
:10232000810000F5AA700290FFE7029809900999D0
:10233000002008600B9809990222FEF723FC73E045
:102340009DF823000006002812D5FFE70B989DF8A2
:10235000231001F00F0101EB810100EB8100808C63
:1023600028B9FFE70B980A99FEF7D0FB5CE012E072
:102370000B989DF8231001F00F0101EB810100EB98
:102380008100B0F8640128B9FFE70B980A99FEF7BD
:10239000BDFB49E0FFE79DF82300000600280CD5AF
:1023A000FFE70B989DF8231001F07F0101EB8101FD
:1023B00000EB8100143001900CE00B989DF8231085
:1023C00001F07F0101EB810100EB810000F5AA70B3
:1023D0000190FFE7019809909DF8230028B1FFE7DD
:1023E0009DF82300802804D1FFE7099900200860A8
:1023F0000FE00B989DF82310FFF7E2F920B1FFE7FB
:1024000009990120086003E0099900200860FFE7AE
:10241000FFE70B9809990222FEF7B4FB04E00B9842
:102420000A99FEF773FBFFE704E00B980A99FEF7A1
:102430006DFBFFE704E00B980A99FEF767FBFFE7E7
:102440009DF821000CB080BD80B584B0039002914E
:1024500000208DF807000298007800F06000014627
:10246000009140B1FFE70098202804D0FFE70098D2
:1024700040285AD1FFE7039890F89C0201380228BF
:102480004DD8FFE702980079012842D8FFE703986A
:1024900002990979FEF712FB8DF806009DF80600F7
:1024A000FF2825D0FFE79DF8060008BBFFE703984B
:1024B0009DF8061000EB8100D0F8B802806890B15A
:1024C000FFE79DF806000399C1F8D40203989DF830
:1024D000061000EB8101D1F8B8128A680299904782
:1024E0008DF8070003E003208DF80700FFE703E005
:1024F00003208DF80700FFE70298C08840B9FFE786
:102500009DF8070020B9FFE70398FEF755FBFFE7AA
:1025100004E003980299FEF7F9FAFFE704E0039854
:102520000299FEF7F3FAFFE704E003980299FEF739
:10253000EDFAFFE79DF8070004B080BD81B0009080
:1025400001B0704781B0009042F26C20C2F20000EE
:1025500001B0704784B003900291039801900298F3
:102560000078009002984078012830D1FFE7029867
:10257000007800F00F01012000FA01F20199D1F872
:102580001C081043C1F81C080198009900EB411089
:10259000D0F800090004002818D4FFE70299C868A1
:1025A0006FF3DF20097940EA8140009A40EA8250C7
:1025B000019901EB4211D1F80029104348F20002C1
:1025C000C1F200021043C1F80009FFE72EE00298B3
:1025D000007800F00F01012000FA01F20199D1F812
:1025E0001C0840EA0240C1F81C080198009900EB61
:1025F0004110D0F8000B0004002816D4FFE7029920
:10260000C8686FF3DF20097940EA81400199009A98
:1026100001EB4211D1F8002B104348F20002C1F245
:1026200000021043C1F8000BFFE7FFE7002004B0F1
:102630007047000082B00190019800900099D1F895
:10264000000940F2FF729043C1F800090099D1F8E7
:10265000040840F48070C1F80408002002B07047FC
:102660002DE9F04F91B00191DDF88CB0DDF888A034
:10267000DDF88490DDF880801F9F1E9E1D9D1C9CB0
:10268000DDF86CE0DDF868C001990199CDF840B043
:10269000CDF83CA0CDF83890CDF834800C970B964F
:1026A0000A950994CDF820E0CDF81CC00693059258
:1026B000049103900998012822D1FFE70399886BC0
:1026C00020F4803088630399C8684FF6BF72CFF654
:1026D000BD721040C8600399C86820F44010C860FB
:1026E0001098012806D1FFE70399C86840F48010CC
:1026F000C860FFE7039800F031F88DF80B0019E08F
:102700000399C86840F04000C860039800F026F8BC
:102710008DF80B000D9830B9FFE70399886B40F4F2
:102720008030886305E00399886B20F480308863EB
:10273000FFE7FFE7079801280BD1FFE703998868B7
:1027400040F0060088600399886840F020008860A7
:10275000FFE79DF80B0011B0BDE8F08F83B001904A
:1027600000200090FFE7009801300090009840F6AC
:102770004151C0F20301884204D3FFE703208DF8E2
:102780000B0028E0FFE701980069C00F0028EAD09D
:10279000FFE7002000900199086940F001000861FE
:1027A000FFE7009801300090009840F64151C0F2D8
:1027B0000301884204D3FFE703208DF80B000AE0F1
:1027C000FFE701980069C0070028EAD1FFE7002071
:1027D0008DF80B00FFE79DF80B0003B07047000079
:1027E00084B00390029103980190029800780090C1
:1027F00002984078012845D1FFE70198009900EB45
:102800004110D0F80009C00FA8B1FFE70198009966
:1028100000EB4111D1F8000940F00060C1F8000957
:102820000198009900EB4111D1F8000940F0804077
:10283000C1F80009FFE70298007800F00F010120BD
:1028400000FA01F3019AD2F83C189943C2F83C18F7
:102850000299097801F00F0100FA01F20199D1F80B
:102860001C089043C1F81C080198009900EB411125
:10287000D1F8000947F60002CEF633421040C1F805
:10288000000946E00198009900EB4110D0F8000BD8
:10289000C00FA8B1FFE70198009900EB4111D1F8F2
:1028A000000B40F00060C1F8000B0198009900EBAC
:1028B0004111D1F8000B40F08040C1F8000BFFE758
:1028C0000298007800F00F01012000FA01F3019A4C
:1028D000D2F83C1821EA0341C2F83C180299097861
:1028E00001F00F0100FA01F20199D1F81C0820EA69
:1028F0000240C1F81C080198009900EB4111D1F881
:10290000000B47F60002CEF6F3721040C1F8000B40
:10291000FFE7002004B0704782B00190019800905A
:102920000099D1F8000E20F00300C1F8000E0099C4
:10293000D1F8040820F00200C1F80408002002B019
:102940007047000082B00190019800900099D1F882
:10295000000E20F00300C1F8000E0099D1F8040821
:1029600040F00200C1F80408002002B070470000E7
:102970002DE9F04F93B00191DDF894B0DDF890A00F
:10298000DDF88C90DDF88880219F209E1F9D1E9C85
:10299000DDF874E0DDF870C001990199CDF848B018
:1029A000CDF844A0CDF84090CDF83C800E970D9620
:1029B0000C950B94CDF828E0CDF824C0089307922D
:1029C0000691059000208DF813000599039102905F
:1029D000FFE702980E280CD8FFE70598029900EB54
:1029E00081010020C1F80401FFE702980130029044
:1029F000EFE71098B8B9FFE70399D1F8040840F061
:102A00000200C1F804080599886B40F4001088633F
:102A10000599886B20F4002088630599886B20F461
:102A2000802088630AE00599886B20F40010886391
:102A30000599886B40F400208863FFE70399002024
:102A4000C1F8000E0399D1F80008C1F800080B98EE
:102A500001280ED1FFE7089828B9FFE70598002163
:102A600000F038FF04E00598012100F033FFFFE794
:102A700004E00598032100F02DFFFFE705981021E1
:102A800000F05EFD20B1FFE701208DF81300FFE7A5
:102A9000059800F015FD20B1FFE701208DF8130027
:102AA000FFE703990020C1F810080399C1F8140842
:102AB0000399C1F81C080290FFE702980699884222
:102AC0003BD2FFE70398029900EB4110D0F80009D0
:102AD000C00FB0B1FFE7029848B9FFE70398029929
:102AE00000EB41114FF00060C1F8000908E00398C5
:102AF000029900EB41114FF09040C1F80009FFE747
:102B000007E00398029900EB41110020C1F8000989
:102B1000FFE70398029900EB41110020C1F810096A
:102B20000398029900EB41114FF67F30C1F8080974
:102B3000FFE7029801300290BFE700200290FFE714
:102B40000298069988423BD2FFE70398029900EB6E
:102B50004110D0F8000BC00FB0B1FFE7029848B9A0
:102B6000FFE70398029900EB41114FF00060C1F8B4
:102B7000000B08E00398029900EB41114FF09040E0
:102B8000C1F8000BFFE707E00398029900EB411141
:102B90000020C1F8000BFFE70398029900EB4111F8
:102BA0000020C1F8100B0398029900EB41114FF679
:102BB0007F30C1F8080BFFE7029801300290BFE7B1
:102BC0000399D1F8100820F48070C1F81008059915
:102BD0000020886105996FF080404861099830B9FC
:102BE000FFE70599886940F010008861FFE70599C3
:102BF000886943F60002C8F23C02104388610C98D1
:102C000030B1FFE70599886940F008008861FFE767
:102C10001098012808D1FFE7059988690422C4F2B9
:102C2000000210438861FFE79DF8130013B0BDE870
:102C3000F08F000081B000900099886820F00100BA
:102C40008860002001B0704785B0049003918DF832
:102C50000B20049801900398007800900398407826
:102C6000012840F09580FFE703988069F8B9FFE7F5
:102C70000198009900EB4111D1F810096FF3DC4085
:102C8000C1F810090198009900EB4111D1F8100921
:102C900040F40020C1F810090198009900EB41119F
:102CA000D1F810096FF31200C1F8100935E001984E
:102CB000009900EB4111D1F810096FF31200C1F82F
:102CC00010090198009900EB4111D1F810096FF338
:102CD000DC40C1F810090398C1688069884204D9B2
:102CE000FFE70399C8688861FFE70198009900EB46
:102CF0004111D1F8100940F40020C1F810090398DF
:102D000082696FF3DF420198009900EB4111D1F81D
:102D100010091043C1F81009FFE79DF80B000128C6
:102D200018D1FFE70398406948B1FFE7039840696D
:102D30000199009A01EB4211C1F81409FFE70198CB
:102D4000009900EB4111D1F8000940F00440C1F8AE
:102D500000091CE00198009900EB4111D1F800092D
:102D600040F00440C1F800090398806970B1FFE7A2
:102D70000398007800F00F01012000FA01F2019998
:102D8000D1F834081043C1F83408FFE7FFE753E0F7
:102D90000198009900EB4111D1F8100B6FF312006C
:102DA000C1F8100B0198009900EB4111D1F8100BFC
:102DB0006FF3DC40C1F8100B0398806920B1FFE786
:102DC0000399C8688861FFE70399C868C8610198DA
:102DD000009900EB4111D1F8100B40F40020C1F82C
:102DE000100B0398C2696FF3DF420198009900EB62
:102DF0004111D1F8100B1043C1F8100B9DF80B00D6
:102E000001280ED1FFE70398006948B1FFE7039856
:102E100000690199009A01EB4211C1F8140BFFE718
:102E2000FFE70198009900EB4111D1F8000B40F049
:102E30000440C1F8000BFFE7002005B07047000018
:102E400086B004908DF80F100292049801900498B7
:102E5000006C0090009843F20B01C4F65471884254
:102E60000BD3FFE70198D0F8000BC00F20B1FFE7AC
:102E700000208DF817002EE0FFE701990020C1F82F
:102E8000100B0199D1F8100B40F40020C1F8100B81
:102E90000199D1F8100B40F01800C1F8100B0199FE
:102EA000D1F8100B40F0C040C1F8100B9DF80F0096
:102EB00001280CD1FFE702980199C1F8140B019980
:102EC000D1F8000B40F08020C1F8000BFFE7002094
:102ED0008DF81700FFE79DF8170006B07047000057
:102EE00084B00390029103980190029800780090BA
:102EF00002984078012820D1FFE70198009900EB63
:102F00004111D1F8000920F40010C1F8000902981D
:102F10000079032805D0FFE70298007902280BD139
:102F2000FFE70198009900EB4111D1F8000940F04A
:102F30008050C1F80009FFE71FE00198009900EBFD
:102F40004111D1F8000B20F40010C1F8000B0298D9
:102F50000079032805D0FFE70298007902280BD1F9
:102F6000FFE70198009900EB4111D1F8000B40F008
:102F70008050C1F8000BFFE7FFE7002004B0704766
:102F800084B0039002910398019002980078009019
:102F900002984078012822D1FFE70198009900EBC0
:102FA0004110D0F80009C00F70B9FFE7009858B180
:102FB000FFE70198009900EB4111D1F8000920F0DA
:102FC0008040C1F80009FFE70198009900EB41112A
:102FD000D1F8000940F40010C1F8000921E001987F
:102FE000009900EB4110D0F8000BC00F70B9FFE75B
:102FF000009858B1FFE70198009900EB4111D1F812
:10300000000B20F08040C1F8000BFFE70198009909
:1030100000EB4111D1F8000B40F40010C1F8000B97
:10302000FFE7002004B0704780B588B00790069194
:103030008DF817200798049006980078039006985A
:103040004078012840F00381FFE706988069F8B9CD
:10305000FFE70498039900EB4111D1F810096FF3D1
:10306000DC40C1F810090498039900EB4111D1F834
:10307000100940F40020C1F810090498039900EBEE
:103080004111D1F810096FF31200C1F8100950E096
:103090000498039900EB4111D1F810096FF3120065
:1030A000C1F810090498039900EB4111D1F81009F7
:1030B0006FF3DC40C1F810090698C16880690844C4
:1030C0000138B0FBF1F10020C1F6F87000EAC1420E
:1030D0000498039900EB4111D1F810091043C1F88D
:1030E0001009069882696FF3DF420498039900EB98
:1030F0004111D1F810091043C1F810090698007960
:10310000012815D1FFE70498039900EB4111D1F88C
:10311000100920F0C040C1F810090498039900EB91
:103120004111D1F8100940F00050C1F81009FFE733
:10313000FFE79DF8170001283BD1FFE7069840699B
:1031400048B1FFE7069840690499039A01EB4211E0
:10315000C1F81409FFE70698007901281ED1FFE79E
:103160000498D0F80808C00500280BD4FFE704989D
:10317000039900EB4111D1F8000940F00050C1F86B
:1031800000090AE00498039900EB4111D1F8000905
:1031900040F08050C1F80009FFE7FFE70498039969
:1031A00000EB4111D1F8000940F00440C1F80009DA
:1031B0004CE00498039900EB4111D1F8000940F06C
:1031C0000440C1F8000906980079012813D0FFE7F0
:1031D0000698806970B1FFE70698007800F00F014B
:1031E000012000FA01F20499D1F834081043C1F823
:1031F0003408FFE729E00498D0F80808C005002843
:103200000BD4FFE70498039900EB4111D1F80009B2
:1032100040F00050C1F800090AE00498039900EB5F
:103220004111D1F8000940F08050C1F80009FFE7D2
:103230000798069B19691A781B8B9DF817C0EE46F4
:10324000CEF800C000F036FCFFE7FFE79DE00498F1
:10325000039900EB4111D1F8100B6FF31200C1F884
:10326000100B0498039900EB4111D1F8100B6FF388
:10327000DC40C1F8100B06988069C0B9FFE70698DA
:10328000C2686FF3DF420498039900EB4111D1F853
:10329000100B1043C1F8100B0498039900EB411177
:1032A000D1F8100B40F40020C1F8100B2CE0069868
:1032B000C168806908440138B0FBF1F0ADF80A003C
:1032C0000699C868BDF80A205043C861BDF80A10C5
:1032D0000020C1F6F87000EAC1420498039900EB9F
:1032E0004111D1F8100B1043C1F8100B0698C269B8
:1032F0006FF3DF420498039900EB4111D1F8100BF2
:103300001043C1F8100BFFE79DF8170001280ED1FC
:10331000FFE70698006948B1FFE70698006904993D
:10332000039A01EB4211C1F8140BFFE7FFE706987F
:10333000007901281ED1FFE70498D0F80808C005DD
:1033400000280BD4FFE70498039900EB4111D1F852
:10335000000B40F00050C1F8000B0AE004980399FC
:1033600000EB4111D1F8000B40F08050C1F8000B88
:10337000FFE7FFE70498039900EB4111D1F8000B38
:1033800040F00440C1F8000BFFE7002008B080BD0A
:1033900085B004900391002002908DF807000498F6
:1033A00000900398407801283ED1FFE700980399E8
:1033B000097800EB4110D0F80009C00F98B3FFE77F
:1033C00000980399097800EB4111D1F8000940F009
:1033D0000060C1F8000900980399097800EB4111D9
:1033E000D1F8000940F08040C1F80009FFE70298D9
:1033F00001300290029842F21171884204D3FFE733
:1034000001208DF807000DE0FFE700980399097887
:1034100000EB4110D0F8000900F00040B0F1004F7F
:10342000E5D0FFE7FFE73DE000980399097800EB5E
:103430004110D0F8000BC00F98B3FFE70098039934
:10344000097800EB4111D1F8000B40F00060C1F8A1
:10345000000B00980399097800EB4111D1F8000B9B
:1034600040F08040C1F8000BFFE702980130029065
:10347000029842F21171884204D3FFE701208DF8CF
:1034800007000DE0FFE700980399097800EB411071
:10349000D0F8000B00F00040B0F1004FE5D0FFE79E
:1034A000FFE7FFE79DF8070005B0704781B0009087
:1034B0000099886840F001008860002001B07047E2
:1034C00083B0019000200090FFE700980130009049
:1034D000009840F64151C0F20301884204D3FFE74F
:1034E00003208DF80B0027E0FFE701980069C00F6B
:1034F0000028EAD0FFE70020009001991020086121
:10350000FFE7009801300090009840F64151C0F26A
:103510000301884204D3FFE703208DF80B000BE082
:10352000FFE70198006900F010001028E9D0FFE7DC
:1035300000208DF80B00FFE79DF80B0003B07047EB
:1035400084B00290019100200090FFE700980130C4
:103550000090009840F64151C0F20301884204D324
:10356000FFE703208DF80F0029E0FFE702980069CC
:10357000C00F0028EAD0FFE70020009001988001EA
:10358000203002990861FFE7009801300090009810
:1035900040F64151C0F20301884204D3FFE7032003
:1035A0008DF80F000BE0FFE70298006900F02000A3
:1035B0002028E9D0FFE700208DF80F00FFE79DF8F5
:1035C0000F0004B07047000084B00390039802908D
:1035D0000298D0F8080800F006000090009820B982
:1035E000FFE700208DF8070010E00098022804D0C3
:1035F000FFE70098062804D1FFE702208DF80700B6
:1036000003E00F208DF80700FFE7FFE79DF80700B4
:1036100004B0704781B000900098406900F001004C
:1036200001B0704783B00290029801900198D0F8E1
:10363000180800900198D0F81C18009808400090D5
:10364000BDF8000003B0704783B00290029801906B
:103650000198D0F8180800900198D0F81C1800982C
:1036600008400090BDF8020003B0704786B0059096
:103670008DF81310059803900398D0F81008019066
:103680000398D0F83408009000989DF8131001F0CA
:103690000F01C84000F00101019840EAC1100190FB
:1036A00003989DF8131000EB4110D0F80809019918
:1036B00008400290029806B07047000084B0039062
:1036C0008DF80B100398019001989DF80B1000EBFA
:1036D0004110D0F8080B00900198D0F81418009809
:1036E00008400090009804B07047000082B001903C
:1036F0000198406900900198816900980840009005
:10370000009802B07047000089B008900791ADF8AA
:103710001A200898059007980490BDF81A008008B0
:103720000190BDF81A0000F00300ADF8020000207F
:103730000290FFE702980199884217D2FFE70598A7
:103740004FF4805140580499086004980130049067
:1037500004980130049004980130049004980130DA
:103760000490FFE7029801300290E3E7BDF8020001
:1037700008B3FFE70020029005984FF480514058AD
:103780000390FFE703989DF80810C900C84004990A
:103790000870029801300290049801300490BDF83E
:1037A00002000138ADF80200FFE7BDF80200002872
:1037B000E8D1FFE7FFE7049809B0704780B586B00D
:1037C00004908DF80F10002002900499C86820F032
:1037D000C040C8609DF80F00012823D1FFE704997D
:1037E000C86840F00050C860FFE70120F0F734FBE4
:1037F000029801300290FFE70498FFF70BFF0146A3
:1038000000200129019007D0FFE70299002032290A
:1038100038BF01200190FFE70198C0070028E4D1DC
:10382000FFE72AE09DF80F0010BBFFE70499C86886
:1038300040F08040C860FFE70120F0F70DFB0298E0
:1038400001300290FFE70498FFF7E4FE01460020F4
:10385000009039B1FFE702990020322938BF0120DA
:103860000090FFE70098C0070028E5D1FFE703E0DC
:1038700001208DF817000CE0FFE70298322804D1F0
:10388000FFE701208DF8170003E000208DF81700F6
:10389000FFE79DF8170006B080BD000083B00290DE
:1038A0008DF80710029800900099D1F8000820F4D4
:1038B000FE60C1F800089DF8070000F07F02009943
:1038C000D1F8000840EA0210C1F80008002003B057
:1038D0007047000083B002908DF8071002980090A6
:1038E0009DF807200099D1F800081043C1F800089E
:1038F000002003B07047000084B0039002918DF85F
:1039000007209DF80700022840F0B880FFE70298E2
:103910004AF6C041C0F2D80188420BD3FFE70298B3
:103920004EF2BF11C0F2E401884203D8FFE70F2036
:103930000090A2E002984EF2C011C0F2E401884269
:103940000BD3FFE7029842F2FF31C0F2F401884244
:1039500003D8FFE70E2000908EE0029842F200416B
:10396000C0F2F40188420BD3FFE7029847F27F319F
:10397000C0F20611884203D8FFE70D2000907AE0DC
:10398000029847F28031C0F2061188420BD3FFE75C
:10399000029844F69F11C0F21A11884203D8FFE73B
:1039A0000C20009066E0029844F6A011C0F21A11B3
:1039B00088420BD3FFE7029842F6FF41C0F2311173
:1039C000884203D8FFE70B20009052E0029842F6AD
:1039D0000051C0F2311188420BD3FFE702984AF23E
:1039E0003F41C0F24C11884203D8FFE70A20009003
:1039F0003EE002984AF24041C0F24C1188420BD39B
:103A0000FFE7029843F2FF51C0F26E11884203D8DB
:103A1000FFE7092000902AE0029843F20061C0F21B
:103A20006E1188420BD3FFE702984AF61F31C0F2AD
:103A3000A611884203D8FFE70820009016E00298FC
:103A40004AF62031C0F2A61188420BD3FFE7029854
:103A500044F2FF71C0F2E811884203D8FFE7072063
:103A6000009002E006200090FFE7FFE7FFE7FFE796
:103A7000FFE7FFE7FFE7FFE7FFE70AE09DF8070042
:103A800018B9FFE70920009002E009200090FFE745
:103A9000FFE70399C86820F47050C860009800F0F0
:103AA0000F020399C86840EA8220C860002004B071
:103AB0007047000080B588B084460A98CDF81CC0D5
:103AC00006918DF81720ADF814308DF81300079883
:103AD0000390069802909DF8130048BBFFE7BDF8DD
:103AE000140003308008019000200090FFE7009848
:103AF000019988421BD2FFE70298006803999DF85C
:103B0000172001EB02314FF48052885002980130A7
:103B100002900298013002900298013002900298BF
:103B200001300290FFE7009801300090DFE7FFE7E7
:103B3000002008B080BD0000FFE7FEE700000000A5
:103B400080B588B006908DF817100492069800781A
:103B5000CD2840F0A580FFE70698807CDC2840F067
:103B60009F80FFE79DF8170038B9FFE704984030C1
:103B700006991322ECF710FCFFE7049890F8411027
:103B800043F6DC20C2F2000001900170049991F824
:103B900042104170049991F843108170049991F892
:103BA0004410C1700168049A1160049991F845109D
:103BB0000170049991F846104170049991F84710EA
:103BC0008170049991F84810C1700168049A51609D
:103BD000049A92F84910C1F300111172049A92F8F4
:103BE0004910C1F3C0015172049A92F8491001F0D2
:103BF0000701002918BF01219172049991F84A1018
:103C00000170049991F84B104170049991F84C108F
:103C10008170049991F84D10C170006806F076FD2E
:103C200041EC100B51EC100B9FED210B53EC102BC2
:103C30000393029206F0F2F841EC100B51EC100BDA
:103C400006F012F801460198049AD160049991F89F
:103C50004E100170049991F84F104170049991F839
:103C600050108170049991F85110C170006806F0ED
:103C70004DFD029A039B41EC100B51EC100B06F02A
:103C8000CDF841EC100B51EC100B05F0EDFF049951
:103C900008610499012081F854008DF81F0003E0A9
:103CA00000208DF81F00FFE79DF81F0008B080BDC1
:103CB0006666666666A64C4084B0DDF814C0DDF822
:103CC00010C00390029101920093049890ED0E0AA7
:103CD000B1EE400A039880ED000A049890ED100AB6
:103CE000B1EE400A039880ED010A0498C06B039975
:103CF00088600198D0F86A000399C8600298806AC9
:103D000003990861029890F82C00039900F00100D3
:103D100008750298006B039988610399142008774D
:103D2000059841F2CE41405E00EB4000400000EEBD
:103D3000100AB8EEC00A039880ED080A059841F20F
:103D40003E71405E00EB4000400000EE100AB8EE0D
:103D5000C00A039880ED090A009890F83F100020EF
:103D6000B0EB111F0ED0FFE7009890F84500C00897
:103D7000C00738B9FFE743F2A851C2F200010220A0
:103D80000870FFE7009991F83F3091F8450008224C
:103D900002EA530200F0F700104481F8450043F2B4
:103DA000A850C2F2000000780399487504B070472B
:103DB00080B584B00290019102982C21F6F75EFE46
:103DC0008DF803009DF80300C00758B1FFE7029883
:103DD0000199EDF72BFA8DF802009DF802008DF89D
:103DE0000F0003E000208DF80F00FFE79DF80F00A3
:103DF00004B080BD80B582B00190019844F2F471A6
:103E0000C2F2000188420AD1FFE740F20040C4F24A
:103E100002004FF480510122F0F766FAFFE702B08A
:103E200080BD000080B582B00190019844F2F47129
:103E3000C2F2000188420AD1FFE740F20040C4F21A
:103E400002004FF480510022F0F74EFAFFE702B073
:103E500080BD000084B0039002910398006843F68F
:103E60000001C4F20001884211D1FFE70299D1F8A4
:103E70000600D1F80A10019100900298D0F80100D4
:103E800040F20121884201D1FFE7FFE7FFE704B0DC
:103E90007047000080B582B0019001982C21F6F7A0
:103EA000EDFD8DF803009DF8030090B1FFE79DF84C
:103EB0000300C00730B1FFE701982C210022F6F77C
:103EC00097FE05E09DF8030001388DF80300FFE739
:103ED00005E09DF8030001388DF80300FFE702B00C
:103EE00080BD000080B582B043F2F450C2F2000001
:103EF00001900198A821ECF7F0FA019903200861DC
:103F00000199486101984BF2EA41C0F601018161D3
:103F1000019A43F2AC60C2F20000D061019A4FF402
:103F200080601062019A00209062019A5062019AAA
:103F3000D062019A1166019A43F29C61C2F20001BB
:103F40005166019A10219166019908670199C86626
:103F500001994867BFF35F8F0090FFE700980F2833
:103F60000ED8FFE7009A4AF67C30C0F60100801AAE
:103F7000C07B01998854FFE7009801300090EDE77D
:103F8000BFF35F8F02B080BD84B0039003980069D7
:103F900002900398C068019002980199884209D85C
:103FA000FFE7039880680199401A02990844013894
:103FB000009005E002990198C04308440090FFE793
:103FC000009804B07047000010B58CB0DDF83CC01C
:103FD000DDF838C00B900A91099208930A98B0F165
:103FE000FF3F04DCFFE70A984042059002E00A9890
:103FF0000590FFE70598069001200790FFE70698D7
:104000000999884209DBFFE70698099990FBF1F0CE
:104010000690079801300790F1E7089807998842C1
:1040200003D9FFE708980790FFE70E9870B1FFE704
:104030000A98002806D4FFE79DF83C0040070028B6
:1040400004D5FFE70E9801380E90FFE79DF83C007D
:104050008007002803D5FFE7089858B3FFE79DF8CD
:104060003C00C00730BBFFE70E9810B3FFE7FFE747
:104070000E990020049041B1FFE707990E9A0020A5
:10408000914238BF01200490FFE70498C00778B13F
:10409000FFE70E9801380E900B98202100F050F9A0
:1040A0000B98C068B0F1FF3F01DCFFE700E0DFE7FD
:1040B000FFE7FFE70B98C068002869D4FFE70A987C
:1040C000B0F1FF3F08DCFFE70A9840420A900B98E6
:1040D0002D2100F035F90CE09DF83C004007002848
:1040E00005D5FFE70B982B2100F02AF900E0FFE748
:1040F000FFE70B98C068002849D4FFE79DF83C0013
:10410000800700282ED5FFE79DF83C00C00748BB7C
:10411000FFE7089830BBFFE70E9810B3FFE7FFE713
:104120000E990020039041B1FFE707990E9A0020F5
:10413000914238BF01200390FFE70398C00778B190
:10414000FFE70E9801380E900B98302100F0F8F838
:104150000B98C068B0F1FF3F01DCFFE700E0DFE74C
:10416000FFE7FFE70B98C06800280FD4FFE70B9824
:104170000A99099A089BDDF838C00F9CEE46CEF8E4
:104180000440CEF800C000F005F8FFE7FFE7FFE7C6
:104190000CB010BD80B58CB0DDF83CC0DDF838C087
:1041A0000B900A91099208930A98059001200690B5
:1041B0000490FFE705980999884209D3FFE705981D
:1041C0000999B0FBF1F00590049801300490F1E7F3
:1041D00008980499884203D9FFE708980490FFE7FC
:1041E0009DF83C00C007C0BBFFE70E98A0B3FFE7F7
:1041F0009DF83C008007002807D5FFE7089820B904
:10420000FFE730208DF80F0003E020208DF80F002D
:10421000FFE7FFE70E990020029041B1FFE7049904
:104220000E9A0020914238BF01200290FFE70298C9
:10423000C00780B1FFE70E9801380E900B989DF8EB
:104240000F1000F07DF80B98C068B0F1FF3F01DC63
:10425000FFE700E0DEE7FFE7FFE70B98C068002814
:104260006CD4FFE7FFE70898022804D3FFE708981B
:10427000013808900BE00A980699B0FBF1F007901E
:1042800007980999884201D2FFE705E0FFE70999FD
:10429000069848430690E6E7FFE70A980699B0FBC0
:1042A000F1F00790079806990A9A00FB11200A90EE
:1042B0000B98079A4AF68D31C0F60101895C00F02F
:1042C0003FF80B98C068B0F1FF3F01DCFFE709E061
:1042D00009990698B0FBF1F00690FFE706980028D0
:1042E000DBD1FFE79DF83C00C00730B3FFE70E9835
:1042F00010B3FFE7FFE70E990020019041B1FFE7FF
:1043000004990E9A0020914238BF01200190FFE7E6
:104310000198C00778B1FFE70E9801380E900B980E
:10432000202100F00DF80B98C068B0F1FF3F01DCD0
:10433000FFE700E0DFE7FFE7FFE7FFE70CB080BD46
:1043400080B584B003908DF80B10039880680190BD
:10435000019801300399496888420FD8FFE79DF81A
:104360000B0003990968019A885401980130039958
:1043700088600399C8680130C860FFE70398416806
:104380008068884215D1FFE7039801688268006958
:10439000FAF77EF803998968884205D0FFE7039908
:1043A0004FF0FF30C86003E0039900208860FFE70A
:1043B000FFE704B080BD000080B58AB00990089185
:1043C0000792002005900998C0680390FFE70998BC
:1043D0000069049004980399884206D9FFE704997C
:1043E0000398C0430844069008E009988168039840
:1043F000049A801AC04308440690FFE7069809997A
:104400008968039A891A884203D2FFE706980190C7
:1044100005E0099880680399401A0190FFE7019828
:10442000069006980799884203D2FFE70698009005
:1044300002E007980090FFE700980690099840680E
:1044400003990844029002980899069AEBF7A4FF92
:10445000069905980844059006990898084408901C
:1044600006990798401A0790069903980844039004
:10447000039809998968884203D1FFE700200390D7
:10448000FFE7BFF35F8F03980999C860FFE70798BC
:1044900000289CD1FFE705980AB080BD80B588B0A0
:1044A0000790069105920798C06803900798806866
:1044B0000399401A029002980599884212D9FFE7A1
:1044C0000798406803990844019001980699059A55
:1044D000EBF762FFBFF35F8F0398059908440799D4
:1044E000C8601FE002980490079840680399084448
:1044F000019001980699049AEBF74EFF05980299EE
:10450000401A049007984068019001980699029A11
:104510001144049AEBF740FFBFF35F8F04980799AB
:10452000C860FFE708B080BD82B041EC100B8DED94
:10453000000B0198C00F02B07047000081B000EE80
:10454000100A00900098C00F01B0704781B08DF83C
:1045500003009DF9030000280ED4FFE79DF9031026
:1045600001F01F02012090404A094EF20011CEF2E4
:10457000000141F82200FFE701B070474EF60C50F1
:10458000CEF200000068C0F30220704782B08DF8C0
:10459000070000919DF9070000280AD4FFE7009862
:1045A00000019DF907104EF20042CEF2000288543D
:1045B0000BE0009800019DF8071001F00F014EF686
:1045C0001452CEF200028854FFE702B07047000098
:1045D00083B00290029800F0070000904EF60C5154
:1045E000CEF200010868019001984FF6FF021040DA
:1045F00001900198009A40EA02200022C0F2FA528B
:10460000104301900198086003B0704780B582B0F4
:1046100001900091009843F6B421C2F200010860B5
:1046200001204860002088600198EDF791FD18B1E5
:10463000FFE7EDF775FBFFE70198EDF7E9FF01985C
:104640000A21EDF74FFF0198EDF78EFE80B202B020
:1046500080BD000080B5A0B08DED030ACDED020A4B
:1046600001909DED020AB5EE400AF1EE10FA40F31A
:10467000A280FFE79DED030A9DED021A80EE010A7C
:104680008DED0D0A00200C900B909DED0D0AB5EEFE
:10469000400AF1EE10FA09DAFFE701200C909DEDD7
:1046A0000D0AB1EE400A8DED0D0AFFE79DED0D0AF2
:1046B000B7EE001AB4EE410AF1EE10FA39DDFFE769
:1046C0009DED0D1AB7EE000A80EE010A8DED0D0A80
:1046D0000D98109049F2A520CBF604500F900120C0
:1046E0000E900E90FFE70E98092819DCFFE79DED6C
:1046F000100A9DED0F2A0E98C0F109014AF6A0306C
:10470000C0F6010000EB810090ED001A20EE020AD5
:1047100030EE010A8DED0F0A0E9801300E90E2E79F
:104720009DED0F1A9FEDD90A30EE410A8DED0B0A6F
:1047300030E00D98139049F2A520CBF6045012906A
:10474000012011901190FFE71198092819DCFFE76B
:104750009DED130A9DED122A1198C0F109014AF648
:10476000A030C0F6010000EB810090ED001A20EEB1
:10477000020A30EE010A8DED120A119801301190F3
:10478000E2E79DED121A9DED0B0A30EE010A8DED68
:104790000B0AFFE70C9838B1FFE79DED0B0AB1EE6D
:1047A000400A8DED0B0AFFE70B9801990860002085
:1047B0008DF81300BCE19DED020AB5EE400AF1EE62
:1047C00010FA80F28481FFE79DED030AB5EE400AFE
:1047D000F1EE10FA40F3A580FFE79DED030A9DED91
:1047E000021A80EE010A8DED0A0A00200990089055
:1047F0009DED0A0AB5EE400AF1EE10FA09DAFFE77C
:10480000012009909DED0A0AB1EE400A8DED0A0AD9
:10481000FFE79DED0A0AB7EE001AB4EE410AF1EE89
:1048200010FA39DDFFE79DED0A1AB7EE000A80EEB7
:10483000010A8DED0A0A0A98169049F2A520CBF6D6
:1048400004501590012014901490FFE71498092843
:1048500019DCFFE79DED160A9DED152A1498C0F1AD
:1048600009014AF6A030C0F6010000EB810090ED8E
:10487000001A20EE020A30EE010A8DED150A149896
:1048800001301490E2E79DED151A9FEDAB0A30EE72
:10489000410A8DED080A30E00A98199049F2A520E6
:1048A000CBF604501890012017901790FFE7179847
:1048B000092819DCFFE79DED190A9DED182A1798C4
:1048C000C0F109014AF6A030C0F6010000EB8100FA
:1048D00090ED001A20EE020A30EE010A8DED180A62
:1048E000179801301790E2E79DED181A9DED080A20
:1048F00030EE010A8DED080AFFE7099838B1FFE7AD
:104900009DED080AB1EE400A8DED080AFFE79DED26
:10491000080A9FED8B1A30EE010A019880ED000A1B
:10492000D1E09DED030AB5EE400AF1EE10FA80F2F7
:10493000A580FFE79DED030A9DED021A80EE010AB6
:104940008DED070A0020069005909DED070AB5EE53
:10495000400AF1EE10FA09DAFFE7012006909DED1A
:10496000070AB1EE400A8DED070AFFE79DED070A41
:10497000B7EE001AB4EE410AF1EE10FA39DDFFE7A6
:104980009DED071AB7EE000A80EE010A8DED070AC9
:1049900007981C9049F2A520CBF604501B900120EB
:1049A0001A901A90FFE71A98092819DCFFE79DED85
:1049B0001C0A9DED1B2A1A98C0F109014AF6A03085
:1049C000C0F6010000EB810090ED001A20EE020A13
:1049D00030EE010A8DED1B0A1A9801301A90E2E7B9
:1049E0009DED1B1A9FED540A30EE410A8DED050A2C
:1049F00030E007981F9049F2A520CBF604501E9096
:104A000001201D901D90FFE71D98092819DCFFE784
:104A10009DED1F0A9DED1E2A1D98C0F109014AF661
:104A2000A030C0F6010000EB810090ED001A20EEEE
:104A3000020A30EE010A8DED1E0A1D9801301D900C
:104A4000E2E79DED1E1A9DED050A30EE010A8DED9F
:104A5000050AFFE7069838B1FFE79DED050AB1EEBC
:104A6000400A8DED050AFFE79DED050A9FED331A1B
:104A700030EE010A019880ED000A23E0002038B9E9
:104A8000FFE70398FFF75AFD68B913E0DB0FC93F52
:104A9000039805F03BFE41EC100B51EC100BFFF7B7
:104AA00043FD38B1FFE7019940F6DB70CCF24900D5
:104AB000086006E0019940F6DB70C4F24900086026
:104AC000FFE7FFE7FFE700208DF8130030E09DEDE2
:104AD000020AB5EE400AF1EE10FA25D1FFE79DED8E
:104AE000030AB5EE400AF1EE10FA0ADDFFE701997C
:104AF00040F6DB70C3F6C970086000208DF8130023
:104B000016E09DED030AB5EE400AF1EE10FA0ADA5E
:104B1000FFE7019940F6DB70CBF6C9700860002012
:104B20008DF8130004E0FFE7FC208DF81300FFE789
:104B30009DF9130020B080BDDB0FC93FDB0F49C0DA
:104B4000DB0F494089B08DED080A9DED080A9FED05
:104B50003C1A20EE010AB5EE001A30EE010A8DED86
:104B6000050A9DED050ABDEEC00A8DED010A9DED19
:104B7000050AB5EE400AF1EE10FA04DAFFE70198F3
:104B800001380190FFE79DED050A9DED011AB8EE91
:104B9000C11A30EE410A8DED050A9DED050A9FED23
:104BA000291A20EE010A8DED000A9DED000ABDEEE6
:104BB000C00A10EE100AADF81200BDF81200B0F5F0
:104BC000007F0CDBFFE70020ADF812009DED000A2E
:104BD0009FED1D1A30EE010A8DED000AFFE79DEDF5
:104BE000000ABDF8120001EE100AB8EE411A30EECC
:104BF000410A8DED060ABDF812104AF6C830C0F61B
:104C0000010050F821100391BDF8121000EB810053
:104C1000406802909DED061AB7EE000A30EE410A98
:104C20009DED032A9DED023A21EE031A20EE020AC1
:104C300030EE010A8DED070A9DED070A09B07047B5
:104C400083F9223E00000044000000C489B00890AF
:104C5000079106920898406805900798406804906C
:104C60000698406803900898008807990988884248
:104C700015D1FFE7089840880799498888420ED1E6
:104C8000FFE70898008806990988884207D1FFE75E
:104C90000898408806994988884204D0FFE7FD209B
:104CA0008DF8030023E0089908884988484302905A
:104CB00002980190FFE70198A8B1FFE70598011D50
:104CC000059190ED000A0498011D049190ED001AE1
:104CD00030EE010A0398011D039180ED000A01984E
:104CE00001380190E7E700208DF80300FFE79DF908
:104CF000030009B07047000083B00290ADF80610C1
:104D0000ADF804200093BDF8060002990880BDF8B4
:104D100004000299488000980299486003B07047E7
:104D2000BBB03990389139984068379038984068CE
:104D30003690399800883490399840883390002014
:104D4000329031902B9039990888498888420DD14A
:104D5000FFE7389908884988884207D1FFE73998E2
:104D6000008838990988884204D0FFE7FD208DF833
:104D7000A300C8E23698359034982C90FFE72C9821
:104D800058B3FFE734982C99401A2A90FFE72A98E5
:104D900048B1FFE73599081D3590002008602A9832
:104DA00001382A90F3E73599081D35904FF07E5071
:104DB00008602C9801382A90FFE72A9848B1FFE74D
:104DC0003599081D3590002008602A9801382A90EE
:104DD000F3E72C9801382C90D1E700202990FFE7C9
:104DE00029983399884280F05382FFE729982F90C1
:104DF000399948684988299A01FB022100EB810012
:104E00003590359800683290299830902998013073
:104E10002D90FFE72D983499884225D2FFE73999E4
:104E2000486849882D9A299B01FB023100EB8100DB
:104E300035903598006831909DED310AB0EEC00A8A
:104E40009DED321AB0EEC11AB4EE410AF1EE10FA3D
:104E500005DDFFE72D98309031983290FFE7FFE7AE
:104E60002D9801302D90D5E79DED320AB5EE400A20
:104E7000F1EE10FA76D0FFE730982999884271D088
:104E8000FFE7399840682590399840682490399810
:104E90004088239023982999401A22902F9823998B
:104EA000299A00FB0121259800EB8100259030987C
:104EB0002399299A00FB0121249800EB810024907A
:104EC00000202790FFE727982299884213DAFFE70E
:104ED0002598006826902498006825990A1D259237
:104EE0000860269824990A1D24920860FFE72798F5
:104EF00001302790E7E7389840681F90389840685D
:104F00001E90389840881D901D981C902F981D99D0
:104F100041431F9800EB81001F9030981D99414339
:104F20001E9800EB81001E9000202190FFE7219841
:104F30001C99884213DAFFE71F98006820901E989A
:104F400000681F990A1D1F92086020981E990A1D6B
:104F50001E920860FFE7219801302190E7E70120C9
:104F60002B90FFE72B9801280CD0FFE79DED320A2C
:104F7000B5EE400AF1EE10FA04D1FFE7FB208DF800
:104F8000EB00C5E19DED321AB7EE000A80EE010A92
:104F90008DED320A399840681A90399840881990F6
:104FA00019982999401A18902F981999299A00FB55
:104FB00001211A9800EB81001A9000201B90FFE756
:104FC0001B981899884210DAFFE79DED321A1A985B
:104FD000011D1A9190ED000A20EE010A80ED000AF1
:104FE000FFE71B9801301B90EAE73898406816905D
:104FF000389840881590159814902F98159941432A
:10500000169800EB8100169000201790FFE7179884
:105010001499884210DAFFE79DED321A1698011DA7
:10502000169190ED000A20EE010A80ED000AFFE7DC
:10503000179801301790EAE700202D90FFE72D9890
:105040002F99884280F08B80FFE73999486849881A
:105050002D9A299B01FB023100EB81003590359898
:1050600000683290399840681290399840681190E1
:1050700039984088109010982999401A0F901298EA
:105080002D99109A514300EB8100299900EB810082
:10509000129011982F99109A514300EB8100299991
:1050A00000EB8100119000201390FFE713980F99F7
:1050B000884217DAFFE79DED321A1198011D119110
:1050C00090ED002A1298011D129190ED000A21EE38
:1050D000021A30EE410A80ED000AFFE71398013012
:1050E0001390E3E7389840680D90389840680C902A
:1050F000389840880B900B980A900D982D990B9A30
:10510000514300EB81000D900C982F990B9A51435D
:1051100000EB81000C9000200E90FFE70E980A999A
:10512000884217DAFFE79DED321A0C98011D0C91A9
:1051300090ED002A0D98011D0D9190ED000A21EED1
:10514000021A30EE410A80ED000AFFE70E980130A6
:105150000E90E3E7FFE72D9801302D906FE72F9831
:1051600001302D90FFE72D983499884280F08B8094
:10517000FFE73999486849882D9A299B01FB02313C
:1051800000EB81003590359800683290399840687E
:10519000089039984068079039984088069006989A
:1051A0002999401A059008982D99069A514300EBC9
:1051B0008100299900EB8100089007982F99069AA1
:1051C000514300EB8100299900EB810007900020FA
:1051D0000990FFE709980599884217DAFFE79DEDE6
:1051E000321A0798011D079190ED002A0898011DB9
:1051F000089190ED000A21EE021A30EE410A80ED8E
:10520000000AFFE7099801300990E3E73898406801
:10521000039038984068029038984088019001982F
:10522000009003982D99019A514300EB810003905F
:1052300002982F99019A514300EB810002900020BF
:105240000490FFE704980099884217DAFFE79DED84
:10525000321A0298011D029190ED002A0398011D57
:10526000039190ED000A21EE021A30EE410A80ED22
:10527000000AFFE7049801300490E3E7FFE72D9868
:1052800001302D906FE7FFE7299801302990A7E5BD
:1052900000208DF8A3002B98012833D0FFE79DED67
:1052A000320AB5EE400AF1EE10FA2BD1FFE7399839
:1052B0004068379000202E90FFE72E983499339A5B
:1052C0005143884212D2FFE737982E9900EB8100B4
:1052D00090ED000AB5EE400AF1EE10FA01D0FFE7BA
:1052E00004E0FFE72E9801302E90E6E72E983499DF
:1052F000339A5143884204D1FFE7FB208DF8A30085
:10530000FFE7FFE7FFE79DF8A3008DF8EB00FFE75D
:105310009DF9EB003BB0704792B008AB0093119041
:1053200010910F92119840680E90109840680D905F
:10533000119840680C90109840680B900F98406846
:105340000A9011980088ADF81E0010984088ADF8BA
:105350001C0011984088ADF81A0000200490BDF898
:105360001E000390119840881099098888420ED138
:10537000FFE7119800880F990988884207D1FFE755
:10538000109840880F994988884204D0FFE7FD2093
:105390008DF807005EE0FFE70A98049900EB8100B2
:1053A0000990BDF81C000590109840680D90FFE72B
:1053B000002008900C980E90BDF81A000290FFE7AC
:1053C0000298D8B1FFE700980E990A1D0E9291ED50
:1053D000000A0D9991ED002A90ED001A20EE020AC4
:1053E00030EE010A80ED000ABDF81C100D9800EBAC
:1053F00081000D90029801380290E1E70898099920
:105400000A1D099208600598013805900B98BDF8AF
:105410001C10059A891A00EB81000D90FFE7059892
:105420000028C5D1FFE70498BDF81C10084404907B
:105430000C98BDF81A1000EB81000C90039801380D
:105440000390FFE703980028A6D1FFE700208DF81E
:105450000700FFE79DF9070012B0704789B0089078
:105460000791069208984068059007984068049054
:105470000698406803900898008807990988884230
:1054800015D1FFE7089840880799498888420ED1CE
:10549000FFE70898008806990988884207D1FFE746
:1054A0000898408806994988884204D0FFE7FD2083
:1054B0008DF8030023E00899088849884843029042
:1054C00002980190FFE70198A8B1FFE70598011D38
:1054D000059190ED000A0498011D049190ED001AC9
:1054E00030EE410A0398011D039180ED000A0198F6
:1054F00001380190E7E700208DF80300FFE79DF9F0
:10550000030009B0704700008AB00990089109981B
:105510004068079008984068069009980088ADF8A0
:10552000120009984088ADF81000BDF812000290F2
:10553000002001900998008808994988884207D17D
:10554000FFE70998408808990988884204D0FFE756
:10555000FD208DF803002BE0FFE70698019900EB92
:1055600081000590BDF810000390FFE7039880B11B
:10557000FFE70798011D0791006805990860BDF8CD
:105580001210059800EB81000590039801380390F4
:10559000ECE7019801300190029801380290FFE792
:1055A00002980028D9D1FFE700208DF80300FFE71B
:1055B0009DF903000AB0704780B588B000208DF8CF
:1055C0001E008DF81D00EBF77FFA80200490EBF7AA
:1055D0002BFC55200590EBF727FC0598EBF724FCF6
:1055E0008DF81E00EBF766FA96200690EBF7A2FA0C
:1055F000EBF76AFA0498EBF717FC0598EBF714FC45
:105600000598EBF711FC8DF81E00EBF753FA06989E
:10561000EBF790FAEBF758FA7E20B621EBF71CFC7B
:10562000EBF748FA5020EBF771FAEBF74DFA0498D4
:10563000EBF7FAFB0598EBF7F7FB0598EBF7F4FBB4
:105640008DF81E00EBF736FA0698EBF773FAEBF7D6
:105650003BFA0498EBF7E8FB0598EBF7E5FB0598B8
:10566000EBF7E2FB8DF81E00EBF724FA0698EBF758
:1056700061FA9DF81E001E2804D0FFE7FF208DF878
:105680001F005CE000208DF81D00FFE79DF81D0065
:10569000052850DCFFE7EBF717FA9DF81D0000EB3B
:1056A000400240F2D010C2F2000003908118805CEA
:1056B0004978EBF7D1FBEBF7FDF996200290EBF779
:1056C00039FAEBF701FA03989DF81D1001EB41013F
:1056D000405C40F08000EBF7A7FB55200190EBF712
:1056E000A3FB0198EBF7A0FB8DF81E00EBF7E2F9A6
:1056F0000298EBF71FFA03999DF81E009DF81D20F4
:1057000002EB42021144497888420DD0FFE79DF830
:105710001D0000EB400140F2D010C2F2000008442E
:1057200080788DF81F000AE0FFE79DF81D0001302A
:105730008DF81D00AAE700208DF81F00FFE79DF8F7
:105740001F0008B080BD000080B586B00020029028
:105750008DF816008DF81500EBF7CCF902980DF1D5
:1057600015010391EBF74EFBEBF7BAF99620049085
:10577000EBF7E0F9EBF7BEF902980399EBF742FB80
:10578000EBF7AEF90498EBF7D5F9EBF7B3F9142082
:10579000B621EBF761FBEBF7A3F95020EBF7B6F975
:1057A000EBF7A8F902980399EBF72CFBEBF798F9C4
:1057B0000498EBF7BFF9EBF79DF902980399EBF723
:1057C00021FBEBF78DF90498EBF7B4F99DF8150080
:1057D0000F2804D0FFE7FF208DF8170053E00020CA
:1057E0008DF81600FFE79DF81600052847DCFFE757
:1057F000EBF780F99DF8160000EB400240F2E21052
:10580000C2F2000001908118805C4978EBF724FB1C
:10581000EBF766F996200090EBF78CF9EBF76AF955
:1058200001989DF8161001EB4101405C0DF1150146
:10583000EBF7E8FAEBF754F90098EBF77BF90199ED
:105840009DF815009DF8162002EB4202114449789C
:1058500088420DD0FFE79DF8160000EB400140F2B2
:10586000E210C2F20000084480788DF817000AE0C8
:10587000FFE79DF8160001308DF81600B3E7002011
:105880008DF81700FFE79DF8170006B080BD0000F7
:1058900080B58AB00990ADF82210079208200590D3
:1058A000002003900490BDF8221001910290099805
:1058B000079A01A96B46ECF7BDFF0AB080BD000056
:1058C00084B003908DF80B10019200208DF8030036
:1058D0009DF80B0002282ED1FFE703980199C870AC
:1058E0000398000A03900398019988700398000AAE
:1058F0000390039800F003008DF803000398C000A4
:105900000390039800F0E0009DF8031008448DF820
:1059100003009DF8030008308DF803009DF8030094
:1059200000F0EB00019948700398000A0390039877
:105930000199087011E00199002088700199C870E0
:105940000398400103900398019948700398000A56
:105950000390039801990870FFE704B070470000B6
:1059600084B08DF80F008DF80E108DF80D208DF895
:105970000C300020029001909DF80C0000F0030014
:105980008DF803009DF80C0040098DF802009DF889
:105990000D00C000019001989DF80210084401908C
:1059A00001988000019001989DF80310084401902F
:1059B00001980002019001989DF80F100844019091
:1059C00001980002019001989DF80E100844019082
:1059D00001980290029804B07047000083B08DF8DF
:1059E0000B008DF80A10002001909DF80B00C000FC
:1059F000009000989DF80A1000EB5110009000985C
:105A00000190019803B0704780B582B00190009179
:105A10000199B1F84200A1F840000098017840785F
:105A200040EA01200199A1F8420000988178C078ED
:105A300040EA012044F62A51C2F200010880009891
:105A40000179407940EA012043F6D021C2F20001F9
:105A50000880019941F65630A1F87A000199B1F811
:105A60004200B1F87A10411A43F6C420C2F2000095
:105A70000180B0F90000B0F5805F09DDFFE743F673
:105A8000C421C2F200010888A0F50050088013E08C
:105A900043F6C420C2F20000B0F9000010F5805FA8
:105AA00009DAFFE743F6C421C2F20001088800F5D5
:105AB00000500880FFE7FFE743F6C420C2F2000071
:105AC000B0F9000000EE100AB8EEC00A9FED511ABE
:105AD00020EE010A019880ED1F0A0198B0F94010EC
:105AE000B0F94200401A10F5805F07DAFFE701992C
:105AF000B1F880000130A1F8800011E00198B0F900
:105B00004010B0F94200401AB0F5805F07DDFFE7B2
:105B10000199B1F880000138A1F88000FFE7FFE7A4
:105B20000198B0F980200021B2F5FA4F0846C8BFAD
:105B3000012012F5FA4FB8BF0121084370B1FFE709
:105B400001990020A1F880000198B0F9421000EE00
:105B5000101AB8EEC00A80ED1B0AFFE70199B1F8F0
:105B60004600A1F8440044F62A50C2F20000B0F901
:105B7000000048F21F51C5F2EB1150FB01F148093A
:105B800000EBD1700199A1F846000198B0F94410DA
:105B9000B0F946009FED200AF6F71EFA0199A1F828
:105BA000460043F6D020C2F20000B0F9000000EE3B
:105BB000100AB8EEC00A9FED191A80EE010A01988A
:105BC00080ED130A0098807900EE100AB8EE400AC2
:105BD000019880ED0F0A0098C07900EE100AB8EE27
:105BE000400A019880ED0E0A0198B0F94210B0F910
:105BF0008020520300EE102AB8EEC00A01EE101AFF
:105C0000B8EEC11A30EE010ABDEEC00A80ED210ADD
:105C100002B080BD5839343D0000FA43CDCC4C442D
:105C200080B588B00790ADF81A108DED050ACDED5E
:105C3000040A8DED031ACDED021A9DED050A9FEDC4
:105C4000251A20EE010ABDEEC00A10EE100AADF8CA
:105C500006009DED040A20EE010ABDEEC00A10EE1A
:105C6000100AADF804009DED030A20EE010ABDEE16
:105C7000C00A10EE100AADF802009DED020A20EEF7
:105C8000010ABDEEC00A10EE100AADF800009DF842
:105C9000070043F6D222C2F2000210709DF80600FF
:105CA00050709DF8050090709DF80400D0709DF82C
:105CB000030010719DF8020050719DF80100907171
:105CC0009DF80000D0710798BDF81A10FFF7E0FDAD
:105CD00008B080BD0000A03A85B0049004988169A6
:105CE000806A00EE101A01EE100A20EE010AB5EEED
:105CF000400AF1EE10FA40F39180FFE704988069C2
:105D000000EE100AB5EE400AF1EE10FA07DDFFE7EB
:105D10000498806900EE100A8DED030A08E00498EB
:105D2000806980F0004000EE100A8DED030AFFE765
:105D30009DED030A0498406D01EE100AB4EE410A8D
:105D4000F1EE10FA01DCFFE768E00498806900EEEC
:105D5000100AB5EE400AF1EE10FA07DDFFE70498ED
:105D6000806900EE100A8DED020A08E0049880694F
:105D700080F0004000EE100A8DED020AFFE79DED75
:105D8000020A0498016D406D01EE101A02EE100A2D
:105D900031EE021AB4EE410AF1EE10FA39DCFFE7F7
:105DA00004998869096D00EE101A8DED010A00EE64
:105DB000100AB5EE400AF1EE10FA07DDFFE704988D
:105DC000806900EE100A8DED000A08E004988069F1
:105DD00080F0004000EE100A8DED000AFFE79DED17
:105DE000010A9DED001A30EE410A0499086B0A6D14
:105DF0004B6D01EE103A30EE010A01EE102A80EEF2
:105E0000011A00EE100A20EE010A10EE100A0863D3
:105E100003E0049900200863FFE7FFE705B070473F
:105E200082B001900198816A006B00EE101A01EEB9
:105E3000100A30EE010A43F6E820C2F2000080EDBD
:105E4000000A0198426A816AC06A00EE102A01EED7
:105E5000101A30EE010A01EE100A30EE010A43F684
:105E6000EC20C2F2000080ED000A90ED000AB5EED1
:105E7000400AF1EE10FA09DDFFE743F6EC20C2F22A
:105E8000000090ED000A8DED000A0AE043F6EC20D8
:105E9000C2F2000090ED000AB1EE400A8DED000A5A
:105EA000FFE79DED000A0198006C01EE100AB4EEC8
:105EB000410AF1EE10FA14DDFFE701988169806A6A
:105EC00000EE101A01EE100A20EE010AB5EE400AAB
:105ED000F1EE10FA04DDFFE7019900200863FFE707
:105EE000FFE743F6E820C2F2000090ED000A0198B7
:105EF000406C01EE100AB4EE410AF1EE10FA07DD33
:105F0000FFE70199002008630199486C8862FFE768
:105F100043F6E820C2F2000090ED000A0198406CC0
:105F200080F0004001EE100AB4EE410AF1EE10FAE2
:105F300009DAFFE70199002008630199486C80F0B5
:105F400000408862FFE702B07047000081B0009017
:105F50000098416B006C00EE101A01EE100AB4EECE
:105F6000410AF1EE10FA04DDFFE70099086C48637E
:105F7000FFE70098416B006C00EE101A80F00040C3
:105F800001EE100AB4EE410AF1EE10FA06DAFFE76C
:105F90000099086C80F000404863FFE701B070474B
:105FA00081B000900098416B006C00EE101A01EE79
:105FB000100A9FED2B2A21EE021AB4EE410AF1EEEF
:105FC00010FA0EDBFFE70098006820F0004000EEBA
:105FD000100A9FED241AB4EE410AF1EE10FA01DA2C
:105FE000FFE73BE000980168006901EE101A00EE3F
:105FF000100A31EE400AB0EEC00AB0EEC11A80EECF
:10600000010A9FED191AB4EE410AF1EE10FA0DDD06
:10601000FFE70099D1F89920D1F89D00013240F1B5
:106020000000C1F89920C1F89D0006E00099002009
:10603000C1F89D00C1F89900FFE70098D0F89910C9
:10604000D0F89D0040F2F512891A70F1000005D3D6
:10605000FFE70099012081F8A100FFE701B0704738
:106060006F12833A17B7D1383333733F81B0009042
:106070000099D1F808C08B69CA69D1F8900000EE88
:1060800010CA01EE103A02EE102A31EE021AB0EEFA
:10609000002A81EE021A20EE010A01EE100A20EE1B
:1060A000010A10EE100A086301B0704780B584B091
:1060B00003A801900020ADF80A0043F63060C2F258
:1060C00000000821FEF7A2FA01460198ADF80A1077
:1060D000BDF80A1000EE101AB8EE400A40F2CC11DA
:1060E000C2F2000191ED001A20EE010A9FED041AA0
:1060F00020EE010A80ED000A90ED000A04B080BD98
:106100005D74214180B58CB0DDF838C00A900991EA
:106110000892079343F60B30C2F200000078012882
:106120000DD0FFE708980E99F4F7A4FD43F60B3164
:10613000C2F20001087000208DF82F00E5E00898F9
:1061400041F2CE41405A0A99A1F84E000A98B0F99E
:106150004C00B0F5805F08DDFFE70A99B1F84C000C
:10616000A0F50050A1F84C000FE00A98B0F94C00DF
:1061700010F5805F08DAFFE70A99B1F84C0000F5E6
:106180000050A1F84C00FFE7FFE70A98006A089961
:1061900041F2647288500A98C06A089941F2F44248
:1061A000885009980078002842D1FFE7079890EDC1
:1061B0000E0A9FED581A20EE010A089841F2647108
:1061C000084480ED000A079890ED110A20EE010ABC
:1061D000089841F2F441084480ED000A43F2AC51C2
:1061E000C2F20001002006900873487343F67860FD
:1061F000C2F20000059040F2FE31DFED471AB0EE2A
:10620000610AF0EE610AB0EE611AFFF709FD059828
:10621000069B69464B600B604FF400711A46EBF722
:10622000A7FA069843F60A31C2F200010870FFE7A8
:10623000089941F610000844079A92ED0E0A9FED66
:10624000351A8DED031A20EE010A41F264721144F1
:10625000D1ED000AF6F7E4F8089941F6BA000844CF
:10626000079A92ED040A9FED2D1A8DED041A20EE87
:10627000010A41F644021144D1ED000AF6F7D0F8C4
:106280009DED031A089901F5AD50079A92ED110A98
:1062900020EE010A41F2F4421144D1ED000AF6F772
:1062A000BFF89DED041A089941F24A600844079A24
:1062B00092ED050A20EE010A41F2D4521144D1EDCB
:1062C000000AF6F7ADF8089841F27E61415844F6AD
:1062D0003C50C2F200000160089941F6EE02895874
:1062E000416090ED000AD0ED010A43F67860C2F2F9
:1062F000000040F2FE31DFED081AB0EE611AFFF740
:106300008FFC01208DF82F00FFE79DF82F000CB0C7
:1063100080BD00BF610BB641000000000000C84214
:1063200080B582B08DED010A4FF07E5000909DED5A
:10633000010AF8F7B3FCB0EE401A9DED000A80EEBA
:10634000010A8DED000A9DED000A02B080BD00003B
:1063500080B582B000200190EDF7F2FFF8F7AEFEB5
:10636000F5F70EF8F4F7CAFEF4F766FEF4F78CFEC4
:10637000F5F71CF9F5F730FBF5F794FBF4F7ACFEF5
:10638000F5F766F9F5F768FBF5F78CFAF4F7D4FD45
:10639000F4F712FEF5F7F2FAF5F732F9F5F73CFBF0
:1063A000F5F79EF9F5F73CFAF4F72AFF00F042F80A
:1063B000FFE7FEE782B0ADF8060000200090BDF9CF
:1063C0000600842807D0FFE7BDF9060000990844BD
:1063D00003300090FFE7009802B0704780B584B0AA
:1063E000039003980290029818B1FFE70298019079
:1063F00002E001200190FFE7019801F04BFB002033
:1064000004B080BD80B586B00590049104980390D7
:1064100005980290039818B1FFE70398019002E0F5
:1064200001200190FFE70298019901F06BFB002029
:1064300006B080BD80B501F055FC002080BD000095
:10644000B0B590B00E900D910E98406938B3FFE74B
:106450000E98806918B3FFE70E98016808914168AB
:106460000B91016909910D990A91B0F90800FFF7A4
:10647000A1FF0899099A0A9B84460B98DDF838E039
:10648000DEF81440DEF81850EE46CEF80850CEF88C
:106490000440CEF800C002F005FA0C9020E00E98FF
:1064A0000168049141680791018A05910D9906914F
:1064B000B0F90800FFF77EFF0499059A069B844611
:1064C0000798EE460CACCEF80440CEF800C002F0BF
:1064D00099F9012803D0FFE700200F9003E0FFE7C0
:1064E0000C980F90FFE70F9810B0B0BD80B584B046
:1064F000039002914BF2D000C2F2000000680090BD
:1065000044F65440C2F200000268002182F85210A2
:106510000068043001F076F888B9FFE744F654408B
:10652000C2F200000068C16A012000FA01F24AF6D6
:106530007851C2F2000108689043086000E0FFE76C
:106540000398013080B9FFE7029868B1FFE744F68D
:106550005440C2F200000068011D4BF2A800C2F2D4
:10656000000001F0F5F83DE000980399084401901F
:10657000019844F65441C2F200010968486001984C
:10658000009988420ED2FFE744F66440C2F2000050
:10659000006844F65441C2F200010968043101F078
:1065A000A1F81EE044F65C40C2F20000006844F628
:1065B0005441C2F200010968043101F093F80198D6
:1065C0004BF23401C2F200010968884207D2FFE7AA
:1065D00001984BF23401C2F20001086000E0FFE7CD
:1065E000FFE7FFE704B080BD80B582B0019001F005
:1065F000D7F84AF66851C2F2000108680130086015
:1066000044F65440C2F20000006898B9FFE70198D0
:1066100044F65441C2F2000108604AF66850C2F2E2
:1066200000000068012803D1FFE700F0EBFA00E06A
:10663000FFE71CE04BF29C00C2F200000068A0B92A
:10664000FFE744F65440C2F200000068C06A0199B6
:10665000C96A884207D8FFE7019844F65441C2F25C
:106660000001086000E0FFE700E0FFE7FFE74AF60F
:106670007451C2F200010868013008600198C16AD3
:10668000012000FA01F24AF67851C2F200010868CE
:10669000104308600199C86A00EB800244F66C4020
:1066A000C2F2000000EB8200043101F051F801F069
:1066B000A3F84BF29C00C2F200000068C8B1FFE7EB
:1066C00044F65440C2F200000068C06A0199C96AE9
:1066D00088420CD2FFE74EF60451CEF200014FF093
:1066E00080500860BFF34F8FBFF36F8F00E0FFE76C
:1066F00000E0FFE702B080BD80B584B001F050F843
:106700004BF2D400C2F200000068002840D1FFE73D
:106710004AF68050C2F20000029000F0C3FF4AF631
:106720009450C2F20000039000F0BCFF029903985D
:1067300044F65842C2F20002116044F66841C2F2C7
:106740000001086069460020086044F66532C2F224
:10675000000244F60843C2F200030A20102101F0AF
:1067600045FC01464BF2D400C2F200000160006813
:1067700060B1FFE74BF2D400C2F2000000684BF2B8
:10678000DD41C0F6010101F029F900E0FFE700E07A
:10679000FFE701F031F804B080BD000080B582B0A1
:1067A000FFE74AF66C50C2F20000006808B3FFE74A
:1067B00000F0F6FF4BF2BC00C2F20000C068C068F7
:1067C00001900198043000F01DFF4AF66851C2F2B2
:1067D00000010868013808604AF66C51C2F20001F5
:1067E00008680138086001F007F8019800F08CF89B
:1067F000D7E702B080BD000080B582B00190009163
:106800000198006CB8B1FFE70199C8680A6C1044A0
:10681000C86001988168C068884204D3FFE7019985
:106820000868C86000E0FFE70098019AD168126C20
:10683000E9F7B2FDFFE702B080BD000080B586B089
:10684000059004910392002002900598806B0190BE
:106850000598006C78B9FFE70598006848B9FFE72C
:106860000598806802F088F90290059900208860F8
:1068700000E0FFE741E00398B8B9FFE7059A049903
:106880005068126CE9F788FD059948680A6C104455
:106890004860059948688968884204D3FFE70599EC
:1068A0000868486000E0FFE726E0059A0499D06890
:1068B000126CE9F771FD0599C8680A6C801AC86006
:1068C00005980168C068884206D2FFE70599886884
:1068D0000A6C801AC86000E0FFE70398022809D11B
:1068E000FFE7019820B1FFE701980138019000E02F
:1068F000FFE700E0FFE7FFE7FFE7019801300599B8
:106900008863029806B080BD80B582B00090009880
:1069100090F8510040B9FFE70098006B00F092FF3B
:10692000009800F08FFF1CE0009890F851000128BB
:1069300004D1FFE7009800F085FF11E0009890F87F
:10694000510002280BD0FFE74FF0500080F3118870
:10695000BFF36F8FBFF34F8F0190FFE7FEE7FFE7B5
:10696000FFE702B080BD000082B0019044F65840BD
:10697000C2F2000000680068B0FA80F04009019996
:1069800008600198006848B9FFE744F65840C2F231
:1069900000000068C0680068009002E000200090DD
:1069A000FFE7009802B0704784B04FF4C0400090F9
:1069B00044F65E50C2F2000001909DF804004007CA
:1069C00088B1FFE7019807300190019820F0070097
:1069D0000190019A44F65E51C2F200010098891AB2
:1069E00008440090FFE70198029002994BF2A00042
:1069F000C2F200000160002141600298009A104438
:106A00000190019808380190019820F0070001904A
:106A1000019A44F66040C2F20000026002685160D0
:106A200002681160029903910199039A891A5160D1
:106A3000006803990860039840684BF23001C2F285
:106A400000010860039840684AF6D451C2F2000180
:106A500008604AF6A851C2F200014FF000400860F9
:106A600004B0704780B582B00190FFE7FFF796FE53
:106A700044F66C40C2F20000006802280CD3FFE725
:106A80004EF60451CEF200014FF080500860BFF383
:106A90004F8FBFF36F8F00E0FFE7E7E780B584B06B
:106AA000DDF818C00390029101928DF8033002982E
:106AB00018B9FFE70698006003E00198069908609E
:106AC000FFE703980699C863029806990864069838
:106AD000012101F013FB04B080BD000080B588B037
:106AE000DDF834C0DDF830C0DDF82CC0DDF828C09A
:106AF00006900591049203930C98006B0499890009
:106B0000A522E9F7C0FC0C98006B049900EB81000A
:106B100004380290029820F0070002909DF80800C7
:106B2000400758B1FFE74FF0500080F31188BFF3E2
:106B30006F8FBFF34F8F0790FFE7FEE70598F8B11F
:106B4000FFE700200190FFE701980F2813D8FFE727
:106B50000598019A805C0C99114481F834000598DD
:106B60000199405C08B9FFE705E0FFE7FFE70198FE
:106B700001300190E8E70C99002081F8430004E01F
:106B80000C99002081F83400FFE70A98072803D306
:106B9000FFE706200A9000E0FFE70A980C99C86218
:106BA0000A980C9948640C990020009088640C980D
:106BB000043000F08FFD0C98183000F08BFD009829
:106BC0000C9909610A99C1F107010C9A91610C991C
:106BD00049620C99C8640C9981F850000C9981F8AD
:106BE000520002980699039A00F0D0FC0C990860B4
:106BF0000B9820B1FFE70C980B99086000E0FFE7C5
:106C000008B080BD80B584B000200390FFE70398F2
:106C1000062810D8FFE7039800EB800144F66C408B
:106C2000C2F2000000EB810000F03CFDFFE703989A
:106C300001300390EBE74AF6AC50C2F2000001903D
:106C400000F030FD4AF6C050C2F20000029000F0A1
:106C500029FD4BF24800C2F2000000F023FD4BF288
:106C6000BC00C2F2000000F01DFD4BF2A800C2F211
:106C7000000000F017FD0199029844F65C42C2F250
:106C80000002116044F66441C2F20001086004B0E1
:106C900080BD000083B002904BF2A000C2F2000061
:106CA0000190FFE7019800680299884205D2FFE74A
:106CB000FFE7019800680190F4E7019800900098C0
:106CC0000199496808440299884209D1FFE702986E
:106CD000426801994868104448600198029000E0B9
:106CE000FFE70298009000980299496808440199CA
:106CF0000968884220D1FFE70198006844F66041A6
:106D0000C2F20001096888420DD0FFE701980068CF
:106D10004268029948681044486001980068006819
:106D20000299086007E044F66040C2F20000006883
:106D300002990860FFE704E0019800680299086082
:106D4000FFE701980299884204D0FFE70298019971
:106D5000086000E0FFE703B07047000080B586B030
:106D600005900491039202930020019004980599E4
:106D700048600598006104980399884216D8FFE797
:106D800003980299401A05998969884203D3FFE75D
:106D90000120019009E044F66840C2F2000000685A
:106DA0000599043100F09EFCFFE717E00398029973
:106DB000884208D2FFE704980299884203D3FFE78C
:106DC0000120019009E044F65840C2F2000000683A
:106DD0000599043100F086FCFFE7FFE7019806B053
:106DE00080BD000080B582B0019000F0D9FC019810
:106DF000806B18B9FFE70120009002E000200090AE
:106E0000FFE700F0F9FC009802B080BD80B582B0C9
:106E1000019000F0C5FC0198806B0199C96B884214
:106E200003D1FFE70120009002E000200090FFE77F
:106E300000F0E2FC009802B080BD00000848006845
:106E4000006880F308884FF0000080F3148862B671
:106E500061B6BFF34F8FBFF36F8F00DF00BF00003D
:106E600008ED00E080B586B00490039144F65840E8
:106E7000C2F200000068C068C06801900198043048
:106E800000F0C0FB019890F824004007002823D5AB
:106E9000FFE70198049B81691944039AFFF75EFF9D
:106EA000C0B1FFE70198049A694600230B601946B8
:106EB00002F056F80290029858B9FFE74FF05000E0
:106EC00080F31188BFF36F8FBFF34F8F0590FFE7FB
:106ED000FEE700E0FFE707E0019991F8240000F0E9
:106EE000FE0081F82400FFE70198016A884706B098
:106EF00080BD000080B58EB0FFE74BF2D400C2F237
:106F00000000006807A9002201F012FB002800F031
:106F1000B880FFE70798B0F1FF3F17DCFFE707A84D
:106F200004300290029858B9FFE74FF0500080F308
:106F30001188BFF36F8FBFF34F8F0D90FFE7FEE710
:106F400002990A6848688968904700E0FFE7079857
:106F5000002800F19580FFE709980690069840699F
:106F600028B1FFE70698043000F04CFB00E0FFE793
:106F700005A800F0FBF8039007980190092800F29B
:106F80007D800199DFE801F00505053D45660505B1
:106F90003D45069991F8240040F0010081F8240055
:106FA0000698089B81691944039AFFF7D7FE30B30E
:106FB000FFE70698016A8847069890F82400400782
:106FC00000281AD5FFE70698089982690A4469469D
:106FD00000230B60194601F0C3FF0490049858B9D0
:106FE000FFE74FF0500080F31188BFF36F8FBFF3BE
:106FF0004F8F0C90FFE7FEE700E0FFE700E0FFE7C0
:107000003DE0069991F8240000F0FE0081F824008C
:1070100035E0069991F8240040F0010081F8240041
:107020000898069988610698806958B9FFE74FF07B
:10703000500080F31188BFF36F8FBFF34F8F0B9019
:10704000FFE7FEE70698039B816919441A46FFF79C
:1070500085FE14E0069890F824008007002804D4E8
:10706000FFE7069800F0EEFB07E0069991F8240090
:1070700000F0FE0081F82400FFE700E0FFE7FFE7F3
:107080003BE70EB080BD000080B584B00390029154
:1070900000F098FE684600F069F801900098D8BBAF
:1070A000FFE7029860B9FFE703980199884207D883
:1070B000FFE701F04FFE03980199FFF7D3FE2AE0A6
:1070C000029858B1FFE744F66840C2F20000006839
:1070D0000068B0FA80F040090290FFE74BF2D4005C
:1070E000C2F2000000680399019A891A029A00F01E
:1070F0009FFC01F02FFE60B9FFE74EF60451CEF27F
:1071000000014FF080500860BFF34F8FBFF36F8FC7
:1071100000E0FFE7FFE702E001F01CFEFFE704B03C
:1071200080BD000081B044F65C40C2F200000068FF
:10713000006840B9FFE74BF23401C2F200014FF0A2
:10714000FF3008600FE044F65C40C2F200000068C7
:10715000C068C0680090009840684BF23401C2F2E9
:1071600000010860FFE701B07047000080B582B001
:10717000019001F01BFC0090009844F65041C2F2CF
:1071800000010968884206D2FFE700F011F8019972
:107190000120086003E0019900200860FFE70098E3
:1071A00044F65041C2F200010860009802B080BD70
:1071B00080B588B0FFE744F65840C2F2000000688E
:1071C000006800284ED0FFE744F65840C2F20000A5
:1071D0000168C968096806910068C068C0680390C2
:1071E0000398043000F00EFA0398016A8847039868
:1071F00090F824004007002832D5FFE7069803994D
:107200008969084405900598069988420FD9FFE7D7
:107210000598039948600398006144F65840C2F20B
:10722000000000680399043100F05CFA17E003984D
:10723000069A694600230B60194601F091FE029000
:10724000029858B9FFE74FF0500080F31188BFF360
:107250006F8FBFF34F8F0790FFE7FEE7FFE700E078
:10726000FFE7A8E744F65842C2F200021068049013
:1072700044F66841C2F20001086810600498086092
:1072800008B080BD83B00020009040F2C810C2F268
:1072900000000068013058B1FFE74FF0500080F364
:1072A0001188BFF36F8FBFF34F8F0290FFE7FEE7A8
:1072B0004FF0500080F31188BFF36F8FBFF34F8FF3
:1072C0000190FFE7009808B9FFE7FBE703B07047BC
:1072D00080B584B00390FFE701A8FFF745FB02905B
:1072E00002980199FFF7D0FEFFF704FEF4E70000D3
:1072F00080B582B0019000F053FA019890F84500F3
:107300008DF80300FFE79DF90300012816DBFFE776
:107310000198406A58B1FFE70198243001F0B8FCA9
:1073200018B1FFE700F08AFC00E0FFE700E005E0AD
:107330009DF8030001388DF80300E4E70199FF2070
:1073400081F8450000F058FA00F02AFA019890F808
:1073500044008DF80200FFE79DF90200012816DBCA
:10736000FFE70198006980B1FFE70198103001F054
:107370008FFC18B1FFE700F061FC00E0FFE79DF82B
:10738000020001388DF8020000E000E0E4E7019916
:10739000FF2081F8440000F02FFA02B080BD000009
:1073A00080B58AB006900020029000F00BFD44F6F4
:1073B0006040C2F20000006818B9FFE7FFF7F4FA76
:1073C00000E0FFE706984AF6A851C2F200010968FA
:1073D000084240F0C580FFE7069800B3FFE7069833
:1073E000083006909DF818004007B0B1FFE70698F6
:1073F00020F00700083006909DF81800400758B1AB
:10740000FFE74FF0500080F31188BFF36F8FBFF399
:107410004F8F0990FFE7FEE700E0FFE700E0FFE79E
:107420000698002800F09A80FFE706984AF6D451A3
:10743000C2F200010968884200F29080FFE74BF237
:10744000A000C2F20000049000680590FFE70598D4
:107450004168069A00209142019007D2FFE7059803
:107460000068002818BF01200190FFE70198C007BD
:1074700030B1FFE705980490059800680590E6E7AD
:10748000059844F66041C2F200010968884263D061
:10749000FFE7049800680830029005980068049996
:1074A0000860059840680699401A112821D3FFE723
:1074B00005980699084403909DF80C00400758B1C0
:1074C000FFE74FF0500080F31188BFF36F8FBFF3D9
:1074D0004F8F0890FFE7FEE7059840680699401A2D
:1074E000039948600698059948600398FFF7D2FB16
:1074F00000E0FFE7059842684AF6D450C2F2000067
:107500000168891A016000684BF23001C2F2000183
:10751000096888420BD2FFE74AF6D450C2F2000055
:1075200000684BF23001C2F20001086000E0FFE7A2
:107530004AF6A850C2F20000026805994868104354
:1075400048600599002008604BF23C01C2F200013E
:1075500008680130086000E0FFE700E0FFE700E0B6
:10756000FFE701F0F7FB9DF80800400758B1FFE77F
:107570004FF0500080F31188BFF36F8FBFF34F8F30
:107580000790FFE7FEE702980AB080BD83B0029043
:107590000191009202980438029002994FF0807095
:1075A0000860029804380290019820F001000299C6
:1075B0000860029804380290029947F28520C0F6CC
:1075C000010008600298143802900098029908603F
:1075D00002980438029002996FF002000860029845
:1075E00020380290029803B07047000080B582B046
:1075F0000190002000900198FFF7D2FE00900098C3
:1076000002B080BD82B0019001980069009001989D
:107610004168806888600199486889684860009876
:1076200040680199884205D1FFE701988068009978
:10763000486000E0FFE701990020086100990868B0
:10764000013808600098006802B0704783B002906B
:107650000191009202994AF6DC70C2F200000860C3
:1076600001994AF6D850C2F20000086000998020C3
:10767000086003B07047000083B00290019100924F
:1076800002994BF2DC40C2F20000086001994BF213
:10769000D800C2F20000086000994FF480700860C2
:1076A00003B0704781B00090009901F10800486074
:1076B00000994FF0FF308860009901F10800C86020
:1076C000009901F10800086100990020086001B0EC
:1076D0007047000081B0009000990020086101B05F
:1076E0007047000084B003900291029800680090F7
:1076F0000098013020B9FFE703980069019010E07D
:10770000039808300190FFE70198406800680099ED
:10771000884205D8FFE7FFE7019840680190F3E74A
:10772000FFE70198406802994860029841688860C4
:10773000019802998860029801994860039802991B
:107740000861039908680130086004B070470000C0
:1077500083B00290019102984068009000980199CE
:10776000486000988068019988600198009989684C
:10777000486001980099886002980199086102990F
:1077800008680130086003B070470000DFF80C00A3
:10779000016841F4700101607047000088ED00E06D
:1077A00082B04FF0500080F31188BFF36F8FBFF3AA
:1077B0004F8F019040F2C810C2F200000168013101
:1077C00001600068012814D1FFE74EF60450CEF2A4
:1077D00000000068000658B1FFE74FF0500080F34A
:1077E0001188BFF36F8FBFF34F8F0090FFE7FEE765
:1077F000FFE702B07047000082B040F2C810C2F24A
:107800000000006858B9FFE74FF0500080F311887E
:10781000BFF36F8FBFF34F8F0090FFE7FEE740F29B
:10782000C810C2F20000016801390160006830B977
:10783000FFE700200190019880F31188FFE702B074
:107840007047000080B586B00390039802900398BB
:1078500000285CD0FFE70298083802900298019057
:10786000019840684AF6A851C2F20001096808422E
:107870000BD1FFE74FF0500080F31188BFF36F8FFB
:10788000BFF34F8F0590FFE7FEE70198006858B1FE
:10789000FFE74FF0500080F31188BFF36F8FBFF305
:1078A0004F8F0490FFE7FEE7019840684AF6A85121
:1078B000C2F200010968084227D0FFE7019800687A
:1078C00008BBFFE74AF6A850C2F20000026801991F
:1078D00048689043486000F075FA019842684AF69B
:1078E000D451C2F200010868104408600198FFF703
:1078F000D1F94BF24001C2F2000108680130086082
:1079000001F028FA00E0FFE700E0FFE7FFE706B03C
:1079100080BD00004EF21001CEF200010020086090
:107920004EF21802CEF20002106040F2E400C2F201
:107930000000006844F6D352C1F26202A0FB0202CA
:107940004FF0FF3000EB92104EF21402CEF2000224
:10795000106007200860704784B0EFF30580019045
:10796000019810281ED3FFE701984EF2F031CEF2B5
:107970000001405C8DF803009DF803004AF65E515B
:10798000C2F20001097888420BDAFFE74FF050009D
:1079900080F31188BFF36F8FBFF34F8F0390FFE722
:1079A000FEE7FFE74EF60C50CEF20000006800F450
:1079B000E0604AF66051C2F20001096888420BD9C2
:1079C000FFE74FF0500080F31188BFF36F8FBFF3D4
:1079D0004F8F0290FFE7FEE704B0704783B002903C
:1079E000019100200090FFE7009807281DD8FFE7CD
:1079F00000994BF25C00C2F2000050F8310070B9FF
:107A0000FFE70198009A4BF25C01C2F2000141F8D5
:107A100032000298009A01EBC201486005E0FFE7DE
:107A2000FFE7009801300090DEE703B070470000E8
:107A300080B584B003900291019203980090FFF703
:107A4000AFFE009890F94400013028B9FFE7009993
:107A5000002081F84400FFE7009890F945000130CC
:107A600028B9FFE70099002081F84500FFE7FFF7FC
:107A7000C3FE0098806B38B9FFE700982430029964
:107A8000019A00F005F900E0FFE70098FFF730FCED
:107A900004B080BD80B584B00290002001900298AF
:107AA000E0B1FFE74AF67050C2F20000006858B13A
:107AB000FFE74FF0500080F31188BFF36F8FBFF3E3
:107AC0004F8F0390FFE7FEE700F07CF9029800215A
:107AD000FEF70CFD01F03EF9019000E0FFE7019890
:107AE00060B9FFE74EF60451CEF200014FF080502E
:107AF0000860BFF34F8FBFF36F8F00E0FFE704B064
:107B000080BD000080B58AB00690059100200290EB
:107B1000069858B9FFE74FF0500080F31188BFF383
:107B20006F8FBFF34F8F0990FFE7FEE7059858B9B5
:107B3000FFE74FF0500080F31188BFF36F8FBFF362
:107B40004F8F0890FFE7FEE74AF67050C2F2000040
:107B5000006858B1FFE74FF0500080F31188BFF381
:107B60006F8FBFF34F8F0790FFE7FEE700F02AF912
:107B70004BF2D000C2F20000006801900698006845
:107B8000059908440490019806990968884210D222
:107B9000FFE7049806990968884208D2FFE704982D
:107BA0000199884203D9FFE70120029000E0FFE736
:107BB0000FE0049806990968884205D3FFE7049806
:107BC0000199884203D9FFE70120029000E0FFE716
:107BD000FFE7049806990860029838B1FFE7049817
:107BE0000199401A0021FEF781FC00E0FFE701F057
:107BF000B1F80390039860B9FFE74EF60451CEF256
:107C000000014FF080500860BFF34F8FBFF36F8FBC
:107C100000E0FFE70AB080BD81B000904BF2380071
:107C2000C2F200000068009908604BF2D000C2F276
:107C3000000000680099486001B070474BF2305175
:107C4000C2F20001012008607047000080B584B0D6
:107C500002900191029858B9FFE74FF0500080F36D
:107C60001188BFF36F8FBFF34F8F0390FFE7FEE7DD
:107C7000029844F65441C2F2000109681831FFF736
:107C800031FD01980121FEF731FC04B080BD0000F8
:107C900080B584B0029001910092029858B9FFE734
:107CA0004FF0500080F31188BFF36F8FBFF34F8FF9
:107CB0000390FFE7FEE7029844F65441C2F2000148
:107CC00009681831FFF744FD009820B1FFE74FF035
:107CD000FF300190FFE701980099FEF707FC04B020
:107CE00080BD000080B58AB000200390069005900A
:107CF00006A805A904AAFFF7A9FC039B049A059905
:107D0000DDF818C06846C0F808C04160036046F658
:107D10006520C0F601004BF2D841C0F6010100F029
:107D2000C1FD01464AF6D870C2F200000160006849
:107D300018B1FFE70120079002E000200790FFE75D
:107D40000798012804D1FFE701F0C0F8079000E090
:107D5000FFE70798012823D1FFE74FF0500080F399
:107D60001188BFF36F8FBFF34F8F09904BF234012F
:107D7000C2F200014FF0FF3008604BF29C01C2F2EA
:107D80000001012008604BF2D001C2F20001002086
:107D9000086000F07FF808B1FFE700E0FFE70FE0C0
:107DA0000798013058B9FFE74FF0500080F3118871
:107DB000BFF36F8FBFF34F8F0890FFE7FEE7FFE73A
:107DC0000AB080BD4AF67051C2F200010868013065
:107DD0000860704785B04AF67050C2F20000006833
:107DE00038B1FFE74BF23051C2F2000101200860C8
:107DF0004DE04BF23051C2F20001002008604AF61B
:107E00007850C2F20000006804900498B0FA80F044
:107E10008DF80F009DF80F00C0F11F000190019830
:107E200000EB800144F66C40C2F2000050F82100E3
:107E300058B9FFE74FF0500080F31188BFF36F8F00
:107E4000BFF34F8F0290FFE7FEE7019800EB800140
:107E500044F66C40C2F2000000EB810000900099F3
:107E6000486840684860009948680831884205D1F0
:107E7000FFE70099486840684860FFE7009840685D
:107E8000C06844F65441C2F200010860FFE705B043
:107E90007047000080B588B04EF60050CEF200006A
:107EA00000684CF27121C4F20F1188420BD1FFE738
:107EB0004FF0500080F31188BFF36F8FBFF34F8FE7
:107EC0000790FFE7FEE74EF60050CEF20000006894
:107ED0004CF27021C4F20F1188420BD1FFE74FF032
:107EE000500080F31188BFF36F8FBFF34F8F069060
:107EF000FFE7FEE74EF20040CEF20000039001786B
:107F00000491FF21017000788DF80B009DF80B00A3
:107F100000F050004AF65E51C2F2000108704AF6C5
:107F20006051C2F2000107200860FFE79DF80B00D6
:107F3000000600280DD5FFE74AF66051C2F20001A5
:107F40000868013808609DF80B0040008DF80B00B0
:107F5000ECE74AF66050C2F20000006803280BD03C
:107F6000FFE74FF0500080F31188BFF36F8FBFF32E
:107F70004F8F0590FFE7FEE74AF66051C2F200011D
:107F8000086800020860086800F4E060086004986F
:107F90004EF20041CEF2000108704EF62051CEF2B2
:107FA0000001086840F470000860086840F0704004
:107FB0000860FFF7AFFC40F2C811C2F200010020D8
:107FC00001900860FFF7E2FB4EF63471CEF200013B
:107FD000086840F040400860FEF730FFFFF7FAFE07
:107FE000FFF750F9019808B080BD000080B590B04F
:107FF00084461298CDF828C00991089207938DF80D
:108000001B000A9858B9FFE74FF0500080F3118821
:10801000BFF36F8FBFF34F8F0F90FFE7FEE7079817
:1080200058B9FFE74FF0500080F31188BFF36F8F0E
:10803000BFF34F8F0E90FFE7FEE7089900200390F3
:1080400031B1FFE70998B0FA80F040090390FFE7EB
:108050000398C00758B1FFE74FF0500080F3118834
:10806000BFF36F8FBFF34F8F0D90FFE7FEE70899C7
:108070000020029031B9FFE70998002818BF0120BD
:108080000290FFE70298C00758B1FFE74FF0500099
:1080900080F31188BFF36F8FBFF34F8F0C90FFE712
:1080A000FEE748200490049848280BD0FFE74FF0E3
:1080B000500080F31188BFF36F8FBFF34F8F0B9089
:1080C000FFE7FEE7049807980590059888B1FFE759
:1080D0000599012081F846000A980999089A9DF8A7
:1080E0001B30DDF814C0EE46CEF800C0FEF7D6FC1B
:1080F00000E0FFE7059810B080BD000080B584B0B7
:108100000290019102980090009858B9FFE74FF053
:10811000500080F31188BFF36F8FBFF34F8F039030
:10812000FFE7FEE7FFF73CFB00990B68C86B0A6CA2
:1081300000FB02308860009900208863009908687D
:10814000486000990B68C86B0A6C013800FB02306C
:10815000C8600099FF2081F84400009981F845002B
:108160000198D0B9FFE700980069A0B1FFE7009837
:10817000103000F08DFD60B1FFE74EF60451CEF2F5
:1081800000014FF080500860BFF34F8FBFF36F8F37
:1081900000E0FFE700E0FFE708E000981030FFF79D
:1081A00081FA00982430FFF77DFAFFE7FFF724FB00
:1081B000012004B080BD000080B592B00C900B91FE
:1081C0000A920993002008900C980490049858B9DA
:1081D000FFE74FF0500080F31188BFF36F8FBFF3BC
:1081E0004F8F1190FFE7FEE70B990020039039B9FC
:1081F000FFE70498006C002818BF01200390FFE7F8
:108200000398C00758B1FFE74FF0500080F3118882
:10821000BFF36F8FBFF34F8F1090FFE7FEE7099911
:1082200000200229029007D1FFE70498C06B0138B3
:1082300018BF01200290FFE70298C00758B1FFE77E
:108240004FF0500080F31188BFF36F8FBFF34F8F53
:108250000F90FFE7FEE700F08DFB01460020019044
:1082600031B9FFE70A98002818BF01200190FFE705
:108270000198C00758B1FFE74FF0500080F3118814
:10828000BFF36F8FBFF34F8F0E90FFE7FEE7FFE75F
:10829000FFF786FA0498806B0499C96B884204D36F
:1082A000FFE70998022834D1FFE704980B99099A4F
:1082B000FEF7C4FA07900498406AA0B1FFE704985B
:1082C000243000F0E5FC60B1FFE74EF60451CEF239
:1082D00000014FF080500860BFF34F8FBFF36F8FE6
:1082E00000E0FFE710E0079860B1FFE74EF60451A9
:1082F000CEF200014FF080500860BFF34F8FBFF304
:108300006F8F00E0FFE7FFE7FFF776FA01200D909F
:1083100065E00A9828B9FFE7FFF76EFA00200D9094
:108320005DE0089830B9FFE705A8FFF775FC01206C
:10833000089000E0FFE7FFE7FFE7FFF75DFAFFF7D0
:1083400041FDFFF72DFA049890F94400013028B957
:10835000FFE70499002081F84400FFE7049890F9B2
:108360004500013028B9FFE70499002081F8450055
:10837000FFE7FFF741FA05A80AA900F0C7F928BBF3
:10838000FFE70498FEF742FDC8B1FFE704981030FC
:108390000A99FFF75BFC0498FEF7AAFF00F0DAFCED
:1083A00060B9FFE74EF60451CEF200014FF0805065
:1083B0000860BFF34F8FBFF36F8FFFE705E00498AE
:1083C000FEF796FF00F0C6FCFFE707E00498FEF713
:1083D0008FFF00F0BFFC00200D9000E058E70D98E3
:1083E00012B080BD80B592B00B900A9109920893AB
:1083F0000B980590059858B9FFE74FF0500080F3AF
:108400001188BFF36F8FBFF34F8F0E90FFE7FEE72A
:108410000A990020029039B9FFE70598006C0028FE
:1084200018BF01200290FFE70298C00758B1FFE78C
:108430004FF0500080F31188BFF36F8FBFF34F8F61
:108440000D90FFE7FEE7089900200229019007D16F
:10845000FFE70598C06B013818BF01200190FFE7C6
:108460000198C00758B1FFE74FF0500080F3118822
:10847000BFF36F8FBFF34F8F0C90FFE7FEE7FFF75F
:108480006BFAEFF311814FF0500080F31188BFF3C6
:108490006F8FBFF34F8F10910F9010980690059833
:1084A000806B0599C96B884204D3FFE708980228BE
:1084B00033D1FFE7059890F845008DF81300059833
:1084C000806B039005980A99089AFEF7B7F99DF911
:1084D00013000130B8B9FFE70598406A88B1FFE79B
:1084E0000598243000F0D4FB48B1FFE7099820B18B
:1084F000FFE709990120086000E0FFE700E0FFE7DF
:1085000000E0FFE706E09DF813000130059981F8CF
:108510004500FFE70120079002E000200790FFE7F9
:1085200006981190119880F31188079812B080BDB9
:1085300080B58EB0099008910792002006900998A6
:108540000390039858B9FFE74FF0500080F311886B
:10855000BFF36F8FBFF34F8F0D90FFE7FEE70899D2
:108560000020019039B9FFE70398006C002818BF7C
:1085700001200190FFE70198C00758B1FFE74FF0D5
:10858000500080F31188BFF36F8FBFF34F8F0C90B3
:10859000FFE7FEE700F0EEF901460020009031B958
:1085A000FFE70798002818BF01200090FFE7009818
:1085B000C00758B1FFE74FF0500080F31188BFF3B8
:1085C0006F8FBFF34F8F0B90FFE7FEE7FFE7FFF7DB
:1085D000E7F80398806B0290029830B3FFE70398A6
:1085E0000899FEF709F902980138039988630398FE
:1085F0000069A0B1FFE70398103000F049FB60B1BB
:10860000FFE74EF60451CEF200014FF080500860B3
:10861000BFF34F8FBFF36F8F00E0FFE700E0FFE78E
:10862000FFF7EAF801200A906DE0079828B9FFE704
:10863000FFF7E2F800200A9065E0069830B9FFE7FE
:1086400004A8FFF7E9FA0120069000E0FFE7FFE742
:10865000FFE7FFF7D1F8FFF7B5FBFFF7A1F80398A5
:1086600090F94400013028B9FFE70399002081F810
:108670004400FFE7039890F94500013028B9FFE76F
:108680000399002081F84500FFE7FFF7B5F804A83B
:1086900007A900F03BF830BBFFE70398FEF7A2FB09
:1086A000D0B1FFE7039824300799FFF7CFFA03987A
:1086B000FEF71EFE00F04EFB60B9FFE74EF60451D8
:1086C000CEF200014FF080500860BFF34F8FBFF330
:1086D0006F8F00E0FFE705E00398FEF709FE00F06A
:1086E00039FBFFE70EE00398FEF702FE00F032FBD5
:1086F0000398FEF777FB18B1FFE700200A9002E02D
:10870000FFE7FFE763E70A980EB080BD80B588B049
:1087100005900491059858B9FFE74FF0500080F399
:108720001188BFF36F8FBFF34F8F0790FFE7FEE70E
:10873000049858B9FFE74FF0500080F31188BFF359
:108740006F8FBFF34F8F0690FFE7FEE7FFF728F824
:108750004BF2D000C2F20000006802900298059926
:108760004968401A019044F65440C2F20000006883
:1087700090F8520058B1FFE744F65440C2F20000AE
:108780000168002081F852000120039034E0049831
:108790000068013018B9FFE7002003902BE04BF28E
:1087A0003800C2F20000006805990968884209D0C3
:1087B000FFE7029805994968884203D3FFE7012043
:1087C000039017E001980499096888420BD2FFE7EB
:1087D000019A04990868801A08600598FFF71CFA46
:1087E0000020039005E00499002008600120039018
:1087F000FFE7FFE7FFE7FFE7FEF7FEFF039808B09C
:1088000080BD000070B58CB0DDF844C0DDF840C01C
:108810000B900A91ADF826200893BDF82600800041
:10882000FEF7BEFD0590059880B1FFE75420FEF7E6
:10883000B7FD0790079820B1FFE7059807990863EF
:1088400003E00598FEF7FEFFFFE702E00020079037
:10885000FFE70798F0B1FFE70798002680F851601E
:108860000B980A99BDF82620089BDDF840C0119CA2
:10887000079DEE46CEF80C60CEF80850CEF80440C6
:10888000CEF800C0FEF72AF90798FDF7ADFE0120EB
:10889000069003E04FF0FF300690FFE706980CB01B
:1088A00070BD0000B0B58EB0DDF850C0DDF84CC032
:1088B000DDF848C00A90099108920793139858B9B7
:1088C000FFE74FF0500080F31188BFF36F8FBFF3C5
:1088D0004F8F0D90FFE7FEE7149858B9FFE74FF070
:1088E000500080F31188BFF36F8FBFF34F8F0C9050
:1088F000FFE7FEE754200490049854280BD0FFE7CC
:108900004FF0500080F31188BFF36F8FBFF34F8F8C
:108910000B90FFE7FEE70498149820B3FFE7139845
:1089200008B3FFE714980690139806990863069910
:10893000022081F851000A980999089A079BDDF8EE
:1089400048C0069CEE460025CEF80C50CEF80840F4
:1089500005ACCEF80440CEF800C0FEF7BFF806988C
:10896000FDF742FE02E000200590FFE705980EB0FB
:10897000B0BD000081B04BF29C00C2F20000006864
:1089800018B9FFE7012000900DE04AF67050C2F2DE
:108990000000006818B9FFE70220009002E0002004
:1089A0000090FFE7FFE7009801B0704781B04BF2FD
:1089B000D000C2F2000000680090009801B070473B
:1089C00080B586B0002002904AF67050C2F20000D6
:1089D0000068002840F0C580FFE74BF2D001C2F2EA
:1089E000000108680130019001980860019858BBA7
:1089F000FFE744F65C40C2F200000068006858B12E
:108A0000FFE74FF0500080F31188BFF36F8FBFF383
:108A10004F8F0590FFE7FEE744F65C42C2F200028A
:108A20001068009044F66441C2F2000108681060CA
:108A3000009808604BF23801C2F20001086801306A
:108A40000860FEF76FFB00E0FFE701984BF234018E
:108A5000C2F200010968884262D3FFE7FFE744F6EB
:108A60005C40C2F200000068006840B9FFE74BF2CA
:108A70003401C2F200014FF0FF3008604FE044F6CD
:108A80005C40C2F200000068C068C06804900498AE
:108A90004068039001980399884207D2FFE7039842
:108AA0004BF23401C2F20001086038E0FFE704989D
:108AB0000430FEF7A7FD0498806A28B1FFE7049808
:108AC0001830FEF79FFD00E0FFE70498C16A01201F
:108AD00000FA01F24AF67851C2F200010868104328
:108AE00008600499C86A00EB800244F66C40C2F248
:108AF000000000EB82000431FEF72AFE0498C06AF1
:108B000044F65441C2F200010968C96A884203D39D
:108B1000FFE70120029000E0FFE7FFE79FE7FFE7A4
:108B200044F65440C2F200000068C06A00EB8001C5
:108B300044F66C40C2F2000050F82100022803D332
:108B4000FFE70120029000E0FFE74BF23050C2F255
:108B50000000006818B1FFE70120029000E0FFE785
:108B600007E04BF24401C2F20001086801300860DE
:108B7000FFE7029806B080BD80B586B003900398E9
:108B80000290002001900398002800F07D80FFE70C
:108B9000029844F65441C2F20001096888420BD0A1
:108BA000FFE74FF0500080F31188BFF36F8FBFF3E2
:108BB0004F8F0590FFE7FEE70298806C58B9FFE7FA
:108BC0004FF0500080F31188BFF36F8FBFF34F8FCA
:108BD0000490FFE7FEE70299886C013888640299E7
:108BE000C86A496C88424DD0FFE70298806C002823
:108BF00046D1FFE702980430FEF704FDD0B9FFE745
:108C00000298C06A00EB800144F66C40C2F200009A
:108C100050F8210068B9FFE70298C16A012000FA04
:108C200001F24AF67851C2F20001086890430860E8
:108C3000FFE700E0FFE70299486CC8620299C86A42
:108C4000C0F1070088610298C16A0120009000FA13
:108C500001F24AF67851C2F2000108681043086038
:108C60000299C86A00EB800244F66C40C2F2000030
:108C700000EB82000431FEF76BFD0098019000E0EC
:108C8000FFE700E0FFE700E0FFE7019806B080BDE6
:108C900080B584B002900298C068C06801900198C5
:108CA00058B9FFE74FF0500080F31188BFF36F8F82
:108CB000BFF34F8F0390FFE7FEE701981830FEF7F0
:108CC000A1FC4AF67050C2F200000068F0B9FFE75C
:108CD00001980430FEF796FC0198C16A012000FA61
:108CE00001F24AF67851C2F20001086810430860A8
:108CF0000199C86A00EB800244F66C40C2F20000A1
:108D000000EB82000431FEF723FD09E0019800F139
:108D100018014BF24800C2F20000FEF719FDFFE710
:108D20000198C06A44F65441C2F200010968C96A58
:108D3000884208D9FFE7012000904BF23051C2F27F
:108D40000001086002E000200090FFE7009804B0F6
:108D500080BD000080B584B00020029001904AF6EA
:108D60007050C2F20000006858B9FFE74FF05000A1
:108D700080F31188BFF36F8FBFF34F8F0390FFE72E
:108D8000FEE7FEF70DFD4AF67050C2F200000168E2
:108D9000013901600068002840F09280FFE74AF640
:108DA0006850C2F200000068002800F08880FFE7E9
:108DB000FFE74BF24800C2F200000068E0B3FFE7B3
:108DC0004BF24800C2F20000C068C06802900298EE
:108DD0001830FEF717FC02980430FEF713FC0298D7
:108DE000C16A012000FA01F24AF67851C2F200018C
:108DF0000868104308600299C86A00EB800244F6D4
:108E00006C40C2F2000000EB82000431FEF7A0FCCF
:108E10000298C06A44F65441C2F200010968C96A66
:108E2000884207D3FFE74BF23051C2F20001012024
:108E3000086000E0FFE7BCE7029818B1FFE7FEF723
:108E400071F9FFE74BF24400C2F2000000680090A5
:108E50000098E0B1FFE7FFE7FFF7B2FD38B1FFE7A9
:108E60004BF23051C2F200010120086000E0FFE740
:108E7000009801380090FFE700980028ECD1FFE748
:108E80004BF24401C2F200010020086000E0FFE75D
:108E90004BF23050C2F20000006870B1FFE70120D1
:108EA00001904EF60451CEF200014FF08050086060
:108EB000BFF34F8FBFF36F8F00E0FFE7FFE700E0E6
:108EC000FFE7FEF799FC019804B080BD80B58AB039
:108ED00000200890FDF710FC4BF2D400C2F2000015
:108EE000006858B3FFE7002004900790069007A899
:108EF00006A905AAFEF7C0FB049B059A0698DDF8B3
:108F00001CC06946C1F808C048600220086047F2EA
:108F1000D120C0F601004BF2E241C0F60101FFF79B
:108F2000C1FC01464BF2D840C2F20000016000686B
:108F300018B1FFE701200890FFE700E0FFE708987D
:108F400058B9FFE74FF0500080F31188BFF36F8FDF
:108F5000BFF34F8F0990FFE7FEE708980AB080BD86
:108F600080B58AB0DDF830C008900791069205936D
:108F700000200490089858B9FFE74FF0500080F3A4
:108F80001188BFF36F8FBFF34F8F0990FFE7FEE7A4
:108F90004BF2D400C2F200000068A8B3FFE70798C4
:108FA00000900698019008980290079805281EDC0A
:108FB000FFE7FFF7DFFC02280CD1FFE74BF2D400FC
:108FC000C2F2000000680C9A69460023FFF7F4F82B
:108FD00004900BE04BF2D400C2F200000068694636
:108FE00000231A46FFF7E8F80490FFE70BE04BF286
:108FF000D400C2F200000068059A69460023FFF71A
:10900000F1F90490FFE700E0FFE704980AB080BDA3
:1090100003B401984100009850EAC12018BF042011
:109020004A0D18BF40F0010040F2FF72B2EB515FF1
:1090300008BF40F00200012808BF052002B07047B9
:109040004100080218BF04200A0E18BF40F00100BA
:109050004FF07F4232EA010108BF40F002000128D0
:1090600008BF05207047000010B54FF00E402DEDF1
:10907000028BB0EE408A18EE104A00EB4400B0F1CB
:10908000506F4AD84FF0FC40B0EB440F22D2B0EE04
:10909000C80AF7EE000A30EEC00AF6EE000A60EEEB
:1090A000208A18EE900A00F0B3FD01EE100A14F0C9
:1090B000004F1DBFDFED2D0A9FED2D0AB1EE411AC5
:1090C000DFED2C0A08BF9FED2C0AF8EE001A21EE06
:1090D000218A05E0DFED290A68EE088AB0EE600A11
:1090E0009FED271ADFED271A30EE080A48EE811AA5
:1090F0009FED251A08EEA11ADFED241A48EE811A19
:109100009FED231A08EEA11A68EE281ABDEC028B17
:1091100001EE810A30EE200A10BD4FF0E440B0EBC2
:10912000440F0CD918EE100AFFF78AFF042808BF75
:1091300000F05AFDB0EE480ABDEC028B10BD4FF0B6
:109140007F40B0EB440F07D2B0EE480ABDEC028B73
:10915000BDE8104000F03CBD0120E7F7EDF9BDECA3
:10916000028BBDE8104000F037BD00000000C9BF11
:1091700022AAFDB90000C93F22AAFD390000000063
:1091800024FE1C3DC78AD83C1E67383D1B93993D81
:10919000AFAA2A3E0000000010B52F499FED2C1BFE
:1091A0002DED020B84B0059820F000408842D8BF16
:1091B0009DED040B2DDD2949884209D1049840B961
:1091C0004FF00100E7F7B8F900F0E2FC06B010BD7F
:1091D00005DB9DED040B00F0CFFC06B010BD68462A
:1091E0009DED040B00F0E0F810F0030004BF9DEDCE
:1091F000021B9DED000B0CD001280ED09DED021B33
:109200009DED000B022817D0012000F01DFC06B0D8
:1092100010BD00F0E5FA06B010BD9DED021B9DEDFE
:10922000000B012000F010FC51EC100B00F00FFDC2
:1092300006B041EC100B10BD00F0D2FA51EC100B4F
:1092400000F005FD06B041EC100B10BD0000000061
:109250000000000000000000FB21E93F0000F07F5B
:1092600010B52F499FED2C1B2DED020B84B00598F6
:1092700020F000408842DCBF00209DED040B32DD71
:109280002849884209D1049840B94FF00100E7F716
:1092900053F900F07DFC06B010BD05DB9DED040B1D
:1092A00000F06AFC06B010BD68469DED040B00F0AE
:1092B0007BF810F0030011D0012818D09DED021B9F
:1092C0009DED000B02281AD000F08AFA51EC100B29
:1092D00000F0BDFC06B041EC100B10BD9DED021B73
:1092E0009DED000B012000F0AFFB06B010BD9DED21
:1092F000021B9DED000B00F073FA06B010BD0120BB
:1093000000F0A2FB51EC100B00F0A1FC06B041EC08
:10931000100B10BD00000000000000000000000065
:10932000FB21E93F0000F07F00B52DED048BB0EE8E
:10933000409AF0EE609A83B051EC190B01F02CF8D2
:1093400041EC180B18EE100A18EE901A8DED008BF8
:10935000002818BF0120084320F00040C0F17F60C2
:1093600000F1E040C00F14D019EE101A19EE900A67
:109370008DED009B002918BF0121084320F000401B
:10938000C0F17F6000F1E040C00F04BF0120E7F7AB
:10939000D3F8B0EE480A03B0F0EE680ABDEC048BD7
:1093A00000BD0000000000002DE9F14F04462DED46
:1093B000020B2DED088B8AB09FEDE70B80ED020BC1
:1093C000139EE74826F0004585420ADC9DED120B0E
:1093D000002084ED000B0AB0BDEC088B03B0BDE8A3
:1093E000F08FE0489FEDE0AB9FEDE1BBA84247DD89
:1093F000E14F9FEDE39B9FEDE48B9DED120B53EC52
:109400001A2B51EC100B002E1CDD01F091F841ECF1
:10941000100BBD4208D053EC1B2B51EC100B01F08C
:1094200087F8C4E900010BE053EC192B51EC100B49
:1094300001F07EF853EC182B01F07AF8C4E9000132
:109440000120C8E700F042FC41EC100BBD4208D0FF
:1094500053EC1B2B51EC100B00F038FCC4E900015D
:109460000BE053EC192B51EC100B00F02FFC53ECDC
:10947000182B00F02BFCC4E900014FF0FF30AAE7E5
:10948000C348A84279DB9DED120B51EC100B00F0A4
:10949000B3FB41EC180B9FEDC00B53EC102B00F00D
:1094A00071FE9FEDBF1B53EC112B00F00FFC00F081
:1094B0000FFE074600F03BFE41EC190B53EC1A2B54
:1094C00000F060FE53EC182B00F05AFF41EC180B33
:1094D00053EC1B2B51EC190B00F054FEDFF8C8A223
:1094E00041EC100B4FEA15580125FA4453EC102BB0
:1094F00051EC180B01F01CF8032DC4E900013DD01C
:10950000C1F30A5005EB4511A8EB00001139814267
:1095100034DA0AEB051BB0EE48AA9BED000BF0EE27
:1095200068AA53EC102B51EC190B00F02BFE41EC08
:109530001B0B51EC1A0B53EC1B2B00F0F9FF41EC09
:10954000180B51EC1A0B53EC182B00F0F1FF53ECF5
:109550001B2B00F0EDFF9BED020B41EC1A0B53ECC3
:10956000102B51EC190B00F00DFE53EC1A2B00F0F0
:10957000DFFF41EC100B6D1CB8E70EE0002EA8BF1A
:109580003846BFF628AF94ED000B51EC100B00F0FD
:109590005EFBC4E9000178421DE7C6F3130040F406
:1095A000801EC6F30A50A0F2F530471100F01F05E7
:1095B000C5F12000DDF848B0089000200690079023
:1095C0000520EC467949002D07EB0002794408BFDD
:1095D00051F8221009D051F8223001EB8201AB4042
:1095E0004A68089922FA01F11943A1FB0E26A1FB52
:1095F0000B131A449A4234BF0123002303EB0608DD
:109600000CEB8003D3E901A60E448E4234BF012146
:10961000002192448A4411B1924502D903E0924557
:1096200001D2012100E00021C3E901A641444CF828
:109630002010011EA0F10100C4DC029800F10050CE
:10964000850F0298DDE903678000DDF8148000F0E3
:109650006EFD41EC1A0B304600F080FD9FED541B6F
:1096600053EC112B00F08EFD41EC1B0B384600F043
:1096700075FD9FED511B53EC112B00F083FD41EC68
:10968000180B404600F06AFD9FED4D1B53EC112B6B
:1096900000F078FD41EC190B51EC180B53EC192B31
:1096A00000F014FB53EC1B2B00F010FB53EC1A2BB7
:1096B00000F00CFBCDE90801002008909DED080B9F
:1096C00053EC1A2B51EC100B00F032FF53EC1B2B18
:1096D00000F02EFF53EC182B00F02AFF53EC192B4F
:1096E00000F04EFE9FED381B53EC112B00F04AFDAD
:1096F0009FED370B41EC180B53EC102B9DED080B35
:1097000051EC100B00F03EFD53EC182B00F0DEFA8C
:109710009FED310B41EC180B53EC102B9DED080B1A
:1097200051EC100B00F02EFD53EC182B00F0CEFA8C
:1097300041EC100B139810F0004F06D06D4251EC25
:10974000100B00F084FA41EC100B284684ED000B5E
:1097500041E60000000000000000000000000000E2
:10976000FB21E93F7CD9024000004054FB21F93F36
:109770003163621A61B4D03DFB21F93F0000000063
:109780000000601A61B4D03D7370032E8A19A33BA8
:10979000FB2139410000000083C8C96D305FE43F00
:1097A000000000000000E03FBA13000008130000B2
:1097B000000000000000103E000000000000103C0F
:1097C000000000000000103A182D4454FB21F93D20
:1097D0003326A611460B113C00000054FB21F93D35
:1097E00010B52DED040B2DED088B82B0B0EE419A33
:1097F000F0EE619A0B9820F000449FED4BABB4F172
:10980000795F11DA9DED0A0B51EC100B00F060FC52
:10981000002801BFB0EE4A0AF0EE6A0A02B0BDECC1
:10982000088B04BF04B010BD9DED0A0B53EC102B48
:1098300051EC100B00F0A6FC41EC180B3C48062143
:10984000B0EE480AF0EE680A784400F081F853EC74
:10985000182B51EC100B00F095FC9DED0A0B41EC20
:109860001B0B53EC192B51EC100B00F08BFC41EC53
:10987000190B53EC1B2B51EC180B00F083FC53EC31
:10988000192B00F055FE9FED2C0B41EC190B53ECFE
:10989000102B51EC180B00F075FC41EC100B284814
:1098A000844210DA53EC192B51EC100B00F040FEFF
:1098B00053EC1A2B00F064FD41EC100B02B0BDEC30
:1098C000088B04B010BD1F48A042BCBF9FED1E1BFB
:1098D0008DED001B06DBA4F5001001900020009028
:1098E0009DED001B51EC100B53EC112B00F020FEF2
:1098F0009DED000B41EC180B53EC102B51EC1A0BA7
:1099000000F016FE41EC1A0B53EC192B51EC180B1E
:1099100000F00EFE53EC1A2B00F032FD41EC100B60
:10992000CCE7000000000000000000000000F03F55
:109930002C10000000000000000000000000E03FCC
:109940003333D33F0000E93F000000000000D23F66
:1099500070B504462DED028B4D1E00EBC500B0EE38
:10996000408AF0EE608A90ED000B35F0060017D0CB
:1099700053EC182B51EC100B00F004FC41EC100BD5
:109980006D1E04EBC50090ED001B51EC100B53EC69
:10999000112B00F09BF941EC100B35F00600E7D1DC
:1099A000022D36D0042D1CD0062D1CBFBDEC028B21
:1099B00070BD53EC182B51EC100B00F0E3FB94ED51
:1099C0000A1B53EC112B00F081F953EC182B00F01B
:1099D000D9FB94ED081B53EC112B00F077F941EC07
:1099E000100B53EC182B51EC100B00F0CBFB94ED4B
:1099F000061B53EC112B00F069F953EC182B00F007
:109A0000C1FB94ED040B53EC102B00F05FF941EC1B
:109A1000100B53EC182B51EC100B00F0B3FB94ED32
:109A2000021B53EC112B00F051F953EC182B00F0F2
:109A3000A9FB94ED001B53EC112B00F047F9BDEC92
:109A4000028B41EC100B70BD31B504462DED040BBB
:109A50002DED0A8BB0EE41BAF0EE61BA0B989DED98
:109A60000A0B20F00040B0F1795F0DDA51EC100BD9
:109A7000FFF7CEFA042808BF00F09AF89DED0A0B14
:109A8000BDEC0A8B05B030BD53EC102B51EC100B24
:109A900000F078FB41EC180B9DED0A0B53EC182BF2
:109AA00051EC100B00F06EFB41EC190B2C48B0EEA2
:109AB000480AF0EE680A05217844FFF749FF9FED58
:109AC0002ACBB0EE40AAF0EE60AA9CB353EC1C2B5C
:109AD00051EC190B00F056FB41EC1C0B53EC1A2B0C
:109AE00051EC190B00F04EFB9FED210B41EC190BD3
:109AF00053EC102B51EC1B0B00F044FB53EC192BD7
:109B000000F016FD53EC182B00F03CFB53EC1B2B24
:109B100000F00EFD53EC1C2B00F00AFD9DED0A1B1E
:109B200053EC112B00F02CFCBDEC0A8B05B041EC82
:109B3000100B30BDFFE753EC1A2B51EC180B00F063
:109B400021FB53EC1C2B00F0C1F853EC192B00F057
:109B500019FB9DED0A1B53EC112B00F0B7F8E3E75E
:109B6000BC0E000000000000495555555555C5BFB5
:109B7000000000000000E03F10B553EC102B51EC4A
:109B8000100B00F0A3F841EC100B10BD000000001A
:109B90009FED050B10B553EC102B51EC100B00F0A2
:109BA0003DF941EC100B10BD00000000000000006A
:109BB0009FED050B10B553EC102B51EC100B00F082
:109BC000E1FA41EC100B10BD000000000000001095
:109BD00030EE000A70470000DFED020A80EEA00AB6
:109BE00070470000000000009FED020A20EE000A0E
:109BF000704700000000001082B0CDE9000121F0A4
:109C0000004001909DED000B02B051EC100B70472D
:109C100010B500EE100A2DED028BB1EEC08A18EEE1
:109C2000100A20F00040C0F1FF40C00F0AD010EE33
:109C3000100A20F00040C0F1FF40C00F04BF012017
:109C4000E6F77AFC18EE100ABDEC028B10BD81F02D
:109C50000041704780F00040704721F0004170479C
:109C600020F000407047000021F0004201F0004366
:109C7000A2F16052B2F5801F28BFD2F17F6C0BD9E0
:109C80005FEA001C43EAC20242EB507018BF704703
:109C900028BF20F001007047B2F5801FBCBF1846F6
:109CA00070474FEA410C1CF5001F02D2084600F035
:109CB000DBBD70B500F010FB00000089FFF7F6BFB8
:109CC0004FF00040A0F580007047000010B591EA09
:109CD000030F48BF83F0004300F13284841A71EB14
:109CE000030C05D2121943EB0C03001B61EB0C01B2
:109CF0004FEA1154A4EB135CDFF81CE11EEA430F9A
:109D000018BF9EEA445F00F0748021EA045123EA00
:109D10000E0343F48013DCF1200E32D322FA0CFE42
:109D200010EB0E0023FA0CFE41EB0E01CCF1200EDD
:109D300003FA0EFE10EB0E00CCF1200E51F10001E3
:109D4000B1F5801F32D201EB045112FA0EF2BDE8D8
:109D5000104058BF7047401C38BF5FEA420218BF2E
:109D60007047002814BF20F0010041F100014FEAC4
:109D7000410313F5001F38BF7047A1F1C04100F047
:109D8000F9BA012A43EB0302ACF1200CDCF11F0EFF
:109D900032BF4FF0000E23FA0CF310EB030041EB3F
:109DA0000451B4EB115FD0D0A1EB045101F5801147
:109DB000490801EB04515FEA30000ED350F1000076
:109DC00038BF12FA0EFE08D1BDE81040C9E7401CAA
:109DD00038BF5FEA4202CAD1C3E7BDE810404FEA8C
:109DE000410313F5001F38BF7047A1F1C04100F0D7
:109DF000C1BA9EEA445F08D011EA5E0FBDE8104088
:109E000004BF01F0004100207047BDE8104070B56C
:109E100000F062FA64FBBE3E0000E0FF2DE9C041A5
:109E200030B4DFF8A4C23CEA111418BF3CEA1314A2
:109E300000F0ED801CEA111481EA030544EAD574B0
:109E400018BF1CEA131500F0C880A4EB050404F148
:109E50007F7404F500344FF0004545EAC12145EA1E
:109E6000C32341EA505143EA52534FEAC0204FEA1C
:109E7000C222994208BF904200F09D804FEA1365CC
:109E80000FF24416765D4FEA134506FB05F7C7F15E
:109E9000807706FB07F74FEAD737A7FB03687642C0
:109EA000A7FB06CEC8F5803838BFA8F1010807FB2C
:109EB00008E6A6FB028C4FF0000EE6FB03CEDCF1B9
:109EC000000CCEF1004E38BFAEF1010EA6FB0C58CF
:109ED0004FF00007E6FB0E87A1FB08C6A0FB07CEEC
:109EE00016EB0E064FF0000545F10005E1FB076596
:109EF00015F1E04E7EBFA4F580345FEA46066D4161
:109F000016F1800745F100054FEA172747EA056774
:109F10004FEA15254FEA0666A6F1DE46B6F1805FE8
:109F200020D9384605EBC47124F0010C01EB0C116B
:109F3000BCF1FE6F02D8F0BCBDE8008124425CBFDA
:109F400001F5801E9EEAC47F02D4F0BCBDE800810A
:109F5000244200F13980A1F1C041F0BCBDE80041CC
:109F600000F008BA4FEAD02040EA41504FEAD12130
:109F70004FEAD22242EA43524FEAD323A7FB02869A
:109F800007FB036605FB02661EEA0E0F58BFA6EB31
:109F90000056B6EB00564FEA520E4EEAC37E18EB5F
:109FA0000E0E56EB530EBCD518EB02085E417F1C1B
:109FB00055F10005B5E74FF480154FF000074FF05D
:109FC00000064FF00008ACE701F1C04101F000418C
:109FD0004FF00000F0BCBDE800810CEA131511EA57
:109FE0000C1F00D00CE013EA0C1F00F026804FF08D
:109FF000000081EA030101F00041F0BCBDE80081EE
:10A00000F0BCBDE8004181EA030100F0B3B9F0BC47
:10A01000BDE8004170B500F05FF900BF097EFC3E6D
:10A0200000F007B84FF0000081EA030101F00041A1
:10A03000704781EA030100F09DB9F0BCBDE8004122
:10A0400022494FF000007047FFFDFBF9F7F5F4F2ED
:10A05000F0EEEDEBE9E8E6E4E3E1E0DEDDDBDAD8C3
:10A06000D7D5D4D3D1D0CFCDCCCBCAC8C7C6C5C421
:10A07000C2C1C0BFBEBDBCBBBAB9B8B7B6B5B4B338
:10A08000B2B1B0AFAEADACABAAA9A8A8A7A6A5A423
:10A09000A3A3A2A1A09F9F9E9D9C9C9B9A999998E7
:10A0A0009797969595949393929191908F8F8E8E8A
:10A0B0008D8C8C8B8B8A8989888887878685858417
:10A0C00084838382828181800000FF070000F87F03
:10A0D0004FEA41034FEA5353A3F58063D3F11E03C4
:10A0E000C8BFD3F1210C0CDD4FF0004242EAC1227F
:10A0F00042EA505232FA03FC8CEAE17CACEBE170AC
:10A100007047102BC4BF0020704703F5787CBCF16A
:10A11000FF3F04D06FF0004282EA2100704770B523
:10A1200000F0DAF84992248000207047F2E710F03E
:10A13000004248BF4042B0FA80F310FA03F10AD05F
:10A14000C3F11D0303F5806302EB03524FEA415054
:10A1500002EBD12170474FF000007047B0FA80F356
:10A1600010FA03F10AD0C3F11D0303F580634FEA2F
:10A1700003524FEA415002EBD12170474FF00000EB
:10A180007047000070B5DFF848C11CEA111E1EBF01
:10A190001CEA13159EEA0C0F95EA0C0F00F06F8075
:10A1A00081EA03044EEAD47EAE4421EA4C1123EA4C
:10A1B0004C1341F4801143F48013AEF17F7EA1FB78
:10A1C000024CA0FB0365361955EB0C05A1FB034CB3
:10A1D0004CF10003A0FB021C16EB0C06654153F189
:10A1E0000003094218BF46F0010613F4007F0BD1AB
:10A1F0004FEA03314FEA053041EA155140EA165063
:10A2000034036FF003020AE04FEAC3214FEAC5208E
:10A2100041EA555140EA5650F4026FF0020202EB57
:10A220002E4201EB025585EACE710AD05FEA440C5A
:10A2300018BF24F0004450F1000041F1000120EA71
:10A24000D47040F2FE7C624500D270BDA84214BFBB
:10A250004FF080444FF04044002E08BF0024BEF170
:10A26000806FA8BFA1F1C041BDE8704080F282803C
:10A2700001F1C04101F000414FF0000070470CEACD
:10A2800013159EEA0C0F18BF95EA0C0F06D081EA51
:10A29000030E4FF000000EF0004170BD00F01CF8FE
:10A2A0008900013E00F007B800F009B84FEA430CFE
:10A2B0005FEA5C5C08D081EA030100F05BB84FEA1A
:10A2C000410C5FEA5C5CF6D102494FF00000704738
:10A2D0000000FF070000F87F0EF1020E2EF0030EC3
:10A2E0005EF8046B364205D4012A43EB030515F5ED
:10A2F000001F12D8012841EB010C1CF5001F0CD8DF
:10A300000ED14FEAD17C0CEB4C0C0CF1020C15F584
:10A31000001F08BF4CEBD37C04E04FF0080C01E0B9
:10A320004FEAD37C0CEB4C0526FA05F606F007063F
:10A33000B6F1040C06D20EEB860CBDE870404CF072
:10A34000010C6047DFE80CF0090B02024FF00041FE
:10A35000A1F500214FF0000070BD194610460128FC
:10A3600051EB010418BFD4F5001484BF002001F0A4
:10A37000004170BD0808A0F500114FEA3101704797
:10A3800010B591EA030F81F000413FF5A7AC83F0CF
:10A39000004300F0D5B800002DE9F04101F5801C24
:10A3A000BCF5001FC0F2A9804FEA115C21EA0C51F4
:10A3B00041F480110CF1FD0C5FEA5C0C0CF5C07CE3
:10A3C00001D340004941890241EA905187022EA4FD
:10A3D0008E0EA45D0A0C04FB04F602FB06F6C6F121
:10A3E0004046A4FB0662F60D46EA422606FB06F44A
:10A3F000A4FB01235242C3F1404338BF5B1EA6FBBE
:10A4000002420024E6FB0324D20B42EA4446A6FBA8
:10A410000623A1FB02E2A3FB07E4E3FB61426442E3
:10A42000C2F1404E38BFAEF1010EA6FB04234FF03F
:10A430000002E6FB0E32A2FB03463400E2FB62643C
:10A44000A1FB06E6A4FB07E8E4FB61687642C8F1DD
:10A45000405838BFA8F10108A2FB06E4A3FB08E5B9
:10A46000E2FB6854A1FB05E6A7FB04E8E1FB648678
:10A4700018F1200556F10006A80940EA8660B109E6
:10A48000A8F11B0808F03F08B8F10A0F1CD901EB2E
:10A490000C51BDE8F08100BFFCF5EEE8E2DDD8D359
:10A4A000CFCBC7C3C0BDB9B6B4B1AEACA9A7A5A345
:10A4B000A19F9D9B9A9896959392908F8D8C8B8956
:10A4C0008887868584838281A0FB006800FB01F277
:10A4D00008EB4208B8EB872807D5341858EB01047D
:10A4E000D5D5401C51F10001D1E7341A78EB0104B5
:10A4F000CDD4401E71F10001C9E75FEA4C0C5FEA60
:10A500009C5C0DD105D301F000414FF00000BDE887
:10A51000F081BDE8F04170B5FFF7DEFE6DDBFFBEF8
:10A52000BDE8F04101494FF0000070470000F87F9E
:10A5300010B591EA030F48BF83F000433FF5CEAB5F
:10A54000841A71EB030C07D28CF0004C121943EB08
:10A550000C03001B61EB0C014FEA1154A4EB135CDC
:10A56000DFF8A4E11EEA430F18BF9EEA445F00F043
:10A57000B48021EA045123EA6E035242C3EB6E0316
:10A5800038BF5B1EDCF1200E25D322FA0CFE10EB47
:10A590000E0043FA0CFE41EB0E01CCF1200E03FA43
:10A5A0000EFE10EB0E00CCF1200E51F1000129D46B
:10A5B00001EB045112FA0EF2BDE8104058BF70478B
:10A5C000401C1CBFB2F1004F704700280CBF491C53
:10A5D00020F00100704712EB020E43EB030218BF9C
:10A5E0004FF0010E4EEA4202ACF1200CDCF11E0EDF
:10A5F00056D943FA0CFE10EB0E00CCF11E0E51F1B1
:10A60000FF31D5D50EF1010E12FA0EFE404141EB9D
:10A61000010101EB445C5FEA5C5C10D901EB045181
:10A6200010EBDE7038BFBEF1004FBDE8104018BF20
:10A63000704700280CBF491C20F00100704734D23D
:10A640004FEAD42C24F4006411F500111BD0B1FAA8
:10A6500081F20B3AA41AA41ED2F12003914030FAE1
:10A6600003F31943904001EBCC7101EB0451002C32
:10A67000BDE81040A8BF704701F1C04101F00041A2
:10A680004FF000007047B0FA80F310FA03F102D1E6
:10A69000BDE810407047E41A173C4805C90AE2E7D4
:10A6A00001EB0451BDE81040704749104FEA3000FB
:10A6B00001EB0451BDE8104002E04FF0000170478B
:10A6C0004A0008BF0042F8D0B2F5001F28BF70470B
:10A6D00001F000414FF0000070479EEA445F07D050
:10A6E00011EA5E0FBDE8104004BF00210020704752
:10A6F000BDE8104070B5FFF7EFFD00BF40DFF63E4C
:10A70000104683F0004170470000E0FF43004FEA2D
:10A71000D30C4FEA3C0C43401FBF40070CF1605183
:10A7200013F0FE4F70471CF0006F03D10CF0004196
:10A73000002070470CF0004343EA507040EACC0020
:10A7400010B500F03EF800BF000000924FEA000193
:10A75000FFF710BE4FF00041A1F500214FF00000BF
:10A7600070474FF07E5209E011F0004204D540429C
:10A77000C1F1000138BF491E42F07E5202F1706201
:10A780000B0012BF20235FEA00017047B1FA81FC81
:10A7900001FA0CF1A3EB0C0320FA03FC41EA0C01D3
:10A7A00002EBC352C3F1200310FA03FC5CEA416CD4
:10A7B00042EB112018BF5FF0806C28BF20F0010031
:10A7C00070470EF1020E2EF0030E5EF8044B244289
:10A7D00004D44FEA4102B2F17F4F11D84FEA40034F
:10A7E000B3F17F4F0CD80ED14FEAD07C0CEB4C0C60
:10A7F0000CF1020CB2F17F4F08BF4CEBD17C04E0AE
:10A800004FF0080C01E04FEAD17C0CEB4C0324FA2A
:10A8100003F404F00704B4F1040C06D20EEB840C2C
:10A82000BDE810404CF0010C6047DFE80CF0070871
:10A8300002024FF00040A0F5800010BD0846420023
:10A8400018BFD2F1807288BF00F0004010BDF1EE59
:10A85000100A4FF6FF71C0F2C03120EA010040F04B
:10A860004070E1EE100A7047FF2141EAD050C00568
:10A8700070470000000000004C5555555555A53F48
:10A880007751C1166CC156BF9015CB19A001FA3E85
:10A89000AD529C804F7E92BEC4B1B4BD9EEE213EAF
:10A8A000D43888BEE9FAA8BD00004054FB21F93F26
:10A8B0003163621A61B4D03D0000601A61B4D03DCA
:10A8C0007370032E8A19A33B0000002E8A19A33B44
:10A8D000C14920259A837B39000000000000000058
:10A8E0006E83F9A22915444ED15727FCC0DD34F5FB
:10A8F000999562DB4190433CAB6351FE61C5BBDE81
:10A900003A6E24B7E0D24D42EA2E49061C92D10994
:10A910001CEB1DFE3EA729B1F53582E88444BB2E11
:10A9200026709CE9417E5FB439D69139F43953835E
:10A930008B5F849C3B28F9BDFF97F81F0F9805DEBD
:10A940008B112FEF1F6D0A5ACF7E366DB709CB27BB
:10A95000663F464F2DEA5F9EC7BA27757BF1E5EB50
:10A96000F739073DEA92528AB15FFB6B085D8D1F94
:10A970004630035600000000A6F810111111813F67
:10A98000D561C119A0012ABF7DFEB157E31DC73EA5
:10A99000EB9C2B8AE6E55ABE7CD5CF5A3AD9E53DE9
:10A9A0000000803F00000000000000000000803F29
:10A9B00000000000000000000000704200000000E5
:10A9C000000000000000A64200000000000000009F
:10A9D000000000400000000000000000333313407E
:10A9E0000000000000000000CDCC4C3E0000000044
:10A9F0000000000000000040000000000000000017
:10AA0000000000400000000000000000333313404D
:10AA1000000000000000000081B40108F5ED00080E
:10AA20000000000000000000000100000000000025
:10AA30000000000064B4010835EE000803000000C7
:10AA40000000000000020000000000000000000004
:10AA50006CB40108FDEE00080000000000000000DA
:10AA600000010000000000000000000058B40108D0
:10AA700001F00008FEFF00000000000000010000DF
:10AA800000000000000000008DB4010819F000086B
:10AA90000000000000000000800000000000000036
:10AAA0000000000075B401085DED00080000000022
:10AAB0000000000080000000000000000000000016
:10AAC0000000C8440AD7A33C0000A04000000000DA
:10AAD000000000000102030406070809000000004E
:10AAE0000102030400061016000610160000803F45
:10AAF0000000000000000000000000000000000056
:10AB000000000000000000000000803F0000000086
:10AB10000000000000000000000000000000000035
:10AB2000000000000000803F000000000000000066
:10AB30000000000000000000000000000000000015
:10AB40000000803F00000000000000000000000046
:10AB50000000000000000000000000000000803F36
:10AB600000000000000000000000000000000000E5
:10AB700000000000000000000000803F0000000016
:10AB8000000054545220524547474553003031325B
:10AB900033343536373839414243444546000000A6
:10ABA000000000000100803FC90CC0B7E565AABEE7
:10ABB000435690BB3C695D3EEBFCA9BC08B732BE76
:10ABC000E745093EA59204BD00000000920E493CF5
:10ABD000B10AC93C2BC3163D2EFB483D752B7B3D6E
:10ABE00004A9963D80B6AF3D36BDC83D2FBCE13DC2
:10ABF00073B2FA3D87CF093E8340163EB5AB223E85
:10AC0000A2102F3ECF6E3B3EC2C5473E0115543EBB
:10AC1000135C603E7F9A6C3ECCCF783EC07D823E16
:10AC2000938E883E229A8E3E32A0943E86A09A3E13
:10AC3000E59AA03E128FA63ED47CAC3EEF63B23EB6
:10AC40002A44B83E491DBE3E15EFC33E53B9C93E26
:10AC5000CA7BCF3E4136D53E80E8DA3E4F92E03E99
:10AC60007533E63EBBCBEB3EEA5AF13ECBE0F63E17
:10AC7000275DFC3EE4E7003F3D9C033F824B063FDF
:10AC80009BF5083F6B9A0B3FDA390E3FCDD3103F4F
:10AC90002A68133FD9F6153FC07F183FC6021B3FF5
:10ACA000D17F1D3FCBF61F3F9967223F25D2243F1E
:10ACB0005636273F1594293F4AEB2B3FDE3B2E3F6C
:10ACC000BB85303FC9C8323FF304353F233A373F95
:10ACD0004268393F3B8F3B3FF9AE3D3F67C73F3F3F
:10ACE00070D8413F01E2433F03E4453F65DE473F03
:10ACF00012D1493FF8BB4B3F029F4D3F207A4F3F57
:10AD00003D4D513F4918533F31DB543FE595563F88
:10AD10005348583F6AF2593F1A945B3F532D5D3FA9
:10AD200005BE5E3F2146603F97C5613F5A3C633F89
:10AD300059AA643F880F663FD86B673F3CBF683FA6
:10AD4000A7096A3F0C4B6B3F5E836C3F93B26D3F2C
:10AD50009ED86E3F73F56F3F0809713F5213723FE3
:10AD60004714733FDD0B743F0BFA743FC6DE753F2B
:10AD700007BA763FC58B773FF853783F9812793FF3
:10AD80009DC7793F02737A3FBE147B3FCDAC7B3FBA
:10AD9000283B7C3FC9BF7C3FAC3A7D3FCCAB7D3F7D
:10ADA00023137E3FB0707E3F6DC47E3F580E7F3FC1
:10ADB0006D4E7F3FAB847F3F0FB17F3F97D37F3F87
:10ADC00043EC7F3F11FB7F3F0000803F11FB7F3F43
:10ADD00043EC7F3F97D37F3F0FB17F3FAB847F3FF3
:10ADE0006D4E7F3F580E7F3F6DC47E3FB0707E3FFB
:10ADF00023137E3FCCAB7D3FAC3A7D3FC9BF7C3F48
:10AE0000283B7C3FCDAC7B3FBE147B3F02737A3F37
:10AE10009DC7793F9812793FF853783FC58B773FAC
:10AE200007BA763FC6DE753F0BFA743FDD0B743F01
:10AE30004714733F5213723F0809713F73F56F3F18
:10AE40009ED86E3F93B26D3F5E836C3F0C4B6B3F61
:10AE5000A7096A3F3CBF683FD86B673F880F663FD2
:10AE600059AA643F5A3C633F97C5613F2146603F02
:10AE700005BE5E3F532D5D3F1A945B3F6AF2593F1A
:10AE80005348583FE595563F31DB543F4918533FEF
:10AE90003D4D513F207A4F3F029F4D3FF8BB4B3F06
:10AEA00012D1493F65DE473F03E4453F01E2433F9E
:10AEB00070D8413F67C73F3FF9AE3D3F3B8F3B3FB7
:10AEC0004268393F233A373FF304353FC9C8323F20
:10AED000BB85303FDE3B2E3F4AEB2B3F1594293F8D
:10AEE0005636273F25D2243F9967223FCBF61F3F96
:10AEF000D17F1D3FC6021B3FC07F183FD9F6153FCB
:10AF00002A68133FCDD3103FDA390E3F6B9A0B3FBF
:10AF10009BF5083F824B063F3D9C033FE4E7003F23
:10AF2000275DFC3ECBE0F63EEA5AF13EBBCBEB3E62
:10AF30007533E63E4F92E03E80E8DA3E4136D53E3C
:10AF4000CA7BCF3E53B9C93E15EFC33E491DBE3E35
:10AF50002A44B83EEF63B23ED47CAC3E128FA63E8C
:10AF6000E59AA03E86A09A3E32A0943E229A8E3E5A
:10AF7000938E883EC07D823ECCCF783E7F9A6C3ED9
:10AF8000135C603E0115543EC2C5473ECF6E3B3E4A
:10AF9000A2102F3EB5AB223E8340163E87CF093E1E
:10AFA00073B2FA3D2FBCE13D36BDC83D80B6AF3D22
:10AFB00004A9963D752B7B3D2EFB483D2BC3163DCA
:10AFC000B10AC93C920E493C00000000920E49BCF7
:10AFD000B10AC9BC2BC316BD2EFB48BD752B7BBD6A
:10AFE00004A996BD80B6AFBD36BDC8BD2FBCE1BDBE
:10AFF00073B2FABD87CF09BE834016BEB5AB22BE81
:10B00000A2102FBECF6E3BBEC2C547BE011554BEB7
:10B01000135C60BE7F9A6CBECCCF78BEC07D82BE12
:10B02000938E88BE229A8EBE32A094BE86A09ABE0F
:10B03000E59AA0BE128FA6BED47CACBEEF63B2BEB2
:10B040002A44B8BE491DBEBE15EFC3BE53B9C9BE22
:10B05000CA7BCFBE4136D5BE80E8DABE4F92E0BE95
:10B060007533E6BEBBCBEBBEEA5AF1BECBE0F6BE13
:10B07000275DFCBEE4E700BF3D9C03BF824B06BFDB
:10B080009BF508BF6B9A0BBFDA390EBFCDD310BF4B
:10B090002A6813BFD9F615BFC07F18BFC6021BBFF1
:10B0A000D17F1DBFCBF61FBF996722BF25D224BF1A
:10B0B000563627BF159429BF4AEB2BBFDE3B2EBF68
:10B0C000BB8530BFC9C832BFF30435BF233A37BF91
:10B0D000426839BF3B8F3BBFF9AE3DBF67C73FBF3B
:10B0E00070D841BF01E243BF03E445BF65DE47BFFF
:10B0F00012D149BFF8BB4BBF029F4DBF207A4FBF53
:10B100003D4D51BF491853BF31DB54BFE59556BF84
:10B11000534858BF6AF259BF1A945BBF532D5DBFA5
:10B1200005BE5EBF214660BF97C561BF5A3C63BF85
:10B1300059AA64BF880F66BFD86B67BF3CBF68BFA2
:10B14000A7096ABF0C4B6BBF5E836CBF93B26DBF28
:10B150009ED86EBF73F56FBF080971BF521372BFDF
:10B16000471473BFDD0B74BF0BFA74BFC6DE75BF27
:10B1700007BA76BFC58B77BFF85378BF981279BFEF
:10B180009DC779BF02737ABFBE147BBFCDAC7BBFB6
:10B19000283B7CBFC9BF7CBFAC3A7DBFCCAB7DBF79
:10B1A00023137EBFB0707EBF6DC47EBF580E7FBFBD
:10B1B0006D4E7FBFAB847FBF0FB17FBF97D37FBF83
:10B1C00043EC7FBF11FB7FBF000080BF11FB7FBF3F
:10B1D00043EC7FBF97D37FBF0FB17FBFAB847FBFEF
:10B1E0006D4E7FBF580E7FBF6DC47EBFB0707EBFF7
:10B1F00023137EBFCCAB7DBFAC3A7DBFC9BF7CBF44
:10B20000283B7CBFCDAC7BBFBE147BBF02737ABF33
:10B210009DC779BF981279BFF85378BFC58B77BFA8
:10B2200007BA76BFC6DE75BF0BFA74BFDD0B74BFFD
:10B23000471473BF521372BF080971BF73F56FBF14
:10B240009ED86EBF93B26DBF5E836CBF0C4B6BBF5D
:10B25000A7096ABF3CBF68BFD86B67BF880F66BFCE
:10B2600059AA64BF5A3C63BF97C561BF214660BFFE
:10B2700005BE5EBF532D5DBF1A945BBF6AF259BF16
:10B28000534858BFE59556BF31DB54BF491853BFEB
:10B290003D4D51BF207A4FBF029F4DBFF8BB4BBF02
:10B2A00012D149BF65DE47BF03E445BF01E243BF9A
:10B2B00070D841BF67C73FBFF9AE3DBF3B8F3BBFB3
:10B2C000426839BF233A37BFF30435BFC9C832BF1C
:10B2D000BB8530BFDE3B2EBF4AEB2BBF159429BF89
:10B2E000563627BF25D224BF996722BFCBF61FBF92
:10B2F000D17F1DBFC6021BBFC07F18BFD9F615BFC7
:10B300002A6813BFCDD310BFDA390EBF6B9A0BBFBB
:10B310009BF508BF824B06BF3D9C03BFE4E700BF1F
:10B32000275DFCBECBE0F6BEEA5AF1BEBBCBEBBE5E
:10B330007533E6BE4F92E0BE80E8DABE4136D5BE38
:10B34000CA7BCFBE53B9C9BE15EFC3BE491DBEBE31
:10B350002A44B8BEEF63B2BED47CACBE128FA6BE88
:10B36000E59AA0BE86A09ABE32A094BE229A8EBE56
:10B37000938E88BEC07D82BECCCF78BE7F9A6CBED5
:10B38000135C60BE011554BEC2C547BECF6E3BBE46
:10B39000A2102FBEB5AB22BE834016BE87CF09BE1A
:10B3A00073B2FABD2FBCE1BD36BDC8BD80B6AFBD1E
:10B3B00004A996BD752B7BBD2EFB48BD2BC316BDC6
:10B3C000B10AC9BC920E49BC00000080453A200079
:10B3D000493A2000573A20001B5B306D001B5B315F
:10B3E0003B33316D001B5B313B33326D001B5B31F6
:10B3F0003B33336D00202025732573546869732017
:10B4000069732061207761726E696E67206D657364
:10B4100073616765210D0A2573002020257325734C
:10B420005468697320697320616E206572726F724F
:10B43000206D657373616765210D0A2573002020F7
:10B440002573257348656C6C6F20776F726C643A56
:10B450002025640D0A257300526F626F745549549C
:10B4600061736B00494D555461736B004D6F766588
:10B470005461736B0064656661756C745461736BC1
:10B480000044656669616E745461736B00526F6F3E
:10B49000745461736B0043444320496E7465726653
:10B4A0006163650043444320436F6E6669670053E0
:10B4B000544D6963726F656C656374726F6E696316
:10B4C000730053544D3332205669727475616C2089
:10B4D000436F6D506F72740049444C4500546D7257
:10B4E0005100546D7220537663005465726D696E1D
:10B4F000616C000018B5010800000020F801000090
:10B50000C401000840B60108F801002040F3000023
:10B5100020020008000000003203100CE7416B3AE3
:10B5200058A08B3A8281011E2D0C010899041AB58E
:10B53000041ADD041B2D0D081D0B0108490C110810
:10B54000081250C347CDCCCC3D0409531C110B1A33
:10B55000C8421C320139041B0101081902120112F0
:10B5600010120812046C1C02400442091324F44F08
:10B57000FFF1FD9086A706180B85040108C10101A3
:10B5800008D907D43116AD0201085D1C0108511419
:10B59000C11EA90301083D041A19301A250814090F
:10B5A00002431302011DC0320904751A020B130570
:10B5B000241D100105247B10080424020205240622
:10B5C00017010705820308151009040133020A1C3C
:10B5D0000705018A19072A810711130A0632022A70
:10B5E00040B81A12231302021E4083044057591B0D
:10B5F000020315136D151B0869041A0D041AA10422
:10B600001AC5040718040309041A0329F5211AAA04
:10B610000110096740533A7D04017C160240AB03D8
:10B62000411009055308065804070F16081082092F
:10B6300011160A15800B16450C18010D00000000AC
:040000050800018965
:00000001FF
