:020000040800F2
:10000000C8F200206902000849B8000845870008C6
:1000100045B80008110E0008D54B0108000000008B
:10002000000000000000000000000000C1FB00080C
:10003000F51B00080000000001C700087D01010851
:10004000830200088302000883020008830200087C
:10005000830200088302000883020008F91B0008DD
:10006000830200088302000883020008830200085C
:100070008117000883020008830200088302000839
:10008000830200088302000883020008830200083C
:10009000150E00088302000883020008830200088E
:1000A0008302000889020108830200088302000815
:1000B00099020108830200088302000883020008F5
:1000C00083020008830200088302000883020008FC
:1000D00083020008A510010883020008C11001086E
:1000E00083020008830200088302000883020008DC
:1000F00083020008830200088302000891170008A9
:1001000083020008830200088302000883020008BB
:10011000830200088302000883020008A902010884
:1001200083020008A1170008B1170008C1170008D2
:10013000830200088302000883020008830200088B
:10014000250E0008830200088302000801BC000895
:10015000D1170008E1170008F1170008DD100108A9
:10016000830200088302000883020008830200085B
:1001700083020008830200088302000800000000D8
:10018000830200088302000800F002F800F05CF827
:100190000AA090E8000C82448344AAF10107DA45E2
:1001A00001D100F051F8AFF2090EBAE80F0013F0D8
:1001B000010F18BFFB1A43F00103184768F501004F
:1001C00088F501000A444FF0000C10F8013B13F0D1
:1001D000070408BF10F8014B1D1108BF10F8015BA0
:1001E000641E05D010F8016B641E01F8016BF9D193
:1001F00013F0080F1EBF10F8014BAD1C0C1B09D1EA
:100200006D1E58BF01F801CBFAD505E014F8016B5B
:1002100001F8016B6D1EF9D59142D6D370470000ED
:100220000023002400250026103A28BF78C1FBD8FF
:10023000520728BF30C148BF0B6070471FB51EF082
:10024000E2F81FBD10B510BD00F002FA1146FFF72D
:10025000F5FF1AF085FB00F020FA03B4FFF7F2FF78
:1002600003BC00F023FA0000094880470948004712
:10027000FEE7FEE7FEE7FEE7FEE7FEE7FEE7FEE756
:10028000FEE7FEE704480549054A064B70470000B3
:100290007502010889010008C8B20020C8F20020D8
:1002A000C8D20020C8D2002053EA020C00F06980B6
:1002B0002DE9F04B4FF00006002B1FBFB3FA83F57A
:1002C00003FA05F424FA05F65E4012BF1643B2FAAB
:1002D00082F502FA05F4C5F120051EBF22FA05FCDD
:1002E00044EA0C04203556EA044C4FEA144418BF83
:1002F000641C4FF000084FF00009904271EB030CB2
:1003000039D3002919BFB1FA81F701FA07F6B0FA1B
:1003100080F700FA07F6C7F120071EBF20FA07FC96
:1003200046EA0C062037B6FBF4FCA7EB0507103FA6
:1003300007F01F0BCBF120062CFA06F60CFA0BFB8C
:1003400044BFB3460026202FA4BF5E464FF0000BEB
:100350005BEA060C08BF4FF0010B19EB0B0948EBE9
:100360000608ABFB027C06FB02CC0BFB03CCC01BDC
:1003700071EB0C01C1E70B46024641464846BDE819
:10038000F08B13B5084318BF4FF0FF300146AFF3B1
:100390000080BDE81C40704753EA020C23D010B522
:1003A0004C1084EA530404D54042C1F1000138BF27
:1003B000491E1B4204D55242C3F1000338BF5B1EE5
:1003C000FFF772FF14F0804F04D04042C1F10001EA
:1003D00038BF491E14F0004F04D05242C3F100034D
:1003E00038BF5B1E10BD13B540424FF0000070EBEC
:1003F0000104B8BF012001F0004100281CBF6FF0CC
:1004000000414FF0FF30AFF300801CBD40EA010314
:10041000024630B59B0710D14FF0013400E008C20E
:1004200008C91D1B9D4315EAC41FF8D013F0FF0136
:1004300002F8011B0DD01B0AF8E711F8013B002B55
:1004400002F8013B05D011F8013B002B02F8013BFB
:10045000F3D130BD10B5431C02E010F8011B71B19F
:100460008107FAD14FF0013202C88C1A8C4314EA8A
:10047000C211F9D0C01A0A0603D0C01E10BDC01A9E
:1004800010BD0A0401D0801E10BD0902FCD0401E20
:1004900010BD032A40F2308010F0030C00F01580EC
:1004A00011F8013BBCF1020F624498BF11F801CB77
:1004B00000F8013B38BF11F8013BA2F1040298BFDC
:1004C00000F801CB38BF00F8013B11F0030300F046
:1004D0002580083AC0F0088051F8043B083A51F8EA
:1004E00004CBA0E80810F5E7121D5CBF51F8043BEF
:1004F00040F8043BAFF30080D20724BF11F8013B62
:1005000011F801CB48BF11F8012B24BF00F8013BC3
:1005100000F801CB48BF00F8012B704710B5203A16
:10052000C0F00B80B1E81850A0E81850B1E818509E
:10053000A0E81850203ABFF4F5AF5FEA027C24BF70
:10054000B1E81850A0E8185044BF18C918C0BDE859
:1005500010405FEA827C24BF51F8043B40F8043B22
:1005600008BF7047D20728BF31F8023B48BF11F8D7
:10057000012B28BF20F8023B48BF00F8012B704731
:1005800002F0FF0343EA032242EA024200F024B8E9
:100590004FF000020429C0F0128010F0030C00F0AC
:1005A0001B80CCF1040CBCF1020F18BF00F8012B2A
:1005B000A8BF20F8022BA1EB0C0100F00DB85FEAF8
:1005C000C17C24BF00F8012B00F8012B48BF00F8C4
:1005D000012B70474FF0000200B513469446964633
:1005E000203922BFA0E80C50A0E80C50B1F1200146
:1005F000BFF4F7AF090728BFA0E80C5048BF0CC0F4
:100600005DF804EB890028BF40F8042B08BF704751
:1006100048BF20F8022B11F0804F18BF00F8012BC3
:10062000704770477047704710B500F009F80068D0
:1006300010BD10B5044600F003F8046010BD0000C2
:100640000048704798020020004870479802002038
:100650007546FFF7F9FFAE4605006946534620F0A0
:100660000700854618B020B5FFF70CFEBDE8204016
:100670004FF000064FF000074FF000084FF0000B5E
:10068000AC46ACE8C009ACE8C009ACE8C009ACE8CD
:10069000C00921F007018D46704710B50446AFF33D
:1006A00000802046BDE81040FFF7D7BD0149182063
:1006B000ABBEFEE7260002007047000082B001904A
:1006C00042F20030C4F2010000900099486820F422
:1006D000403048600198426800994868104348607B
:1006E00001980168486820F48070486001980168AA
:1006F0000269486840EA0220486001980168486839
:1007000020F0407048600198016882684868104392
:10071000486001980168886820F40060886001984A
:100720000168C2688868104388600198806A012166
:10073000C0F60071884219D0FFE701980168886807
:1007400020F07060886001980168826A88681043B0
:10075000886001980168886820F04050886001989E
:100760000168C26A8868104388600CE001980168DB
:10077000886820F07060886001980168886820F0BF
:1007800040508860FFE701980168886820F0020007
:1007900088600198027E0168886840EA42008860AB
:1007A000019890F82000C8B1FFE7019801684868F7
:1007B00040F40060486001980168486820F4604097
:1007C000486001980168426A4EF20000CFF6FF705F
:1007D00000EB423248681043486006E00198016827
:1007E000486820F400604860FFE701980168C86A23
:1007F00020F47000C86201980168C2690020CFF639
:10080000F07000EB0252C86A1043C8620198016898
:10081000886820F400708860019890F830200168A2
:10082000886840EA4220886001980168886820F45E
:1008300080608860019801684269886840EA822087
:10084000886002B07047000080B50020C4F202004A
:100850001021012203F0FEFC80BD000080B50020C5
:10086000C4F202001021002203F0F4FC80BD00005D
:100870007047000080B540F20040C4F2020001223F
:10088000114603F0E7FC80BD80B540F20040C4F2A1
:1008900002000121002203F0DDFC80BD7047000052
:1008A00080B582B0ADF80600FFE7BDF80600411E36
:1008B000ADF8061028B1FFE74FF47A7000F004F8A5
:1008C000F3E702B080BD000086B0ADF8160000204E
:1008D000049003900290019000904EF21400CEF22A
:1008E000000000680090BDF81600C0EB0010400149
:1008F00004904EF21800CEF2000000680390FFE76B
:100900004EF21800CEF2000000680290029803999F
:1009100088421ED0FFE702980399884207D2FFE77A
:1009200003980299411A01980844019008E0009840
:100930000299401A03990144019808440190FFE785
:100940000298039001980499884201D3FFE701E0DF
:10095000FFE7D5E706B0704780B582B000208DF87C
:100960000700FFF785FFFFF799FF19F0D9F8014657
:100970009DF8070008438DF8070019F099F9014622
:100980009DF8070008438DF807009DF8070002B0A6
:1009900080BD000080B588B00790069105920020C8
:1009A000009004900390FFF759FF922000F006F9A1
:1009B000122003A90191062200F0CCF8FFF744FFB2
:1009C0009DF80C009DF80D1040EA0120ADF80A00DA
:1009D000BDF90A0000EE100AB8EEC00A40F20000AD
:1009E000C2F2000090ED001A20EE010A069981ED96
:1009F000000A9DF80E109DF80F2041EA0221ADF883
:100A00000A10BDF90A1000EE101AB8EEC00A90EDF7
:100A1000001A20EE010A069981ED010A9DF81010D6
:100A20009DF8112041EA0221ADF80A10BDF90A1023
:100A300000EE101AB8EEC00A90ED001A20EE010A7E
:100A4000069880ED020AFFF71FFF0098019908221F
:100A500000F080F8FFF70EFF9DF80C000F2844D13E
:100A6000FFE79DF80E009DF80F1040EA0120ADF859
:100A70000A00BDF90A0000EE100AB8EEC00A40F202
:100A80000400C2F2000090ED001A20EE010A07995E
:100A900081ED000A9DF810109DF8112041EA022115
:100AA000ADF80A10BDF90A1000EE101AB8EEC00A2F
:100AB00090ED001A20EE010A079981ED010A9DF8D8
:100AC00012109DF8132041EA0221ADF80A10BDF979
:100AD0000A1000EE101AB8EEC00A90ED001A20EECF
:100AE000010A079880ED020AFFE7FFF7B7FEA22090
:100AF00000F064F8222003A9022200F02BF8FFF78F
:100B0000A3FE9DF80C009DF80D10C00040EA5110A6
:100B1000ADF80A00BDF90A00B0F5806F07DBFFE70A
:100B2000BDF80A00A0F50060ADF80A00FFE7BDF9C6
:100B30000A0000EE100AB8EEC00AB4EE001A20EE69
:100B4000010AB3EE071A30EE010A059880ED000A9B
:100B500008B080BD80B584B08DF80F0002918DF88B
:100B600007209DF80F0040F0800000F027F8FFE715
:100B70009DF8070070B1FFE7552000F01FF80299BB
:100B800008700298013002909DF8070001388DF836
:100B90000700EDE704B080BD80B582B08DF8070096
:100BA00000919DF8070040F0800000F007F8552004
:100BB00000F004F80099087002B080BD80B582B0E2
:100BC0008DF8070069464FF47A70086044F2D4103B
:100BD000C2F200000DF107010DF10602012305F03C
:100BE0005DFF9DF8060002B080BD000080B582B0B8
:100BF0008DF807008DF806109DF80700FFF7DEFF5F
:100C00009DF80600FFF7DAFF02B080BD80B582B024
:100C100001900198006841F20041C4F2000188424D
:100C200010D1FFE740F2C802C2F200021078013092
:100C3000107044F22C20C2F2000040F2012100F0BA
:100C400045FAFFE702B080BD80B58AB009900998E7
:100C5000006844F60001C4F2000188424ED1FFE76B
:100C600044F2E830C2F200000068006800F01001B1
:100C70000020B0EB111F40D0FFE70020ADF82200AC
:100C8000FFE70020079044F2E830C2F2000001685C
:100C9000096807910068406807900798FFE744F2E9
:100CA000E830C2F2000001680968ADF8221001685E
:100CB0004968ADF8221006F003FF43F6A830C2F2EF
:100CC00000000068406813280BD1FFE741F2A870CC
:100CD000C2F2000043F2D001C2F200010BF008FFA3
:100CE000FFE744F2E830C2F2000041F2A871C2F21C
:100CF0000001252207F08AFBFFE7FFE7099800685B
:100D000041F20041C4F20101884247D1FFE743F2BA
:100D1000E850C2F20000027841F26060C2F20000C6
:100D2000029042F6C871C2F200010CF0CFFE0299A7
:100D300044F22C40C2F200000390FF2207F066FB51
:100D400003980068006800F010010020B0EB111F4C
:100D500023D0FFE7FFE70020069044F22C40C2F2C8
:100D600000000168096806910068406806900698CE
:100D7000FFE744F22C40C2F2000006F0A1FE43F669
:100D80000840C2F2000000684068C0F1FF0043F272
:100D9000E851C2F200010870FFE7FFE70998006818
:100DA00041F20001C4F2010188422ED1FFE743F273
:100DB0008402C2F2000202F12C000090012113F023
:100DC0000BFF009944F2A430C2F2000001900F2200
:100DD00007F01CFB01980068006800F0100100207B
:100DE000B0EB111F10D0FFE7FFE70020049044F2A2
:100DF000A430C2F2000001680968049100684068EC
:100E000004900498FFE7FFE7FFE70AB080BD000009
:100E1000FFE7FEE780B543F67010C2F2000001F074
:100E200043FF80BD80B543F69810C2F2000001F088
:100E30003BFF80BD80B58EB00C90002003908DF8F4
:100E400014008DF815008DF816008DF817008DF838
:100E500010008DF811008DF812008DF813008DF838
:100E60002C008DF82D008DF82E008DF82F008DF8B8
:100E7000280008218DF829108DF82A008DF82B0004
:100E80008DF824008DF825008DF826008DF82700B8
:100E90008DF820008DF821008DF822008DF82300B8
:100EA0008DF81C008DF81D008DF81E008DF81F00B8
:100EB0008DF818008DF819108DF81A008DF81B00A8
:100EC0000C9809F08BFB20B9FFE700208DF8370064
:100ED0006BE00C9809F034FC20B9FFE700208DF896
:100EE000370062E00C982021232205AB09F09EFC1C
:100EF0000C982421272204AB09F098FC0C980021BF
:100F0000019103220BAB09F091FC0C980421009194
:100F100007220AAB09F08AFC0C9808210B2209ABC6
:100F200009F084FC0C981021132208AB09F07EFC18
:100F30000C981421172207AB09F078FC0C981821A3
:100F40001B2206AB09F072FC009A0C98602109F094
:100F50004FFC0C9870210122029209F049FC019A81
:100F60000C982A2109F044FC0C982921912209F0BF
:100F70003FFC029A0C98282109F03AFC019A0C983F
:100F80002C2109F035FC029A0C982B2109F030FC39
:100F90000C9809F001FC20B9FFE700208DF837001C
:100FA00003E001208DF83700FFE79DF837000EB011
:100FB00080BD000080B588B00790069100200090A9
:100FC0008DF817008DF81400049003900290079894
:100FD00009F0EEFA014600988DF804109DF804100F
:100FE000B0EB911F6ED0FFE79DF804104FF0FF307B
:100FF00000EB91106FF00201084207D1FFE707985C
:10100000902102AA0D2309F057FB0EE09DF8041071
:101010000220B0EB911F07D1FFE70798942102AAA5
:101020000D2309F049FBFFE7FFE79DF80400C0F33B
:10103000C100022811D1FFE70699022008709DF82F
:1010400008209DF809309DF80A009DF80B1019F052
:101050004BF80699C1F801000CE0069901200870D0
:101060009DF808009DF8091019F07CF80699C1F860
:101070000100FFE79DF80C00069948719DF80D00EE
:10108000069988719DF80E000699C8719DF80F00A9
:10109000069908729DF81000069948729DF8110093
:1010A000069988729DF812000699C8729DF813007F
:1010B000069908739DF814000699487301208DF86D
:1010C0001700FFE79DF8170008B080BD80B584B019
:1010D0000390ADF80A10019244F2D461C2F200010B
:1010E00001200870BDF90A00C1F80100082048710C
:1010F000019A10685268C1F80A20C1F806000398E6
:1011000000F002F804B080BD80B588B00790069169
:1011100000208DF8170044F27041C2F200010870FF
:1011200048708870C870079809F0E2FA014643F2E7
:10113000E450C2F20000017000788008C007F0B9E6
:10114000FFE70699D1F80100097844F27042C2F233
:101150000002049218F078FF049A079806994B79D8
:101160000631EC46CCF80010402109F05FFA0798F0
:10117000812109F0D3FA01208DF817004FE043F2E6
:10118000E450C2F2000000780009C007F0B9FFE7A0
:101190000699D1F80100097844F27042C2F20002C7
:1011A000039218F051FF039A079806994B7906317C
:1011B000EC46CCF80010422109F038FA0798822159
:1011C00009F0ACFA01208DF8170027E043F2E45053
:1011D000C2F2000000788009C007F0B9FFE7069965
:1011E000D1F80100097844F27042C2F20002029282
:1011F00018F02AFF029A079806994B790631EC46B7
:10120000CCF80010442109F011FA0798842109F064
:1012100085FA01208DF81700FFE7FFE7FFE79DF84B
:10122000170008B080BD000080B590B00E2003907C
:101230000F900B9001210E9100200C900D910690C3
:101240000790089009900B900A9043F67010C2F234
:101250000000019006A9029101F058FB019802F0EC
:1012600073F901980221049101F06EFA0299039832
:101270000F900B9043F69810C2F20000059001F019
:1012800045FB059802F060F90499059801F05CFAB5
:1012900010B080BD84B08DF80F000291ADF806202B
:1012A0009DF80F000146009123281DD80099DFE822
:1012B00001F012131415161B1B1B1B1B1B1B1B1BE6
:1012C0001B1B1B1B1B1B1B1B1B1B1B1B1B1B1B1B6E
:1012D0001B1B1718191A08E007E006E005E004E0F8
:1012E00003E002E001E000E0FFE7002004B0704707
:1012F0000020704780B582B043F20460C2F2000063
:10130000009042F2C871C2F200010022019210F076
:101310008DFA009841F6C871C2F2000110F068FA27
:10132000019802B080BD000080B584B003900291A6
:10133000039943F20460C2F20000019010F058FAE1
:10134000019810F0FBF9002004B080BD83B002903A
:1013500001918DF8032000208DF802009DF9020014
:1013600003B0704780B586B00490ADF80E10002031
:101370008DF80D0043F20460C2F20000D0F8BC0208
:1013800002900298D0F8140220B1FFE701208DF8F6
:10139000170013E00499BDF80E2043F20460C2F276
:1013A0000000019010F042FA019810F049FB8DF80E
:1013B0000D009DF80D008DF81700FFE79DF8170050
:1013C00006B080BD83B0029001910092029801782E
:1013D00041F29870C2F2000001720299497841729C
:1013E0000299897881720299C978C1720299097942
:1013F000017302994979417302998979817302993C
:10140000C979C173018941F30A01019A5180418967
:1014100041F30A01019A9180818941F30A01019AFD
:101420005181817BC1F34003019A92F83F1001F092
:10143000F001194482F83F108189C1F3C023019A59
:1014400092F83B1001F0F001194482F83B108189B9
:10145000C1F30033019A92F83B1001F00F0141EA09
:10146000031182F83B10817BC1F34013019A92F87B
:101470003D1001F0F001194482F83D108389019A72
:1014800092F83E1001F0F00141EAD33182F83E10AB
:10149000837B019A92F83C1003F0100301F00F01D6
:1014A000194482F83C10817B01F00103019A92F803
:1014B0003E1001F00F0141EA031182F83E108189CC
:1014C000C1F34033019A92F83C1001F0F001194445
:1014D00082F83C10837B019A92F83A1003F00803DB
:1014E00001F00F0141EA430182F83A10C189C1F3CA
:1014F000C11241F6F021C2F200010A70C289C2F3A2
:101500004122019B1A73C289C2F3C122019B5A7303
:10151000C289C2F34032CA72C289C2F380324A70B1
:10152000C089C00B4870012003B0704780B582B0FD
:101530000190019890F83700012807D1FFE740F2A9
:101540000E01C2F20001C820088085E0019890F8E1
:101550003700022807D1FFE740F20E01C2F2000176
:10156000E620088077E0019890F83700032808D13A
:10157000FFE740F20E01C2F200014FF482700880D2
:1015800068E0019890F83700042808D1FFE740F29E
:101590000E01C2F200014FF49170088059E00198E9
:1015A00090F83700052808D1FFE740F20E01C2F29B
:1015B00000014FF4A07008804AE0019890F83700CD
:1015C000062808D1FFE740F20E01C2F200014FF4F5
:1015D000AF7008803BE0019890F83700072808D1E9
:1015E000FFE740F20E01C2F200014FF4BE70088026
:1015F0002CE0019890F83700082808D1FFE740F266
:101600000E01C2F200014FF4D27008801DE0019873
:1016100090F83700092808D1FFE740F20E01C2F226
:1016200000014FF4E17008800EE0019890F8370057
:101630000A2808D1FFE740F20E01C2F200014FF480
:10164000FA700880FFE7FFE7FFE7FFE7FFE7FFE744
:10165000FFE7FFE7FFE7FFE740F20E00C2F20000FE
:1016600000880199B1F85110401A41F29871C2F204
:10167000000100910880102088700198D0F86A005D
:101680001CF018FF0099C870012002B080BD000056
:1016900080B588B0DDF82CC0DDF828C00790069131
:1016A0008DF8172004930798049A0A9B0B99EC462F
:1016B000CCF8001043F28401C2F2000113F06CFB7D
:1016C0000699CD2008700798016843F2EC50C2F2E9
:1016D0000000029001600178069A51704178069AE4
:1016E00091708178069AD170C178069A1171079924
:1016F000496801600178069A51714178069A9171A2
:101700008178069AD171C178069A11720799497E3B
:10171000069A51720799496901600178069A917297
:101720004178069AD1728178069A1173C078069929
:1017300048730798007E069988730699DC20C87361
:101740009DF8170038B9FFE706981021FFF70AFE49
:101750008DF80F0010E09DF8170001280BD1FFE76E
:10176000069944F2A430C2F20000102206F092FE64
:101770008DF80F00FFE7FFE7012008B080BD0000F3
:1017800080B543F6A830C2F2000002F071F880BDC7
:1017900080B543F68820C2F2000002F069F880BDEF
:1017A00080B543F60840C2F2000002F061F880BD47
:1017B00080B543F6C810C2F2000002F059F880BDAF
:1017C00080B543F62820C2F2000002F051F880BD37
:1017D00080B543F6E820C2F2000002F049F880BD6F
:1017E00080B543F66840C2F2000002F041F880BDC7
:1017F00080B543F64830C2F2000002F039F880BDEF
:1018000082B001900198007810384AF6AB21CAF6F0
:10181000AA21A0FB01100009009000994EF60C10BF
:10182000C0F60100405C0199C8650098042807D300
:10183000FFE701990868042262F30900886506E061
:101840000199086840F2FF3290438865FFE70198EC
:10185000806D02B07047000086B0059000208DF8C2
:1018600013000598806A03900598806910BBFFE714
:101870000398029003281BD80299DFE801F0020DBB
:101880000218059890F82F00C00720B1FFE701204B
:101890008DF81300FFE70CE00598C06AB0F1C07F37
:1018A00004D1FFE701208DF81300FFE701E000E01D
:1018B000FFE745E005988069B0F5005F25D1FFE7B7
:1018C0000398019003281ED80199DFE801F0020671
:1018D000021101208DF8130016E0059890F82F00F2
:1018E000C00720B1FFE701208DF81300FFE70BE0F0
:1018F0000598C06AB0F1C07F04D1FFE701208DF8E0
:101900001300FFE700E0FFE719E0039800900328C9
:1019100004D3FFE70098032804D00EE001208DF8DF
:1019200013000BE0059890F82F00C00720B1FFE7E7
:1019300001208DF81300FFE700E0FFE7FFE7FFE776
:101940009DF8130006B0704784B003900291019295
:10195000009303980168086820F4802008600098CC
:1019600003990968486003988068402809D1FFE717
:101970000198039909688860029803990968C8600A
:1019800008E002980399096888600198039909683A
:10199000C860FFE704B0704781B041F20400CEF2A6
:1019A000000000680090009841F29071C2F20001BE
:1019B0000968884208D2FFE741F29471C2F200013F
:1019C000086801300860FFE7009841F29071C2F2A8
:1019D0000001086001B0704780B584B0039041F207
:1019E0000400CEF200000068029002980399096892
:1019F000401A00EE100AB8EE400A41F27870C2F2C6
:101A0000000090ED001AB8EE411A80EE010A8DED4B
:101A1000010A029803990860FFF7BEFF9DED010AD5
:101A200004B080BD80B582B000F066F841F69C300D
:101A3000C2F20000016883884FF47A7201FB023120
:101A400000EE101AB8EE401AC08800EE100AB8EE88
:101A5000C00A9FED062A20EE020A30EE010A8DED43
:101A6000010A9DED010A02B080BD00BF6F12833AEA
:101A700081B000904EF6FC51CEF20001086840F0B3
:101A80008070086041F20401CEF20001002008607D
:101A900041F20002CEF20002116841F00101116032
:101AA000009944F24022C0F20F024A4341F2787199
:101AB000C2F200010A600A6844F6D353C1F262031D
:101AC000A2FB0332920941F27C73C2F200031A6056
:101AD00009684DF68362C4F21B32A1FB0221890C16
:101AE00041F28072C2F20002116041F29471C2F2BE
:101AF0000001086001B07047B0B586B041F2040043
:101B0000CEF2000000680590FFF746FF41F29470A6
:101B1000C2F2000001680598002302934FF0FF3CD9
:101B20001A46E1FB0C0241F28871C2F200010091F9
:101B30004A6008600868496841F27874C2F200049B
:101B40002268FEF7B1FB029B02468C46009941F2E7
:101B5000C070C2F20000C0F804C00260D1F800C03A
:101B60004968D0F800E042682468AEFB04E502FB57
:101B70000452BCEB0E0C61EB020241F2C871C2F2DE
:101B800000010391C1F800C04A60006841F69C3230
:101B9000C2F20002049210600868496841F27C7247
:101BA000C2F2000201921268FEF77EFBDDF804C06B
:101BB000029B049A014603989180016840689288CC
:101BC000DCF800C002FB0CF28A1A60F1000041F25E
:101BD000D071C2F200010A6048600868496841F2A9
:101BE0008072C2F200021268FEF75EFB0499C880A0
:101BF00006B0B0BD7047000080B582B044F22C2022
:101C0000C2F20000009044F2A861C2F2000113F099
:101C100029F98DF80700022002F024F9009813F04A
:101C20001BFA02B080BD000081B0EFF3108072B6E5
:101C30000090FFE7FEE7000080B588B0A820FFF71E
:101C400017FFFFF7F1FA44F22C20C2F20000FFF771
:101C5000F1F843F20061C2F20001087044F25C3016
:101C6000C2F2000005F04EFA44F21430C2F2000055
:101C7000082105F027FE43F6E820C2F2000001909B
:101C800001F09CFD43F64830C2F20000029001F0E2
:101C900095FD019801F07CFF029801F079FF44F274
:101CA000A430C2F2000005F00BFF43F6A830C2F2E8
:101CB0000000039001F082FD039801F069FF44F2F7
:101CC000E830C2F20000049005F0FAFE04980268C1
:101CD000D16841F01001D16041F2A871C2F2000157
:101CE000252206F093FB43F60840C2F2000005905F
:101CF00001F064FD43F66840C2F20000069001F076
:101D00005DFD059801F044FF069801F041FF44F2A3
:101D10002C40C2F2000005F0D3FE09F057FD40F65A
:101D20003C01C4F200010791322008604FF4FA70C0
:101D300002F048F807990020086008B080BD000054
:101D400080B584B003908DED020A039880690190FC
:101D500001A8FFF741FE039910EE100AC8619DED3E
:101D6000020A0399C868CB690A6A01EE103A20EEAC
:101D7000010A03EE102A33EE012A80EE020A01EE78
:101D8000100A21EE031A81EE021A30EE010A10EE5B
:101D9000100AC8600398008E032810DBFFE7039A3F
:101DA00002F13200D168D26900EE102A00EE901ADA
:101DB00009F082FD039910EE100A486211E00399C0
:101DC000CB680A69C86900EE103A01EE102A30EEBD
:101DD000410A01EE100A80EE010A10EE100A486274
:101DE000FFE70398B0F85C00032810DBFFE70399D6
:101DF00001F15E00CA69496A00EE102A00EE901AED
:101E000009F05AFD039910EE100A886211E0039957
:101E1000C8694B6ACA6A00EE103A01EE102A30EE29
:101E2000410A01EE100A80EE010A10EE100A8862E3
:101E3000FFE70399D1F800C04A688868CB6800EED4
:101E400010CA02EE103A01EE102A4A6A03EE102A76
:101E500021EE031A20EE020A30EE011A00EE100AFB
:101E6000886A02EE100A20EE020A30EE010A10EE35
:101E7000100AC1F888000398D0F88810D0F88C00B8
:101E800000EE101A01EE100AF1EE410A18F098FC6B
:101E9000039910EE100AC1F888000399C868086118
:101EA0000399486AC8620398D0F8880000EE100AC7
:101EB00004B080BD80B586B005908DED040A039115
:101EC000CDED020AADF80620ADF80430049805996E
:101ED000C1F88C00039880B1FFE7059868B1FFE76F
:101EE0000398006805990860039840680599486060
:101EF00003988068059988600AE0059900200860C9
:101F000005994860059988600599C1F88C00FFE73C
:101F1000029805990862BDF8060005990886BDF883
:101F200004000599A1F85C00BDF80600032807DB52
:101F3000FFE705983230BDF8061009F01FFEFFE7F5
:101F4000BDF80400032807DBFFE705985E30BDF805
:101F5000041009F013FEFFE7059900208861059938
:101F6000C1F8880006B080BD84B002900191ADF840
:101F70000220029828B9FFE74FF6FF70ADF80E0077
:101F800021E0FFE70198411E0191B8B1FFE70298F7
:101F9000411C029100788DF80100BDF802109DF8F7
:101FA00001004840C2B24FF22450C0F6010030F8A0
:101FB000120080EA1120ADF80200E3E7BDF802004C
:101FC000ADF80E00FFE7BDF80E0004B0704700004A
:101FD00082B00190ADF802108DF80120FFE7BDF846
:101FE0000200411EADF8021098B1FFE79DF8010014
:101FF00001994A1C0192097848408DF800009DF82B
:1020000000104EF60C00C0F60100405C8DF8010097
:10201000E5E79DF8010002B07047000041F6D800E6
:10202000C2F2000090ED690A7047000041F6D80046
:10203000C2F2000090ED680A7047000080B584B0DD
:1020400047F61020C1F6FF700068039047F6142091
:10205000C1F6FF700068029047F61820C1F6FF70C5
:10206000006801900199039808440390039888B18F
:10207000FFE7039840F28811C2F20001009102319B
:10208000082207F091FC009902981231042207F00F
:102090008BFCFFE704B080BD41F6D800C2F200001F
:1020A00090ED6A0A7047000041F6D800C2F20000C5
:1020B00090ED6B0A7047000085B0039002910020FC
:1020C0000190FFE7039890F83C00012804D1FFE756
:1020D00002208DF81300F7E00399012081F83C00FD
:1020E000FFE7FFE7029800680A281CD3FFE7029881
:1020F000008800EB4000A0F11E01072000FA01F269
:1021000003980168C8689043C86002998868098884
:1021100001EB41011E3900FA01F203980168C86819
:102120001043C86018E00298008800EB40010720C7
:1021300000FA01F203980168086990430861029966
:102140008868098801EB410100FA01F203980168EF
:10215000086910430861FFE70298406806281BD809
:10216000FFE70298406800EB8000411F1F2000FA43
:1021700001F203980168486B90434863029908880C
:10218000496801EB8101053900FA01F20398016801
:10219000486B104348633DE0029840680C281CD807
:1021A000FFE70298406800EB8000A0F123011F20A8
:1021B00000FA01F203980168086B904308630299E2
:1021C0000888496801EB8101233900FA01F203987C
:1021D0000168086B104308631BE00298406800EB3D
:1021E0008000A0F141011F2000FA01F2039801686C
:1021F000C86A9043C86202990888496801EB810166
:10220000413900FA01F203980168C86A1043C862B4
:10221000FFE7FFE742F20030C4F2010000900398AC
:10222000006842F20001C4F2010188420BD1FFE7CD
:1022300002980068122806D1FFE70099486840F428
:1022400080004860FFE70398006842F20001C4F292
:10225000010188422ED1FFE702980068102805D0BE
:10226000FFE702980068112824D1FFE70099486829
:1022700040F40000486002980068102819D1FFE778
:1022800040F2C400C2F2000000684DF68361C4F25F
:102290001B31A0FB0110800C00EB8000400001907E
:1022A000FFE7019820B1FFE7019801380190F8E7B6
:1022B000FFE7FFE7FFE70399002081F83C00FFE715
:1022C00000208DF81300FFE79DF8130005B070475C
:1022D00081B0009000980068C06C01B070470000A9
:1022E00080B584B0029000208DF80700029820B9D4
:1022F000FFE701208DF80F0042E00298806A01217B
:10230000C0F60071884201D0FFE7FFE70298006C39
:1023100050B9FFE7029800F037F8029900204864AE
:10232000029981F83C00FFE70298006CC006002883
:1023300017D4FFE70298006C40F0020020F48850A8
:10234000029908640298FEF7B9F9029900204864DE
:102350000298006C40F0010020F00200029908642D
:1023600003E001208DF80700FFE7FFE70299002056
:1023700081F83C00FFE79DF807008DF80F00FFE7AC
:102380009DF80F0004B080BD80B58AB00990002090
:10239000089007900690059004900998006842F212
:1023A0000001C4F20101884212D1FFE7FFE70020DB
:1023B000039043F64400C4F20200016841F48071C6
:1023C0000160006800F4807003900398FFE73AE032
:1023D0000998006842F20021C4F20101884231D11B
:1023E000FFE7FFE70020029043F64400C4F202003A
:1023F000016841F480610160006800F4806002902F
:102400000298FFE7FFE70020019043F63000C4F296
:102410000200016841F020010160006800F0200026
:1024200001900198FFE74FF480600490032005902D
:102430000020069041F20040C4F2020004A901F01D
:102440002DFDFFE7FFE70AB080BD000080B584B036
:102450000290019100200090029800688068400579
:10246000002816D5FFE7029800688068C00500289C
:102470000FD5FFE70299086C40F020000864FFE7E1
:102480000299002081F83C00FFE701208DF80F0041
:102490006DE001F0F7FE0090FFE702980068006829
:1024A00000F00200022829D0FFE70198013020B394
:1024B000FFE7019840B1FFE701F0E4FE0099401A00
:1024C0000199884218D9FFE702980068006800F077
:1024D000020002280FD0FFE70299086C40F00400C8
:1024E0000864FFE70299002081F83C00FFE7032021
:1024F0008DF80F003BE0FFE7FFE7CEE702980168A9
:102500006FF0120008600299086C40F400700864D3
:1025100002980068806810F0405F24D1FFE70298BD
:10252000007E00BBFFE702980068C06A10F4700FDD
:1025300007D0FFE70298006880684005002812D4A1
:10254000FFE70299086C20F4807008640298006C20
:10255000C004002806D4FFE70299086C40F001008F
:102560000864FFE7FFE700208DF80F00FFE79DF804
:102570000F0004B080BD000084B0029000200190E4
:10258000FFE7029890F83C00012804D1FFE7022001
:102590008DF80F00D4E00299012081F83C00FFE79C
:1025A000FFE7029800688068C007F0B9FFE702986B
:1025B0000168886840F00100886040F2C400C2F2FF
:1025C000000000684DF68361C4F21B31A0FB0110CE
:1025D000800C00EB40000190FFE7019820B1FFE77D
:1025E000019801380190F8E7FFE7029800688068D9
:1025F000C007002800F09580FFE70298006C40F4C7
:10260000807040F201618843029908640298006872
:1026100040684005002809D5FFE70298006C40F4A7
:10262000805020F4005002990864FFE70298006C83
:10263000C004002806D5FFE70299486C20F0060088
:10264000486403E0029900204864FFE7FFE702992D
:10265000002081F83C00FFE742F20030C4F20100A4
:102660000090029801686FF02200086000984068AE
:10267000C006E8BBFFE70298006842F20001C4F21E
:102680000101884224D0FFE70298006842F200115D
:10269000C4F20101884208D1FFE742F20430C4F2DB
:1026A00001000068C00698B1FFE70298006842F296
:1026B0000021C4F20101884219D1FFE742F204303F
:1026C000C4F20100006800F01F000F280FD8FFE7D8
:1026D00002980068806810F0405F07D1FFE7029819
:1026E0000168886840F080408860FFE7FFE717E0F6
:1026F0000298006842F20001C4F2010188420ED142
:10270000FFE702980068806810F0405F07D1FFE79C
:1027100002980168886840F080408860FFE7FFE722
:102720000AE00299086C40F0100008640299486CB5
:1027300040F001004864FFE700208DF80F00FFE73C
:102740009DF80F0004B0704784B002900191029888
:1027500090F820008DF803009DF80300012805D0B3
:10276000FFE79DF8030002280AD1FFE7019A0298CB
:10277000016848691043486100208DF80F0008E0A7
:102780000299486A40F48020486201208DF80F00C9
:10279000FFE79DF80F0004B07047000088B0069076
:1027A000059104920393069890F820008DF8070095
:1027B00006980068806800900598806808B9FFE76F
:1027C00000E0FFE79DF80700012806D0FFE79DF82D
:1027D0000700022840F08D80FFE79DF803004007C6
:1027E00000280CD4FFE79DF803000007002806D45A
:1027F000FFE79DF80300C006002871D5FFE70098A9
:10280000C0F3016002900298032809D3FFE70699FC
:10281000486A40F40000486201208DF81F0071E012
:10282000029901208840039908600598806868B97A
:10283000FFE705980168C06840EA415006990968B9
:10284000029A01EB0211C1F880010EE005994A6875
:102850008868C96840EAC200084306990968029A74
:1028600001EB0211C1F88001FFE7059800690699A4
:102870000968029A01EB0211C1F884010598007DF4
:1028800001280CD1FFE706980068029900EB0111BE
:10289000D1F8840140F48070C1F88401FFE7049806
:1028A000406806990968029A01EB0211C1F88C018F
:1028B0000498006806990968029A01EB0211C1F8B0
:1028C000880106980068029900EB0111D1F8800197
:1028D00040F00100C1F8800100208DF81F0011E0D8
:1028E0000699486A40F40010486201208DF81F00E4
:1028F00008E00699486A40F48020486201208DF87B
:102900001F00FFE79DF81F0008B0704786B00490D5
:102910000391049800680190049890F820008DF8C5
:1029200003009DF80300012806D0FFE79DF803008F
:10293000022840F0B080FFE746F20040C4F20000F9
:1029400001900199D1F8000240F00100C1F80002A5
:102950000199D1F8000220F47C50C1F800020398DC
:10296000426A0199D1F8000240EA0220C1F800024F
:102970000398406900F01F01012088400290029AEC
:102980000199D1F81C029043C1F81C020398C06958
:10299000F0B9FFE7029A0199D1F80C029043C1F80F
:1029A0000C02039A9088D168526940EA014001996B
:1029B00001EBC201C1F84002039A10889168526984
:1029C00040EA0140019901EBC201C1F84402FFE76E
:1029D0000398C06901281ED1FFE7029A0199D1F836
:1029E0000C021043C1F80C02039A908811685269D6
:1029F00040EA0140019901EBC201C1F84002039A8B
:102A000090899168526940EA0140019901EBC20145
:102A1000C1F84402FFE70398806940B9FFE7029AD2
:102A20000199D1F804029043C1F8040207E0029A28
:102A30000199D1F804021043C1F80402FFE703989A
:102A4000006940B9FFE7029A0199D1F81402904356
:102A5000C1F8140207E0029A0199D1F81402104358
:102A6000C1F81402FFE70398006A012808D1FFE7C4
:102A7000029A0199D1F81C021043C1F81C02FFE729
:102A80000199D1F8000220F00100C1F800020020F5
:102A90008DF8170008E00499486A40F480204862E5
:102AA00001208DF81700FFE79DF8170006B070476A
:102AB00081B0009001B0704786B0049003910292FB
:102AC0000193049890F820008DF803009DF803000E
:102AD000012806D0FFE79DF80300022840F0D780C8
:102AE000FFE7039880B9FFE704980068C068800793
:102AF00048B9FFE70499486A40F400104862012091
:102B00008DF81700CCE00FE004980068006980079A
:102B100048B9FFE70499486A40F400104862012070
:102B20008DF81700BCE0FFE704980068039900EBFC
:102B30000110D0F8B00100F00400029988600298FA
:102B4000806858B9FFE704980068039900EB01100A
:102B5000D0F8B001400D029908600AE004980068BE
:102B6000039900EB0110D0F8B001C0080299486049
:102B7000FFE704980068039900EB0110D0F8B0015A
:102B800000F002000299C86004980068039900EB05
:102B90000110D0F8B40100F00F0002990861049808
:102BA0000068039900EB0110D0F8B40180B2000A6C
:102BB0000299886104980068039900EB0110D0F82D
:102BC000B401000C0299486104980068039900EB75
:102BD0000110D0F8B80101990870049800680399B1
:102BE00000EB0110D0F8B801000A01994870049870
:102BF0000068039900EB0110D0F8B801000C0199AE
:102C0000887004980068039900EB0110D0F8B801AF
:102C1000000E0199C87004980068039900EB011038
:102C2000D0F8BC010199087104980068039900EB81
:102C30000110D0F8BC01000A01994871049800689D
:102C4000039900EB0110D0F8BC01000C01998871C8
:102C500004980068039900EB0110D0F8BC01000E45
:102C60000199C871039838B9FFE704980168C868EA
:102C700040F02000C86006E004980168086940F050
:102C800020000861FFE700208DF8170008E0049994
:102C9000486A40F48020486201208DF81700FFE761
:102CA0009DF8170006B0704780B58AB009900020E3
:102CB0000890099800684069079009980068406882
:102CC0000690099800688068059009980068C068B7
:102CD0000490099800680069039009980068806969
:102CE00002909DF81C00C007002800F09480FFE7C8
:102CF0009DF81400C00758B3FFE709980168012048
:102D000088609DF814008007002804D5FFE7099823
:102D100000F064FC1BE09DF814004007002805D576
:102D2000FFE7089840F4006008900FE09DF8140059
:102D30000007002805D5FFE7089840F48050089068
:102D400003E0099800F046FCFFE7FFE7FFE7FFE735
:102D50009DF81500C00760B3FFE7099801684FF4BC
:102D6000807088609DF815008007002804D5FFE773
:102D7000099800F03BFC1BE09DF815004007002877
:102D800005D5FFE7089840F4005008900FE09DF843
:102D900015000007002805D5FFE7089840F480409B
:102DA000089003E0099800F01DFCFFE7FFE7FFE74C
:102DB000FFE79DF81600C00760B3FFE709980168B8
:102DC0004FF4803088609DF816008007002804D5F5
:102DD000FFE7099800F012FC1BE09DF81600400781
:102DE000002805D5FFE7089840F4004008900FE060
:102DF0009DF816000007002805D5FFE7089840F465
:102E00008030089003E0099800F0F4FBFFE7FFE74B
:102E1000FFE7FFE7FFE79DF81C000007002810D53B
:102E2000FFE79DF81000C006002809D5FFE70898C5
:102E300040F400700890099801681020C860FFE70E
:102E4000FFE79DF81C00400700280FD5FFE79DF81D
:102E500010000007002808D5FFE70998016808203E
:102E6000C860099800F0CCFAFFE7FFE79DF81C0066
:102E7000800700280BD5FFE709980068C068800725
:102E800020B1FFE7099800F0BFFAFFE7FFE79DF8E0
:102E90001C004006002810D5FFE79DF80C00C00676
:102EA000002809D5FFE7089840F480600890099849
:102EB000016810200861FFE7FFE79DF81C0080060D
:102EC00000280FD5FFE79DF80C000007002808D563
:102ED000FFE70998016808200861099800F028FBBD
:102EE000FFE7FFE79DF81C00C00600280BD5FFE7B1
:102EF000099800680069800720B1FFE7099800F091
:102F00001BFBFFE7FFE79DF81E00800700280FD599
:102F1000FFE79DF81800C006002808D5FFE70998CC
:102F2000016810204860099800F00AFBFFE7FFE7FE
:102F30009DF81E00C00778B1FFE79DF81800000754
:102F4000002808D5FFE7099801680820486009981B
:102F500000F058FBFFE7FFE79DF81D000006002882
:102F600040F18D80FFE79DF818004007002840F1F0
:102F70008180FFE79DF81D00C00750B1FFE79DF875
:102F80000800C00728B1FFE7089840F0010008904A
:102F9000FFE79DF81D00800700280BD5FFE79DF88F
:102FA00008008007002805D5FFE7089840F00200D8
:102FB0000890FFE79DF81D00400700280BD5FFE7AC
:102FC0009DF808004007002805D5FFE7089840F065
:102FD00004000890FFE79DF81D000007002848D571
:102FE000FFE79DF8080010F0700F42D0FFE702984D
:102FF00000F0700001460191102814D0FFE70198FD
:10300000202815D0FFE70198302816D0FFE7019857
:10301000402817D0FFE70198502818D0FFE7019803
:10302000602819D01DE0089840F00800089019E0C9
:10303000089840F01000089014E0089840F0200034
:1030400008900FE0089840F0400008900AE00898C7
:1030500040F08000089005E0089840F480700890E7
:1030600000E0FFE709980168886920F07000886136
:10307000FFE7FFE70998016804204860FFE7089828
:1030800048B1FFE7089A0999486A104348620998CD
:10309000FFF70EFDFFE70AB080BD000080B584B0E9
:1030A0000290029820B9FFE701208DF80F00E0E0C0
:1030B000029890F8200020B9FFE7029800F0DEF8AF
:1030C000FFE702980168086840F00100086001F01D
:1030D000D9F80190FFE7029800684068C007A8B9D6
:1030E000FFE701F0CFF80199401A0B280DD3FFE755
:1030F0000299486A40F4003048620299052081F83C
:10310000200001208DF80F00B3E0E4E70298016889
:10311000086820F00200086001F0B4F80190FFE7B1
:103120000298006840688007002815D5FFE701F085
:10313000A9F80199401A0B280DD3FFE70299486AB4
:1031400040F4003048620299052081F820000120F7
:103150008DF80F008DE0E3E70298007E012807D18B
:10316000FFE702980168086840F08000086006E008
:1031700002980168086820F080000860FFE7029864
:10318000407E012807D1FFE702980168086840F0F7
:103190004000086006E002980168086820F04000DE
:1031A0000860FFE70298807E012807D1FFE70298B8
:1031B0000168086840F02000086006E00298016895
:1031C000086820F020000860FFE70298C07E012810
:1031D00007D1FFE702980168086820F01000086036
:1031E00006E002980168086840F010000860FFE7F8
:1031F0000298007F012807D1FFE70298016808685C
:1032000040F00800086006E002980168086820F0B5
:1032100008000860FFE70298407F012807D1FFE718
:1032200002980168086840F00400086006E002980F
:103230000168086820F004000860FFE7029B196835
:103240005A689868D3F80CC040EA0C00D3F810C054
:1032500040EA0C005B691843013A1043C8610299C7
:1032600000204862029A012182F820108DF80F0098
:10327000FFE79DF80F0004B080BD000080B590B05E
:103280000F9000200E900D900C900B900A900F98CC
:10329000006846F20041C4F20001884249D1FFE7CC
:1032A00041F2DC70C2F20000016801310160006887
:1032B000012812D1FFE7FFE70020099043F6400004
:1032C000C4F20200016841F000710160006800F082
:1032D000007009900998FFE7FFE7FFE700200890DA
:1032E00043F63000C4F20200016841F008010160B9
:1032F000006800F0080008900898FFE703200A9093
:1033000002210B91002103910C910D9009200E9048
:1033100040F60040C4F202000AA900F0BFFD039A83
:1033200014200490052101F089F8049801F07CF83C
:1033300064E00F98006846F60001C4F2000188427C
:103340005BD1FFE7FFE70020079043F64000C4F29F
:103350000200016841F080610160006800F0806057
:1033600007900798FFE741F2DC70C2F200000168A5
:10337000013101600068012812D1FFE7FFE700205A
:10338000069043F64000C4F20200016841F000716B
:103390000160006800F0007006900698FFE7FFE704
:1033A000FFE70020059043F63000C4F202000168F8
:1033B00041F002010160006800F0020005900598EC
:1033C000FFE760200A9002200B90002001900C90F3
:1033D00003200D9009200E9040F20040C4F202003C
:1033E0000AA900F05BFD019A40200290052101F03E
:1033F00025F8029801F018F8FFE7FFE710B080BD4C
:1034000081B0009001B0704780B58CB00B900B98E4
:10341000002104AA02ABFFF74FFB0B9843F6701193
:10342000C2F20001884242D1FFE70498019040F2C5
:103430000521884228D0FFE7019840F231218842D7
:103440000CD0FFE7019840F25221884226D0FFE7D6
:10345000019840F2013188420CD027E043F2D001BC
:10346000C2F2000141F6F022C2F2000202A8FDF70A
:10347000A9FF1BE040F2F820C2F2000000F50C703A
:1034800002A911F011FD11E040F2F820C2F2000093
:1034900000F6A80002A90AF03DFA07E041F26070C8
:1034A000C2F2000002A909F05DF9FFE7FFE70B98FF
:1034B00043F69811C2F20001884236D1FFE7049822
:1034C000A0F201200146009103282DD80099DFE8E1
:1034D00001F0020C162040F2F820C2F2000000F5C4
:1034E0002D6002A90AF082FA1EE040F2F820C2F232
:1034F000000000F6F84002A90AF078FA14E040F261
:10350000F820C2F2000000F5726002A90AF06EFA1B
:103510000AE040F2F820C2F2000041F248110844EB
:1035200002A90AF063FAFFE7FFE70CB080BD0000D4
:1035300081B0009001B0704781B0009001B0704739
:1035400081B0009001B0704780B584B002900298BD
:1035500090F8200001282FD1FFE70299022081F87E
:10356000200002980168086820F00100086000F05F
:1035700089FE0190FFE7029800684068C007A8B183
:10358000FFE700F07FFE0199401A0B280DD3FFE7FB
:103590000299486A40F4003048620299052081F897
:1035A000200001208DF80F000FE0E4E702990020D1
:1035B00048628DF80F0008E00299486A40F4002044
:1035C000486201208DF80F00FFE79DF80F0004B05E
:1035D00080BD000081B0009001B0704781B00090C4
:1035E00001B0704781B0009001B0704781B0009089
:1035F00001B0704781B0009001B0704781B0009079
:1036000001B0704781B0009001B0704780B582B0C2
:103610000090009820B9FFE701208DF8070011E025
:103620000098407938B9FFE70099002008710098A8
:1036300000F00CF8FFE700990120487100208DF898
:103640000700FFE79DF8070002B080BD82B001903F
:103650000198006843F20001C4F20201884212D1CD
:10366000FFE7FFE70020009043F63000C4F20200BD
:10367000016841F480510160006800F480500090BE
:103680000098FFE7FFE702B07047000080B584B004
:1036900002900298806D019000F0F4FD0090029875
:1036A00090F8350002280DD0FFE702998020486588
:1036B000FFE70299002081F83400FFE701208DF830
:1036C0000F0055E002980168086820F016000860B5
:1036D00002980168486920F0800048610298006CF7
:1036E00020B9FFE70298806C38B1FFE702980168C3
:1036F000086820F008000860FFE702980168086881
:1037000020F001000860FFE7029800680068C00729
:10371000C8B1FFE700F0B6FD0099401A062811D3A2
:10372000FFE70299202048650299032081F83500BF
:10373000FFE70299002081F83400FFE703208DF8AD
:103740000F0015E0E0E70298C16D3F208840019925
:1037500088600299012081F83500FFE70299002076
:1037600081F83400FFE7FFE700208DF80F00FFE746
:103770009DF80F0004B080BD82B00090009890F8D2
:103780003500022807D0FFE7009980204865012016
:103790008DF807000EE00099052081F835000098AB
:1037A0000168086820F001000860FFE700208DF83C
:1037B0000700FFE79DF8070002B0704780B584B0AE
:1037C0000290029820B9FFE701208DF80F004BE02E
:1037D000029890F83500022804D1FFE702208DF806
:1037E0000F0041E002980168086820F001000860BD
:1037F00002980168002000900860029909684860FA
:1038000002990968886002990968C8600299096884
:10381000086102980168212048610298FDF7F0FFD5
:103820000146009801910299C863029908640299BF
:103830004864029988640299C864029908650299EB
:10384000CA6D3F219140019A9160029948650299A1
:1038500081F83500FFE70299002081F83400FFE786
:1038600000208DF80F00FFE79DF80F0004B080BD29
:1038700080B586B005900020039040F2C400C2F2EB
:103880000000006848F2B511C1F64E31A0FB0110EE
:10389000800A02900598806D01900198006804905C
:1038A00004980599C96DC840000700281AD5FFE79C
:1038B0000598006800684007002812D5FFE70598C2
:1038C0000168086820F0040008600598C16D0820B0
:1038D0008840019988600599486D40F0010048656D
:1038E000FFE7FFE704980599C96DC840C007A0B17C
:1038F000FFE7059800684069000600280CD5FFE73F
:103900000598C16D01208840019988600599486D2E
:1039100040F002004865FFE7FFE704980599C96D8C
:10392000C8404007002814D5FFE7059800680068E4
:10393000800700280CD5FFE70598C16D042088405A
:10394000019988600599486D40F004004865FFE7DB
:10395000FFE704980599C96DC840C006002847D5FF
:10396000FFE7059800680068000700283FD5FFE7DB
:103970000598C16D102088400199886005980068FD
:103980000068400300281AD5FFE705980068006822
:103990000003002809D4FFE70598006C20B1FFE779
:1039A0000598016C8847FFE708E00598806C20B116
:1039B000FFE70598816C8847FFE7FFE716E0059869
:1039C00000680068C005002807D4FFE70598016873
:1039D000086820F008000860FFE70598006C20B137
:1039E000FFE70598016C8847FFE7FFE7FFE7FFE780
:1039F00004980599C96DC8408006002840F18D8063
:103A0000FFE7059800680068C006002840F1848040
:103A1000FFE70598C16D20208840019988600598CE
:103A200090F83500052834D1FFE70598016808684B
:103A300020F01600086005980168486920F08000B1
:103A400048610598006C20B9FFE70598806C38B193
:103A5000FFE705980168086820F008000860FFE7A4
:103A60000598C16D3F208840019988600599012023
:103A700081F83500FFE70599002081F83400FFE761
:103A80000598006D20B1FFE70598016D8847FFE7B5
:103A90007BE0059800680068400300281AD5FFE71E
:103AA0000598006800680003002809D4FFE705981E
:103AB000406C20B1FFE70598416C8847FFE708E0BC
:103AC0000598C06B20B1FFE70598C16B8847FFE7F9
:103AD000FFE720E0059800680068C005002811D4C1
:103AE000FFE705980168086820F010000860059954
:103AF000012081F83500FFE70599002081F83400A6
:103B0000FFE7FFE70598C06B20B1FFE70598C16BA1
:103B10008847FFE7FFE7FFE7FFE70598406DA0B3A1
:103B2000FFE70598406DC00730B3FFE70599052012
:103B300081F8350005980168086820F001000860E8
:103B4000FFE70398013003900299884201D9FFE70B
:103B500007E0FFE7059800680068C0070028F0D17B
:103B6000FFE70599012081F83500FFE7059900205E
:103B700081F83400FFE7FFE70598C06C20B1FFE74C
:103B80000598C16C8847FFE7FFE706B080BD0000DD
:103B900080B586B004900020039000F073FB029083
:103BA000049820B9FFE701208DF81700A3E00498DE
:103BB000406A08B1FFE7FFE70499022081F8350069
:103BC000FFE70499002081F83400FFE704980168BA
:103BD000086820F001000860FFE7049800680068AA
:103BE000C00790B1FFE700F04DFB0299401A06288C
:103BF0000AD3FFE70499202048650499032081F83F
:103C000035008DF8170076E0E7E704980068006853
:103C10000390039848F23F01CFF21001084003904F
:103C2000049900914868D1F808C0CB680A6940EA55
:103C30000C00184310434A6910438A691043CA694B
:103C40001043096A01430398084303900498406AAB
:103C5000042808D1FFE70499C86A096B0143039857
:103C600008430390FFE703980499096808600498E3
:103C7000006840690390039820F0070003900498BF
:103C8000416A0398084303900498406A04281AD1B3
:103C9000FFE70498816A0398084303900498C06A78
:103CA00080B1FFE70498FDF7D7FD50B1FFE7049915
:103CB000402048650499012081F835008DF81700EF
:103CC00019E0FFE7FFE70398049909684861049841
:103CD000FDF796FD01900498C16D3F208840019941
:103CE0008860049900204865049A012182F8351003
:103CF0008DF81700FFE79DF8170006B080BD0000A3
:103D000080B588B0069005910492039300208DF849
:103D10000B000698806D0190FFE7069890F834003C
:103D2000012804D1FFE702208DF81F0045E0069925
:103D3000012081F83400FFE7FFE7069890F835008E
:103D400001282BD1FFE70699022081F8350006995A
:103D50000020486506980599049A039BFDF7F4FD39
:103D60000698C16D3F2088400199886006980168D7
:103D7000086840F0160008600698006C38B1FFE74C
:103D800006980168086840F008000860FFE7069898
:103D90000168086840F00100086009E0FFE7069943
:103DA000002081F83400FFE702208DF80B00FFE7C8
:103DB0009DF80B008DF81F00FFE79DF81F0008B06D
:103DC00080BD000080B584B0039000F05BFA0290E3
:103DD000039801900198013048B1FFE740F2642058
:103DE000C2F200000178019808440190FFE7FFE764
:103DF00000F048FA0299401A0199884201D2FFE77F
:103E0000F6E704B080BD000080B582B0ADF80600D2
:103E1000BDF80600022822D1FFE744F22C20C2F2AE
:103E2000000044F2A861C2F2000111F01BF88DF805
:103E300005009DF8050058B1FFE744F22C20C2F2BE
:103E4000000044F2A861C2F2000111F0E5F8FFE7BA
:103E500044F22C20C2F2000011F0FEF8FFE702B09D
:103E600080BD000080B582B0ADF8060043F6144076
:103E7000C4F201000068BDF8061008420CD0FFE74C
:103E8000BDF8060043F61441C4F201010860BDF814
:103E90000600FFF7B9FFFFE702B080BD8EB00D90BE
:103EA0000C9100200A90099008900B90FFE70B9866
:103EB0000F2800F2CC81FFE70B99012088400A907F
:103EC0000C9800680A990840099009980A99884254
:103ED00040F0B881FFE70C98406800F0030001282B
:103EE00007D0FFE70C98406800F0030002282FD1AC
:103EF000FFE70D98806808900B984100032000FAB6
:103F000001F10898884308900C98C0680B99490003
:103F100000FA01F108980843089008980D99886004
:103F20000D98406808900B99012000FA01F108985B
:103F3000884308900C984068C0F300100B9900FA71
:103F400001F108980843089008980D994860FFE728
:103F50000C98406800F00300032818D0FFE70D9884
:103F6000C06808900B984100032000FA01F10898FE
:103F7000884308900C9880680B99490000FA01F179
:103F800008980843089008980D99C860FFE70C98B6
:103F9000406800F00300022826D1FFE70D980B9936
:103FA0006FF0030202EA51010844006A08900B987E
:103FB00000F0070081000F2000FA01F10898884303
:103FC00008900C9800690B9901F00701890000FA2C
:103FD00001F108980843089008980D990B9B02EA94
:103FE000530211440862FFE70D98006808900B988F
:103FF0004100032000FA01F10898884308900C98CA
:10400000406800F003000B99490000FA01F108989C
:104010000843089008980D9908600C9880798007EB
:10402000002800F00E81FFE7FFE70020079043F62D
:104030004400C4F20200016841F48041016000685C
:1040400000F4804007900798FFE70B9820F00300EA
:1040500043F60801C4F20101405808900B9800F0A3
:10406000030081000F2000FA01F1089888430890AE
:104070000D980021C4F20201884203D1FFE700201D
:1040800006905EE00D9840F20041C4F202018842C1
:1040900003D1FFE70120059050E00D9840F60001A4
:1040A000C4F20201884203D1FFE70220049042E0FB
:1040B0000D9840F60041C4F20201884203D1FFE7A7
:1040C0000320039034E00D9841F20001C4F2020194
:1040D000884203D1FFE70420029026E00D9841F2C8
:1040E0000041C4F20201884203D1FFE7052001909C
:1040F00018E00D9841F60001C4F20201884203D194
:10410000FFE7062000900AE00D9941F60042C4F254
:1041100002020820914208BF07200090FFE70098A4
:104120000190FFE701980290FFE702980390FFE7F4
:1041300003980490FFE704980590FFE70598069020
:10414000FFE70698C0B20B9901F00301890000FA5D
:1041500001F108980843089008980B9921F0030191
:1041600043F60802C4F20102885043F60840C4F244
:1041700001000068089009990898884308900C98F5
:104180008079C006002805D5FFE7099908980843FB
:104190000890FFE7089843F60841C4F2010108605F
:1041A00043F60C40C4F20100006808900999089891
:1041B000884308900C9880798006002805D5FFE791
:1041C0000999089808430890FFE7089843F60C41BE
:1041D000C4F20101086043F60440C4F20100006823
:1041E000089009990898884308900C98807980076E
:1041F000002805D5FFE70999089808430890FFE7CC
:10420000089843F60441C4F20101086043F60040F7
:10421000C4F2010000680890099908988843089042
:104220000C988079C00728B1FFE7099908980843DE
:104230000890FFE7089843F60041C4F201010860C6
:10424000FFE7FFE7FFE70B9801300B902FE60EB07A
:104250007047000082B00190ADF802108DF8012087
:104260009DF8010028B1FFE7BDF8020001998861BF
:1042700005E0BDF80200000401998861FFE702B083
:10428000704700004AF6F420C2F200000068704750
:1042900040F26420C2F2000002784AF6F421C2F231
:1042A00000010868104408607047000080B543F6BC
:1042B0000041C4F20201086840F400700860086818
:1042C00040F480600860086840F480700860032053
:1042D00000F0CEF80F2000F005F800F079F800208B
:1042E00080BD000080B58CB00B900020049003903E
:1042F000FFE70020009043F64000C4F2020001688E
:1043000041F001010160006800F001000090009898
:10431000FFE706A802A901F0ADFB099804900498F4
:1043200020B9FFE701F0D6FB059004E001F0D2FBD5
:1043300040000590FFE705984DF68361C4F21B31FC
:10434000A0FB01014FF0FF3000EB9140039044F2DD
:10435000CC20C2F200004FF08041016040F2E73112
:10436000C16003994160002101618160816102F0B7
:10437000E3FD8DF807009DF8070028BBFFE744F236
:10438000CC20C2F2000002F0BDFE8DF807009DF8BF
:104390000700C0B9FFE71C2000F046F80B980F2873
:1043A0000CD8FFE70B991C20002200F047F80B986F
:1043B00040F26821C2F20001086003E001208DF89C
:1043C0000700FFE7FFE7FFE79DF807000CB080BD9F
:1043D00080B582B0FFE70020019043F64400C4F2AC
:1043E0000200016841F480410160006800F48040EF
:1043F00001900198FFE7FFE70020009043F640009E
:10440000C4F20200016841F080510160006800F0D0
:10441000805000900098FFE76FF001000F2100220C
:1044200000F00CF802B080BD80B582B08DF80700B6
:104430009DF9070011F06CF902B080BD80B586B01F
:104440008DF81700049103920020029011F078F982
:1044500002909DF91700019002980499039A07F0C1
:10446000F5F90146019811F073F906B080BD00001E
:1044700080B582B00190019811F08CF902B080BD36
:1044800082B001908DF8031002B0704782B00190A5
:10449000ADF80210BDF802000199096848620020D9
:1044A00002B0704784B003908DF80B10ADF808206F
:1044B00003980068406A00909DF80B0048B9FFE738
:1044C000BDF80810009840EA014003990968886225
:1044D00033E003980068816A009800EB1140009077
:1044E00000208DF80700FFE79DF807009DF80B10EE
:1044F0000139884213D2FFE7039800689DF807103E
:1045000000EB8100D0F80411009800EB11400090FE
:10451000FFE79DF8070001308DF80700E4E7BDF8DC
:104520000810009840EA0140039909689DF80B20A3
:1045300001EB8201C1F80001FFE7002004B07047E1
:1045400080B582B001900198D0F808050EF012F9FC
:1045500002B080BD80B582B001908DF80310019A41
:10456000D2F808059DF8031001EBC10302EB8302AA
:10457000D26C0DF05BFF02B080BD000080B582B050
:1045800001908DF80310019AD2F808059DF80310E8
:1045900001EBC10302EB8302D2F88C220EF010F87B
:1045A00002B080BD80B582B001900198D0F80805B6
:1045B0000EF0E6F802B080BD80B584B003908DF8AF
:1045C0000B109DF80B00000600280CD5FFE70398A0
:1045D0009DF80B1001F00F0101EBC10100EB810010
:1045E0003C3001900CE003989DF80B1001F00F0196
:1045F00001EBC10100EB810000F51F700190FFE7A6
:104600000398006801990FF011FF8DF80A009DF8DA
:104610000A0004B080BD000080B584B002908DF81F
:1046200007109DF80700000600280FD5FFE7029845
:104630009DF8071001F00F0101EBC10100EB8100B3
:104640003C3000900099012048700FE002989DF8DE
:10465000071001F00F0101EBC10100EB810000F533
:104660001F700090009900204870FFE79DF8070038
:1046700000F00F0000990870FFE7029890F8BC0462
:10468000012804D1FFE702208DF80F0014E0029901
:10469000012081F8BC04FFE7FFE702980068009959
:1046A0000FF0ECF8FFE70299002081F8BC04FFE767
:1046B00000208DF80F00FFE79DF80F0004B080BDCB
:1046C00080B584B002908DF807109DF8070000F0C7
:1046D0000F0002994968884204D9FFE701208DF84C
:1046E0000F004DE09DF80700000600280FD5FFE7FA
:1046F00002989DF8071001F00F0101EBC10100EBDA
:1047000081003C3000900099012048700FE0029831
:104710009DF8071001F00F0101EBC10100EB8100D2
:1047200000F51F700090009900204870FFE7009985
:10473000002088709DF8070000F00F0000990870B5
:10474000FFE7029890F8BC04012804D1FFE702209B
:104750008DF80F0014E00299012081F8BC04FFE7F6
:10476000FFE70298006800990FF008FCFFE7029944
:10477000002081F8BC04FFE700208DF80F00FFE760
:104780009DF80F0004B080BD82B001908DF8031039
:1047900001989DF8031001F00F0101EBC10100EB3E
:1047A0008100D0F89C0202B07047000080B586B04E
:1047B00004908DF80F10ADF80C208DF80B30002010
:1047C0008DF80A009DF80F00000600280FD5FFE7BE
:1047D00004989DF80F1001F00F0101EBC10100EBEF
:1047E00081003C3001900199012048700FE004984D
:1047F0009DF80F1001F00F0101EBC10100EB8100EA
:1048000000F51F700190019900204870FFE79DF8A6
:104810000F0000F00F0001990870BDF80C0001991D
:10482000C8609DF80B00019908710198407820B18B
:10483000FFE7019908780881FFE79DF80B0002283F
:1048400004D1FFE7019900204871FFE7FFE70498D2
:1048500090F8BC04012804D1FFE702208DF817006E
:1048600015E00499012081F8BC04FFE7FFE70498F4
:10487000006801990EF0BCFEFFE70499002081F862
:10488000BC04FFE79DF80A008DF81700FFE79DF8CC
:10489000170006B080BD000080B586B005908DF889
:1048A00013100392029305989DF8131001F00F0165
:1048B00001EBC10100EB810000F51F70019003982E
:1048C00001990861029801998861019900200862A4
:1048D000019948709DF8130000F00F0001990870CD
:1048E00005980069012804D1FFE703980199486100
:1048F000FFE79DF81300000738B9FFE7059A106835
:104900000199127C0FF0EEF906E0059A1068019902
:10491000127C0FF0D7FBFFE7002006B080BD00003F
:1049200080B584B002908DF807109DF8070000F064
:104930000F0002994968884204D9FFE701208DF8E9
:104940000F0058E09DF80700000600280FD5FFE78C
:1049500002989DF8071001F00F0101EBC10100EB77
:1049600081003C3000900099012048700DE00298D1
:104970009DF8071001EBC10100EB810000F51F70ED
:104980000090009900204870FFE70099012088708E
:104990009DF8070000F00F0000990870FFE70298EB
:1049A00090F8BC04012804D1FFE702208DF80F0025
:1049B00021E00299012081F8BC04FFE7FFE702989B
:1049C000006800990FF02AFB9DF80700000740B926
:1049D000FFE7029A1068117C02F2C4420FF07EFADF
:1049E000FFE7FFE70299002081F8BC04FFE7002001
:1049F0008DF80F00FFE79DF80F0004B080BD0000A8
:104A000080B586B005908DF8131003920293059837
:104A10009DF8131001F00F0101EBC10100EB8100C3
:104A20003C300190039801990861029801998861CE
:104A30000199002008620199012048709DF8130037
:104A400000F00F000199087005980069012804D151
:104A5000FFE7039801994861FFE79DF813000007FD
:104A600038B9FFE7059A10680199127C0FF03AF9FE
:104A700006E0059A10680199127C0FF023FBFFE70E
:104A8000002006B080BD000080B58CB00B900B9864
:104A900000680A900A9809900B9800680FF008FEC9
:104AA000002840F00D84FFE70B9800680FF06CFEC3
:104AB00010B9FFE700F004BC0998D0F80808C0F36B
:104AC0000D200B99C1F8FC040B9800680FF05CFEF8
:104AD0008007002807D5FFE70B980168486900F0B8
:104AE00002004861FFE70B9800680FF04DFEC0061A
:104AF000002862D5FFE70B980168886920F0100054
:104B000088610A98006A02900B98029901F00F01DF
:104B100001EBC10100EB810000F51F7008900298C5
:104B200000F4F0110220B0EB514F23D1FFE7BDF8A4
:104B3000080047F6F07108421BD0FFE70A98089971
:104B40000969029AC2F30A120FF02CFE029847F686
:104B5000F07100EA0103089A106900EB131010616C
:104B6000029800EA01020899086A00EB1210086234
:104B7000FFE71BE0029800F4F0110620B0EB514F64
:104B800012D1FFE70A980B9901F2C44108220FF0F5
:104B900009FE029847F6F07100EA01020899086AD6
:104BA00000EB1210086200E0FFE7FFE70B980168D6
:104BB000886940F010008861FFE70B9800680FF0EB
:104BC000E3FD0003002840F1A680FFE700200490E9
:104BD0000B9800680FF086FD0690FFE70698002806
:104BE00000F09880FFE79DF81800C007002800F04B
:104BF0008A80FFE70B9800689DF810100FF0ACFD5D
:104C000005909DF81400C00760B1FFE7099804996A
:104C100000EB41110120C1F8080B0B98049907F033
:104C200095F8FFE79DF81400000700280CD5FFE772
:104C30000998049900EB41110820C1F8080B0B9862
:104C4000049907F03DF8FFE79DF81400C00600281E
:104C500008D5FFE70998049900EB41111020C1F82D
:104C6000080BFFE79DF81400800700282DD5FFE70B
:104C70000A9840690006002808D5FFE70999D1F88D
:104C8000040840F48060C1F80408FFE70B98049919
:104C900001EBC10100EB810000F51F70089008983E
:104CA000C078012809D1FFE708990020C8700B9847
:104CB0009DF8101000F014FBFFE70998049900EB31
:104CC00041110220C1F8080BFFE79DF8140080068F
:104CD000002808D5FFE70998049900EB411120202E
:104CE000C1F8080BFFE79DF815008006002809D5DC
:104CF000FFE70998049900EB41114FF40050C1F807
:104D0000080BFFE7FFE7049801300490069840087D
:104D1000069063E7FFE70B9800680FF035FD40034E
:104D2000002840F1C680FFE70B9800680FF0C8FC30
:104D3000069000200490FFE70698002800F0B88055
:104D4000FFE79DF81800C007002800F0AA80FFE7E1
:104D50000B9800689DF810100FF0D6FC05909DF898
:104D60001400C00700283ED0FFE7049800F00F01B0
:104D7000012000FA01F10391039B099AD2F834183B
:104D80009943C2F834180999049A01EB4211C1F809
:104D900008090B98006901281FD1FFE70B980499B7
:104DA00001EBC10100EB81018A6CC86C1044C8643E
:104DB000049888B9FFE70B98049901EBC10100EB57
:104DC0008100406D40B9FFE70B99086801F2C442C9
:104DD00001210FF083F8FFE7FFE70B989DF8101013
:104DE000FFF7B8FBFFE79DF814000007002808D57F
:104DF000FFE70998049900EB41110820C1F8080960
:104E0000FFE79DF81400C006002808D5FFE70998C1
:104E1000049900EB41111020C1F80809FFE79DF843
:104E200014004006002808D5FFE70998049900EB14
:104E300041114020C1F80809FFE79DF814008007E0
:104E4000002822D5FFE70A9804990FF0C7FB0B98BA
:104E5000049901EBC10100EB81003C3008900898F7
:104E6000C078012809D1FFE708990020C8700B9885
:104E70009DF8101000F026FAFFE70998049900EB5E
:104E800041110220C1F80809FFE79DF8140000064F
:104E9000002805D5FFE70B98049907F03BF8FFE7DA
:104EA000FFE704980130049006984008069043E715
:104EB000FFE70B9800680FF067FCC00F00B3FFE737
:104EC0000999D1F8040820F00100C1F804080B98F2
:104ED00090F8F404012808D1FFE70B98002180F82E
:104EE000F4140B98FFF7CCFA03E00B9800F0E2FB08
:104EF000FFE70B980168486900F000404861FFE750
:104F00000B9800680FF040FC0005002811D5FFE762
:104F10000998D0F80808C00720B1FFE70B9800F007
:104F200057FCFFE70B980168486900F4006048618E
:104F3000FFE70B9800680FF027FCC004002840F141
:104F40008680FFE70999D1F8040820F00100C1F834
:104F500004080B98006810210FF040FB0020079018
:104F6000FFE707980B994968884231D2FFE7099813
:104F7000079900EB41114FF67F30C1F808090999F4
:104F8000079A01EB4212D2F8001921F40011C2F87D
:104F900000190999079A01EB4211C1F8080B099809
:104FA000079900EB4111D1F8000B20F40010C1F873
:104FB000000B0998079900EB4111D1F8000B40F064
:104FC0000060C1F8000BFFE7079801300790C8E7C1
:104FD0000999D1F81C0840F00110C1F81C080B9881
:104FE000006B78B1FFE70999D1F8840840F00B0015
:104FF000C1F884080999D1F8440840F00B00C1F8C1
:1050000044080FE00999D1F8140842F22B0210432A
:10501000C1F814080999D1F8100840F00B00C1F844
:105020001008FFE70999D1F8000820F4FE60C1F8E4
:1050300000080B9A1068117C02F2C4420EF04EFF79
:105040000B980168486900F480504861FFE70B98AD
:1050500000680FF099FB800400281FD5FFE70B982C
:1050600000680EF035FB0B9800680FF0FBFA0B9907
:10507000C8600B980068019000F026FD0146019879
:105080000B9A127B0FF086FC0B9800F0E9FA0B9854
:105090000168486900F400504861FFE70B98006818
:1050A0000FF072FB000700280AD5FFE70B9800F00D
:1050B0000BFB0B980168486900F008004861FFE7A6
:1050C0000B9800680FF060FB0006002825D5FFE76D
:1050D0000A99886920F08000886101200490FFE728
:1050E00004980B994968884216D2FFE70B980499F7
:1050F00001EBC10100EB810090F87F02012806D18D
:10510000FFE70B989DF81010FFF756FAFFE7FFE74F
:10511000049801300490E3E7FFE70B9800680FF074
:1051200033FBC00200283ED5FFE701200490FFE7D3
:1051300004980B99496888422ED2FFE70998049990
:1051400000EB4110D0F8000902900B98049901EB94
:10515000C10100EB810090F84000012817D1FFE762
:105160009DF80B000006002811D5FFE70B98049965
:1051700001EBC10100EB8101012081F83F000B9898
:105180009DF8101041F08001FFF716FAFFE7FFE7E6
:10519000049801300490CBE70B980168486900F44B
:1051A00080104861FFE70B9800680FF0EDFA80026D
:1051B000002855D5FFE701200490FFE704980B99DC
:1051C0004968884245D2FFE70998049900EB4110ED
:1051D000D0F8000B02900B98049901EBC10100EB91
:1051E000810090F8800201282ED1FFE79DF80B0086
:1051F0000006002828D5FFE7029800F480300B99BC
:10520000D1F8FC1401F0010188421DD1FFE70B9891
:10521000049901EBC10100EB8101012081F87F02BB
:105220000A99886940F0800088610A984069000600
:10523000002808D4FFE70999D1F8040840F4007069
:10524000C1F8040805E0FFE7FFE704980130049087
:10525000B4E70B980168486900F400104861FFE763
:105260000B9800680FF090FA400000280AD5FFE77D
:105270000B98FFF765F90B980168486900F08040CA
:105280004861FFE70B9800680FF07EFA400700289E
:1052900015D5FFE70B980068406802909DF808005C
:1052A0004007002804D5FFE70B98FFF77BF9FFE7DD
:1052B000029A0B980168486810434860FFE7FFE7CF
:1052C0000CB080BD80B582B001908DF803100198BC
:1052D000D0F808059DF803100DF0EEFA02B080BD7D
:1052E00080B582B001908DF803100198D0F80805C0
:1052F0009DF803100DF018FB02B080BD2DE9F04FB2
:1053000097B01590159820B9FFE701208DF85B0044
:1053100049E1159800681490159890F8BD0440B9BB
:10532000FFE71599002081F8BC04159800F040F9BA
:10533000FFE71599032081F8BD041498C06BC005E0
:10534000002804D4FFE7159900200861FFE71598AD
:1053500000680EF0BDFC159810900168119141682D
:105360008268C368D0F810C044698569C669076A55
:10537000D0F82480D0F82890D0F82CA0D0F830B005
:10538000D0F834E068461290C0F824E01198DDF8B7
:1053900048E0CEF820B0CEF81CA0CEF81890CEF899
:1053A0001480CEF81070CEF80C60CEF80850CEF80D
:1053B0000440CEF800C00EF0A1F940B1FFE7159906
:1053C000022081F8BD0401208DF85B00EBE0159808
:1053D000006800210F910FF03FFA0F988DF84F00F1
:1053E000FFE79DF84F0015994968884245D2FFE7CD
:1053F00015989DF84F1001EBC10100EB81010120D0
:1054000081F83D009DF84F00159900EBC00201EBBB
:10541000820181F83C009DF84F00159900EBC00215
:1054200001EB8201A1F8440015989DF84F1001EBA3
:10543000C10100EB8101002081F8400015999DF821
:105440004F2002EBC20201EB8201886415999DF89E
:105450004F2002EBC20201EB8201C86415999DF84E
:105460004F2002EBC20201EB82014865FFE79DF885
:105470004F0001308DF84F00B3E700208DF84F004A
:10548000FFE79DF84F001599496888423ED2FFE733
:1054900015989DF84F1001EBC10100EB8101002030
:1054A00081F87D029DF84F10159A01EBC10302EBC4
:1054B000830282F87C1215999DF84F2002EBC202FC
:1054C00001EB820181F8800215999DF84F2002EBD3
:1054D000C20201EB8201C1F8880215999DF84F20A4
:1054E00002EBC20201EB8201C1F88C0215999DF812
:1054F0004F2002EBC20201EB8201C1F89402FFE7E8
:105500009DF84F0001308DF84F00BAE715980C90C8
:1055100001680D9141688268C368D0F810C0446981
:105520008569C669076AD0F82480D0F82890D0F839
:105530002CA0D0F830B0D0F834E068460E90C0F817
:1055400024E00D98DDF838E0CEF820B0CEF81CA0AD
:10555000CEF81890CEF81480CEF81070CEF80C600B
:10556000CEF80850CEF80440CEF800C00EF04EFA47
:1055700040B1FFE71599022081F8BD0401208DF8A4
:105580005B0010E0159900200B9081F83800159908
:10559000012081F8BD04159800680EF021FA0B98DF
:1055A0008DF85B00FFE79DF85B0017B0BDE8F08F5A
:1055B00080B58AB009900020089007900690059069
:1055C000049009980068B0F1A04F47D1FFE7FFE7CA
:1055D0000020039043F63000C4F20200016841F05D
:1055E00001010160006800F0010003900398FFE7EB
:1055F0004FF4C05004900220059000200690032034
:1056000007900A2008900020C4F2020004A9FEF7C7
:1056100045FCFFE743F63401C4F20201086840F09C
:1056200080000860FFE70020029043F64400C4F2C7
:105630000200016841F480410160006800F480408C
:1056400002900298FFE7FFE7432001900521002226
:10565000FEF7F4FE0198FEF7E7FEFFE70AB080BD13
:1056600080B582B0019001208DF803000198C068D8
:1056700020B9FFE700208DF803000CE00198C06816
:10568000022804D1FFE701208DF8030002E0FCF7B7
:10569000CBFAFFE7FFE70198D0F808059DF8031063
:1056A0000DF042FA0198D0F808050DF0BDF902B0EE
:1056B00080BD000080B582B001900198D0F8080547
:1056C0000DF000FA02B080BD80B582B00190019863
:1056D000D0F808050DF008FA02B080BD80B584B09E
:1056E00002908DF80710FFE7029890F8BC0401289B
:1056F00004D1FFE702208DF80F001AE00299012083
:1057000081F8BC04FFE7FFE79DF80700029981F8E4
:105710003800029800689DF807100FF00DF9FFE7B8
:105720000299002081F8BC04FFE700208DF80F00EB
:10573000FFE79DF80F0004B080BD000080B582B087
:1057400001900199D1F8080501F2C4410DF016FA53
:1057500002B080BD80B584B00290029800680190CC
:10576000FFE7029890F8BC04012804D1FFE702206B
:105770008DF80F0027E00299012081F8BC04FFE7B3
:10578000FFE70298806A01280BD1FFE70298806941
:10579000012806D0FFE70199886B40F480308863C8
:1057A000FFE7029800680EF0CFFE029800680EF046
:1057B00001F9FFE70299002081F8BC04FFE700200F
:1057C0008DF80F00FFE79DF80F0004B080BD0000CA
:1057D00080B582B001900198D0F808050DF050FA1C
:1057E00001980168D1F8000E40F00100C1F8000EE8
:1057F0000198006A48B1FFE74EF61051CEF2000161
:10580000086840F006000860FFE702B080BD0000B5
:1058100080B584B002900191029820B9FFE7012081
:105820008DF80F0021E1019843F60041C4F2020116
:10583000096801F00701884212D9FFE7019943F690
:105840000040C4F202000170006800F007000199F6
:10585000884204D0FFE701208DF80F0005E1FFE743
:1058600002980078800700282AD5FFE70298007880
:105870004007002809D5FFE743F60801C4F20201FA
:10588000086840F4E0500860FFE7029800780007DD
:10589000002809D5FFE743F60801C4F202010868B1
:1058A00040F460400860FFE743F60801C4F20201DB
:1058B000086820F0F000029A926810430860FFE741
:1058C00002980078C00700286ED0FFE70298406871
:1058D000012811D1FFE743F60000C4F2020000687E
:1058E00000F400310020B0EB514F04D1FFE701205C
:1058F0008DF80F00B9E02CE002984068022805D02E
:10590000FFE702984068032811D1FFE743F6000043
:10591000C4F20200006800F000710020B0EB516F8B
:1059200004D1FFE701208DF80F009EE010E043F660
:105930000000C4F20200006800F002010020B0EB99
:10594000510F04D1FFE701208DF80F008DE0FFE734
:10595000FFE743F60801C4F20201086820F00300E3
:10596000029A526810430860FEF78CFC0090FFE733
:1059700043F60800C4F20200006800F00C0002992F
:105980004968B0EB810F0ED0FFE7FEF77BFC009972
:10599000401A41F28931884204D3FFE703208DF891
:1059A0000F0062E0E4E7FFE7019843F60041C4F22C
:1059B0000201096801F00701884212D2FFE701994C
:1059C00043F60040C4F202000170006800F00700D6
:1059D0000199884204D0FFE701208DF80F0044E0D0
:1059E000FFE702980078400700280CD5FFE743F650
:1059F0000801C4F20201086820F4E050029AD2685B
:105A000010430860FFE702980078000700280DD5D2
:105A1000FFE743F60801C4F20201086820F4604081
:105A2000029A126940EAC2000860FFE700F076F8C7
:105A300043F60801C4F202010968C9B20A094EF22C
:105A4000F461C0F60101895CC84040F2C401C2F2B1
:105A50000001086040F26820C2F200000068FEF712
:105A600041FC00208DF80F00FFE79DF80F0004B007
:105A700080BD000082B00190009101990F20086064
:105A800043F60800C4F20200016801F00301019A24
:105A90005160016801F0F001019A9160016801F420
:105AA000E051019AD160006800F46040C00801999B
:105AB000086143F60040C4F20200006800F00700ED
:105AC0000099086002B0704740F2C400C2F20000C2
:105AD0000068704780B5FFF7F7FF43F60801C4F28E
:105AE00002010968C1F382224EF20471C0F601017D
:105AF000895CC84080BD000080B5FFF7E5FF43F634
:105B00000801C4F20201096889B24A0B4EF204711D
:105B1000C0F60101895CC84080BD000080B586B038
:105B20000020059004900390029043F60800C4F210
:105B30000200006800F00C000146019140B1FFE74F
:105B4000019804280AD0FFE7019808280CD04FE0FC
:105B500042F20040C0F2F40002904FE041F6003003
:105B6000C0F2B700029049E043F60400C4F202001C
:105B7000016801F03F01059100684002002813D53B
:105B8000FFE743F60400C4F202000068C0F3881087
:105B900041F60031C0F2B701A0FB0101059A0023D4
:105BA000FAF782FB049012E043F60400C4F202000C
:105BB0000068C0F3881042F20041C0F2F401A0FB7B
:105BC0000101059A0023FAF76FFB0490FFE743F603
:105BD0000400C4F20200006800F44031022000EB2F
:105BE000D130039004980399B0FBF1F0029005E0E6
:105BF00042F20040C0F2F4000290FFE7029806B0C3
:105C000080BD000080B586B00490049820B9FFE7FD
:105C100001208DF8170050E304980078C007002891
:105C200000F0A580FFE743F60800C4F20200006818
:105C300000F00C00042813D0FFE743F60800C4F27C
:105C40000200006800F00C0008281ED1FFE743F6B0
:105C50000400C4F2020000684002002815D5FFE7E6
:105C600043F60000C4F20200006800F40031002096
:105C7000B0EB514F08D0FFE70498406820B9FFE728
:105C800001208DF8170018E370E0FFE704984068E2
:105C9000B0F5803F09D1FFE743F60001C4F20201ED
:105CA000086840F48030086020E004984068B0F54F
:105CB000A02F0DD1FFE743F60001C4F202010868EE
:105CC00040F480200860086840F4803008600CE0F0
:105CD00043F60001C4F20201086820F48030086035
:105CE000086820F480200860FFE7FFE7FFE70498DA
:105CF0004068E8B1FFE7FEF7C5FA0390FFE743F617
:105D00000000C4F20200006800F400310020B0EB93
:105D1000514F0CD1FFE7FEF7B5FA0399401A6528F9
:105D200004D3FFE703208DF81700C6E2E7E71CE085
:105D3000FEF7A8FA0390FFE743F60000C4F2020062
:105D4000006800F400310020B0EB514F0CD0FFE7A9
:105D5000FEF798FA0399401A652804D3FFE7032059
:105D60008DF81700A9E2E7E7FFE7FFE7FFE70498F0
:105D700000788007002840F19680FFE743F608008E
:105D8000C4F20200006810F00C0F13D0FFE743F6D6
:105D90000800C4F20200006800F00C0008282CD1B2
:105DA000FFE743F60400C4F2020000684002002846
:105DB00023D4FFE743F60000C4F20200006800F0BD
:105DC00002010020B0EB510F09D0FFE70498C06832
:105DD000012804D0FFE701208DF817006DE243F69B
:105DE0000001C4F20201086820F0F800049A126968
:105DF00040EAC2000860FFE754E00498C06870B34E
:105E0000FFE70021C4F2472101200860FEF73AFABB
:105E10000390FFE743F60000C4F20200006800F0C0
:105E200002010020B0EB510F0CD1FFE7FEF72AFA78
:105E30000399401A032804D3FFE703208DF81700C5
:105E40003BE2E7E743F60001C4F20201086820F0F4
:105E5000F800049A126940EAC200086021E00021BB
:105E6000C4F2472100200860FEF70CFA0390FFE718
:105E700043F60000C4F20200006800F002010020B6
:105E8000B0EB510F0CD0FFE7FEF7FCF90399401A75
:105E9000032804D3FFE703208DF817000DE2E7E79E
:105EA000FFE7FFE7FFE704980078000700284BD5DD
:105EB000FFE70498406918B3FFE740F68061C4F239
:105EC000472101200860FEF7DDF90390FFE743F664
:105ED0007400C4F20200006800F002010020B0EB80
:105EE000510F0CD1FFE7FEF7CDF90399401A0328B3
:105EF00004D3FFE703208DF81700DEE1E7E722E097
:105F000040F68061C4F2472100200860FEF7BAF92C
:105F10000390FFE743F67400C4F20200006800F04B
:105F200002010020B0EB510F0CD0FFE7FEF7AAF9F9
:105F30000399401A032804D3FFE703208DF81700C4
:105F4000BBE1E7E7FFE7FFE7049800784007002898
:105F500040F1CE80FFE700208DF8070043F64000B7
:105F6000C4F202000068C000002815D4FFE7FFE774
:105F70000020009043F64000C4F20200016841F0A6
:105F800080510160006800F0805000900098FFE7A9
:105F900001208DF80700FFE747F20000C4F200007F
:105FA0000068C005002822D4FFE747F20001C4F2D0
:105FB0000001086840F480700860FEF763F9039000
:105FC000FFE747F20000C4F200000068C0050028A7
:105FD0000CD4FFE7FEF756F90399401A032804D3BF
:105FE000FFE703208DF8170067E1EAE7FFE7FFE727
:105FF00004988068012809D1FFE743F67001C4F2D4
:106000000201086840F0010008601FE00498806801
:1060100005280DD1FFE743F67001C4F202010868BC
:1060200040F004000860086840F0010008600CE0DF
:1060300043F67001C4F20201086820F00100086014
:10604000086820F004000860FFE7FFE7FFE7049816
:106050008068F8B1FFE7FEF715F90390FFE743F614
:106060007000C4F20200006800F002010020B0EBF2
:10607000510F0ED1FFE7FEF705F90399401A41F2DF
:106080008931884204D3FFE703208DF8170014E11B
:10609000E5E71EE0FEF7F6F80390FFE743F6700031
:1060A000C4F20200006800F002010020B0EB510FC2
:1060B0000ED0FFE7FEF7E6F80399401A41F2893166
:1060C000884204D3FFE703208DF81700F5E0E5E7E9
:1060D000FFE79DF80700012809D1FFE743F64001DB
:1060E000C4F20201086820F080500860FFE7FFE773
:1060F00004988069002800F0DC80FFE743F6080080
:10610000C4F20200006800F00C00082800F085804E
:10611000FFE70498806902285CD1FFE76021C4F2A0
:10612000472100200860FEF7ADF80390FFE743F633
:106130000000C4F20200006800F000710020B0EB23
:10614000516F0CD0FFE7FEF79DF80399401A032822
:1061500004D3FFE703208DF81700AEE0E7E70499CA
:10616000C869D1F820C04B6A8A6A40EA0C0040EA4C
:106170008310D2034FF6FF739A43A2F58032104387
:10618000C96A40EA016043F60401C4F202010860F2
:106190006021C4F2472101200860FEF773F80390E4
:1061A000FFE743F60000C4F20200006800F000714F
:1061B0000020B0EB516F0CD1FFE7FEF763F80399B5
:1061C000401A032804D3FFE703208DF8170074E07A
:1061D000E7E721E06021C4F2472100200860FEF7D4
:1061E00051F80390FFE743F60000C4F20200006894
:1061F00000F000710020B0EB516F0CD0FFE7FEF70C
:1062000041F80399401A032804D3FFE703208DF8CF
:10621000170052E0E7E7FFE74AE0049880690128A9
:1062200004D1FFE701208DF8170046E043F6040093
:10623000C4F202000068029004988069012831D0FD
:10624000FFE7029800F480000499C969884229D1C7
:10625000FFE7029800F03F000499096A884221D1C3
:10626000FFE7029847F6C07108400499496AB0EB0D
:10627000811F17D1FFE7029800F440300499896A22
:10628000C9034FF6FF729143A1F58031884209D1CD
:10629000FFE7029800F070600499C96AB0EB016FE3
:1062A00004D0FFE701208DF8170006E0FFE7FFE7C5
:1062B000FFE700208DF81700FFE79DF8170006B0F4
:1062C00080BD000081B00090009890F8510001B0AE
:1062D0007047000080B584B00290029820B9FFE7B3
:1062E00001208DF80F0071E00298406A60B9FFE765
:1062F00002984068B0F5827F01D1FFE703E0029980
:106300000020C861FFE705E00299002008610299BA
:106310004861FFE7029900208862029890F85100D6
:1063200040B9FFE70299002081F85000029800F080
:1063300051F8FFE70299022081F8510002980168A4
:10634000086820F040000860029A019211685068C5
:10635000D2F808C0D36800F482700CF4044C604496
:1063600003F400631844136903F0020318445369EB
:1063700003F001031844936903F400731844D369CC
:1063800003F038031844136A03F080031843926A39
:1063900002F4005210430860029A508B00F004008F
:1063A0001168526A02F010021044486002980168B5
:1063B000C86920F40060C861029900204865029A0B
:1063C000012182F851108DF80F00FFE79DF80F00B2
:1063D00004B080BD80B592B01190002010900F9055
:1063E0000E900D900C901198006843F20001C4F2D9
:1063F0000101884240F0B680FFE7FFE700200B90E4
:1064000043F64400C4F20200016841F48051016087
:10641000006800F480500B900B98FFE7FFE7002026
:106420000A9043F63000C4F20200016841F0020114
:106430000160006800F002000A900A98FFE7FFE799
:106440000020099043F63000C4F20200016841F0D8
:1064500001010160006800F0010009900998FFE760
:1064600018200C90022001900D90012002900E90B7
:10647000032003900F9005200490109040F20040FC
:10648000C4F202000CA90591FDF708FDDDF804C077
:10649000029B039A049805994FF0800ECDF830E0E6
:1064A000CDF834C00E930F9210900020C4F2020079
:1064B000FDF7F4FC43F6C810C2F20000069046F265
:1064C0004041C4F2020101604FF0C061416000210F
:1064D0008160C1604FF48062026141618161C1618C
:1064E0004FF4403202624162FDF752FB18B1FFE700
:1064F000FBF79AFBFFE7FFE7119843F6C811C2F2DA
:106500000001C16411988863FFE743F62820C2F2B6
:106510000000009046F25841C4F2020101604FF0C1
:10652000C0614160402181600021C1604FF4806200
:10653000026141618161C1614FF4003202624162D6
:10654000FDF726FB18B1FFE7FBF76EFBFFE7FFE760
:10655000119843F62821C2F20001816411988863E2
:10656000FFE73EE01198006843F60001C4F2000125
:10657000884235D1FFE7FFE70020089043F640004E
:10658000C4F20200016841F480410160006800F437
:10659000804008900898FFE7FFE70020079043F647
:1065A0003000C4F20200016841F00201016000689D
:1065B00000F0020007900798FFE74FF460400C904E
:1065C00002200D9000200E9003200F9005201090C7
:1065D00040F20040C4F202000CA9FDF75FFCFFE7A7
:1065E000FFE712B080BD000080B588B0069005912D
:1065F000ADF81220039300208DF80700069840683C
:10660000B0F5827F16D1FFE70698806890B9FFE762
:106610000699042081F851000698059ABDF81230B9
:106620000399EC46CCF80010114600F037FA8DF8CB
:106630001F00EDE0FFE7069890F85000012804D114
:10664000FFE702208DF81F00E2E00699012081F8A3
:106650005000FFE7FFE7FDF715FE0290069890F85F
:106660005100012804D0FFE702208DF80700C0E0A8
:10667000059820B1FFE7BDF8120020B9FFE701201F
:106680008DF80700B5E00699042081F851000699BD
:10669000002048650599069A9163BDF81210069A84
:1066A0009187BDF81210069AD1870699086306995A
:1066B00088860699C88606990864069948640698EB
:1066C0008068B0F5004F0DD1FFE7069801680868B3
:1066D00020F04000086006980168086820F48040B7
:1066E0000860FFE706980068006800F04000402856
:1066F00007D0FFE706980168086840F0400008608E
:10670000FFE70698C06880BBFFE7FFE70698C08FE9
:1067100050B3FFE7069800688068C00778B1FFE7CC
:1067200006980068007B0699896B08700699886B4B
:10673000013088630699C88F0138C88713E0FDF7D8
:10674000A1FD0299401A0399884204D3FFE70398F8
:10675000013018B9FFE7039820B9FFE703208DF84F
:10676000070046E0FFE7D1E72FE0FFE70698C08F7C
:1067700050B3FFE7069800688068C00778B1FFE76C
:1067800006980068C0680699896B08800699886B2E
:10679000023088630699C88F0138C88713E0FDF777
:1067A00071FD0299401A0399884204D3FFE70398C8
:1067B000013018B9FFE7039820B9FFE703208DF8EF
:1067C000070016E0FFE7D1E7FFE706980399029A72
:1067D00009F05EF820B1FFE7069920204865FFE741
:1067E0000698406D20B1FFE701208DF80700FFE714
:1067F000FFE70699012081F85100FFE70699002084
:1068000081F85000FFE79DF807008DF81F00FFE7B3
:106810009DF81F0008B080BD80B588B00690059136
:10682000ADF81220039300208DF80700FFE70698CB
:1068300090F85000012804D1FFE702208DF81F00D6
:1068400028E10699012081F85000FFE7FFE7FDF7F6
:1068500019FD0290BDF81200ADF80400069890F8FA
:106860005100012804D0FFE702208DF8070002E163
:10687000059820B1FFE7BDF8120020B9FFE701201D
:106880008DF80700F7E00699032081F8510006997A
:10689000002048650599069A1163BDF81210069A02
:1068A0009186BDF81210069AD186069988630699DA
:1068B00088870699C88706994864069908640698E7
:1068C0008068B0F5004F0DD1FFE7069801680868B1
:1068D00020F04000086006980168086840F4804095
:1068E0000860FFE706980068006800F04000402854
:1068F00007D0FFE706980168086840F0400008608C
:10690000FFE70698C068B0F5006F47D1FFE706982B
:10691000406828B1FFE7BDF8040001280ED1FFE769
:1069200006980168006B0088C8600699086B023001
:1069300008630699C88E0138C886FFE7FFE7069806
:10694000C08E50B3FFE70698006880688007002873
:106950000ED5FFE706980168006B0088C8600699AD
:10696000086B023008630699C88E0138C88613E0A8
:10697000FDF788FC0299401A0399884204D3FFE787
:106980000398013018B9FFE7039820B9FFE7032007
:106990008DF807006FE0FFE7D1E746E00698406812
:1069A00028B1FFE7BDF8040001280ED1FFE70698E3
:1069B0000168006B007808730699086B0130086362
:1069C0000699C88E0138C886FFE7FFE70698C08E93
:1069D00050B3FFE7069800688068800700280ED54E
:1069E000FFE706980168006B007808730699086B4A
:1069F000013008630699C88E0138C88613E0FDF798
:106A000041FC0299401A0399884204D3FFE7039896
:106A1000013018B9FFE7039820B9FFE703208DF88C
:106A2000070028E0FFE7D1E7FFE706980399029AFD
:106A300008F0A0FF20B1FFE7069920204865FFE796
:106A40000698806870B9FFE7FFE70020009006987D
:106A50000068C06800900698006880680090009800
:106A6000FFE7FFE70698406D20B1FFE701208DF8B2
:106A70000700FFE7FFE70699012081F85100FFE7D3
:106A80000699002081F85000FFE79DF807008DF877
:106A90001F00FFE79DF81F0008B080BD80B58EB0D5
:106AA000DDF840C00C900B910A92ADF82630012021
:106AB000059000208DF81300FFE70C9890F8500027
:106AC000012804D1FFE702208DF8370095E10C99E9
:106AD000012081F85000FFE7FFE7FDF7D3FB0690A8
:106AE0000C9890F851008DF81F000C9840680890A1
:106AF000BDF82600ADF824009DF81F00012812D033
:106B0000FFE70898B0F5827F09D1FFE70C9880680D
:106B100028B9FFE79DF81F00042804D0FFE70220F2
:106B20008DF813005AE10B9838B1FFE70A9820B1AD
:106B3000FFE7BDF8260020B9FFE701208DF813001C
:106B40004CE10C9890F85100042805D0FFE70C990F
:106B5000052081F85100FFE70C99002048650A994B
:106B60000C9A9163BDF826100C9AD187BDF82610B7
:106B70000C9A91870B990C9A1163BDF826100C9A08
:106B8000D186BDF826100C9A91860C9908640C9950
:106B900048640C980068006800F04000402807D066
:106BA000FFE70C980168086840F040000860FFE7C4
:106BB0000C98C068B0F5006F76D1FFE70C9840687C
:106BC00028B1FFE7BDF8240001280ED1FFE70C989B
:106BD0000168006B0088C8600C99086B023008637C
:106BE0000C99C88E0138C886FFE7FFE70C98C18E64
:106BF0000120029039B9FFE70C98C08F002818BF18
:106C000001200290FFE70298C00700284BD0FFE761
:106C10000C98006880688007002818D5FFE70C985A
:106C2000C08EA0B1FFE70598012810D1FFE70C98AE
:106C30000168006B0088C8600C99086B023008631B
:106C40000C99C88E0138C88600200590FFE70C9883
:106C500000688068C007A8B1FFE70C98C08F88B1B2
:106C6000FFE70C980068C0680C99896B08800C9944
:106C7000886B023088630C99C88F0138C88701205F
:106C80000590FFE7FDF7FEFA0699401A1099884231
:106C900008D3FFE71098013020B1FFE703208DF8FB
:106CA00013009BE0A2E778E00C98406828B1FFE76A
:106CB000BDF8240001280ED1FFE70C980168006B95
:106CC000007808730C99086B013008630C99C88E22
:106CD0000138C886FFE7FFE70C98C18E01200190BC
:106CE00039B9FFE70C98C08F002818BF0120019028
:106CF000FFE70198C00700284ED0FFE70C98006816
:106D000080688007002818D5FFE70C98C08EA0B1D6
:106D1000FFE70598012810D1FFE70C980168006B88
:106D2000007808730C99086B013008630C99C88EC1
:106D30000138C88600200590FFE70C98006880683D
:106D4000C007A8B1FFE70C98C08F88B1FFE70C9887
:106D50000068C0680C99896B08700C99886B0130C9
:106D600088630C99C88F0138C88701200590FFE718
:106D7000FDF788FA0699401A1099884204D3FFE774
:106D80001098013018B9FFE7109820B9FFE70320E9
:106D90008DF8130022E09FE7FFE70C981099069A00
:106DA00008F0E8FD38B1FFE701208DF813000C99D9
:106DB0002020486512E00C98806870B9FFE7FFE773
:106DC000002003900C980068C06803900C9800683D
:106DD000806803900398FFE7FFE7FFE70C99012025
:106DE00081F85100FFE70C99002081F85000FFE77F
:106DF0009DF813008DF83700FFE79DF837000EB0BF
:106E000080BD000081B0009001B0704781B000905B
:106E100001B0704785B003900291FFE7039890F8A6
:106E20003C00012804D1FFE702208DF813007EE02A
:106E30000399012081F83C00FFE7FFE70399022056
:106E400081F83D000398006840680190039800684D
:106E500080680090019820F070000190029801680D
:106E600001980843019001980399096848600398C4
:106E700000680021C4F2010188423CD0FFE703987A
:106E80000068B0F1804F36D0FFE70398006840F209
:106E90000041C4F2000188422DD0FFE7039800684A
:106EA00040F60001C4F20001884224D0FFE70398B5
:106EB000006840F60041C4F2000188421BD0FFE7A1
:106EC0000398006840F20041C4F20101884212D0E8
:106ED000FFE70398006844F20001C4F20101884210
:106EE00009D0FFE70398006841F60001C4F20001F1
:106EF00088420ED1FFE7009820F0800000900298B1
:106F000041680098084300900098039909688860D8
:106F1000FFE70399012081F83D00FFE70399002076
:106F200081F83C00FFE700208DF81300FFE79DF893
:106F3000130005B07047000080B582B00090009843
:106F400020B9FFE701208DF807003FE0009890F896
:106F50003D0040B9FFE70099002081F83C0000980F
:106F600000F038F8FFE70099022081F83D00009911
:106F700051F8040B09F0A6F90099012081F84600A8
:106F8000FFE70099012081F83E00009981F83F0059
:106F9000009981F84000009981F84100FFE7FFE780
:106FA0000099012081F84200009981F8430000997E
:106FB00081F84400009981F84500FFE7009901201D
:106FC00081F83D0000208DF80700FFE79DF80700DD
:106FD00002B080BD80B588B007900798006840F681
:106FE0000001C4F2000188423FD1FFE7FFE7002023
:106FF000069043F64000C4F20200016841F004012B
:107000000160006800F0040006900698FFE743F670
:107010008820C2F20000039046F2B801C4F20201D7
:1070200001604FF08061416000218160C1604FF4D8
:10703000806202614FF4006242614FF4005282614B
:10704000C16101624162FCF7A3FD18B1FFE7FAF7E5
:10705000EBFDFFE7FFE7079843F68821C2F2000146
:10706000C16207988863FFE749E00798006841F22A
:107070000041C4F2000188421BD1FFE7FFE7002076
:10708000059043F64000C4F20200016841F020017F
:107090000160006800F0200005900598FFE73720A8
:1070A000029005210022FDF7C9F90298FDF7BCF90D
:1070B00024E00798006844F20041C4F201018842CC
:1070C0001BD1FFE7FFE70020049043F64400C4F221
:1070D0000200016841F400310160006800F40030F2
:1070E00004900498FFE71920019005210022FDF784
:1070F000A5F90198FDF798F9FFE7FFE7FFE708B06A
:1071000080BD000083B00190019890F83D000128F7
:1071100004D0FFE701208DF80B006AE001990220FE
:1071200081F83D0001980168C86840F00100C8601E
:10713000019800680021C4F2010188423CD0FFE7B9
:1071400001980068B0F1804F36D0FFE701980068E1
:1071500040F20041C4F2000188422DD0FFE70198BF
:10716000006840F60001C4F20001884224D0FFE725
:107170000198006840F60041C4F2000188421BD02B
:10718000FFE70198006840F20041C4F20101884223
:1071900012D0FFE70198006844F20001C4F2010137
:1071A000884209D0FFE70198006841F60001C4F267
:1071B0000001884212D1FFE701980068806800F062
:1071C000070000900098062807D0FFE701980168A3
:1071D000086840F001000860FFE706E001980168D8
:1071E000086840F001000860FFE700208DF80B0000
:1071F000FFE79DF80B0003B07047000080B586B034
:107200000490039100208DF80B00FFE7049890F89C
:107210003C00012804D1FFE702208DF81700ABE005
:107220000499012081F83C00FFE7FFE70499022060
:1072300081F83D000498006880680190019820F072
:1072400077000190019820F47F4001900198049903
:1072500009688860039800680090002872D0FFE7F2
:10726000009810286ED0FFE7009820286AD0FFE72A
:107270000098302866D0FFE70098402855D0FFE7F7
:107280000098502837D0FFE70098602840D0FFE7EB
:10729000009870280BD0FFE70098B0F5805F05D00C
:1072A000FFE70098B0F5005F16D052E055E0049873
:1072B0000068039B5A689968DB6809F0EDF8049848
:1072C000006880680190019840F077000190019873
:1072D00004990968886040E004980068039B5A6834
:1072E0009968DB6809F0D8F804980168886840F468
:1072F0008040886031E004980068039A5168D26841
:1073000009F0B6FA04980068502109F0DFF824E08B
:1073100004980068039A5168D26809F0D1FA049879
:107320000068602109F0D2F817E004980068039A19
:107330005168D26809F09CFA04980068402109F06D
:10734000C5F80AE0049800680399096809F0BEF8D6
:1073500003E001208DF80B00FFE70499012081F87C
:107360003D00FFE70499002081F83C00FFE79DF80D
:107370000B008DF81700FFE79DF8170006B080BDE1
:1073800081B0009001B0704780B582B00190019843
:107390000068006900F002010020B0EB510F28D016
:1073A000FFE701980068C06800F002010020B0EB20
:1073B000510F1DD0FFE7019801686FF002000861CE
:1073C000019901200877019800688069800720B141
:1073D000FFE70198FFF7D4FF06E0019800F076F987
:1073E000019800F06BFAFFE7019900200877FFE7AA
:1073F000FFE701980068006900F004010020B0EB8D
:10740000910F29D0FFE701980068C06800F00401DF
:107410000020B0EB910F1ED0FFE7019801686FF0DC
:1074200004000861019902200877019800688069CA
:1074300010F4407F04D0FFE70198FFF7A1FF06E0BA
:10744000019800F043F9019800F038FAFFE701993C
:1074500000200877FFE7FFE701980068006900F067
:1074600008010020B0EBD10F28D0FFE70198006899
:10747000C06800F008010020B0EBD10F1DD0FFE77D
:10748000019801686FF008000861019904200877ED
:1074900001980068C069800720B1FFE70198FFF7F5
:1074A0006FFF06E0019800F011F9019800F006FA6C
:1074B000FFE7019900200877FFE7FFE701980068E0
:1074C000006900F010010020B0EB111F29D0FFE788
:1074D00001980068C06800F010010020B0EB111F97
:1074E0001ED0FFE7019801686FF010000861019954
:1074F0000820087701980068C06910F4407F04D024
:10750000FFE70198FFF73CFF06E0019800F0DEF886
:10751000019800F0D3F9FFE7019900200877FFE711
:10752000FFE7019800680069C00780B1FFE7019894
:107530000068C068C00748B1FFE7019801686FF0B4
:1075400001000861019800F0A3FAFFE7FFE7019846
:1075500000680069C1B20020B0EBD11F13D0FFE773
:1075600001980068C068C1B20020B0EBD11F09D0FB
:10757000FFE7019801686FF0800008610198FFF74C
:1075800041FCFFE7FFE701980068006900F0400157
:107590000020B0EB911F14D0FFE701980068C0688D
:1075A00000F040010020B0EB911F09D0FFE70198E7
:1075B00001686FF040000861019800F077FAFFE77A
:1075C000FFE701980068006900F020010020B0EB9F
:1075D000511F14D0FFE701980068C06800F0200137
:1075E0000020B0EB511F09D0FFE7019801686FF050
:1075F000200008610198FFF709FCFFE7FFE702B0F0
:1076000080BD000080B588B00790002006900590EE
:107610000490039002900798006840F60001C4F2BD
:107620000001884223D1FFE7FFE70020019043F6E5
:107630003000C4F20200016841F0080101600068F6
:1076400000F0080001900198FFE74FF4804002909D
:10765000022003900121049103210591069040F638
:107660000040C4F2020002A9FCF718FC2BE00798C6
:10767000006844F20041C4F20101884222D1FFE7D0
:10768000FFE70020009043F63000C4F202000168DA
:1076900041F020010160006800F020000090009897
:1076A000FFE7402002900220039001210491059001
:1076B0000320069041F20040C4F2020002A9FCF748
:1076C000EDFBFFE7FFE708B080BD000081B0009050
:1076D00001B0704780B586B00490039102920020FB
:1076E0008DF80700FFE7049890F83C00012804D1CA
:1076F000FFE702208DF8170089E00499012081F846
:107700003C00FFE7FFE7029800900C2800F2708031
:107710000099DFE801F0076D6D6D206D6D6D3A6DBC
:107720006D6D530004980068039908F0E5FE049815
:107730000168886940F008008861049801688869D8
:1077400020F0040088610398026904980168886940
:107750001043886150E004980068039908F042FFE4
:1077600004980168886940F40060886104980168A1
:10777000886920F480608861039802690498016830
:10778000886940EA0220886136E00498006803991D
:1077900008F0A2FF04980168C86940F00800C861B9
:1077A00004980168C86920F00400C8610398026960
:1077B00004980168C8691043C8611DE00498006816
:1077C000039909F003F804980168C86940F400605F
:1077D000C86104980168C86920F48060C861039892
:1077E000026904980168C86940EA0220C86103E0A0
:1077F00001208DF80700FFE7FFE70499002081F8DA
:107800003C00FFE79DF807008DF81700FFE79DF8A3
:10781000170006B080BD000080B582B000900098CF
:1078200020B9FFE701208DF807003FE0009890F8AD
:107830003D0040B9FFE70099002081F83C00009826
:1078400000F038F8FFE70099022081F83D00009928
:1078500051F8040B08F036FD0099012081F846002C
:10786000FFE70099012081F83E00009981F83F0070
:10787000009981F84000009981F84100FFE7FFE797
:107880000099012081F84200009981F84300009995
:1078900081F84400009981F84500FFE70099012034
:1078A00081F83D0000208DF80700FFE79DF80700F4
:1078B00002B080BD81B0009001B0704781B00090EF
:1078C00001B0704780B58CB00A900991099828B929
:1078D000FFE70A9890F83E0007901CE009980428FA
:1078E00005D1FFE70A9890F83F00069010E009984C
:1078F000082805D1FFE70A9890F84000059004E0B9
:107900000A9890F841000590FFE705980690FFE778
:1079100006980790FFE70798012804D0FFE70120A9
:107920008DF82F00AFE0099828B9FFE70A990220E7
:1079300081F83E001EE00998042806D1FFE70A9965
:10794000022081F83F00049012E00998082806D12F
:10795000FFE70A99022081F84000039005E00A99A8
:10796000022081F841000390FFE703980490FFE7AD
:107970000498FFE70A98006809990122019208F02B
:107980006FFD01980A9909680022C4F20102914230
:1079900002900CD0FFE70A9800684FF60041CBF642
:1079A000FE710844B0FA80F040090290FFE70298A7
:1079B000C00738B1FFE70A980168486C40F40040FE
:1079C0004864FFE70A9800680021C4F20101884278
:1079D0003CD0FFE70A980068B0F1804F36D0FFE74F
:1079E0000A98006840F20041C4F2000188422DD09C
:1079F000FFE70A98006840F60001C4F200018842DF
:107A000024D0FFE70A98006840F60041C4F2000164
:107A100088421BD0FFE70A98006840F20041C4F298
:107A20000101884212D0FFE70A98006844F2000181
:107A3000C4F20101884209D0FFE70A98006841F6C4
:107A40000001C4F20001884212D1FFE70A980068E1
:107A5000806800F0070008900898062807D0FFE724
:107A60000A980168086840F001000860FFE706E036
:107A70000A980168086840F001000860FFE70020EC
:107A80008DF82F00FFE79DF82F000CB080BD00009F
:107A900080B582B0019001980068B0F1804F03D1A9
:107AA000FFE7FCF7F5FBFFE702B080BD81B0009077
:107AB00001B0704782B00190ADF8021002B070477B
:107AC00080B584B00390002002900398006840695C
:107AD000C0B2C0090290039890F83D00212823D13C
:107AE000FFE7029800B3FFE7FFE7FFE703980068AE
:107AF00050E8050F20F080000190FFE701990398FE
:107B0000026842E805100028F0D1FFE7FFE703987C
:107B1000406B28B1FFE70398406BFBF7B7FDFFE729
:107B2000039809F07DF8FFE7039800684069C0F307
:107B300080100290039890F83E00222823D1FFE79E
:107B4000029800B3FFE7FFE7FFE70398006850E8FB
:107B5000050F20F040000090FFE7009903980268AD
:107B600042E805100028F0D1FFE7FFE70398806B9B
:107B700028B1FFE70398806BFBF788FDFFE70398C8
:107B800008F0F0FFFFE7002004B080BD81B0009056
:107B900001B0704780B592B01190119800680068EC
:107BA000109011980068C0680F90119800684069A3
:107BB0000E9000200D900C90109800F00F000D908A
:107BC0000D9888B9FFE79DF84000800600280AD587
:107BD000FFE79DF83C008006002804D5FFE71198D8
:107BE00009F03AF8E3E1FFE70D98002800F0C280C1
:107BF000FFE79DF83800C00738B9FFE7BDF83C0043
:107C000010F4907F00F0B680FFE79DF84000C007B9
:107C100058B1FFE79DF83D00C00730B1FFE711996B
:107C2000086C40F001000864FFE79DF84000400741
:107C300000280BD5FFE79DF83800C00730B1FFE7FB
:107C40001199086C40F002000864FFE79DF84000BD
:107C5000800700280BD5FFE79DF83800C00730B13A
:107C6000FFE71199086C40F004000864FFE79DF8F5
:107C700040000007002811D5FFE79DF83C00800672
:107C8000002805D4FFE79DF83800C00730B1FFE7B2
:107C90001199086C40F008000864FFE71198006C27
:107CA000002866D0FFE79DF84000800600280AD52E
:107CB000FFE79DF83C008006002804D5FFE71198F7
:107CC00008F0CAFFFFE7119800684069C0F3801010
:107CD0000C901198006C0007002804D4FFE70C9862
:107CE00000283ED0FFE7119808F03CFF119800688B
:107CF0004069400600282FD5FFE7FFE7FFE711980E
:107D0000006850E8050F20F040000B90FFE70B994A
:107D10001198026842E805100028F0D1FFE7FFE75C
:107D20001198806B98B1FFE71198816B40F61510A0
:107D3000C0F6010008651198806BFBF71DFD28B1A6
:107D4000FFE71198806B016D8847FFE703E011980A
:107D5000FFF71CFFFFE703E01198FFF717FFFFE7AE
:107D600006E01198FFF712FF119900200864FFE761
:107D7000FFE71CE11198006B012840F0F880FFE755
:107D80009DF84000C006002840F1F180FFE79DF813
:107D90003C00C006002840F1EA80FFE7FFE7002032
:107DA0000A901198006800680A901198006840686D
:107DB0000A900A98FFE71198006840694006002879
:107DC0007ED5FFE71198806B00684068ADF826000B
:107DD000BDF82600002872D0FFE7BDF826001199F3
:107DE000898D88426BDAFFE7BDF826001199C885B6
:107DF0001198806BC069B0F5807F58D0FFE7FFE72E
:107E0000FFE71198006850E8030F20F48070089095
:107E1000FFE708991198026842E803100028F0D1A2
:107E2000FFE7FFE7FFE7FFE71198006850E8050F5D
:107E300020F001000790FFE707991198026842E8D7
:107E400005100028F0D1FFE7FFE7FFE7FFE71198F3
:107E5000006850E8050F20F040000690FFE7069903
:107E60001198026842E805100028F0D1FFE7FFE70B
:107E70001199202081F83E00119900200863FFE746
:107E8000FFE71198006850E8030F20F010000590FC
:107E9000FFE705991198026842E803100028F0D125
:107EA000FFE7FFE71198806BFBF7F0FBFFE7119806
:107EB000818DC28D891A89B2FFF7FCFDFFE776E05C
:107EC0001199888DC98D401AADF812001198C08D96
:107ED00000284BD0FFE7BDF81200002846D0FFE78E
:107EE000FFE7FFE71198006850E8030F20F4907057
:107EF0000390FFE703991198026842E803100028F5
:107F0000F0D1FFE7FFE7FFE7FFE71198006850E8CF
:107F1000050F20F001000290FFE702991198026816
:107F200042E805100028F0D1FFE7FFE71199202073
:107F300081F83E00119900200863FFE7FFE71198E0
:107F4000006850E8030F20F010000190FFE701994E
:107F50001198026842E803100028F0D1FFE7FFE71C
:107F60001198BDF81210FFF7A5FDFFE71FE09DF87F
:107F70004000000600280AD5FFE79DF83C000006F7
:107F8000002804D5FFE7119809F042F80FE09DF8AA
:107F90004000400600280AD5FFE79DF83C00400657
:107FA000002804D5FFE7119808F026FEFFE712B07D
:107FB00080BD000080B582B00090009820B9FFE736
:107FC00001208DF807003EE00098806908B1FFE7C6
:107FD00000E0FFE7009890F83D0040B9FFE7009906
:107FE000002081F83C00009800F032F8FFE700998B
:107FF000242081F83D0000980168C86820F40050F2
:10800000C860009808F0DAFE00980168086920F45A
:108010009040086100980168486920F02A00486192
:1080200000980168C86840F40050C86000990020BA
:108030000864009A202182F83D10009A82F83E10D0
:108040008DF80700FFE79DF8070002B080BD000033
:1080500080B59CB01B9000201A9019901890179032
:1080600016901B98006841F20001C4F20101884299
:1080700040F0BB80FFE7FFE70020159043F6440087
:10808000C4F20200016841F010010160006800F0D4
:10809000100015901598FFE7FFE70020149043F6B5
:1080A0003000C4F20200016841F002010160006882
:1080B00000F0020014901498FFE7FFE700201390EF
:1080C00043F63000C4F20200016841F00101016092
:1080D000006800F0010013901398FFE780201690CD
:1080E00002200990179000200D90189003200A900C
:1080F000199007200B901A9040F20040C4F2020041
:1081000016A90C91FBF7CAFEDDF824C00A9A0B9859
:108110000C990D9B4FF4007ECDF858E0CDF85CC073
:10812000189319921A900020C4F20200FBF7B6FED1
:108130000D9943F6E820C2F200000E9046F2884204
:10814000C4F2020202604FF0006242608160C160CE
:108150004FF48062026141618161C16101624162EB
:10816000FBF716FD18B1FFE7F9F75EFDFFE7FFE744
:108170001B9843F6E821C2F2000181631B988863D3
:10818000FFE743F64830C2F20000089046F2B841DB
:10819000C4F2020101604FF0006141604021816042
:1081A0000021C1604FF48062026141618161C1615F
:1081B00001624162FBF7ECFC18B1FFE7F9F734FD0F
:1081C000FFE7FFE71B9843F64831C2F20001416325
:1081D0001B988863FFE72520079005210022FCF704
:1081E0002DF90798FCF720F90EE11B98006844F67A
:1081F0000001C4F20001884268D1FFE7FFE70020D8
:10820000129043F64000C4F20200016841F480215C
:108210000160006800F4802012901298FFE7FFE7E9
:108220000020119043F63000C4F20200016841F0D2
:1082300004010160006800F0040011901198FFE74C
:108240004FF440601690022017900020059018907F
:108250000320199007201A9040F60000C4F2020093
:1082600016A9FBF71BFE059943F6A830C2F20000E1
:10827000069046F22802C4F2020202604FF0006249
:1082800042608160C1604FF480620261416181613E
:10829000C16101624162FBF77BFC18B1FFE7F9F7AE
:1082A000C3FCFFE7FFE71B9843F6A831C2F20001C9
:1082B00081631B988863FFE7272004900521002233
:1082C000FCF7BCF80498FCF7AFF89CE01B9800683A
:1082D00041F20041C4F20101884240F09380FFE77F
:1082E000FFE70020109043F64400C4F2020001684A
:1082F00041F020010160006800F02000109010980B
:10830000FFE7FFE700200F9043F63000C4F20200C1
:10831000016841F040010160006800F040000F90EA
:108320000F98FFE74FF4844016900220179000202A
:10833000029018900320199008201A9041F600002E
:10834000C4F2020016A9FBF7A9FD029943F6084002
:10835000C2F20000039046F22842C4F20202026018
:108360004FF0206242608160C1604FF48062026120
:1083700041618161C16101624162FBF709FC18B191
:10838000FFE7F9F751FCFFE7FFE71B9843F60841C9
:10839000C2F2000181631B988863FFE743F66840DF
:1083A000C2F20000019046F2A041C4F20201016055
:1083B0004FF020614160402181600021C1604FF495
:1083C0008062026141618161C16101624162FBF7CA
:1083D000DFFB18B1FFE7F9F727FCFFE7FFE71B9882
:1083E00043F66841C2F2000141631B988863FFE7CE
:1083F0004720009005210022FCF720F80098FCF7A8
:1084000013F8FFE7FFE7FFE71CB080BD80B584B03D
:1084100002900191ADF80220029890F83E002028C9
:1084200028D1FFE7019820B1FFE7BDF8020020B98D
:10843000FFE701208DF80F0020E0FFE7029890F899
:108440003C00012804D1FFE702208DF80F0015E061
:108450000299012081F83C00FFE7FFE70299002024
:10846000086302980199BDF8022008F045FD8DF8D7
:108470000F0003E002208DF80F00FFE79DF80F00CA
:1084800004B080BD81B0009001B0704781B0009011
:1084900001B0704780B586B004900391ADF80A2012
:1084A000049890F83D00202874D1FFE7039820B18C
:1084B000FFE7BDF80A0020B9FFE701208DF817009B
:1084C0006CE0FFE7049890F83C00012804D1FFE736
:1084D00002208DF8170061E00499012081F83C002A
:1084E000FFE7FFE7039804990862BDF80A000499C2
:1084F0008884BDF80A000499C8840499002008649F
:10850000049A212182F83D1004994A6B40F6D1214A
:10851000C0F60101D16304994A6B40F64D31C0F6B3
:108520000101116404994A6B40F63511C0F601014E
:10853000D1640499496B086503A801900498026806
:10854000406B019909680432BDF80A30FBF7D8FB8B
:10855000049801686FF040000860FFE7049900206C
:1085600081F83C00FFE7FFE7FFE70498006850E868
:10857000050F40F080000090FFE700990498026822
:1085800042E805100028F0D1FFE7FFE700208DF852
:10859000170003E002208DF81700FFE79DF8170091
:1085A00006B080BD81B0009001B0704781B00090EE
:1085B00001B0704780B584B003900399002001900A
:1085C0000874039BD3F8F400596844F2CA62C2F2FB
:1085D0000002009212889B7B5A43F7F79FFF009995
:1085E000039A50680988927B5143F7F7F3FF00998B
:1085F000039AD2F818010988927B51435143F7F747
:10860000E9FF0099039AD2F80C010988137B927B49
:1086100059435143F7F7DEFF01988DF80B00FFE750
:108620009DF80B000399897B884243DAFFE70398A2
:10863000D0F8F4009DF80B1000EB810090ED000ADB
:10864000B5EE400AF1EE10FA2DD0FFE7039AD2F80A
:10865000F4109DF80B0051F82000127C41F8220024
:108660009DF80B00039A516A127C8854DDF80CC007
:10867000DCF818009DF80BE050F82E00DCF80C1127
:108680009CF80C209CF81030DCF814C01CF80EC0CC
:1086900012FB03C201EB820141F8040C0399087C30
:1086A00001300874FFE7FFE79DF80B0001308DF8FB
:1086B0000B00B5E700208DF80A00FFE79DF80A00DF
:1086C0000399097C884216DAFFE7039BD869596A47
:1086D0009DF80A20895C50F82100D3F818111B7C02
:1086E00012FB032241F82200FFE79DF80A00013047
:1086F0008DF80A00E2E70399087CA1F87800039955
:10870000087BA1F87A000399087BA1F880000399FF
:10871000087CA1F882000399087CA1F890000399D5
:10872000087CA1F892000399087BA1F898000399AE
:10873000087CA1F89A000399087CA1F8480004B0CD
:1087400080BD0000FFE7FEE780B58AB004A9029172
:108750000146029809910999D1F8EC10096808912D
:108760000999D1F8EC10496807910999D1F8EC10F2
:10877000896806910999D1F8EC10C968059190EDC6
:10878000040A90ED042A90ED031A90ED033A21EECD
:10879000031A20EE020A30EE011A90ED020A90ED63
:1087A000022A20EE020A30EE011A90ED010A90ED45
:1087B000012A20EE020A30EE010A12F0B9F80298FE
:1087C00080ED000A00208DF80F00FFE79DF80F00F4
:1087D000032817DCFFE7029890ED001A0998D0F8FB
:1087E000EC009DF80F1000EB810090ED000A20EEE8
:1087F000010A80ED000AFFE79DF80F0001308DF8B7
:108800000F00E3E7029991ED030A41F6D800C2F2A6
:108810000000009090ED6F1A20EE010AB0EE001AF1
:108820008DED011A80EE010A099AD2F8002182ED3D
:10883000040A91ED020A90ED6F2A20EE020A80EE02
:10884000010A099AD2F8002182ED050A91ED040A85
:1088500090ED6F2A20EE420A80EE010A099AD2F8C2
:10886000002182ED0A0A91ED010A90ED6F2A20EEB7
:10887000020A80EE010A099AD2F8002182ED0B0A61
:1088800091ED010A90ED6F2A20EE420A80EE010A76
:10889000099AD2F8002182ED100A91ED040A90EDB8
:1088A0006F2A20EE420A80EE010A099AD2F80021CE
:1088B00082ED110A91ED020A90ED6F2A20EE020A74
:1088C00080EE010A099AD2F8002182ED160A91ED94
:1088D000030A90ED6F2A20EE420A80EE010A099900
:1088E000D1F8001181ED170A90ED741A0999D1F8A9
:1088F000F81091ED1C0A80EE010A81ED1C0A90ED42
:10890000741A0998D0F8F80090ED230A80EE010A55
:1089100080ED230A0998D0F8F80090ED1C0A9FED2D
:10892000151AB4EE410AF1EE10FA09DDFFE70998D5
:10893000D0F8F81044F20000C4F21C600867FFE7AA
:108940000998D0F8F80090ED230A9FED0A1AB4EECA
:10895000410AF1EE10FA0ADDFFE70998D0F8F810A5
:1089600044F20000C4F21C60C1F88C00FFE70AB0BA
:1089700080BD00BF00401C4680B58CB08DED0B0A59
:10898000CDED0A0A8DED091ACDED081A8DED072AF5
:10899000CDED062A41F6D801C2F200010591012071
:1089A00008700B98C1F8B0010A98C1F8B401099891
:1089B000C1F8B8014CF67740C3F22B20C1F8CC01C6
:1089C000002081F83801C1F84401C1F84001C1F824
:1089D0004C01C1F848010798C1F8BC019DED080A97
:1089E000B7EE001AB4EE410AF1EE10FA04DDFFE72B
:1089F0004FF07E500890FFE7089941F6D800C2F288
:108A000000000390C0F8D01104300621002201922A
:108A1000032301F007F8039901F5E07001F5E47311
:108A200001220292114610F09BFB019A02990398D1
:108A3000D0F8ECC04FF07E53CCF80030D0F8EC30DA
:108A40005A60D0F8EC309A60D0F8EC30DA6048F632
:108A5000B522C0F60002C0F8D02048F24972C0F634
:108A60000002C0F8D42048F6FD22C0F60002C0F88B
:108A7000D82049F27912C0F60002C0F8DC2080F854
:108A80002E1080F82F10D0F804014EF61411C0F605
:108A9000010190220492F7F741FD0398049AD0F85F
:108AA000FC0040F22C01C2F20001F7F737FD0CB0D8
:108AB00080BD000080B582B001900198D0F8F81018
:108AC00040F22C00C2F200009022F7F727FD019837
:108AD000D0F81C1141F67C00C2F20000482200923E
:108AE000F7F71CFD009A0198D0F80C1141F63400FC
:108AF000C2F20000F7F712FD02B080BD80B586B06B
:108B000005900598D0F8EC0090ED000A30EE000AD0
:108B10008DED040A0598D0F8EC0090ED010A30EED6
:108B2000000A8DED030A0598D0F8EC0090ED020ADA
:108B300030EE000A8DED020A0598D0F8EC0090EDB9
:108B4000030A30EE000A8DED010A059BD3F80C01F3
:108B500044F2CA61C2F2000109881A7B9B7B594327
:108B60005143F7F737FD9DED020AB1EE400A059833
:108B7000D0F80C0180ED000A01980599D1F80C118C
:108B800048609DED040AB1EE400A0598D0F80C014A
:108B900080ED020A03980599D1F80C11C86003987A
:108BA0000599D1F80C11886104980599D1F80C1138
:108BB000C86101980599D1F80C11086202980599CD
:108BC000D1F80C11486204980599D1F80C1108638A
:108BD0009DED030AB1EE400A0598D0F80C0180ED36
:108BE0000D0A9DED020AB1EE400A0598D0F80C017D
:108BF00080ED0E0A01980599D1F80C11C86306B0F2
:108C000080BD000080B590B08DED0F0ACDED0E0A4D
:108C10008DED0D1ACDED0C1A8DED0B2ACDED0A2A36
:108C20009DED0F0A41F6D800C2F20000059090EDCC
:108C3000581A30EE410A80ED5B0A9DED0E0A90ED68
:108C4000591A30EE410A80ED5C0A9DED0D0A90ED57
:108C50005A1A30EE410A80ED5D0A90ED5B0A90ED04
:108C60006F1AB6EE002A20EE020A20EE010A8DED00
:108C7000090A90ED5C0A90ED6F1A20EE020A20EED0
:108C8000010A8DED080A90ED5D0A90ED6F1A20EE55
:108C9000020A20EE010A8DED070AD0F804014EF613
:108CA0001411C0F601019022F7F738FC05999DEDEB
:108CB000090AB1EE400AD1F8040180ED010A9DEDE8
:108CC000080AB1EE400AD1F8040180ED020A9DEDD8
:108CD000070AB1EE400AD1F8040180ED030A0998B1
:108CE000D1F8042190610798D1F8042110629DED1C
:108CF000080AB1EE400AD1F8040180ED090A08988B
:108D0000D1F8042110639DED070AB1EE400AD1F8B5
:108D1000040180ED0D0A0998D1F80421D063079869
:108D2000D1F8042190640898D1F80421D0649DED15
:108D3000090AB1EE400AD1F8040180ED140AD1F815
:108D40004801D1F84C110843C8B9FFE70C9841F627
:108D5000D801C2F20001C1F878010B98C1F87C017A
:108D60000A98C1F88001D1F84821D1F84C010132AC
:108D700040F10000C1F84821C1F84C01FFE741F67D
:108D8000D800C2F20000049090ED5E0A90ED641AE3
:108D900090ED6F3A20EE010A33EE012A80EE020ACE
:108DA0009DED0C1A21EE031A81EE021A30EE010A33
:108DB00080ED5E0A90ED5F0A90ED641A90ED6F3AD7
:108DC00020EE010A33EE012A80EE020A9DED0B1A15
:108DD00021EE031A81EE021A30EE010A80ED5F0ADD
:108DE00090ED600A90ED641A90ED6F3A20EE010A62
:108DF00033EE012A80EE020A9DED0A1A21EE031AD3
:108E000081EE021A30EE010A80ED600A90ED5E1AE2
:108E100090ED5F2A90ED600A22EE022A21EE011AFF
:108E200031EE021A20EE000A30EE010A06F01EFFB3
:108E3000049880ED660A90ED661AB7EE000A80EE9F
:108E4000010A8DED060A90ED5E0A9DED061A20EEF0
:108E5000010A816881ED000A90ED5F0A9DED061A16
:108E600020EE010A816881ED010A90ED600A9DED16
:108E7000061A20EE010A816881ED020A90ED5B1A64
:108E800090ED5C2A90ED5D0A22EE022A21EE011A95
:108E900031EE021A20EE000A30EE010A06F0E6FE7C
:108EA000049880ED650A90ED650A9FEDAC1AB4EE6A
:108EB000410AF1EE10FA24DAFFE741F6D800C2F2D7
:108EC000000090ED660A9FEDA61AB4EE410AF1EE9D
:108ED00010FA16DDFFE741F6D800C2F2000090ED6F
:108EE000660A9FEDA01AB4EE410AF1EE10FA08DA14
:108EF000FFE741F6D801C2F20001012081F83901F3
:108F000007E041F6D801C2F20001002081F83901E2
:108F1000FFE741F6D801C2F20001039191ED6C0A1E
:108F200091ED6F1A20EE010A081DD1F8182182ED8B
:108F3000000A91ED6C0A91ED6F1A20EE010AD1F84A
:108F4000182182ED070A91ED6C0A91ED6F1A20EE5F
:108F5000010AD1F8182182ED0E0A91ED6C0A91ED0B
:108F60006F1A20EE010AD1F8182182ED150A91ED51
:108F70006D0A91ED6F1A20EE010AD1F8182182EDE9
:108F80001C0A91ED6D0A91ED6F1A20EE010AD1F8DD
:108F9000182182ED230AD1F81C31D1F8B8211A60CA
:108FA000D1F81C31D1F8B8211A61D1F81C21D1F8BF
:108FB000B811116201F08CF9039841680968C0F892
:108FC000501141684968C0F8541141688968C0F877
:108FD00058114168C968C0F85C1190ED540A90EDD1
:108FE000551A90ED562A90ED573A22EE033A20EEAC
:108FF000010A30EE030A21EE013AB6EE001A8DEDB9
:10900000011A31EE431A22EE022A71EE420A00F5ED
:10901000D0700FF053FD039890ED680A9FED521A3F
:109020008DED021A20EE010A80ED680A90ED540AD7
:1090300090ED551A90ED563A90ED572A20EE030A1E
:1090400021EE021A30EE410A30EE000A14F0C0FCA4
:109050009DED011A9DED022A039820EE020A80ED93
:10906000690A90ED544A90ED550A90ED563A90ED0C
:10907000572A24EE024A20EE030A30EE040A23EEB9
:10908000033A31EE431A22EE022A71EE420A00F54B
:10909000D4700FF013FD9DED021A039890ED6A0A4B
:1090A00020EE010A80ED6A0A41680969C0F8601182
:1090B00041684969C0F864110021C0F8681190ED59
:1090C0006A0A90ED761A30EE410A9FED281AB4EE46
:1090D000410AF1EE10FA0ADDFFE741F6D801C2F2CB
:1090E0000001B1F8D4010138A1F8D4011CE041F627
:1090F000D800C2F2000090ED6A0A90ED761A30EEC8
:10910000410A9FED1B1AB4EE410AF1EE10FA0ADA99
:10911000FFE741F6D801C2F20001B1F8D4010130F5
:10912000A1F8D401FFE7FFE741F6D801C2F2000140
:10913000B1F9D40100EE100AB8EEC00A91ED6A1A36
:109140009FED0C2A20EE020A30EE010A81ED6B0A37
:10915000D1F8A801C1F8D80110B080BD9A99993E04
:10916000CDCC1441CDCC2441E12E654200003443E6
:10917000000034C30000B44380B58CB007A904914B
:109180000B900B9901F17800803110F0F1FB0B99F5
:1091900081F8C8000B99B1F87800A1F8A8000B99E4
:1091A000B1F85A00A1F8AA000B9A02F1780002F176
:1091B0005801A83210F0E4FA0B9981F8C8000B9915
:1091C000B1F8A800A1F8B0000B99B1F88200A1F89D
:1091D000B2000B9A02F1A80002F18001B03210F047
:1091E000CFFA0B9981F8C8000B99B1F89000A1F85B
:1091F000A0000B99B1F89200A1F8A2000B9A02F11D
:10920000B00002F19001A0320FF054FF0B9981F8E9
:10921000C8000B9901F1A000B0310FF0B5FF014675
:1092200004980B9A82F8C8100B99D1F8EC100968D1
:109230000A910B99D1F8EC10496809910B99D1F872
:10924000EC10896808910B99D1F8EC10C968079166
:109250000B9AB2F87810A2F8B8100B9A0121A2F874
:10926000BA1090ED020A90ED002A90ED031A90EDED
:10927000013A21EE031A20EE020A30EE410A30EEE6
:10928000000A0B99D1F82C1181ED000A90ED030A28
:1092900090ED022A90ED011A90ED003A21EE031AAA
:1092A00020EE020A30EE010A30EE000A0B99D1F8E6
:1092B0002C1181ED010A90ED030A90ED032A90ED47
:1092C000021A90ED023A21EE031A20EE020A30EE65
:1092D000410A90ED011A90ED012A21EE021A30EEBA
:1092E000411A90ED000A90ED002A20EE020A30EEBD
:1092F000010A0B98D0F82C0180ED020A00208DF8AD
:109300001B00FFE79DF81B0002281EDCFFE70B98FF
:10931000D0F82C019DF81B1000EB810090ED000AA5
:10932000B0EEC00A0FF042FE9DF81B1041F6D800C7
:10933000C2F2000000EB810080ED610AFFE79DF8BA
:109340001B0001308DF81B00DCE70B99B1F84800D9
:10935000A1F8C0000B9901200290A1F8C2000B9A5D
:1093600002F1480002F1B801C03210F0ABFA014638
:1093700002980B9A82F8C8100B9AB2F8C010A2F8A3
:10938000A8100B99A1F8AA000B9A02F1B00002F103
:10939000C001A83210F0F4F9014602980B9A82F845
:1093A000C8100B99A1F8B8000B99B1F8C000A1F84A
:1093B000BA000B9901F1C000B83110F0D9FA0B993D
:1093C00081F8C8000B9901F1B800A83141F6D80224
:1093D000C2F20002039202F5E07210F0D1F90146E8
:1093E00003980B9A82F8C81090ED720A90ED731AE8
:1093F000B6EE002A21EE021AB4EE410AF1EE10FA9E
:1094000008DAFFE741F6D801C2F20001012081F835
:109410003801FFE741F6D800C2F2000090ED720A71
:1094200090ED731AB4EE410AF1EE10FA64DDFFE735
:1094300041F6D800C2F2000090F8380100285BD055
:10944000FFE741F6D800C2F2000090F8390180B180
:10945000FFE741F6D801C2F20001D1F84021D1F86E
:109460004401013240F10000C1F84021C1F844013B
:1094700009E041F6D801C2F200010020C1F8440120
:10948000C1F84001FFE741F6D800C2F20000D0F871
:109490004011D0F84401333970F100000BD3FFE7DD
:1094A00041F6D801C2F20001002081F838010B9981
:1094B00081F82C001FE00B9BD3F8E800D3F8EC10E8
:1094C00044F2CA62C2F20002019212881B7B5A4324
:1094D000F7F724F8019A0B9BD3F8F800D3F8FC10A7
:1094E00012881B7B5A435A43F7F718F80B9901204F
:1094F00081F82C0063E142E041F6D800C2F200009E
:1095000090ED720A90ED731A9FEDAE2A21EE021AC9
:10951000B4EE410AF1EE10FA1BDDFFE741F6D80088
:10952000C2F2000090F8380198B1FFE741F6D80088
:10953000C2F2000090ED720A90ED731A31EE400A0B
:109540009FEDA12A21EE021A80EE010A80ED670A42
:1095500008E041F6D801C2F200014FF07E50C1F898
:109560009C01FFE741F6D801C2F200010020C1F8DA
:109570004401C1F840010B9981F82C00FFE70B99D9
:10958000B1F85800A1F8A8000B99B1F88200A1F831
:10959000AA000B9A02F1580002F18001A83210F0E3
:1095A000EFF80B9981F8C8000B9A02F1A80002F1BC
:1095B000B001983210F0E4F80B9981F8C80000204F
:1095C0008DF81A00FFE79DF81A000B9AB2F8981070
:1095D000B2F89A20514388421ADAFFE741F6D800E0
:1095E000C2F2000090ED671A0B98D0F81C019DF8AC
:1095F0001A1000EB810090ED000A20EE010A80EDC8
:10960000000AFFE79DF81A0001308DF81A00DAE72A
:1096100004208DF81900FFE79DF81900052835DCB6
:10962000FFE700208DF81800FFE79DF818000228DA
:1096300025DCFFE79DF8191041F6D800C2F20000C2
:1096400000EB810090ED5D0A9FED621A80EE011A39
:109650000B98D0F81C0101EB41019DF81820114432
:1096600000EB810090ED000A20EE010A80ED000A77
:10967000FFE79DF8180001308DF81800D5E7FFE7E7
:109680009DF8190001308DF81900C5E70B99B1F864
:109690009800A1F8B8000B990120A1F8BA000B9A24
:1096A00002F1980002F1C001B83210F069F80B998C
:1096B00081F8C80041F6D800C2F2000090F83801E5
:1096C00000286BD0FFE704208DF81700FFE79DF816
:1096D0001700052861DCFFE70B98D0F8BC009DF867
:1096E000171000EB810090ED000A41F6D800C2F29D
:1096F000000090ED6F1A9FED352A21EE021AB4EEAC
:10970000410AF1EE10FA14DDFFE741F6D800C2F28B
:10971000000090ED6F0A9FED2D1A20EE010A0B98C4
:10972000D0F8BC009DF8171000EB810080ED000A16
:10973000FFE70B98D0F8BC009DF8171000EB8100F4
:1097400090ED000A41F6D800C2F2000090ED6F1AC9
:109750009FED1F2A21EE021AB4EE410AF1EE10FA33
:1097600014DAFFE741F6D800C2F2000090ED6F0A6C
:109770009FED171A20EE010A0B98D0F8BC009DF857
:10978000171000EB810080ED000AFFE7FFE79DF86E
:10979000170001308DF8170099E7FFE70B98D0F814
:1097A000BC100020C8600B9A02F1380002F1B80129
:1097B00030320FF07FFC0B9981F8C800FFE70CB046
:1097C00080BD00BFCDCCCC3D6666663F0AD7233C4A
:1097D0000AD723BCDA0FC93F80B584B00390029149
:1097E0000298039991ED090ADFED0F0A02F020FEBD
:1097F000029890ED080AB5EE400AF1EE10FA04DA8C
:10980000FFE7029900200862FFE7029890ED080A3E
:10981000BDEEC00A10EE100AADF80600BDF8060055
:1098200006F02AF804B080BD0000204280B582B066
:1098300001900091002000287ED1FFE7019A02F1FB
:109840000C0002F118012432F7F7A4F8019890F8FF
:109850004800022851D1FFE7019890ED001A90EDE1
:10986000030A30EE410A80ED030A019890ED011AD7
:1098700090ED040A30EE410A80ED040A019890ED63
:10988000021A90ED050A30EE410A80ED050A0198B2
:1098900090ED030AD0ED040A90ED051AD0ED061AFA
:1098A00090ED072AD0ED082AFFF7ACF9F8F7B6FBE0
:1098B000019880ED0E0AF8F7B9FB019880ED0F0AC8
:1098C000F8F7EAFB019880ED100AF8F7EDFB019834
:1098D00080ED110A019941F6D80CC2F2000CDCF8B7
:1098E0005001DCF85421DCF85831DCF85CC1C1F8D7
:1098F00034C00B63CA6288621DE0019890F848008A
:10990000012817D1FFE7019942F68140C3F68E3056
:109910000860019948F28D60C3F6B630486001993D
:1099200043F69B10CBF6ED2088600199022081F868
:109930004800FFE7FFE7FFE741F6C400C2F200007E
:1099400000684CF6CD41CCF6CC4148434FEA70005C
:1099500049F69911C1F6991188421CD8FFE7019880
:109960000099FFF739FF019890F8480090B9FFE798
:1099700041F6C800C2F200000168013101600068D0
:10998000B0F5967F05D9FFE70199012081F84800DD
:10999000FFE7FFE7FFE741F6C401C2F200010868F4
:1099A0000130086002B080BD83B0029001918DF853
:1099B000032000208DF802008DF80200FFE79DF8DB
:1099C00002009DF80310884229DAFFE70298000F91
:1099D000092809D8FFE70298000F303001999DF857
:1099E000022001F8120009E00299372000EB117003
:1099F00001999DF8022001F81200FFE7029800018A
:109A0000029001989DF8021000EB4101002048707F
:109A1000FFE79DF8020001308DF80200CFE703B0A8
:109A20007047000080B58AB009908DF823108DF83A
:109A300022208DF8213044F2CA61C2F20001069161
:109A40000420088044F2C861C2F2000108200880A6
:109A50009DF82300099908739DF82200099948731D
:109A60009DF82100099988730999002008749DF8D0
:109A7000210012F087FA09994861099840699DF818
:109A80002110F6F785FD069800889DF821104843BF
:109A900012F078FA0699099A906109988069098804
:109AA0009DF821205143F6F795FD069800889DF812
:109AB0002110484312F066FA0699099AD061099874
:109AC000C06909889DF821205143F6F783FD069867
:109AD00000889DF82310484312F054FA0699099A19
:109AE00010620998006A09889DF823205143F6F70F
:109AF00071FD9DF8210012F045FA09994862099814
:109B0000406A9DF82110F6F743FD069800889DF8FD
:109B10002310484312F036FA0699099A1060099802
:109B2000006809889DF823205143F6F753FD0698F5
:109B300000889DF82110484312F024FA0699099AEA
:109B400050600998406809889DF821205143F6F734
:109B500041FD069800889DF82210484312F012FA41
:109B60000699099A90600998806809889DF82220D2
:109B70005143F6F72FFD069800889DF823104843BF
:109B800012F000FA0699099AC2F8E8000998D0F88C
:109B9000E80009889DF823205143F6F71BFD099A38
:109BA00002F13000117BD2F8E830012207920FF069
:109BB000D7FA069800889DF82310484312F0E2F97E
:109BC0000699099AC2F8EC000998D0F8EC000988C7
:109BD0009DF823205143F6F7FDFC079A099B03F1FA
:109BE0003800197BD3F8EC300FF0BAFA9DF8220058
:109BF00010B3FFE744F2CA60C2F20000059000888B
:109C00009DF82210484312F0BDF90599099AC2F84F
:109C1000F0000998D0F8F00009889DF822205143FF
:109C2000F6F7D8FC099A02F14000517BD2F8F030E7
:109C300001220FF095FAFFE744F2CA60C2F2000079
:109C4000049000889DF82110484312F09BF9049974
:109C5000099AC2F8F4000998D0F8F40009889DF830
:109C600021205143F6F7B6FC099A02F14800917B96
:109C7000D2F8F43001220FF073FA049800889DF8AE
:109C800023104843484312F07DF90499099AC2F819
:109C9000F8000998D0F8F80009889DF8232051436E
:109CA0005143F6F797FC099901F150000A7BD1F86E
:109CB000F83011460FF054FA049800889DF82310EC
:109CC0004843484312F05EF90499099AC2F8FC002F
:109CD0000998D0F8FC0009889DF82320514351438E
:109CE000F6F778FC099901F158000A7BD1F8FC30AD
:109CF00011460FF035FA049800889DF82310484368
:109D0000484312F03FF901460498099AC2F800113D
:109D100000889DF823104843484312F033F9049912
:109D2000099AC2F804010998D0F8000109889DF841
:109D3000232051435143F6F74DFC04990998D0F87C
:109D4000040109889DF8232051435143F6F742FC52
:109D5000099901F160000A7BD1F8003111460FF03A
:109D6000FFF9099901F168000A7BD1F80431114625
:109D70000FF0F6F99DF8220040B3FFE744F2CA6005
:109D8000C2F20000039000889DF8231048439DF81C
:109D90002210484312F0F6F80399099AC2F8080114
:109DA0000998D0F8080109889DF8232051439DF8AF
:109DB00022205143F6F70EFC099B03F17000197B3A
:109DC0005A7BD3F808310FF0CBF9FFE744F2CA60B1
:109DD000C2F20000019000889DF8211048439DF8D0
:109DE0002310484312F0CEF801460198099AC2F8B0
:109DF0000C1100889DF8231048439DF8211048431A
:109E000012F0C0F80199099AC2F810010998D0F827
:109E10000C0109889DF8212051439DF823205143CE
:109E2000F6F7D8FB01990998D0F8100109889DF838
:109E3000232051439DF821205143F6F7CBFB099B8A
:109E400003F178001A7B997BD3F80C310FF088F975
:109E5000099B03F18000197B9A7BD3F810310FF036
:109E60007FF9019800889DF823104843484312F079
:109E700089F80199099AC2F814010998D0F81401D7
:109E800009889DF8232051435143F6F7A3FB099914
:109E900001F188000A7BD1F8143111460FF060F906
:109EA000019800889DF821104843484312F06AF851
:109EB0000199099AC2F818010998D0F8180109887F
:109EC0009DF8212051435143F6F784FB099901F194
:109ED00090008A7BD1F8183111460FF041F90198B2
:109EE00000889DF8231048439DF82110484312F044
:109EF00049F80199099AC2F81C010998D0F81C0187
:109F000009889DF8232051439DF821205143F6F7FD
:109F100061FB099B03F19800197B9A7BD3F81C31F4
:109F20000FF01EF9019800880999097B48434843BE
:109F300012F028F80199099AC2F82001099AD2F87A
:109F400020010988127B51435143F6F743FB0198E6
:109F500000880999097B4843484312F013F8019996
:109F6000099AC2F82401099AD2F824010988127BBF
:109F700051435143F6F72EFB019800880999097B5C
:109F80004843484311F0FEFF0199099AC2F828019D
:109F9000099AD2F828010988127B51435143F6F7F8
:109FA00019FB019800880999097B484311F0EAFFE1
:109FB0000199099AC2F82C01099AD2F82C01098852
:109FC000127B5143F6F706FB019800880999097B3B
:109FD000484311F0D7FF0199099AC2F83001099A54
:109FE000D2F82C010988127B5143F6F7F3FA09994C
:109FF00001F1A0000A7BD1F8203111460FF0B0F832
:10A00000099901F1A8000A7BD1F8243111460FF01B
:10A01000A7F8099901F1B0000A7BD1F8283111465F
:10A020000FF09EF8099A02F1B800117BD2F82C319A
:10A03000012202920FF094F8029A099B03F1C000EA
:10A04000197BD3F830310FF08BF80999002081F893
:10A050002800099981F82900099981F82A000999AD
:10A0600081F82B00099981F82C000AB080BD00000E
:10A0700080B582B001900198C07B20B1FFE70198C4
:10A08000FEF798FA16E0019BD3F8F400596844F201
:10A09000CA62C2F20002009212889B7B5A43F6F712
:10A0A0003DFA0099019A50680988927B5143F6F76E
:10A0B00091FAFFE7019BD3F8F000996844F2CA6275
:10A0C000C2F2000212885B7B5A43F6F727FA02B00D
:10A0D00080BD000080B582B00190019890F82C00FE
:10A0E000B0BBFFE70199B1F89800A1F8A800019969
:10A0F000B1F87A00A1F8AA000199B1F8A800A1F876
:10A10000B0000199B1F85A00A1F8B200019A02F129
:10A11000980002F17801A8320FF032FB019981F822
:10A12000C800019A02F1A80002F15801B0320FF004
:10A1300027FB019981F8C800019A02F1580002F149
:10A14000B00150320FF0BEFB019981F8C800FFE763
:10A1500002B080BD80B582B00190019890F82900CE
:10A16000A8BBFFE7019901F1600068310FF000FC26
:10A17000019981F8C800019A02F1600002F15001D2
:10A1800058320FF0FDFA019981F8C8000199B1F831
:10A190005800A1F8A8000199B1F86A00A1F8AA0036
:10A1A000019A02F1580002F16801A8320FF0E8FAB2
:10A1B000019981F8C800019A02F1A80002F1880112
:10A1C00058320EF077FF019981F8C800FFE702B01E
:10A1D00080BD000080B582B00190019890F82A00FF
:10A1E000002872D1FFE7019901F1780080310FF06A
:10A1F000BFFB019981F8C8000199B1F87800A1F876
:10A20000A8000199B1F85A00A1F8AA00019A02F138
:10A21000780002F15801A8320FF0B2FA019981F8E2
:10A22000C8000199B1F8A800A1F8B0000199B1F8EF
:10A230008200A1F8B200019A02F1A80002F18001A7
:10A24000B0320FF09DFA019981F8C8000199B1F878
:10A250009000A1F8A0000199B1F89200A1F8A20025
:10A26000019A02F1B00002F19001A0320EF022FF3B
:10A27000019981F8C800019901F1A000B0310EF0F8
:10A2800083FF019981F8C8000199B1F85800A1F83D
:10A29000A8000199B1F88200A1F8AA00019A02F180
:10A2A000580002F18001A8320FF06AFA019981F892
:10A2B000C800019A02F1A80002F1B00198320FF033
:10A2C0005FFA019981F8C800FFE702B080BD000085
:10A2D00080B584B003900398FFF7CAFE0398D0F8C6
:10A2E000CC0028B1FFE70398D0F8CC108847FFE7EF
:10A2F000039800F0B5F80398D0F8D00028B1FFE734
:10A300000398D0F8D0108847FFE70398FFF722FFA3
:10A310000398D0F8D40028B1FFE70398D0F8D41000
:10A320008847FFE70398007C20B9FFE70398C07BCC
:10A33000F0B9FFE70398FFF74DFF0398D0F8D80076
:10A3400028B1FFE70398D0F8D8108847FFE70398B3
:10A3500000F0D8F80398D0F8DC0028B1FFE70398A4
:10A36000D0F8DC108847FFE70398FFF7B3FE1BE047
:10A37000039BD3F8E800D3F8EC1044F2CA62C2F2AF
:10A380000002019212881B7B5A43F6F7C7F8019A24
:10A39000039BD3F8F800D3F8FC1012881B7B5A43B8
:10A3A0005A43F6F7BBF8FFE70398D0F8E00028B16E
:10A3B000FFE70398D0F8E0108847FFE700208DF80A
:10A3C0000B00FFE79DF80B000399097B88422CDA0C
:10A3D000FFE70398D0F8F8209DF80B10037B11FBE2
:10A3E000031302EB830292ED000A006A00EB810086
:10A3F00090ED001AB4EE410AF1EE10FA0EDAFFE722
:10A40000039B186A9DF80B2050F82200D3F8F8102F
:10A410001B7B12FB032241F82200FFE7FFE79DF8B8
:10A420000B0001308DF80B00CCE7039B1868D3F8C4
:10A43000E81044F2CA62C2F2000212881B7B5A433F
:10A44000F6F76CF80398D0F8E40028B1FFE703981A
:10A45000D0F8E4108847FFE70398006804B080BD97
:10A4600080B582B00190019890F82800002846D16C
:10A47000FFE70198407B012834DBFFE70199087B67
:10A48000A1F8B800019901200090A1F8BA00019A42
:10A4900002F1600002F13001B8320FF071F90146AB
:10A4A0000098019A82F8C810019A117BA2F8C01096
:10A4B0000199A1F8C200019A02F1700002F1400175
:10A4C000C0320FF05DF9019981F8C800019A02F1DC
:10A4D000B80002F1C00138320EF0ECFD019981F8AC
:10A4E000C8000BE0019A02F1600002F1300138323D
:10A4F0000FF046F9019981F8C800FFE7FFE702B0C5
:10A5000080BD000080B582B00190019890F82B00CA
:10A5100000284BD1FFE70199B1F87800A1F8B80005
:10A52000019901200090A1F8BA00019A02F1780087
:10A5300002F13801B8320FF023F901460098019A70
:10A5400082F8C810019AB2F84810A2F8C010019918
:10A55000A1F8C200019A02F1480002F1B801C0322C
:10A560000FF0B0F901460098019A82F8C810019ADC
:10A57000B2F89810A2F8B8100199A1F8BA00019A9F
:10A5800002F1980002F1C001B8320FF0F9F8019918
:10A5900081F8C800019A02F1380002F1B8013032A6
:10A5A0000EF088FD019981F8C800FFE702B080BD78
:10A5B00080B582B0019001980AF016FD0198B02193
:10A5C00005F048FA019805F027FA8DF80300019884
:10A5D0000AF0F2FC9DF8030002B080BD80B584B0A3
:10A5E000029002980AF0E8FC0A208DF80700FFE7C5
:10A5F0000298FBF767FE012804D1FFE701208DF8E0
:10A600000F000EE09DF8070001388DF80700FFE706
:10A610009DF807000028EBDCFFE700208DF80F0015
:10A62000FFE79DF80F0004B080BD000080B584B046
:10A63000DDF818C003908DF80B1001928DF80330EF
:10A6400003980AF0D1FC03989DF80B1005F002FA6C
:10A6500003980199042205F00BFA03989DF8031062
:10A6600005F0F8F9039806999DF8032005F000FA23
:10A6700003980AF0A1FC04B080BD000080B582B050
:10A6800001908DF8031001980AF0AEFC01980321A7
:10A6900005F0E0F901989DF8031005F0DBF9019849
:10A6A00005F0BAF98DF8020001980AF085FC9DF8D2
:10A6B000020002B080BD000080B584B003908DF828
:10A6C0000B1001928DF8033003980AF08DFC03986B
:10A6D0009DF80B1005F0BEF9039801999DF8032031
:10A6E00005F0A8F903980AF067FC04B080BD0000EB
:10A6F00080B582B0019001980AF076FC0198A02103
:10A7000005F0A8F9019805F087F98DF80300019884
:10A710000AF052FC9DF8030002B080BD80B582B003
:10A7200001908DF8031001980AF05EFC01989DF8E5
:10A73000031005F08FF901980AF03EFC02B080BDCD
:10A7400080B584B0029002980F21802200F050F86A
:10A750000A208DF80700FFE702980E21FFF78EFF11
:10A7600000F0E000802804D1FFE701208DF80F0001
:10A770000EE09DF8070001388DF80700FFE79DF80F
:10A7800007000028E8DCFFE700208DF80F00FFE756
:10A790009DF80F0004B080BD80B584B0029002988F
:10A7A0000F21002200F024F80A208DF80700FFE7AF
:10A7B00002980E21FFF762FF10F0E00F04D1FFE7CF
:10A7C00001208DF80F000EE09DF8070001388DF88C
:10A7D0000700FFE79DF807000028E9DCFFE70020FD
:10A7E0008DF80F00FFE79DF80F0004B080BD00005A
:10A7F00080B582B001908DF803108DF80220019889
:10A800000AF0F2FB0198022105F024F901989DF865
:10A81000031005F01FF901989DF8021005F01AF9D0
:10A8200001980AF0C9FB02B080BD000080B584B079
:10A8300003908DF80B108DF80A20019303980AF00D
:10A84000D3FB0398022105F005F903989DF80B103E
:10A8500005F000F9039801999DF80A209DF80B3046
:10A86000D21A0132D2B205F003F903980AF0A4FB20
:10A8700004B080BD80B5BCB03B9000200A903A90F7
:10A88000399038904EF24053C0F6010319685A6867
:10A890009B683793369235913490339032904EF2D4
:10A8A0005853C0F6010319685A689B683193309277
:10A8B0002F912E902D902C904EF27053C0F60103E4
:10A8C00019685A689B682B932A922991289027909F
:10A8D00026904EF28852C0F60102106851689268C4
:10A8E00025922491239041F2E470C2F2000090ED91
:10A8F0000E0A9FED9F1AB4EE410AF1EE10FA69DDDF
:10A90000FFE741F2E470C2F2000090ED0E0AB1EEF2
:10A91000041AB4EE410AF1EE10FA5BDAFFE73B9855
:10A9200000F642409FED960A8DED050ADFED920A92
:10A93000CDED060A35A9DFED912ACDED072A0022DB
:10A94000089281230993B0EE621AF0EE621AB0EE1B
:10A95000622A01F00DFD9DED050ADDED060ADDED33
:10A96000072A089A099B3B9800F66A602FA9B0EE67
:10A97000621AF0EE621AB0EE622A01F0F9FC9DED67
:10A98000050ADDED060ADDED072A089A099B3B98CA
:10A9900041F29201084429A9B0EE621AF0EE621A5F
:10A9A000B0EE622A01F0E4FC9DED050ADDED060A39
:10A9B000DDED072A089A099B3B9841F2BA21084429
:10A9C00023A9B0EE621AF0EE621AB0EE622A01F02C
:10A9D000CFFCC9E041F2E470C2F2000090ED0E0A33
:10A9E000B1EE041AB4EE410AF1EE10FAC0F2BB80E7
:10A9F000FFE741F2E470C2F2000090ED0E0AB3EE00
:10AA00000E1AB4EE410AF1EE10FA80F2AC80FFE7C4
:10AA10004EF21052C0F601021068516892682292FC
:10AA2000219120904EF24C52C0F6010210685168FC
:10AA300092681F921E911D904EF21C52C0F60102A8
:10AA40001068516892681C921B911A904EF26452E1
:10AA5000C0F6010210685168926819921891179017
:10AA60004EF22852C0F601021068516892681692A0
:10AA7000159114904EF27C52C0F601021068516894
:10AA800092681392129111904EF23452C0F6010264
:10AA900010685168926810920F910E904EF2945285
:10AAA000C0F601021068516892680D920C910B90EB
:10AAB0003B9800F642409FED2F0A8DED000ADFED36
:10AAC0002E0ACDED010A1DA9DFED2C2ACDED022ABB
:10AAD0000022039281230493B0EE621AF0EE621A10
:10AAE000B0EE622A01F044FC9DED000ADDED010AA2
:10AAF000DDED022A039A049B3B9800F66A6017A9D1
:10AB0000B0EE621AF0EE621AB0EE622A01F030FC8A
:10AB10009DED000ADDED010ADDED022A039A049B9A
:10AB20003B9841F29201084411A9B0EE621AF0EE8E
:10AB3000621AB0EE622A01F01BFC9DED000ADDED09
:10AB4000010ADDED022A039A049B3B9841F2BA21E7
:10AB500008440BA9B0EE621AF0EE621AB0EE622A57
:10AB600001F006FCFFE7FFE701203CB080BD00BF1D
:10AB7000000020C200409C4600007A440000000013
:10AB80000050C34780B598B01790002203921692E8
:10AB9000159214924EF2A053C0F60103186859683A
:10ABA0009B681393129111904EF2B853C0F60103B3
:10ABB000186859689B6810930F910E901798D030C1
:10ABC0009FED3A0A8DED000ADFED390ACDED010A5D
:10ABD00011A9DFED382ACDED022A81230493B0EECE
:10ABE000621AF0EE621AB0EE622A01F0C1FB9DED2E
:10ABF000000ADDED010ADDED022A039A049B179895
:10AC000000F5BD700EA9B0EE621AF0EE621AB0EE59
:10AC1000622A01F0ADFB9DED000ADDED010ADDEDDC
:10AC2000022A039A049B0D920C920B924EF2AC5C9A
:10AC3000C0F6010CDCF80000DCF80410DCF808C0F9
:10AC4000CDF828C0099108904EF2C45CC0F6010C02
:10AC5000DCF80000DCF80410DCF808C0CDF81CC0FB
:10AC600006910590179800F53E7008A9B0EE621A9B
:10AC7000F0EE621AB0EE622A01F07AFB9DED000A56
:10AC8000DDED010ADDED022A039A049B179800F21C
:10AC9000A23005A9B0EE621AF0EE621AB0EE622A96
:10ACA00001F066FB012018B080BD00BF0060EA46DD
:10ACB0000000FA440000000080B59EB01D904EF2E6
:10ACC000D052C0F601021068516892681C921B9124
:10ACD0001A904EF20062C0F6010210685168926844
:10ACE0001992189117901D9800F592609FED590ADE
:10ACF0008DED000A1AA9F6EE000ACDED010A022335
:10AD000006931A46F7F7D6F8069A1D9800F2CA502D
:10AD10009FED510A8DED020ADFED500ACDED030AD9
:10AD200017A9DFED4F1ACDED041ADFED4E2ACDED58
:10AD3000052AF7230793B0EE611AB0EE622A01F0FC
:10AD400017FB9DED000ADDED010A069B4EF2E8526D
:10AD5000C0F601021068516892681692159114901D
:10AD60004EF21862C0F601021068516892681392A0
:10AD7000129111901D9800F5D76014A91A46F7F7A3
:10AD800099F89DED020ADDED030ADDED041ADDED13
:10AD9000052A069A079B1D9800F2F27011A9B0EEE1
:10ADA000611AB0EE622A01F0E3FA9DED000ADDEDD2
:10ADB000010A069B4EF2DC52C0F60102106851688F
:10ADC000926810920F910E904EF2F452C0F601026A
:10ADD0001068516892680D920C910B904EF20C62C3
:10ADE000C0F601021068516892680A9209910890B1
:10ADF0001D9800F50E600EA91A46F7F75BF89DED59
:10AE0000020ADDED030ADDED041ADDED052A069ADE
:10AE1000079B1D9800F517600BA9B0EE611AB0EE04
:10AE2000622A01F0A5FA9DED020ADDED030ADDEDCF
:10AE3000041ADDED052A069A079B1D9800F61A20D4
:10AE400008A9B0EE611AB0EE622A01F091FA012071
:10AE50001EB080BD00803B450080BB450000FA4429
:10AE600000007A443333333F80B586B0002200922D
:10AE7000059204920392029243F6E000C2F20000AF
:10AE8000019042F20001C4F2010101604FF48031EF
:10AE9000416082600261027680F82020C262012156
:10AEA000C0F600718162C2600121C16180F830206A
:10AEB0004161F7F715FA18B1FFE7F6F7B5FEFFE7BE
:10AEC00010200290012003900020049043F6E0003F
:10AED000C2F2000002A9F7F7EFF818B1FFE7F6F7A2
:10AEE000A3FEFFE706B080BD80B586B000220092C9
:10AEF000059204920392029243F62810C2F20000D7
:10AF0000019042F20021C4F2010101604FF480314E
:10AF1000416082600261027680F82020C2620121D5
:10AF2000C0F600718162C2600121C16180F83020E9
:10AF30004161F7F7D5F918B1FFE7F6F775FEFFE7BE
:10AF400008200290012003900020049043F628106E
:10AF5000C2F2000002A9F7F7AFF818B1FFE7F6F761
:10AF600063FEFFE706B080BD80B582B043F6701087
:10AF7000C2F20000019046F20041C4F200010160FB
:10AF80000321416000218160C1604FF41022026101
:10AF90004FF4001242610176012242768176C27638
:10AFA00001774177F8F77AF818B1FFE7F6F73CFE3A
:10AFB000FFE702B080BD000080B582B043F6981074
:10AFC000C2F20000019046F60001C4F200010160E7
:10AFD0000321416000218160C1604FF410220261B1
:10AFE0004FF4001242610176012242768176C276E8
:10AFF00001774177F8F752F818B1FFE7F6F714FE3A
:10B00000FFE702B080BD000080B543F6C010C2F279
:10B01000000043F20001C4F202010160F8F7F6FA01
:10B0200018B1FFE7F6F700FEFFE780BD80B58CB0F2
:10B03000FFE700200B9043F63000C4F202000168E5
:10B0400041F480010160006800F480000B900B98CF
:10B05000FFE7FFE700200A9043F63000C4F2020049
:10B06000016841F400110160006800F400100A90CA
:10B070000A98FFE70C200090052107910022089212
:10B08000F9F7DCF90098F9F7CFF90799089A2F201A
:10B090000190F9F7D3F90198F9F7C6F90799089AD9
:10B0A00039200290F9F7CAF90298F9F7BDF9079922
:10B0B000089A3A200390F9F7C1F90398F9F7B4F91F
:10B0C0000799089A3B200490F9F7B8F90498F9F722
:10B0D000ABF90799089A44200590F9F7AFF905985C
:10B0E000F9F7A2F90799089A45200690F9F7A6F909
:10B0F0000698F9F799F90799089A46200990F9F7FF
:10B100009DF90998F9F790F90CB080BDB0B5ACB0D5
:10B110004EF2B060C0F60100016842688368D0F862
:10B120000CC0D0F810E044692A94CDF8A4E0CDF822
:10B13000A0C027932692259180692B9025A80021F5
:10B1400001910FF07FFC019943F2F052C2F200022C
:10B1500010604EF27860C0F6010002684368D0F8D3
:10B1600008C0D0F80CE00469456923952294CDF815
:10B1700084E0CDF880C01F931E92806924901EA8A1
:10B180000FF060FC019941F68C32C2F200021060AF
:10B190004EF25C60C0F6010002684368D0F808C057
:10B1A000D0F80CE0046945691C951B94CDF868E063
:10B1B000CDF864C01893179280691D9017A80FF0FE
:10B1C00041FC019941F6CC02C2F2000210604EF23D
:10B1D0002460C0F6010002684368D0F808C0D0F8C7
:10B1E0000CE00469456915951494CDF84CE0CDF850
:10B1F00048C0119310928069169010A80FF022FC9D
:10B20000019941F2D872C2F2000210604EF2406021
:10B21000C0F6010002684368D0F808C0D0F80CE01E
:10B22000046945690E950D94CDF830E0CDF82CC039
:10B230000A93099280690F9009A80FF003FC019905
:10B2400041F2E072C2F2000210604EF29460C0F669
:10B25000010002684368D0F808C0D0F80CE0046927
:10B26000456907950694CDF814E0CDF810C0039316
:10B2700002928069089002A80FF0E4FB41F6903139
:10B28000C2F2000108602CB0B0BD000080B598B0DB
:10B29000002017901690159014901390FFE700204F
:10B2A000129043F63000C4F20200016841F002013E
:10B2B0000160006800F0020012901298FFE7FFE7BB
:10B2C0000020119043F63000C4F20200016841F002
:10B2D00040010160006800F0400011901198FFE704
:10B2E000FFE70020109043F63000C4F2020001682E
:10B2F00041F001010160006800F001001090109819
:10B30000FFE7FFE700200F9043F63000C4F2020091
:10B31000016841F008010160006800F008000F902A
:10B320000F98FFE7FFE700200E9043F63000C4F2CD
:10B330000200016841F004010160006800F00400AF
:10B340000E900E98FFE7FFE700200D9043F63000C7
:10B35000C4F20200016841F080010160006800F061
:10B3600080000D900D98FFE7FFE700200C9043F65A
:10B370003000C4F20200016841F020010160006861
:10B3800000F020000C900C98FFE741F60040C4F25A
:10B39000020002904FF4E051019100220A92F8F766
:10B3A00059FF0020C4F202000490102103910122F1
:10B3B0000692F8F74FFF0A9A40F20040C4F20200EA
:10B3C00008904FF480510591F8F744FF069A0898C9
:10B3D0001146F8F73FFF06980221079113914FF4A9
:10B3E00004111491159041F20040C4F2020013A917
:10B3F0000991F8F753FDDDF804C00298069B0999FE
:10B400000A9ACDF84CC0149315921692F8F746FD9F
:10B410000498069A09990A9B139214931592F8F7C7
:10B420003DFDDDF80CC00498069B079A0999CDF8FC
:10B430004CC0149315931692F8F730FD06980999AD
:10B44000302213924FF488121492159040F60000A7
:10B45000C4F20200F8F722FD059B069A08980999A4
:10B460001393149215921692F8F718FD069B079AFB
:10B47000089809991393149315931692F8F70EFDF3
:10B480000A9A07200B900521F8F7D8FF0B98F8F7D8
:10B49000CBFF18B080BD000080B582B044F2D4105C
:10B4A000C2F20000019043F20001C4F20101016008
:10B4B0004FF48271416000218160C160022202610B
:10B4C000012242614FF4007282611022C261016266
:10B4D000416281620A21C162FAF7FCFE18B1FFE7FE
:10B4E000F6F7A2FBFFE702B080BD000080B582B096
:10B4F00044F22C20C2F20000019043F60001C4F295
:10B50000000101604FF48271416000218160C160DF
:10B51000016141614FF4007282611022C2610162D7
:10B52000416281620A21C162FAF7D4FE18B1FFE7D5
:10B53000F6F77AFBFFE702B080BD000080B588B067
:10B5400000210091079106910591049103910291C8
:10B55000019144F28420C2F2000044F20042C4F29D
:10B560000102026053224260816040F2CF72C260E9
:10B5700001618161FBF7E0FC18B1FFE7F6F754FBCE
:10B58000FFE744F28420C2F20000FCF745F918B14D
:10B59000FFE7F6F749FBFFE76020019000220292E7
:10B5A0000392059244F28420C2F2000001A9FCF744
:10B5B00091F818B1FFE7F6F737FBFFE744F2842074
:10B5C000C2F20000FCF71EF808B080BD80B58EB056
:10B5D000002100910D910C910B910A910991089114
:10B5E000079106910591049103910291019144F212
:10B5F0001430C2F2000040F60002C4F20002026001
:10B600004160816045F20722C26001618161FBF700
:10B6100093FC18B1FFE7F6F707FBFFE74FF4805004
:10B620000A9044F21430C2F200000AA9FBF7E6FDCA
:10B6300018B1FFE7F6F7F8FAFFE744F21430C2F268
:10B640000000FCF7E9F818B1FFE7F6F7EDFAFFE7BD
:10B6500000200890099044F21430C2F2000008A9BA
:10B66000FBF7D8FB18B1FFE7F6F7DEFAFFE760203B
:10B670000190002002900390059044F21430C2F231
:10B68000000001A90822FCF725F818B1FFE7F6F73A
:10B69000CBFAFFE744F21430C2F20000FBF7B2FF2E
:10B6A0000EB080BD80B582B000210191009144F2BE
:10B6B0005C30C2F2000041F20042C4F200020260BB
:10B6C00053224260816041F28732C2608161FBF7A0
:10B6D00033FC18B1FFE7F6F7A7FAFFE70020009068
:10B6E000019044F25C30C2F200006946FBF792FB25
:10B6F00018B1FFE7F6F798FAFFE702B080BD000047
:10B7000080B582B044F2A430C2F20000019041F250
:10B710000001C4F2010101604FF4E13141600021F8
:10B720008160C16001610C2242618161C161FCF7ED
:10B7300041FC18B1FFE7F6F777FAFFE702B080BDEA
:10B7400080B582B044F2E830C2F20000019044F6C5
:10B750000001C4F20001016048F2A061C0F20101E1
:10B7600041604FF4805181600021C1604FF48062DC
:10B7700002610C2242618161C161FCF71BFC18B1BE
:10B78000FFE7F6F751FAFFE702B080BD80B582B05F
:10B7900044F22C40C2F20000019041F20041C4F298
:10B7A000010101604FF4E131416000218160C1601D
:10B7B00001610C2242618161C161FCF7FBFB18B1A0
:10B7C000FFE7F6F731FAFFE702B080BD80B543F23C
:10B7D0000460C2F2000040F21001C2F20001002237
:10B7E00006F0B2FD18B1FFE7F6F71EFAFFE743F2E5
:10B7F0000460C2F2000040F2D401C2F2000107F07E
:10B80000A3FA18B1FFE7F6F70FFAFFE743F2046077
:10B81000C2F2000040F27011C2F2000105F0CEFF4A
:10B8200018B1FFE7F6F700FAFFE743F20460C2F24F
:10B83000000007F013FC18B1FFE7F6F7F5F9FFE792
:10B8400080BD0000FFE7FEE7FFE7FEE788B0079056
:10B8500006910592079800F0070004900498C0F143
:10B860000700052803D3FFE70420019004E00498B3
:10B87000C0F107000190FFE701980390049804309D
:10B88000062803D8FFE70020009003E0049803385F
:10B890000090FFE70098029006980399012202FAAF
:10B8A00001F101390840029B984005999A40013AFC
:10B8B0001140084308B0704786B003A900910146C3
:10B8C0000098059180ED010AC0ED000A0598D0F8B6
:10B8D0000600406841F6D001C2F200010860002075
:10B8E000ADF80A00FFE7BDF80A000599098801399B
:10B8F000884224DAFFE70598D0F80600BDF80A1060
:10B9000000EB810090ED010A41F6D001C2F2000186
:10B9100091ED001A30EE410A80ED000A0598D0F84A
:10B920000A10BDF80A2001EB8200406841F82200AD
:10B93000FFE7BDF80A000130ADF80A00D3E700992F
:10B94000059AD2F80600128800EB820010ED020A78
:10B9500091ED011A30EE010A00ED010A0398059AF3
:10B96000D2F80A10128801EB820141F8040C059903
:10B97000D1F802000988884207D2FFE70599D1F87B
:10B9800002000130C1F80200FFE705990020C1F86C
:10B990002600C1F82200C1F81E00C1F81A0005995E
:10B9A0000888D1F80210401AADF80800FFE7BDF88A
:10B9B00008000599098888425DDAFFE70599BDF816
:10B9C0000830D1F80620D1F81A0002EB830292ED7C
:10B9D000000A01EE100A20EE000A30EE010A10EE15
:10B9E000100AC1F81A000599BDF80830D1F80620F0
:10B9F000D1F81E0002EB830292ED001A00EE100A4D
:10BA000030EE010A10EE100AC1F81E000599BDF8CB
:10BA10000830D1F806C0D1F80A20D1F822000CEB8A
:10BA2000830C9CED000A02EB830292ED002A01EEEA
:10BA3000100A20EE020A30EE010A10EE100AC1F8D8
:10BA400022000599BDF80830D1F80A20D1F8260067
:10BA500002EB830292ED001A00EE100A30EE010AAA
:10BA600010EE100AC1F82600FFE7BDF8080001300B
:10BA7000ADF808009BE705990A4652F81A0F53687B
:10BA8000D2F808C0D26802EE10CAB1F800C000EEC9
:10BA900010CAB8EEC03A01EE103A00EE102A21EEBC
:10BAA000000A22EE032A30EE420A02EE100A21EECC
:10BAB000011A22EE032A31EE421A80EE010A10EE3C
:10BAC000100AC1F80E0005990020C1F8160005996A
:10BAD0000888D1F80210401AADF80600FFE7BDF85B
:10BAE000060005990988884230DAFFE70599D1F800
:10BAF00006C0D1F80A00D1F80E20D1F8123000EEBD
:10BB0000102ABDF806200CEB820C9CED002A01EEF9
:10BB1000103A20EE020A30EE010A00EB820090EDAE
:10BB2000001A30EE410AB0EEC01AD1F8160000EE4D
:10BB3000100A30EE010A10EE100AC1F81600FFE7F5
:10BB4000BDF806000130ADF80600C8E70599088881
:10BB500000EE100AB8EEC01AD1F8160000EE100A76
:10BB600080EE010A10EE100AC1F816000598D0F810
:10BB70000E0000EE100A06B07047000080B584B0D9
:10BB80000390ADF80A10BDF80A00039908800399E4
:10BB900000200190C1F80200BDF80A0080000FF0FB
:10BBA00001FF0399C1F80600BDF80A0080000FF0FC
:10BBB000F9FE01460198039AC2F80A100399C1F8E8
:10BBC0000E000399C1F812000398D0F80600BDF8E2
:10BBD0000A108900F4F7DCFC0398D0F80A00BDF8DD
:10BBE0000A108900F4F7D4FC01980399C1F82600E3
:10BBF000C1F82200C1F81E00C1F81A0004B080BDCF
:10BC000080B543F6C840C2F20000F8F73DFF80BDA2
:10BC100080B588B08DED060ACDED050A8DED041ACC
:10BC20004CF6CD40C3F64C7003904CF6CD40C3F6B5
:10BC30004C6002909DED060A01F0ECFD8DED010ACD
:10BC40009DED050A01F0E6FDB0EE401A9DED010AFA
:10BC500030EE410A01F0DEFD9DED041AB4EE410A1A
:10BC6000F1EE10FA11DBFFE79DED050A9DED061AD6
:10BC70009FED122A21EE021A9FED0E2A20EE020AF3
:10BC800030EE010A8DED070A10E09DED050A9DEDED
:10BC9000061A9FED082A21EE021A9FED072A20EED0
:10BCA000020A30EE010A8DED070AFFE79DED070A53
:10BCB00008B080BDCDCC4C3FCDCC4C3ECCCC4C3E26
:10BCC00080B586B0059004910598006803900398AC
:10BCD00002900398006C01900298049900EB4110C7
:10BCE000D0F8080B0090019843F20B01C4F6547190
:10BCF00088420FD3FFE79DF801000006002809D510
:10BD0000FFE70298049900EB41114FF40040C1F89D
:10BD1000080BFFE70598F9F711FD019843F20B01B5
:10BD2000C4F6547188420DD3FFE7059800690128D5
:10BD300008D1FFE70599086801F2C442012108F023
:10BD4000CDF8FFE7002006B080BD000080B588B0C8
:10BD5000079006910798006804900498039004984F
:10BD6000006C02900398069900EB4110D0F8080B84
:10BD7000019007980069012840F08180FFE79DF855
:10BD800004000007002818D5FFE7029843F20B01D2
:10BD9000C4F6547188420FD3FFE79DF805000006F2
:10BDA000002809D5FFE70398069900EB41114FF4ED
:10BDB0000040C1F8080BFFE760E09DF80400800632
:10BDC000002808D5FFE70398069900EB41112020D1
:10BDD000C1F8080B51E09DF8040010F0280F4AD17B
:10BDE000FFE7029843F20B01C4F6547188420FD367
:10BDF000FFE79DF805000006002809D5FFE7039836
:10BE0000069900EB41114FF40040C1F8080B31E0F6
:10BE10000798069901EBC10100EB810000F51F7046
:10BE200005900598C0690399069A01EB4211D1F873
:10BE3000101B6FF3DF41401A05990862069898B904
:10BE4000FFE70598806940B9FFE70799086801F2A4
:10BE5000C442012108F042F805E0059908690A6A20
:10BE600010440861FFE7FFE707989DF81810F8F7FE
:10BE700085FBFFE700E0FFE7FFE7FFE747E0029809
:10BE800043F20A11C4F65471884224D1FFE79DF8A9
:10BE900005000006002809D5FFE70398069900EB86
:10BEA00041114FF40040C1F8080B13E09DF8040065
:10BEB0008006002808D5FFE70398069900EB41119A
:10BEC0002020C1F8080BFFE707989DF81810F8F735
:10BED00055FBFFE71AE0069890B9FFE70798069927
:10BEE00001EBC10100EB8100D0F8940240B9FFE7FB
:10BEF0000799086801F2C442002107F0EFFFFFE74D
:10BF000007989DF81810F8F739FBFFE7FFE70020C6
:10BF100008B080BD80B58CB00A9009910A9800687D
:10BF20000890089807900A98099901EBC10100EB65
:10BF300081003C30069006988169006A884204D9E5
:10BF4000FFE701208DF82F0079E006998869096ADA
:10BF5000401A059005980699C968884204D9FFE7F8
:10BF60000698C0680590FFE70598033080080490A4
:10BF7000FFE70798099900EB4110D0F8180981B242
:10BF8000049A0020914202900FD3FFE7069882693D
:10BF9000016A00209142029007D2FFE7069880696B
:10BFA000002818BF01200290FFE70298C00770B375
:10BFB000FFE706998869096A401A0590059806996D
:10BFC000C968884204D9FFE70698C0680590FFE772
:10BFD00005980330800804900898069909699DF82F
:10BFE0002420BDF81430DDF828C09CF810C0EE46BF
:10BFF000CEF800C008F0ACFD059A06990869104417
:10C000000861059A0699086A10440862B1E7069922
:10C010008869096A88420ED8FFE7099800F00F0185
:10C02000012088400390039A0799D1F8340890437F
:10C03000C1F83408FFE700208DF82F00FFE79DF8D6
:10C040002F000CB080BD000080B586B005908DED4E
:10C05000040ACDED030A059890F898000006002820
:10C0600004D5FFE705980EF0CFFAFFE70598D0F862
:10C070008C00029002A8F5F7AFFC059910EE100AAB
:10C08000C1F8900004980599086103980599086023
:10C0900005990A68086900EE102A01EE100A30EED0
:10C0A000410A10EE100A88610598D0F8A20028B164
:10C0B000FFE70598D0F8A2108847FFE70598D0F869
:10C0C0009400002859D1FFE705994A68886900EE75
:10C0D000102A01EE100A20EE010A10EE100A486242
:10C0E00005998B688A69D1F8900000EE103A01EE4C
:10C0F000102A20EE010A01EE100A20EE010A10EECD
:10C10000100A08630598B0F8600003281BDBFFE7FE
:10C110000598C3688169D0F8902000EE103A8DED43
:10C12000010A623000EE102A00EE901AFFF7C4FBFD
:10C13000B0EE401A9DED010A20EE010A059910EEBD
:10C14000100AC86218E00599D1F80CC08B69CA6959
:10C15000D1F8900000EE10CA01EE103A02EE102A5B
:10C1600031EE421A20EE010A01EE100A80EE010AB9
:10C1700010EE100AC862FFE777E005994B688869FE
:10C18000D1F8942000EE103A126801EE102A30EE39
:10C19000010A01EE100A20EE010A10EE100A4862B0
:10C1A0000599D1F808C08A69D1F89000D1F8943087
:10C1B00000EE10CA5B6801EE103A30EE010A01EEA3
:10C1C000102A20EE010A01EE100A20EE010A10EEFC
:10C1D000100A08630598B0F86000032823DBFFE726
:10C1E0000598D0F80CC08169D0F89020D0F8943030
:10C1F00000EE10CA9B6801EE103A30EE010A8DED98
:10C20000000A623000EE102A00EE901AFFF754FB8D
:10C21000B0EE401A9DED000A20EE010A059910EEDD
:10C22000100AC86220E00599D1F80CC08B69CA6970
:10C23000D1F8900000EE10CAD1F894C0DCF808C024
:10C2400001EE10CA30EE010A01EE103A02EE102A99
:10C2500031EE421A20EE010A01EE100A80EE010AC8
:10C2600010EE100AC862FFE7FFE70598D0F8A600B5
:10C2700028B1FFE70598D0F8A6108847FFE7059892
:10C2800090F898004007002804D5FFE705980EF0C5
:10C290004BFAFFE7059890F898008006002804D52F
:10C2A000FFE705980DF074FFFFE7059890F89800F8
:10C2B0008007002804D5FFE705980EF02FF8FFE768
:10C2C000059890F898004006002804D5FFE70598E7
:10C2D0000EF002F8FFE7059890F89800C00720B12B
:10C2E000FFE705980EF0AEF8FFE70599886A0A6B3C
:10C2F00001EE102A00EE100A30EE010A10EE100ACC
:10C30000886205994B6A8A6AC86A00EE103A01EEA3
:10C31000102A30EE010A01EE100A30EE010A10EE8A
:10C32000100A4863059890F89800C006002804D5C4
:10C33000FFE705980EF01CF9FFE705980EF03AF9B3
:10C3400005980EF0C7F90599086948610599486B89
:10C3500088630599C86AC86305998869C8610599A1
:10C36000086B08620598406B00EE100A06B080BDAD
:10C3700080B58CB00DF1100CCDF804C08446019846
:10C38000CDF82CC080ED060AC0ED050A089180EDBD
:10C39000031AC0ED021A80ED012AC0ED002AADF8A3
:10C3A0000E208DF80D3009980B9948640A980B9966
:10C3B00008640B99002002900860089909680B9A9C
:10C3C0005160089949680B9A9160089989680B9A9D
:10C3D000D1600B99086307980B99086506980B992B
:10C3E000486505980B99886504980B99C865BDF850
:10C3F0000E000B99A1F860000B986230BDF80E108A
:10C40000FFF7BCFB02980B99C1F88C009DF80D104A
:10C410000B9A82F898100B99C1F89D00C1F8990009
:10C420000B9981F8A1000B9948630CB080BD000006
:10C4300084B002908DED010ACDED000A029818B982
:10C44000FFE70020039015E10299086C4864029907
:10C45000C86B086400980299886101980299C861C4
:10C460009DED000A9DED011A30EE410A029880ED23
:10C470000F0A02980078002840F08780FFE70298B2
:10C4800090ED010A90ED0F1A20EE010A80ED090AE5
:10C49000029890ED020A90ED0A1A90ED0F2A20EE14
:10C4A000020A30EE010A80ED0A0A0299486B88639D
:10C4B0000299086B4863029890ED0F0A90ED101AEC
:10C4C00030EE410A80ED0C0A029890ED030A90EDDF
:10C4D0000C1A20EE010A80ED0B0A029890ED051A65
:10C4E00090ED0A0AB4EE410AF1EE10FA04DDFFE71E
:10C4F00002994869886215E0029890ED051A90ED5E
:10C500000A0AB1EE411AB4EE410AF1EE10FA08DA65
:10C51000FFE7029890ED050AB1EE400A80ED0A0AA5
:10C52000FFE7FFE7029890ED090A90ED0A2A90EDE7
:10C530000B1A30EE020A30EE010A80ED080A02986A
:10C5400090ED041A90ED080AB4EE410AF1EE10FAEB
:10C5500004DDFFE702990869086215E0029890ED92
:10C56000041A90ED080AB1EE411AB4EE410AF1EE58
:10C5700010FA08DAFFE7029890ED040AB1EE400ADB
:10C5800080ED080AFFE7FFE770E0029800780128D5
:10C590006BD1FFE7029890ED010A90ED0F1A90ED34
:10C5A000102A31EE421A20EE010A80ED090A0298A3
:10C5B00090ED020A90ED0F1A20EE010A80ED0A0AB2
:10C5C0000299486B88630299086B4863029890ED62
:10C5D0000F0A90ED102A90ED111A32EE022A30EE79
:10C5E000420A30EE010A80ED0C0A029890ED030A2F
:10C5F00090ED0C1A20EE010A80ED0B0A029890EDE6
:10C60000080A90ED091A90ED0A3A90ED0B2A31EEE6
:10C61000031A31EE021A30EE010A80ED080A029880
:10C6200090ED041A90ED080AB4EE410AF1EE10FA0A
:10C6300004DDFFE702990869086215E0029890EDB1
:10C64000041A90ED080AB1EE411AB4EE410AF1EE77
:10C6500010FA08DAFFE7029890ED040AB1EE400AFA
:10C6600080ED080AFFE7FFE7FFE7FFE70298006AAF
:10C670000390FFE79DED030A04B0704786B0059074
:10C680008DF8131003928DED020ACDED010A059885
:10C6900018B1FFE7039808B9FFE72CE09DF81300F5
:10C6A00005990870039800680599486003984068E8
:10C6B00005998860039880680599C8600298059973
:10C6C00008610198059948610599002000908863E8
:10C6D0000599486305990863059908620599C86238
:10C6E0000599886205994862059948640599086426
:10C6F0000599C863FFE706B070470000000000001E
:10C70000EFF30980BFF36F8F154B1A681EF0100FFF
:10C7100008BF20ED108A20E9F04F10602DE90900D4
:10C720004FF0500080F31188BFF34F8FBFF36F8F2E
:10C7300010F01CF84FF0000080F31188BDE80900EC
:10C7400019680868B0E8F04F1EF0100F08BFB0EC91
:10C75000108A80F30988BFF36F8F704700BF00BF56
:10C760000446002082B001900091009800880004E7
:10C7700000BA00EE100AB8EEC00A019880ED030A74
:10C7800000984088000400BA00EE100AB8EEC00A13
:10C79000019880ED040A019890ED040A9FED051AB6
:10C7A00020EE010A80ED040A01990F20887502B07D
:10C7B000704700BF0AD7233C80B584B00390ADF822
:10C7C0000A1001920093009890F840000199487077
:10C7D000009890F84B00019908700EF019F8BDEE22
:10C7E000C00A10EE100A019988700398BDF80A106B
:10C7F000019A0DF05BFB04B080BD000081B0009099
:10C8000000994FF08040086000990020486000992E
:10C8100088600099C86000990020C4F2C8200861AF
:10C82000009940F24F20C3F20660C863009941F2BC
:10C83000FC10C3F204400864009940F2C330C3F214
:10C840001C404864009949F28D70C4F282008864EB
:10C8500001B0704782B08DED000A9DED000A9FED9A
:10C86000601AB4EE410AF1EE10FA09D1FFE79DED2E
:10C87000000A9FED6D1A20EE010A8DED010AABE072
:10C880009DED000A9FED571AB4EE410AF1EE10FA41
:10C890000AD0FFE79DED000A9FED531AB4EE410A5E
:10C8A000F1EE10FA09D1FFE79DED000A9FED5D1A48
:10C8B00020EE010A8DED010A8EE09DED000A9FED4C
:10C8C0004B1AB4EE410AF1EE10FA09D1FFE79DEDE3
:10C8D000000A9FED531A20EE010A8DED010A7BE05C
:10C8E0009DED000A9FED421AB4EE410AF1EE10FAF6
:10C8F0000AD0FFE79DED000A9FED3E1AB4EE410A13
:10C90000F1EE10FA09D1FFE79DED000A9FED431A01
:10C9100020EE010A8DED010A5EE09DED000A9FED1B
:10C92000361AB4EE410AF1EE10FA09D1FFE79DED97
:10C93000000A9FED361A20EE010A8DED010A4BE048
:10C940009DED000A9FED2D1AB4EE410AF1EE10FAAA
:10C9500009D1FFE79DED000A9FED2F1A20EE010A95
:10C960008DED010A38E09DED000A9FED251AB4EE29
:10C97000410AF1EE10FA09D1FFE79DED000A9FEDA3
:10C98000251A20EE010A8DED010A25E09DED000A31
:10C990009FED1C1AB4EE410AF1EE10FA0AD0FFE73F
:10C9A0009DED000A9FED181AB4EE410AF1EE10FA5F
:10C9B00009D1FFE79DED000A9FED151A20EE010A4F
:10C9C0008DED010A08E09DED000A9FED101A20EEA2
:10C9D000010A8DED010AFFE79DED010A02B07047E3
:10C9E00000003442000048420000484300005C421E
:10C9F00000007042000096420000824200008C421B
:10CA00000000A0420000B4420000C842CDCCCC3DA2
:10CA1000B81E853D295C8F3DEC51B83D0AD7A33D3A
:10CA20008FC2753D0AD7233D8FC2F53C80B58AB0D1
:10CA3000ADF826008DED080ACDED070A8DED061A3A
:10CA4000002005900490BDF9260000EE100AB8EE13
:10CA5000C00A8DED050A9DED050A9DED072A41F6F8
:10CA6000B820C2F20000019090ED001A20EE020AF8
:10CA700030EE010A80ED000A90ED001A9FED180AD1
:10CA8000DFED180A00F012FF019880ED000A9DED1D
:10CA9000041A9DED050A30EE410A9DED061A20EEBE
:10CAA000010A8DED030A059904919DED080A9DED9B
:10CAB000052A90ED001A20EE020A30EE010A9DEDE3
:10CAC000031A30EE011A9FED080ADFED080A00F0A4
:10CAD000EDFE8DED020A9DED020A0AB080BD00BF99
:10CAE0000000C8420000C8C200803B4500803BC532
:10CAF00080B58CB00B900A910A991E2081F84600EF
:10CB00004EF2D06EC0F6010EDEF80000DEF8041022
:10CB1000DEF80820DEF80C30DEF810C0DEF814E095
:10CB2000CDF824E0CDF820C007930692059104903B
:10CB30000B9904A81322F3F7ACFC0598C0F301305D
:10CB40000A9908730598C0F381300A9948730498CC
:10CB50006FF3DF20A0F580600A9948800498C0F345
:10CB6000CA20A0F580600A99888004980599800DF4
:10CB700040EA81206FF3DF20A0F580600A99C88029
:10CB80000598C0F34A00A0F580600A9908810898CA
:10CB90006FF3DF20A0F580600A994881BDF810008E
:10CBA000400560B9FFE70A99002048800A9988800B
:10CBB0000A99C8800A9908810A994881FFE707986D
:10CBC00040F3C011C0B240EA01200A9A92F8352021
:10CBD00000F0F8FD02460A9991F8340002F00F02C5
:10CBE00000F0F000104481F83400079840F3C031A1
:10CBF000C0F3072040EA01200A9A92F8362000F09C
:10CC0000E1FD02460A9991F8340000F00F0040EA75
:10CC1000021081F83400DDF81E0000F001000A99CE
:10CC200091F840200021009100F0CCFD00990346CE
:10CC30000A9A92F8380003F00F0300F0F00018444D
:10CC400082F838000798C0F380400A9A92F8422090
:10CC500000F0B8FD009903460A9A92F8390003F0F3
:10CC60000F0300F0F000184482F839000798C0F371
:10CC700040400A9A92F8412000F0A4FD0099034632
:10CC80000A9A92F8380000F00F0040EA031082F888
:10CC900038000798C0F3C0400A9A92F8432000F089
:10CCA00091FD02460A9991F8390000F00F0040EA20
:10CCB000021081F839000A9890ED040A8DED010AFE
:10CCC0000598C117000C40EA014011F029FB9DEDC9
:10CCD000010A00EE900A9FEDD61A8DED031AFEF7B9
:10CCE00097FF0A9880ED040A0A9890ED070A8DEDE7
:10CCF000020A069840F3C031C0EA014011F010FB6F
:10CD00009DED020A9DED031A00EE900AFEF780FFEA
:10CD10000A9880ED070A0798C0F300520A9991F823
:10CD20003A0000F0F000104481F83A000A9890F8B8
:10CD30003A0000F00F00012818D1FFE741F6C420A7
:10CD4000C2F20000007888B9FFE70A9A92F844100E
:10CD5000012020EA010301F0FE01194482F8441089
:10CD600041F6C421C2F20001087015E00A9890F85B
:10CD70003A00000778B9FFE741F6C420C2F200008C
:10CD80000078012807D1FFE741F6C421C2F2000173
:10CD900000200870FFE7FFE70798C0F340520A99A8
:10CDA00091F83A0000F00F0040EA021081F83A00D2
:10CDB0000A9890F83A100120B0EB111F19D1FFE743
:10CDC00041F6BE20C2F20000007890B9FFE70A9A4F
:10CDD00092F84410012020EA510301F0FD0141EADC
:10CDE000430182F8441041F6BE21C2F200010870EE
:10CDF00017E00A9890F83A100020B0EB111F0FD1FD
:10CE0000FFE741F6BE20C2F200000078012807D1FA
:10CE1000FFE741F6BE21C2F2000100200870FFE7E3
:10CE2000FFE70798C0F380520A9991F83B0000F0A1
:10CE3000F000104481F83B000A9890F83B0000F0A5
:10CE40000F00012819D1FFE741F6C220C2F200000D
:10CE5000007890B9FFE70A9A92F84410012020EA7E
:10CE6000910301F0FB0141EA830182F8441041F68D
:10CE7000C221C2F20001087015E00A9890F83B0048
:10CE8000000778B9FFE741F6C220C2F2000000783F
:10CE9000012807D1FFE741F6C221C2F200010020BC
:10CEA0000870FFE7FFE70798C0F3C0520A9991F8AE
:10CEB0003B0000F00F0040EA021081F83B000A98A6
:10CEC00090F83B100120B0EB111F19D1FFE741F69C
:10CED000BF20C2F20000007890B9FFE70A9A92F8EA
:10CEE0004410012020EAD10301F0F70141EAC30117
:10CEF00082F8441041F6BF21C2F20001087017E029
:10CF00000A9890F83B100020B0EB111F0FD1FFE7FB
:10CF100041F6BF20C2F200000078012807D1FFE7E8
:10CF200041F6BF21C2F2000100200870FFE7FFE7D1
:10CF30009DF81F0000F001020A9991F83C0000F0F2
:10CF4000F000104481F83C000A9890F83C0000F092
:10CF50000F00012819D1FFE741F6C320C2F20000FB
:10CF6000007890B9FFE70A9A92F84410012020EA6D
:10CF7000111301F0EF0141EA031182F8441041F668
:10CF8000C321C2F20001087015E00A9890F83C0035
:10CF9000000778B9FFE741F6C320C2F2000000782D
:10CFA000012807D1FFE741F6C321C2F200010020AA
:10CFB0000870FFE7FFE70798C0F340620A9991F80D
:10CFC0003C0000F00F0040EA021081F83C000A9893
:10CFD00090F83C100120B0EB111F19D1FFE741F68A
:10CFE000C020C2F20000007890B9FFE70A9A92F8D8
:10CFF0004410012020EA511301F0DF0141EA4311FE
:10D0000082F8441041F6C021C2F20001087019E014
:10D010000A9890F83C100020B0EB111F11D1FFE7E7
:10D0200041F6C020C2F200000078012809D101E0D9
:10D030000000FA4341F6C021C2F20001002008704E
:10D04000FFE7FFE70798C0F3C0620A9991F83D0037
:10D0500000F00F0040EA021081F83D000A9890F8B5
:10D060003D100120B0EB111F19D1FFE741F6C72099
:10D07000C2F20000007890B9FFE70A9A92F84410D3
:10D08000012080EAD11301F07F0141EAC31182F847
:10D09000441041F6C721C2F20001087017E00A9857
:10D0A00090F83D100020B0EB111F0FD1FFE741F6C3
:10D0B000C720C2F200000078012807D1FFE741F63F
:10D0C000C721C2F2000100200870FFE7FFE70798C0
:10D0D000C0F380620A9991F83D0000F0F00010441E
:10D0E00081F83D000A9890F83D0000F00F000128FB
:10D0F00019D1FFE741F6C120C2F20000007890B9D3
:10D10000FFE70A9A92F84410012020EA911301F0F7
:10D11000BF0141EA831182F8441041F6C121C2F2F5
:10D120000001087015E00A9890F83D00000778B9F2
:10D13000FFE741F6C120C2F200000078012807D1C4
:10D14000FFE741F6C121C2F2000100200870FFE7AD
:10D15000FFE70798C0F300720A9991F83E0000F0CB
:10D16000F000104481F83E000A9890F83E0000F06C
:10D170000F00012818D1FFE741F6C620C2F20000D7
:10D18000007888B9FFE70A9A92F84510012020EA52
:10D19000010301F0FE01194482F8451041F6C62151
:10D1A000C2F20001087015E00A9890F83E000007EE
:10D1B00078B9FFE741F6C620C2F2000000780128E6
:10D1C00007D1FFE741F6C621C2F200010020087036
:10D1D000FFE7FFE70798C0F340720A9991F83E0015
:10D1E00000F00F0040EA021081F83E000A9890F823
:10D1F0003E100120B0EB111F19D1FFE741F6BD2011
:10D20000C2F20000007890B9FFE70A9A92F8451040
:10D21000012020EA510301F0FD0141EA430182F8B7
:10D22000451041F6BD21C2F20001087017E00A98CE
:10D2300090F83E100020B0EB111F0FD1FFE741F630
:10D24000BD20C2F200000078012807D1FFE741F6B7
:10D25000BD21C2F2000100200870FFE7FFE7079838
:10D26000C0F380720A9991F83F0000F0F00010447A
:10D2700081F83F000A9890F83F0000F00F00012865
:10D2800019D1FFE741F6C520C2F20000007890B93D
:10D29000FFE70A9A92F84510012020EA910301F075
:10D2A000FB0141EA830182F8451041F6C521C2F233
:10D2B0000001087015E00A9890F83F00000778B95F
:10D2C000FFE741F6C520C2F200000078012807D12F
:10D2D000FFE741F6C521C2F2000100200870FFE718
:10D2E000FFE70799102000EAD1620A9991F83F0000
:10D2F00000F00F00104481F83F000A9890F83F10AA
:10D300000120B0EB111F19D1FFE741F6BC20C2F29A
:10D310000000007890B9FFE70A9A92F845100120C2
:10D3200020EAD10301F0F70141EAC30182F8451078
:10D3300041F6BC21C2F20001087017E00A9890F88B
:10D340003F100020B0EB111F0FD1FFE741F6BC20CA
:10D35000C2F200000078012807D1FFE741F6BC21A6
:10D36000C2F2000100200870FFE7FFE79DF81D20D2
:10D370000A9991F8340000F00F0040EA021081F899
:10D3800034000A9890F834100120B0EB111F16D128
:10D39000FFE741F6C820C2F20000007878B9FFE745
:10D3A0000A9991F83600B0FA80F0400981F8360009
:10D3B00041F6C821C2F200010120087017E00A9866
:10D3C00090F834100020B0EB111F0FD1FFE741F6A9
:10D3D000C820C2F200000078012807D1FFE741F61B
:10D3E000C821C2F2000100200870FFE7FFE79DF8A6
:10D3F0001C200A9991F8340002F00F0200F0F000AE
:10D40000104481F834000A9890F8340000F00F00BE
:10D41000012816D1FFE741F6C920C2F200000078CA
:10D4200078B9FFE70A9991F83500B0FA80F0400921
:10D4300081F8350041F6C921C2F2000101200870CF
:10D4400015E00A9890F83400000778B9FFE741F634
:10D45000C920C2F200000078012807D1FFE741F699
:10D46000C921C2F2000100200870FFE7FFE70CB0FD
:10D4700080BD000080B588B007900691059207999D
:10D48000087B91F83410013840EA11108DF8130030
:10D490009DF8130080B9FFE741F6D821C2F20001E0
:10D4A000002008700698C26DD01741F6D021C2F254
:10D4B00000010A6048607CE09DF81300012851D10A
:10D4C000FFE741F6D820C2F200000078002849D1D9
:10D4D000FFE741F6D821C2F200010120087006984A
:10D4E000026C436CC06DC117F2F756FF1046194627
:10D4F00000F0B6F903910290029800900398019011
:10D500000699086C496C00F0ABF9009B024608468E
:10D5100001995FEA60004FEA3202D21A88410EDABE
:10D52000FFE70698C26DD017029B0399D21A884173
:10D5300041F6D021C2F200010A60486011E006986D
:10D54000036C416CC26DD017D2184841029B0399FD
:10D55000D218484141F6D021C2F200010A60486069
:10D56000FFE7FFE79DF81300022821D1FFE70599A7
:10D57000C88FB1F84D10401A09280ADCFFE7069859
:10D58000C26DD01741F6D021C2F200010A60486096
:10D590000DE00698036C416CC26DD017D21848415B
:10D5A00041F6D021C2F200010A604860FFE7FFE7C0
:10D5B000FFE741F6D021C2F200010868496808B0CF
:10D5C00080BD000080B584B0039002910192009369
:10D5D0000299487B91F83410013840EA111041F665
:10D5E000E021C2F200010978014341F6E120C2F2D4
:10D5F00000000170007848B1FFE70298407B0228E4
:10D6000004D0FFE70098007860B9FFE741F6DC211D
:10D61000C2F200010020086041F6E021C2F20001E0
:10D6200008705CE041F6E021C2F2000101200870C0
:10D6300041F6E821C2F20001086841F6E422C2F294
:10D64000000210600198D0F86A0008600399C86E63
:10D65000096F401A88B3FFE741F6E820C2F20000E4
:10D6600090ED000A41F6E420C2F2000090ED001AAD
:10D6700030EE410A00F0CEF89FED1D1AB4EE410ADB
:10D68000F1EE10FA15DDFFE741F6E820C2F20000E6
:10D69000D0ED000AB1EE040A9FED161ADFED161A5E
:10D6A00002F0BCFA41F6EC20C2F2000080ED000A64
:10D6B000FFE70399C86E0867FFE7039890ED0F0A2C
:10D6C00041F6EC20C2F2000090ED001A30EE010AA3
:10D6D00041F6DC20C2F2000080ED000AFFE741F6CF
:10D6E000DC20C2F2000090ED000A04B080BD00BF53
:10D6F000CDCCCC3D0000EC410000484280B58AB062
:10D7000008900791089801690291C06A10F08EFE96
:10D71000029A039008460399891A60EBE27004911B
:10D7200005900498059900F09BF8C93871F1000044
:10D7300031DBFFE70898B0F9080000F079F86328BA
:10D7400029DCFFE7F4F76EF910EE100A10F06EFE18
:10D75000019008460199089A9369D269C91A9041C3
:10D7600040F64152C0F20302891A70F1000011DB49
:10D77000FFE7089800900069C117079A136C526C74
:10D78000C01A914110F0CCFD0099C86200208DF8BC
:10D79000270012E00DE0F4F745F910EE100A10F042
:10D7A00045FE0A460899CA61886101208DF8270064
:10D7B00003E001208DF82700FFE79DF827000AB05D
:10D7C00080BD000086B0039102908DF8072002987A
:10D7D000039980F00100084390B9FFE79DF8070026
:10D7E000142809DCFFE79DF8070001308DF80700D9
:10D7F00001208DF8170009E002208DF8170005E0E0
:10D8000000208DF807008DF81700FFE79DF817003E
:10D8100006B0704782B08DED010A01980090009823
:10D8200020F0004000909DED000A02B0704700001B
:10D8300082B0ADF80600BDF906100020B0EBE13F64
:10D8400004D1FFE7BDF90600009004E0BDF9060031
:10D8500040420090FFE7009800B202B0704700001D
:10D8600084B0019100900198B0F1FF3F09DCFFE71F
:10D870000098019A41424FF00000904102910390BC
:10D880000FE000990198013970F1000005DBFFE716
:10D89000009801990391029003E000200390029008
:10D8A000FFE70298039904B07047000085B08DED42
:10D8B000040ACDED030A8DED021A9DED020A9DEDDD
:10D8C000041AB4EE410AF1EE10FA05DDFFE79DED12
:10D8D000040A8DED010A18E09DED020A9DED031A80
:10D8E000B4EE410AF1EE10FA05DAFFE79DED030A06
:10D8F0008DED000A04E09DED020A8DED000AFFE7C0
:10D900009DED000A8DED010AFFE79DED010A05B0CE
:10D910007047000082B0019000910199888848808A
:10D9200000980178407840EA0120019988800199A7
:10D930000889C88000988178C07840EA0120019960
:10D94000088100980179407940EA01200199888195
:10D950000198B0F90210B0F90400401A10F57A6F7E
:10D9600005DAFFE70199888C013088840FE001987F
:10D97000B0F90210B0F90400401AB0F57A6F05DD75
:10D98000FFE70199888C01388884FFE7FFE7019859
:10D99000B0F9242047F6F460002182420846C8BF4F
:10D9A000012048F20C13CFF6FF739A42B8BF012151
:10D9B000084368B1FFE70199002088840198B0F915
:10D9C000041000EE101AB8EEC00A80ED0B0AFFE753
:10D9D0000199B1F90400B1F9242000EB423008614B
:10D9E00001990F20087002B07047000082B00190CA
:10D9F000009101998888488000980178407840EA31
:10DA000001200199888001990889C880009881784F
:10DA1000C07840EA01200199088100980179407995
:10DA200040EA0120019988810098807901998873E2
:10DA30000198B0F90210B0F90400401A10F57A6F9D
:10DA400005DAFFE70199888C013088840FE001989E
:10DA5000B0F90210B0F90400401AB0F57A6F05DD94
:10DA6000FFE70199888C01388884FFE7FFE7019878
:10DA7000B0F9242047F6F460002182420846C8BF6E
:10DA8000012048F20C13CFF6FF739A42B8BF012170
:10DA9000084368B1FFE70199002088840198B0F934
:10DAA000041000EE101AB8EEC00A80ED0B0AFFE772
:10DAB00001990F2008700199B1F90400B1F92420EF
:10DAC00000EB4230086102B07047000080B5C6B07C
:10DAD00045904491ADF80E210020ADF80A01ADF853
:10DAE0000C01FFE7BDF80C01BDF80E11884233DAD6
:10DAF000FFE74598BDF80C11405CA52825D1FFE74C
:10DB00004598BDF80C11014402A80190FF22F2F7DC
:10DB1000C0FC0198449900F021F8ADF80801BDF867
:10DB200008014EF65F2188420EDCFFE7BDF80A01CE
:10DB30000130ADF80A01BDF80801BDF80C11084428
:10DB40000830ADF80C01FFE7FFE7FFE7BDF80C0177
:10DB50000130ADF80C01C5E746B080BD80B584B09A
:10DB60000290019102980078A52840F0C085FFE757
:10DB70000298052107F0E2F8012840F0B885FFE798
:10DB80000298B0F805000146009101287ED0FFE719
:10DB90000098022800F0A780FFE70098032800F013
:10DBA000B080FFE7009840F20111884200F0038145
:10DBB000FFE70098B0F5827F00F06981FFE70098E9
:10DBC00040F20511884200F07B81FFE7009840F2A7
:10DBD0000121884200F0AB81FFE7009840F202216A
:10DBE000884200F0F581FFE7009840F20321884267
:10DBF00000F02182FFE70098B0F5017F00F0368247
:10DC0000FFE7009840F20621884200F09A82FFE781
:10DC1000009840F20721884200F0B482FFE70098A4
:10DC2000B0F5027F00F0CC82FFE7009840F20921B6
:10DC3000884200F0E082FFE7009840F20A21884223
:10DC400000F00884FFE7009840F20B21884200F0C2
:10DC50002084FFE70098B0F5037F00F05F84FFE7C2
:10DC6000009840F20D21884200F09D84FFE7009863
:10DC700040F20E21884200F0EB84FFE7009840F26A
:10DC80000331884200F0058500F027BD02981D2170
:10DC900007F016F8012824D1FFE70298C07900F0B8
:10DCA0000F020199087800F0F00010440870029803
:10DCB000C07900F0F0020199087800F00F001044DC
:10DCC0000870029800890199A1F801000299D1F821
:10DCD0000A00D1F80E200199C1F80720C1F803000D
:10DCE000FFE700F0FFBC02980A2106F0E9FF0128D7
:10DCF00005D1FFE70298C0790199C872FFE700F0EB
:10DD0000F1BC0298292106F0DBFF012851D1FFE781
:10DD10000298B0F80700019988810298B0F80900CC
:10DD20000199C8810298B0F80B0001990882029805
:10DD3000B0F80D00019948820298B0F80F000199DF
:10DD400088820298B0F811000199C8820298B0F850
:10DD50001300019908830298B0F8150001994883CF
:10DD60000298B0F81700019988830298B0F819005A
:10DD70000199C8830298B0F81B00019908840298A1
:10DD8000B0F81D00019948840298B0F81F0001996D
:10DD900088840298B0F821000199C8840298B0F8EC
:10DDA0002300019908850298B0F82500019948855B
:10DDB000FFE700F097BC02980D2106F081FF0128D3
:10DDC00063D1FFE70298D0F807200199C86A1209C9
:10DDD00062F30410C8620298D0F807200199C86A5B
:10DDE000D20862F3C300C8620298D0F807200199F4
:10DDF000C86A920C62F39440C8620298D0F8072077
:10DE00000199C86A520A62F35120C8620298D0F898
:10DE100007200199C86A62F30000C8620298D0F82E
:10DE200007200199C86A520D62F35650C8620298E1
:10DE3000D0F807200199C86A520862F34100C8620D
:10DE40000298D0F807200199C86AD20962F3C81075
:10DE5000C8620298D0F807200199C86AD20D62F30F
:10DE6000DF50C8620298D0F807200199C86A5209A9
:10DE700062F34610C8620298D0F807200199C86A78
:10DE8000920862F38200C862FFE700F02BBC0298A0
:10DE90000C2106F015FF012810D1FFE70298C07988
:10DEA000019981F830000298007A019981F83100D7
:10DEB0000298407A019981F83200FFE700F012BC25
:10DEC00002980C2106F0FCFE01282FD1FFE70298F2
:10DED000C079019981F833000298007A00F00702B6
:10DEE000019991F8340000F0F800104481F83400F2
:10DEF0000298007A00F0C002019991F8340000F015
:10DF00003F00104481F834000298027A019991F898
:10DF1000340002F0380200F0C700104481F83400E9
:10DF20000298407A019981F83500FFE7DAE3029818
:10DF3000162106F0C5FE012849D1FFE70298C079F5
:10DF4000019981F836000298007A019981F837002A
:10DF50000298B0F80900019908870298B0F80B0000
:10DF6000019948870298B0F80D00019988870298B6
:10DF7000B0F80F000199C8870298B0F81100019914
:10DF8000A1F840000298C07C00F00102019991F8CC
:10DF9000420000F0FE00104481F842000298C27C6A
:10DFA000019991F8420002F0020200F0FD001044D5
:10DFB00081F842000298C27C019991F8420002F077
:10DFC000040200F0FB00104481F84200FFE789E3FF
:10DFD0000298192106F074FE01282BD1FFE7029860
:10DFE000B0F807000199A1F843000298B0F80900C1
:10DFF0000199A1F845000298D0F80B000199C1F8E9
:10E0000047000298B0F80F000199A1F84B00029860
:10E01000B0F811000199A1F84D000298B0F8130072
:10E020000199A1F84F000298B0F815000199A1F8E4
:10E030005100FFE756E30298152106F041FE012842
:10E0400013D1FFE70298D0F807000199C1F85300F7
:10E050000298D0F80B000199C1F857000298D0F847
:10E060000F000199C1F85B00FFE73BE30298102124
:10E0700006F026FE012863D1FFE70298C0790199D6
:10E0800081F85F000298007A019981F86000029897
:10E09000407A019981F861000298807A019981F8AB
:10E0A00062000298B0F80B000199A1F86300029891
:10E0B000407B00F00102019991F8650000F0FE003C
:10E0C000104481F865000298427B019991F865003F
:10E0D00002F0020200F0FD00104481F86500029891
:10E0E000427B019991F8650002F0040200F0FB0008
:10E0F000104481F865000298427B019991F865000F
:10E1000002F0080200F0F700104481F86500029860
:10E11000427B019991F8650002F0100200F0EF00D7
:10E12000104481F865000298407B00F0E0020199FC
:10E1300091F8650000F01F00104481F86500FFE7CA
:10E14000D0E202980A2106F0BBFD012819D1FFE7B1
:10E150000298C07900F00F02019991F8660000F072
:10E16000F000104481F866000298C07900F0F002D7
:10E17000019991F8660000F00F00104481F86600E4
:10E18000FFE7AFE20298122106F09AFD012816D1AE
:10E19000FFE70298C079019981F867000298007A38
:10E1A000019981F868000298407A019981F8690024
:10E1B0000298D0F80A000199C1F86A00FFE791E2DD
:10E1C00002980F2106F07CFD012813D1FFE7029889
:10E1D000B0F807000199A1F870000298B0F80900A2
:10E1E0000199A1F872000298B0F80B000199A1F80A
:10E1F0007400FFE776E202980D2106F061FD012828
:10E2000040F02781FFE70298C07900F001020199F0
:10E2100091F8760000F0FE00104481F87600029834
:10E22000C279019991F8760002F0020200F0FD0037
:10E23000104481F876000298C279019991F876002D
:10E2400002F0040200F0FB00104481F8760002980E
:10E25000C279019991F8760002F0080200F0F70007
:10E26000104481F876000298C279019991F87600FD
:10E2700002F0100200F0EF00104481F876000298DE
:10E28000C279019991F8760002F0200200F0DF00D7
:10E29000104481F876000298C279019991F87600CD
:10E2A00002F0400200F0BF00104481F876000298AE
:10E2B000C07900F08002019991F8760000F07F00AB
:10E2C000104481F876000298007A00F0010201996A
:10E2D00091F8770000F0FE00104481F87700029872
:10E2E000027A019991F8770002F0020200F0FD0035
:10E2F000104481F877000298027A019991F877002A
:10E3000002F0040200F0FB00104481F8770002984C
:10E31000027A019991F8770002F0080200F0F70004
:10E32000104481F877000298027A019991F87700F9
:10E3300002F0100200F0EF00104481F8770002981C
:10E34000027A019991F8770002F0200200F0DF00D4
:10E35000104481F877000298027A019991F87700C9
:10E3600002F0400200F0BF00104481F877000298EC
:10E37000007A00F08002019991F8770000F07F00A8
:10E38000104481F877000298407A00F00102019968
:10E3900091F8780000F0FE00104481F878000298AF
:10E3A000427A019991F8780002F0020200F0FD0033
:10E3B000104481F878000298427A019991F8780027
:10E3C00002F0040200F0FB00104481F8780002988B
:10E3D000427A019991F8780002F0080200F0F70003
:10E3E000104481F878000298427A019991F87800F7
:10E3F00002F0100200F0EF00104481F8780002985B
:10E40000427A019991F8780002F0200200F0DF00D2
:10E41000104481F878000298427A019991F87800C6
:10E4200002F0400200F0BF00104481F8780002982A
:10E43000407A00F08002019991F8780000F07F00A6
:10E44000104481F878000298807A019981F8790067
:10E45000FFE747E102980F2106F032FC012817D1AF
:10E46000FFE70298C079019981F87A000298007A52
:10E47000019981F87B000298B0F809000199A1F890
:10E480007C000298B0F80B000199A1F87E00FFE72C
:10E4900028E10298312106F013FC01283DD1FFE765
:10E4A0000298D0F807000199C1F880000298D0F8CE
:10E4B0000B000199C1F884000298D0F80F0001996F
:10E4C000C1F888000298D0F813000199C1F88C00B7
:10E4D0000298D0F817000199C1F890000298D0F87E
:10E4E0001B000199C1F894000298D0F81F0001990F
:10E4F000C1F898000298D0F823000199C1F89C0057
:10E500000298D0F827000199C1F8A0000298D0F82D
:10E510002B000199C1F8A400FFE7E3E002980A216B
:10E5200006F0CEFB01283DD1FFE70298C07900F04C
:10E530000102019991F8A80000F0FE00104481F852
:10E54000A8000298C279019991F8A80002F002028D
:10E5500000F0FD00104481F8A8000298C2790199EA
:10E5600091F8A80002F0040200F0FB00104481F8CA
:10E57000A8000298C279019991F8A80002F0080257
:10E5800000F0F700104481F8A8000298C2790199C0
:10E5900091F8A80002F0100200F0EF00104481F89A
:10E5A000A800FFE79EE002980D2106F089FB0128F4
:10E5B0004DD1FFE70298D0F807200199D1F8A900C2
:10E5C000D20B62F3D230C1F8A9000298D0F807202C
:10E5D0000199D1F8A900D20A62F3CE20C1F8A900AE
:10E5E0000298D0F807200199D1F8A900D20F62F360
:10E5F000DF70C1F8A9000298D0F807200199D1F87E
:10E60000A90062F30A00C1F8A9000298D0F8072017
:10E610000199D1F8A900D20C62F3D340C1F8A90046
:10E620000298D0F807200199D1F8A900120D62F3E1
:10E630001450C1F8A9000298D0F807200199D1F828
:10E64000A900520D62F35E50C1F8A900FFE749E04E
:10E6500002980A2106F034FB012819D1FFE702983D
:10E66000C07900F00302019991F8AD0000F0FC00C0
:10E67000104481F8AD000298C279019991F8AD007B
:10E6800002F0040200F0FB00104481F8AD00FFE747
:10E6900028E00298142106F013FB01281CD1FFE7A3
:10E6A0000298D0F807000199C1F8AE000298D0F89E
:10E6B0000B000199C1F8B2000298C07B019981F862
:10E6C000B6000298007C019981F8B7000298407C5E
:10E6D000019981F8B800FFE704E04FF6FE70ADF84D
:10E6E0000E000FE0029908780130087004E04FF640
:10E6F000FD70ADF80E0005E00298B0F80100ADF82D
:10E700000E00FFE7BDF80E0004B080BD0000000061
:10E7100080B5D2B0DDF860C1DDF85CC1DDF858C16C
:10E72000DDF854C1DDF850C18DF8470150914F928A
:10E730004E939DF84701013801464391032800F2AA
:10E7400058854399DFE811F004006004C004C10457
:10E750005799B1F8D80AB1F8D62A801AA1F8DA0A7E
:10E760005799B1F8000DB1F8FE2C801AA1F8020DEE
:10E770005799B1F8280FB1F8262F801AA1F82A0F5F
:10E78000579941F25010085A41F24E128A5A801A93
:10E7900041F252128852509890F845008008C00704
:10E7A000A0B1FFE7549890ED030A9FEDEE1AB4EE86
:10E7B000410AF1EE10FA04DCFFE75698C07A28B956
:10E7C000FFE70020C4F27A304D9018E04E98B0F880
:10E7D000400050B1FFE74E98B0F8400000EE100A3C
:10E7E000B8EE400A8DED420A04E09FEDDF0A8DEDA0
:10E7F000420AFFE79DED420A8DED4D0AFFE7509872
:10E80000B0F9021090F8392002F00F00C0EB12109E
:10E810004FF42572504300EB410000EE100AB8EEB1
:10E82000C00A4F9880ED010A5098B0F9041090F892
:10E83000383003F00F00A0EB1310504300EB410001
:10E84000404200EE100AB8EEC00A4F9880ED000A70
:10E850005098B0F90A1090F83A0000F00F005043B9
:10E8600000EB4100404200EE100AB8EEC00A4F989B
:10E8700080ED020A4F9890ED000AB5EE400AF1EEE5
:10E8800010FA13D1FFE74F9890ED010AB5EE400A58
:10E89000F1EE10FA0AD1FFE74F9890ED020AB5EEBB
:10E8A000400AF1EE10FA00F09F80FFE741F6883051
:10E8B000C2F20000419090ED000A9FEDAC1A30EEDC
:10E8C000010A80ED000A9DED4D0AFDF7C3FF419856
:10E8D0008DED4C0A90ED000A9DED4C1AB4EE410A04
:10E8E000F1EE10FA07DDFFE74C9841F68831C2F2ED
:10E8F00000010860FFE741F67830C2F200003D9069
:10E9000090ED000AFEF786FFB0EE401A9FED980AE0
:10E910008DED3F0ADFED970ACDED3E0AFEF7C6FF0B
:10E920003D989DED3F1A80EE011AB7EE000A8DED7D
:10E93000400A30EE411A4F9991ED000A20EE010A8B
:10E9400081ED000A90ED000AFEF764FFDDED3E0A5E
:10E95000B0EE401A9DED3F0AFEF7A8FF9DED3F2A5D
:10E96000B0EE401A9DED400A81EE021A30EE411AD7
:10E970004F9890ED010A20EE010A80ED010A41F660
:10E980008830C2F2000090ED001A4F9991ED000A14
:10E9900020EE010A81ED000A90ED001A4F9991EDE9
:10E9A000010A20EE010A81ED010A90ED001A4F984C
:10E9B00090ED020A20EE010A80ED020A4F980068ED
:10E9C00044F20C51C2F2000108604F98406844F2D2
:10E9D0001051C2F2000108604F98806844F208515B
:10E9E000C2F200010860FFE740F2BC00C2F2000082
:10E9F00090ED000AB5EE400AF1EE10FAC0F29080F8
:10EA0000FFE740F2BC00C2F2000000680FF030FCEB
:10EA100041EC100B9FED581B53EC112B51EC100BDC
:10EA20000FF05FFC00287BD1FFE740F2BC00C2F290
:10EA300000003B9000680FF01BFC41EC100B9FEDB9
:10EA4000501B53EC112B51EC100B0FF0BDF841ECA7
:10EA5000100B51EC100B0FF085F83B99086041F654
:10EA60007830C2F20000389090ED000AFEF7D2FE36
:10EA7000B0EE401A9FED3E0A8DED3A0ADFED3D0AF9
:10EA8000CDED390AFEF712FF38989DED3A1A80EE67
:10EA9000011AB7EE000A8DED3C0A30EE411A4F998B
:10EAA00091ED000A20EE010A81ED000A90ED000AC6
:10EAB000FEF7B0FEDDED390AB0EE401A9DED3A0AE0
:10EAC000FEF7F4FE9DED3A2A3B98B0EE401A9DED1C
:10EAD0003C0A81EE021A30EE411A4F9991ED010A7B
:10EAE00020EE010A81ED010A90ED001A4F9991ED97
:10EAF000000A20EE010A81ED000A90ED001A4F99FC
:10EB000091ED010A20EE010A81ED010A90ED001A53
:10EB10004F9890ED020A20EE010A80ED020A07E00C
:10EB20004F99002008604F9948604F998860FFE72F
:10EB3000509890F83F00000750B1FFE74F9890EDD4
:10EB4000020A9FED111A20EE010A80ED020AFFE78A
:10EB50004F9890ED020AB5EE400AF1EE10FA2BD173
:10EB600026E000BF0000344300003442A69BC43AB4
:10EB700000E02B4500000000000000000000F83F0E
:10EB80003A8C30E28E7945BECDCCCC3E0000254497
:10EB9000000025C400005CC39A99993E000080459E
:10EBA000E84F493A00BF00BF000000000000E03F0E
:10EBB0005698007838B9FFE741F67831C2F2000183
:10EBC0000020086062E05098B0F9061000EE101ABC
:10EBD000B8EEC00A8DED340A90ED041A1FED150A47
:10EBE0008DED360A5FED160ACDED350AFEF75EFEB5
:10EBF000B0EE401A9DED340A30EE010A1FED1B1AEB
:10EC000080EE011AB7EE000A31EE001A8DED4B1AB4
:10EC10009DED4B1A5FED200AFEF748FE8DED4B0A85
:10EC20004F98B0F94C009DED4B0A1FED2E1AF0EEF7
:10EC3000410AFDF7FBFEDDED350AB0EE401A9DED11
:10EC4000360A41F67830C2F2000080ED001A509882
:10EC5000B0F90610890001EE101AB8EEC11A8DED58
:10EC6000371A90ED041AB2EE082A21EE021AFEF7C6
:10EC70001DFEB0EE401A9DED370A30EE010A41F656
:10EC80008030C2F2000080ED000AFFE74F98B0F933
:10EC90004C0000EE100AB8EEC00A1FED401A30EE2C
:10ECA000010A8DED4A0A9DED4A0A1FED431A20EE36
:10ECB000010A8DED490A9DED490A0AF077F98DEDBB
:10ECC000480A9DED490A0AF0ABFE8DED470A4F98C0
:10ECD0009DED482A90ED000A90ED011A9DED473A0E
:10ECE00021EE031A20EE020A30EE410A8DED460AAB
:10ECF0004F989DED472A90ED000A90ED011A9DED89
:10ED0000483A21EE031A20EE020A30EE010A8DED98
:10ED1000450A9DED461A9DED450A30EE410A10EE7A
:10ED2000100A0FF0A5FA41EC100B8DED080B4F986F
:10ED30000A9080680FF09CFA41EC100B8DED020BED
:10ED400041F67830C2F20000249000680FF090FA8B
:10ED50009DED020B41EC110B8DED041B51EC100BE2
:10ED60001FED6F0B53EC102B299328920FF094F8A2
:10ED70009DED040B41EC110B51EC110B53EC102BDE
:10ED80000EF022FF41EC100B8DED060B41F68030AA
:10ED9000C2F200002C9000680FF06AFA9DED061B8D
:10EDA00041EC100B51EC110B53EC102B0EF00CFF3F
:10EDB0009DED081B41EC100B53EC112B51EC100B8B
:10EDC0000EF002FF41EC100B51EC100B0EF0CAFEDE
:10EDD0000A9948619DED460A9DED451A30EE010AFB
:10EDE00010EE100A0FF044FA41EC100B8DED140BED
:10EDF0004F98169080680FF03BFA024624980B92C9
:10EE00000A460B9942EC101B8DED0C0B00680FF0BD
:10EE10002FFA9DED0C0B289A299B41EC110B8DEDDF
:10EE20000E1B51EC100B0FF037F89DED0E0B41EC63
:10EE3000110B51EC110B53EC102B0EF0C5FE0246DA
:10EE40002C9811920A46119942EC101B8DED120B71
:10EE500000680FF00DFA9DED121B41EC100B51EC08
:10EE6000110B53EC102B0EF0AFFE9DED141B41EC7B
:10EE7000100B51EC110B53EC102B0EF0A5FE41ECD6
:10EE8000100B51EC100B0EF06DFE169988619DED84
:10EE9000460A9DED451A30EE410A10EE100A0FF0B9
:10EEA000E7F941EC100B8DED200B4F982390806813
:10EEB0000FF0DEF90246249817920A46179942ECA1
:10EEC000101B8DED180B00680FF0D2F99DED180B9B
:10EED000289A299B41EC110B8DED1A1B51EC100B5C
:10EEE0000EF0DAFF9DED1A0B41EC110B51EC110BFA
:10EEF00053EC102B0EF068FE02462C981D920A4629
:10EF00001D9942EC101B8DED1E0B00680FF0B0F93F
:10EF10009DED1E1B41EC100B51EC110B53EC102B13
:10EF20000EF052FE9DED201B41EC100B51EC110B2D
:10EF300053EC102B0EF048FE41EC100B51EC100B73
:10EF40000EF010FE2399C8609DED460AB1EE400A0E
:10EF50009DED451A30EE410A10EE100A0FF088F9C7
:10EF600041EC100B8DED300B4F98339080680FF013
:10EF70007FF90246249825920A46259942EC101BF7
:10EF80008DED260B00680FF073F99DED260B289A86
:10EF9000299B41EC110B8DED2A1B51EC100B0EF04F
:10EFA0007BFF9DED2A0B41EC110B51EC110B53EC47
:10EFB000102B0EF009FE02462C982D920A462D9930
:10EFC00042EC101B8DED2E0B00680FF051F99DEDFA
:10EFD0002E1B41EC100B51EC110B53EC102B0EF0CF
:10EFE000F3FD9DED301B41EC100B51EC110B53EC7C
:10EFF000102B0EF0E9FD41EC100B51EC100B0EF054
:10F00000B1FD33990861F4E04F99012081F8740053
:10F010005098B0F9081000EE101AB8EEC00A90ED42
:10F02000071A9FED762A8DED002A21EE021A9FED38
:10F03000742A20EE020A30EE411A4F9890ED080A29
:10F0400030EE010A80ED080A4F9890ED081A90ED15
:10F05000090AD0ED0A0AFEF729FC9DED001A4F9827
:10F0600080ED080A5098B0F9061000EE101AB8EEBC
:10F07000C00A8DED010A90ED040A20EE011AB7EEE8
:10F08000000AFFEE000AFEF711FCB0EE401A9DEDFB
:10F09000010A9FED5C2A20EE020A30EE410A5098E8
:10F0A00090F83B1001F00F00C0EB111001EE100AB8
:10F0B000B8EEC11A30EE411A4F9890ED0B0A30EEBF
:10F0C000010A80ED0B0A94E093E04F9850994E9A14
:10F0D000569BFEF777FA8DED440A44984F990863E2
:10F0E0009DED440AB1EE400A4F9880ED0D0A4F980D
:10F0F00090ED150AFEF78EFB9FED3F1AB4EE410A24
:10F10000F1EE10FA09DCFFE74F9890ED180AB5EE22
:10F11000400AF1EE10FA08D1FFE74F9890ED170A78
:10F12000B8EEC00A80ED0E0A62E04F9890F86800D1
:10F1300040BBFFE741F67C30C2F20000B0F90000AE
:10F1400000BBFFE74F9890ED170AB8EEC00A80EDBC
:10F150000E0A4F9890ED151A90ED180A30EE410AFC
:10F1600080ED0C0A4F9890ED161A90ED190A30EECA
:10F17000410A80ED0D0A41F67C31C2F20001012006
:10F18000088036E041F68431C2F20001088801307F
:10F1900008805098007B02280AD0FFE741F68430AF
:10F1A000C2F20000B0F90000B0F57A7F0CDDFFE795
:10F1B00041F68431C2F200010020088041F67C3122
:10F1C000C2F200010880FFE741F67C30C2F2000085
:10F1D000B0F9000001280AD0FFE750984F994E9AE5
:10F1E000FEF748F90FF09CF84F998863FFE7FFE7B7
:10F1F000FFE752B080BD00BF00401C450AD7233C4A
:10F200006F1203BB0AD7A3BC10B588B00DF1100C68
:10F21000CDF804C08C46019986460B980A988DF863
:10F220001FE0CDF818C081ED010AC1ED000AADF86C
:10F230000E20ADF80C30ADF80A009DF81F0038B96B
:10F24000FFE740F2C001C2F2000100200870FFE7B2
:10F2500040F2C000C2F200000078012808D0FFE7A9
:10F2600000F0A8F840F2C001C2F200010870FFE708
:10F2700040F24420C2F200000168D1F80320D1F826
:10F280000730D1F80B004FF0010C0CEB923E6FF3FE
:10F290005F2E6FF3963242EA8E32C1F80730C1F822
:10F2A0000320C1F80B0040F24820C2F200000168C0
:10F2B000D1F80320D1F80730D1F80B000CEB923CC9
:10F2C0006FF35F2C6FF3963242EA8C32C1F807304D
:10F2D000C1F80320C1F80B0040F24C20C2F200003C
:10F2E0000168D1F80320D1F80730D1F80B0000F104
:10F2F000010C6CF30900C1F80730C1F80320C1F814
:10F300000B0040F25020C2F200000168D1F8032047
:10F31000D1F80730D1F80B0000F1010C6CF30900B3
:10F32000C1F80730C1F80320C1F80B0040F25420A7
:10F33000C2F200000168D1F80320D1F80730D1F8FB
:10F340000B0000F1010C6CF30900C1F80730C1F8A3
:10F350000320C1F80B0040F25820C2F200000168FF
:10F36000D1F80320D1F80730D1F80B0000F1010CDF
:10F370006CF30900C1F80730C1F80320C1F80B0095
:10F3800040F25C20C2F200000168D1F80320D1F8FD
:10F390000730D1F80B0000F1010C6CF30900C1F843
:10F3A0000730C1F80320C1F80B0009F031FB08B0A9
:10F3B00010BD000080B582B006F00AFA06F06CFAC3
:10F3C00006F0CEFA222001900BF00AFB06F070FD49
:10F3D00001980BF005FB07F06DF901980BF000FBAD
:10F3E00007F09AFC01980BF0FBFA08F07BF8019803
:10F3F0000BF0F6FA08F0D0FB08F036FC08F09CFCA5
:10F4000008F002FD01980BF0EBFA08F069FE01200C
:10F4100002B080BD80B586B005900491039243F29E
:10F420001810C2F200000190FFE70198007818B9A7
:10F43000FFE705F039FEFFE7FFE7EFF311804FF03C
:10F44000200181F31188009005980499039A00F037
:10F4500007F80290009880F31188029806B080BDEA
:10F4600080B58AB00990089107920898049009988D
:10F4700000EB400143F21810C2F2000000EBC100A3
:10F480001830039003984069029040B1FFE702985A
:10F49000012819D0FFE7029802282CD032E0039807
:10F4A00005F054FE059005980799884203D2FFE7BE
:10F4B0000020069007E00798069003980499079AA1
:10F4C00006F0CEF8FFE720E0039805F03FFE059038
:10F4D00005980799884203D2FFE70598019002E05A
:10F4E00007980190FFE70198069003980499069AFF
:10F4F00006F0B6F809E003980499079A06F03EF87A
:10F50000069002E000200690FFE706980AB080BD52
:10F5100082B080B584B0079306920390029106A84A
:10F520000090039802996A4600F008F8019001984B
:10F5300004B0BDE8804002B07047000080B5A4B0C0
:10F5400023902291219207A81B9040201C9000201C
:10F550001D9023991F911E90FFE7229800788DF847
:10F5600083002298013022909DF8830008B9FFE7BC
:10F570006DE19DF88300252840F05C81FFE70020C5
:10F58000189001201A90FFE7229800788DF88300E8
:10F590009DF883002338014604910D2829D8049949
:10F5A000DFE801F01F272727272727271727072707
:10F5B000270F189840F001001890229801302290EF
:10F5C0001AE0189840F0020018902298013022901A
:10F5D00012E0189840F00400189022980130229010
:10F5E0000AE0189840F00800189022980130229004
:10F5F00002E000201A90FFE7FFE71A980028C3D125
:10F60000FFE700201790FFE7229800788DF883002D
:10F610009DF88300302805DBFFE79DF883003A283A
:10F6200001DBFFE710E0229801302290179800EBF1
:10F6300080019DF8830000EB410030381790FFE710
:10F6400001200028E0D1FFE70020199022980078DF
:10F650008DF883009DF883002E2825D1FFE722989E
:10F6600001302290FFE7229800788DF883009DF802
:10F670008300302805DBFFE79DF883003A2801DB93
:10F68000FFE710E0229801302290199800EB8001EA
:10F690009DF8830000EB410030381990FFE701200E
:10F6A0000028E0D1FFE7FFE7229800788DF883007B
:10F6B000FFE79DF883006C2805D0FFE79DF88300E5
:10F6C000682808D1FFE7229801302290229800781C
:10F6D0008DF8830000E004E0FFE701200028E8D176
:10F6E000FFE79DF8830001460391252800F09880EC
:10F6F000FFE7039858284FD0FFE70398632814D0FA
:10F70000FFE7039864281FD0FFE70398702876D09E
:10F71000FFE70398732853D0FFE70398752827D095
:10F72000FFE70398782837D07FE0219A1068011D01
:10F73000116000681A901A988DF81B009DF81B1034
:10F740001BA805F0DFFE71E0219A1068011D116011
:10F7500000681A901A99199B1798DDF860C06A46DC
:10F76000C2F804C010601BA80A2205F00FFD5DE07E
:10F77000219A1068011D116000681A901A99199B4E
:10F780001798DDF860C06A46C2F804C010601BA874
:10F790000A2205F0E1FD49E0219A1068011D11607F
:10F7A00000681A901A99199B1798DDF860C06A468C
:10F7B000C2F804C010601BA8102205F0CDFD35E092
:10F7C000219A1068011D116000680590FFE70598F7
:10F7D00000788DF883000598013005909DF883002E
:10F7E00008B9FFE70AE09DF883101BA805F08AFE20
:10F7F000FFE71E98B0F1FF3FE9DCFFE716E0219A32
:10F800001068011D116000681A901A99684600225C
:10F810004260082303601BA8102205F09DFD05E04F
:10F820001BA8252105F06EFE00E0FFE722980130BD
:10F83000229005E09DF883101BA805F063FEFFE70A
:10F84000FFE71E98B0F1FF3F3FF787AEFFE71E9836
:10F8500001280EDBFFE71D9830B1FFE723981D9AC2
:10F8600007A9FFF7D7FDFFE71D991E9808441E90D2
:10F87000FFE71E9824B080BD81B0ADF80200BDF84E
:10F88000020044F23441C4F20101086001B0704743
:10F8900080B586B004900391029204984068B0F558
:10F8A000827F13D1FFE704988068B0F5004F06D03F
:10F8B000FFE704988068B0F5806F07D1FFE70498F0
:10F8C0000168086820F040000860FFE7049840687D
:10F8D000B0F5827F31D1FFE704988068B0F5806F82
:10F8E00015D0FFE70498039B02996A4611608021B6
:10F8F000002200F0CDF848B1FFE70499486D40F0D0
:10F900002000486503208DF817002FE014E00498CC
:10F91000039B02996A4611600121002200F0B8F8A9
:10F9200048B1FFE70499486D40F020004865032086
:10F930008DF817001AE0FFE714E00498039B029982
:10F940006A4611600121002200F0A2F848B1FFE7E9
:10F950000499486D40F02000486503208DF8170099
:10F9600004E0FFE700208DF81700FFE79DF817007F
:10F9700006B080BD80B586B004900391029240F23B
:10F98000C400C2F2000000684AF6AB21CAF6AA2100
:10F99000A0FB011000094DF68361C4F21B31A0FBEE
:10F9A0000110800C4FF47A7148430190049840682C
:10F9B000B0F5827F15D1FFE70498039B02996A4650
:10F9C00011608021002200F063F848B1FFE704993C
:10F9D000486D40F02000486503208DF8170017E0BF
:10F9E00012E0FFE7019808B9FFE70CE00198013841
:10F9F0000190FFE7049800688068C1B20020B0EB76
:10FA0000D11FEFD1FFE7FFE700208DF81700FFE7D8
:10FA10009DF8170006B080BD80B582B001900198B6
:10FA20000DF1030101220A23F6F7DEFD9DF8030024
:10FA300002B080BD80B584B0039002918DF807209C
:10FA4000039802999DF807200A23F6F7CDFD04B02C
:10FA500080BD000080B582B001908DF80310019840
:10FA60000DF1030101220A23F6F7D6FE02B080BD94
:10FA700080B584B0039002918DF807200398029915
:10FA80009DF807200A23F6F7C7FE04B080BD0000EA
:10FA900080B58AB0DDF830C0089007918DF81B2042
:10FAA000059305980190F4F7EDFB024601980C9937
:10FAB000891A08440390F4F7E5FB0290039840F29A
:10FAC000C401C2F200010968C1F3CB31484304907C
:10FAD000FFE708980068806807990840401AB0FA64
:10FAE00080F040099DF81B1088425ED0FFE7059822
:10FAF0000130002858D0FFE7F4F7C4FB0299401A00
:10FB00000399884204D2FFE70398002842D1FFE717
:10FB100008980168486820F0E0004860089840684C
:10FB2000B0F5827F13D1FFE708988068B0F5004FE9
:10FB300006D0FFE708988068B0F5806F07D1FFE72F
:10FB400008980168086820F040000860FFE70898FE
:10FB5000806AB0F5005F0FD1FFE7FFE70898016802
:10FB6000086820F40050086008980168086840F4AC
:10FB700000500860FFE7FFE70899012081F8510075
:10FB8000FFE70899002081F85000FFE703208DF877
:10FB900027000EE0049818B9FFE700200390FFE764
:10FBA000049801380490FFE793E700208DF82700C0
:10FBB000FFE79DF827000AB080BD000000000000AC
:10FBC000074B19680868B0E8F04F80F30988BFF365
:10FBD0006F8F4FF0000080F31188704700BF00BFA7
:10FBE0000446002084B003900398009000980078A9
:10FBF000ADF8080000980130009000980078ADF84A
:10FC00000600BDF80610BDF8080040EA0120ADF876
:10FC10000A00BDF80A0004B07047000080B586B045
:10FC20008DED050ACDED040A8DED031ACDED021A16
:10FC30009DED030A9DED041A30EE410A8DED010A97
:10FC40009DED010A9DED051A20EE010A8DED000AD9
:10FC50009DED020AF1EE400A9DED001AFDF726FE29
:10FC60008DED000A9DED000A06B080BD86B08DEDD9
:10FC7000040A9DED040AB5EE400AF1EE10FA03DC29
:10FC8000FFE7002005904AE09DED040AB0EE001A5F
:10FC900080EE010A8DED030A9DED040A9FED221A04
:10FCA00020EE010A8DED010AFFE79DED030A9DEDAF
:10FCB000041A20EE000A30EE410A8DED020A9DED95
:10FCC000021A9DED030A30EE002A81EE021A30EE90
:10FCD000410A8DED030AFFE79DED020A9DED011A31
:10FCE0000120B4EE410AF1EE10FA00900FDCFFE7BC
:10FCF0009DED020A9DED011AB1EE411A0020B4EE0D
:10FD0000410AF1EE10FAB8BF01200090FFE7009819
:10FD1000C0070028C9D1FFE703980590FFE79DEDD4
:10FD2000050A06B0704700BF6F12833A80B586B0EF
:10FD30000590F1F781FF00200490FFE7049801305F
:10FD4000049004984FF20022C0F601020292694624
:10FD50004A6008604FF26621C0F601014FF20D22A1
:10FD6000C0F601024FF2F813C0F601030020039021
:10FD7000FFF7CEFB029903986A4611604FF24221C9
:10FD8000C0F601014FF20522C0F601024FF2F41352
:10FD9000C0F60103FFF7BCFB029903986A461160A5
:10FDA0004FF21D21C0F601014FF21522C0F60102EB
:10FDB0004FF2FC13C0F60103FFF7AAFB01200AF083
:10FDC0000FFEBBE780B582B001900DF0BBFA00904A
:10FDD00041F60031C2F200010020C4F2E150C863D4
:10FDE0004FF0FF30486447F20000CFF6FF70086420
:10FDF000FFE743F69810C2F2000041F26072C2F2CF
:10FE0000000242F6C873C2F200034FF44271FCF7DD
:10FE1000D3FC41F60030C2F2000041F6F021C2F2FC
:10FE2000000140F2F822C2F200020BF0E1FE44F2BF
:10FE30001651C2F200010870684601210AF0E4FD83
:10FE4000D7E7000080B58CB00B900DF07BFA0A90DC
:10FE50004EF2E862C0F60102106851689268099299
:10FE60000891079044F27440C2F20000002106910C
:10FE700007AA9FED3B0ADFED3B0AFCF7FFFBB2EE62
:10FE8000040A9FED391AF7EE001A9FED382ADFEDCC
:10FE9000382AF0EE420AF8F76FFD069944F2842002
:10FEA000C2F20000F7F70EFDFFE7F0F755FD08B1CD
:10FEB000FFE7FAE7FFE741F69430C2F20000F1F7FE
:10FEC0008BFDBCEEC00A41F69830C2F2000080ED16
:10FED000000A41F2E470C2F20000039069464860F3
:10FEE00043F2D000C2F20000086043F28400C2F284
:10FEF0000000103044F2B661C2F2000142F6C8734D
:10FF0000C2F2000301220592F1F7C2FBF1F78AFD6C
:10FF1000039844F2CC61C2F20001049181ED000A21
:10FF200044F27441C2F20001F9F780FCF1F77AFD66
:10FF30000498059944F2D062C2F2000282ED000AF0
:10FF400092ED000A90ED001A30EE410A43F2F450AF
:10FF5000C2F2000080ED000A0AA80AF055FDAAE7E7
:10FF600000A08C45000016448096184B6F12833A0F
:10FF70000000000070B590B00F900DF0E3F90E9006
:10FF800044F2BC40C2F20000FCF738FC41F60031FC
:10FF9000C2F2000140F2B340A1F848000020C4F2D0
:10FFA0009630486248F20000CCF209408862FFE7D0
:10FFB00041F2E476C2F200060C9669460E6140F208
:10FFC000F825C2F200050B95CD6041F6F024C2F28F
:10FFD00000040A948C6043F28400C2F2000008908E
:10FFE000486041F26070C2F200000990086043F27C
:10FFF000D001C2F20001069141F60032C2F20002C5
:020000040801F1
:100000000D9242F6C873C2F2000307930120FEF777
:100010007FFB0999079A0D986B465D60083119605E
:1000200044F2BC43C2F20003214609F055FF0146E9
:10003000079844F21452C2F200021170F1F776FAF6
:100040000699079B0D9ADDF820E00998EC46CCF85C
:100050001060CCF80C50CCF80840CCF804E0CCF898
:1000600000000220FEF754FB0A990B9A0C9B0D9896
:100070000AF0FAFB01460D9844F21552C2F2000252
:100080001170B0F94C00B0F5805F0BDDFFE741F671
:100090000031C2F20001B1F84C00A0F50050A1F807
:1000A0004C0015E041F60030C2F20000B0F94C00FF
:1000B00010F5805F0BDAFFE741F60031C2F2000174
:1000C000B1F84C0000F50050A1F84C00FFE7FFE745
:1000D0000EA801210AF098FC6AE7000010B584B070
:1000E00003900DF02FF90290FFF764F9FFE741F656
:1000F000F020C2F20000007841F60031C2F20001A7
:10010000C96E41F2E472C2F2000292ED0E0A41F2AF
:100110006072C2F20002D2ED030A40F2F82CC2F281
:10012000000CBCF9AC28BCF96034BCF988C643F2B9
:100130008404C2F20004EE46CEF80440CEF800C0BB
:10014000FFF762F802A828210AF05EFCCFE7000062
:1001500080B582B001900DF0F5F800900AF0B6FB82
:10016000FFE70AF055FB4AF60C30C2F2000080EDC2
:10017000000A684605210AF047FCF2E780B582B024
:100180004FF0500080F31188BFF36F8FBFF34F8F94
:1001900000900DF0E1F840B1FFE74EF60451CEF2C9
:1001A00000014FF080500860FFE7002001900198A7
:1001B00080F3118802B080BD80B594B008A83021CA
:1001C000F0F708FA0020079006900590049003903D
:1001D000FFE70020029043F64000C4F202000168ED
:1001E00041F080510160006800F080500290029858
:1001F000FFE7FFE70020019047F20000C4F2000093
:10020000016841F480410160006800F48040019081
:100210000198FFE7012008904FF4803009900220F8
:100220000E904FF480010F9106211091A821119199
:1002300012900720139008A8F5F7E4FC18B1FFE727
:10024000F1F7F2FCFFE70F2003900220049000205A
:1002500005904FF4A05006904FF48050079003A8EB
:100260000521F5F7D5FA18B1FFE7F1F7DDFCFFE757
:1002700014B080BD4EF68851CEF20001086840F4FB
:10028000700008607047000080B544F28420C2F21C
:100290000000F7F779F880BD80B544F2CC20C2F2B7
:1002A0000000F7F771F880BD80B582B044F25C3091
:1002B000C2F200000190F7F767F80198F0F7A6FC8A
:1002C00002B080BD83B00290019102980068009056
:1002D00002980021C4F20101884225D0FFE702986C
:1002E000B0F1804F20D0FFE7029840F20041C4F205
:1002F0000001884218D0FFE7029840F60001C4F2DE
:100300000001884210D0FFE7029840F60041C4F295
:100310000001884208D0FFE7029840F20041C4F291
:10032000010188420AD1FFE7009820F07000009098
:1003300001984168009808430090FFE70298002167
:10034000C4F20101884255D0FFE70298B0F1804F16
:1003500050D0FFE7029840F20041C4F20001884209
:1003600048D0FFE7029840F60001C4F2000188423D
:1003700040D0FFE7029840F60041C4F200018842F5
:1003800038D0FFE7029840F20041C4F201018842F0
:1003900030D0FFE7029844F20001C4F20101884224
:1003A00028D0FFE7029844F20041C4F201018842DC
:1003B00020D0FFE7029844F60001C4F20101884210
:1003C00018D0FFE7029841F60001C4F2000188420C
:1003D00010D0FFE7029841F60041C4F200018842C4
:1003E00008D0FFE7029842F20001C4F200018842FF
:1003F0000AD1FFE7009820F4407000900198C1688E
:10040000009808430090FFE7009820F080000199D1
:100410004969084300900098029908600198806833
:100420000299C862019800680299886202980021C6
:10043000C4F20101884208D0FFE7029840F200416F
:10044000C4F20101884205D1FFE7019800690299D1
:100450000863FFE702990120486103B0704700007C
:1004600084B0039002910192029800F01F010120D4
:1004700088400090009A0399086A904308620198A6
:10048000029901F01F0100FA01F20399086A104372
:10049000086204B07047000085B004900391029296
:1004A0000193049880680090009820F47F400090A9
:1004B00003980299019A41EA0221014300980843F6
:1004C000009000980499886005B0704783B002904E
:1004D0000191029880680090009820F070000090D0
:1004E00001980099084340F0070000900098029995
:1004F000886003B07047000085B0049003910499B0
:10050000086A20F0010008620498006A01900498CB
:1005100040680090049880690290029820F0700072
:100520000290029820F0030002900398016802985C
:1005300008430290019820F002000190039881681E
:1005400001980843019004980021C4F201018842F7
:1005500008D0FFE7049840F20041C4F2010188424C
:100560000ED1FFE7019820F0080001900398C168C0
:10057000019808430190019820F004000190FFE7E2
:1005800004980021C4F20101884208D0FFE70498D2
:1005900040F20041C4F20101884213D1FFE7009804
:1005A00020F480700090009820F400700090039870
:1005B00041690098084300900398816900980843B6
:1005C0000090FFE7009804994860029804998861B8
:1005D000039840680499486301980499086205B03B
:1005E0007047000085B0049003910499086A20F0D8
:1005F000100008620498006A019004984068009016
:10060000049880690290029820F4E04002900298D9
:1006100020F44070029003980168029840EA01209B
:100620000290019820F020000190039881680198C1
:1006300040EA0110019004980021C4F201018842AF
:1006400008D0FFE7049840F20041C4F2010188425B
:100650000FD1FFE7019820F0800001900398C16856
:10066000019840EA01100190019820F040000190AB
:10067000FFE704980021C4F20101884208D0FFE797
:10068000049840F20041C4F20101884215D1FFE70D
:10069000009820F480600090009820F400600090A2
:1006A00003984169009840EA8100009003988169AD
:1006B000009840EA81000090FFE7009804994860A4
:1006C00002980499886103984068049988630198A6
:1006D0000499086205B0704785B0049003910499AD
:1006E000086A20F4807008620498006A01900498F7
:1006F000406800900498C0690290029820F0700051
:100700000290029820F0030002900398016802987A
:1007100008430290019820F40070019003988168CA
:10072000019840EA0120019004980021C4F20101DF
:10073000884208D0FFE7049840F20041C4F201016A
:1007400088420FD1FFE7019820F4006001900398E0
:10075000C168019840EA01200190019820F480606E
:100760000190FFE704980021C4F20101884208D0FB
:10077000FFE7049840F20041C4F20101884215D11C
:10078000FFE7009820F480500090009820F400507B
:10079000009003984169009840EA01100090039886
:1007A0008169009840EA01100090FFE700980499E1
:1007B000486002980499C861039840680499C86326
:1007C00001980499086205B07047000085B0049054
:1007D00003910499086A20F4805008620498006A22
:1007E00001900498406800900498C06902900298B3
:1007F00020F4E0400290029820F4407002900398A8
:100800000168029840EA01200290019820F400500B
:10081000019003988168019840EA013001900498A2
:100820000021C4F20101884208D0FFE7049840F299
:100830000041C4F2010188420BD1FFE7009820F487
:100840008040009003984169009840EA8110009030
:10085000FFE700980499486002980499C8610398DA
:1008600040680499086401980499086205B07047CB
:1008700085B00490039102920498006A0090049954
:10088000086A20F0010008620498806901900198CC
:1008900020F0F00001900299019840EA01100190C7
:1008A000009820F00A0000900399009808430090F7
:1008B00001980499886100980499086205B070470E
:1008C00085B00490039102920499086A20F0100008
:1008D00008620498806901900498006A0090019869
:1008E00020F4704001900299019840EA0130019093
:1008F000009820F0A00000900399009840EA0110B1
:10090000009001980499886100980499086205B0E4
:100910007047000080B582B001900198806B009014
:1009200000990020C8850099C8840098F7F72EF92F
:1009300002B080BD80B584B003900020029003987F
:10094000806B0190019800684069C0B2C0090290B4
:10095000019890F83D0021280AD1FFE7029838B1AC
:10096000FFE701990020C884019800F059F9FFE7DA
:10097000019800684069C0F380100290019890F8D7
:100980003E0022280AD1FFE7029838B1FFE701991B
:100990000020C885019800F0E5F8FFE70199086C90
:1009A00040F0100008640198F7F7F0F804B080BD3B
:1009B00080B586B005900598806B04900598006816
:1009C0000068C00500285AD4FFE704990020C885B4
:1009D000FFE7FFE70498006850E8030F20F48070F9
:1009E0000390FFE703990498026842E80310002887
:1009F000F0D1FFE7FFE7FFE7FFE70498006850E862
:100A0000050F20F001000290FFE7029904980268A8
:100A100042E805100028F0D1FFE7FFE7FFE7FFE716
:100A20000498006850E8050F20F040000190FFE7AF
:100A300001990498026842E805100028F0D1FFE708
:100A4000FFE70499202081F83E000498006B0128FC
:100A500014D1FFE7FFE7FFE70498006850E8030FB1
:100A600020F010000090FFE700990498026842E827
:100A700003100028F0D1FFE7FFE7FFE7FFE7049846
:100A8000006B012805D1FFE70498818DF7F712F874
:100A900003E00498F7F7F6FCFFE706B080BD00001E
:100AA00080B582B001900198806B00900098006B37
:100AB000012806D1FFE70098818D4908F6F7FAFF73
:100AC00003E00098F7F7E2FCFFE702B080BD00000A
:100AD00080B584B003900398806B029003980068FF
:100AE0000068C00500282AD4FFE702990020C884C6
:100AF000FFE7FFE70298006850E8050F20F080004C
:100B00000190FFE701990298026842E80510002869
:100B1000F0D1FFE7FFE7FFE7FFE70298006850E842
:100B2000030F40F040000090FFE700990298026830
:100B300042E803100028F0D1FFE7FFE703E0029846
:100B4000F7F730FDFFE704B080BD000080B582B04C
:100B500001900198806B00900098F7F727FD02B094
:100B600080BD000084B00390FFE7FFE703980068B2
:100B700050E8030F20F490700290FFE70299039869
:100B8000026842E803100028F0D1FFE7FFE7FFE723
:100B9000FFE70398006850E8050F20F0010001907E
:100BA000FFE701990398026842E805100028F0D198
:100BB000FFE7FFE70398006B012814D1FFE7FFE789
:100BC000FFE70398006850E8030F20F01000009042
:100BD000FFE700990398026842E803100028F0D16B
:100BE000FFE7FFE7FFE70399202081F83E00039924
:100BF0000020086304B0704780B582B0019001986E
:100C00000168C86820F04000C8600199202081F880
:100C10003D000198F7F7C6FC002002B080BD00003F
:100C200082B00190FFE7FFE70198006850E8030FEA
:100C300020F0C0000090FFE700990198026842E8A8
:100C400003100028F0D1FFE7FFE70199202081F889
:100C50003D0002B07047000080B586B00490049853
:100C600090F83E00222840F0A180FFE704988068B9
:100C7000B0F5805F15D1FFE70498006988B9FFE7F8
:100C8000002003900498806A0290049800684068ED
:100C90006FF35F20029908800499886A02308862A5
:100CA00025E00498806A03900020029004988068F0
:100CB000B0F5805F08D0FFE70498806850B9FFE77F
:100CC0000498006930B9FFE7049800684068039908
:100CD000087007E004980068406800F07F000399FE
:100CE0000870FFE70499886A01308862FFE7049979
:100CF000C88D0138C8850004002853D1FFE7049847
:100D00000168C86820F02000C86004980168C868BD
:100D100020F48070C86004980168486920F00100E0
:100D200048610499202081F83E000498006B012856
:100D300030D1FFE7049900200863FFE7FFE704983C
:100D4000006850E8030F20F010000190FFE70199C0
:100D50000498026842E803100028F0D1FFE7FFE79B
:100D6000049800680068C00600280ED5FFE7FFE77A
:100D700000200090049800680068009004980068C3
:100D8000406800900098FFE7FFE70498818DF6F730
:100D900091FE03E00498F7F775FBFFE700208DF85C
:100DA000170007E000208DF8170003E002208DF8FF
:100DB0001700FFE79DF8170006B080BD80B586B02C
:100DC000059005980068006920F44050059A116864
:100DD000D26810430861059988680B694A69C96936
:100DE000184310430843049005980068C06849F20E
:100DF0000C6188430499084305990968C8600598FF
:100E00000068406920F44070059A116892691043A7
:100E100048610598006841F20001C4F2010188426E
:100E200009D0FFE70598006841F20041C4F20101D2
:100E3000884204D1FFE7F4F75FFE039003E0F4F784
:100E400049FE0390FFE70598C069B0F5004F29D12E
:100E5000FFE703981921A0FB0101059A136802938B
:100E600053685A00DB0FEFF71FFA0299864648F2E3
:100E70001F53C5F2EB13AEFB0320420910014FF0E4
:100E8000640C02FB1CEC322202EBCC02A2FB03320C
:100E9000F82303EA521300EB4300C2F3421210445A
:100EA000886026E003981921A0FB0101059A1368C8
:100EB000019353689A009B0FEFF7F6F90199844666
:100EC00048F21F52C5F2EB12ACFB0230430964201A
:100ED00003FB10CC322000EB0C10A0FB0202F02030
:100EE00000EA521000EB0310C2F343121044886072
:100EF000FFE706B080BD000080B588B0079006917E
:100F0000ADF81620069807998862BDF81600079973
:100F10008885079900200864079A222182F83E10EC
:100F200007998A6B40F6B111C0F60101D1630799A8
:100F30008A6B40F6A121C0F60101116407998A6B02
:100F400040F63511C0F60101D1640799896B086537
:100F500006A8049007980168806B0431049A12680F
:100F6000BDF81630F2F7CCFEFFE70020039007989B
:100F70000068006803900798006840680390039831
:100F8000FFE7FFE70799002081F83C00FFE707989B
:100F90000069A0B1FFE7FFE7FFE70798006850E8A6
:100FA000030F40F480700290FFE7029907980268EF
:100FB00042E803100028F0D1FFE7FFE7FFE7FFE773
:100FC000FFE70798006850E8050F40F00100019026
:100FD000FFE701990798026842E805100028F0D160
:100FE000FFE7FFE7FFE7FFE70798006850E8050F16
:100FF00040F040000090FFE700990798026842E83F
:1010000005100028F0D1FFE7FFE7002008B080BD01
:1010100083B00190019890F83D0021283AD1FFE774
:1010200001988068B0F5805F13D1FFE701980069EF
:1010300078B9FFE70198006A0090009800886FF384
:101040005F200199096848600199086A02300862C6
:1010500008E0019A106A411C116200780199096840
:101060004860FFE70199C88C0138C884000468B95A
:10107000FFE701980168C86820F08000C860019807
:101080000168C86840F04000C860FFE700208DF8A4
:101090000B0003E002208DF80B00FFE79DF80B002A
:1010A00003B0704780B582B044F2A430C2F20000B1
:1010B0000190F6F76FFD0198EFF7C6FD02B080BD15
:1010C00080B582B044F2E830C2F200000190F6F739
:1010D00061FD0198EFF7B8FD02B080BD80B582B028
:1010E00044F22C40C2F200000190F6F753FD019843
:1010F000EFF7AAFD02B080BD80B586B004908DF8F0
:101100000F100498D0F8C80201900498D0F8D412B7
:1011100000EB8100D0F8C00220B9FFE703208DF872
:1011200017005FE00498D0F8D41200EB8100D0F8EB
:10113000C002029004989DF80F1001F00F0101EB1E
:10114000810100EB8100806940B3FFE704989DF8BE
:101150000F1001F00F0101EB810200EB82008269A8
:10116000019801EBC10100EB8100816CB2FBF1F051
:1011700000FB112090B9FFE704989DF80F1001F0D3
:101180000F0101EB810100EB8100002383610498D2
:101190009DF80F101A4601F083FD1FE00299002010
:1011A000C1F814020498D0F8D41200EB8100D0F8F2
:1011B000C402006988B1FFE70498D0F8D41200EBAC
:1011C0008100D0F8C40203690299D1F8080201F540
:1011D00004719DF80F209847FFE7FFE700208DF886
:1011E0001700FFE79DF8170006B080BD80B584B0FA
:1011F00002908DF807100298D0F8D41200EB81000D
:10120000D0F8C00200900298D0F8D41200EB810010
:10121000D0F8C00220B9FFE703208DF80F0019E0D5
:1012200002989DF8071001F0CBFA0099C1F80C0262
:101230000298D0F8D41200EB8100D0F8C402C26842
:101240000099D1F8040201F50371904700208DF850
:101250000F00FFE79DF80F0004B080BD80B586B099
:1012600005908DF81310059840F20901C2F20001B3
:101270000091097801F0BCF800990598097801F00F
:101280000F0101EB810100EB8101002003908884B4
:10129000059840F20A01C2F200010191097801F0BB
:1012A000A7F8019A03980599127802F00F0202EB51
:1012B000820201EB8201A1F86401059840F2080165
:1012C000C2F200010291097801F092F8029A0398A3
:1012D0000599137803F00F0303EB830301EB8301FC
:1012E00088840599127802F00F0202EB820201EB6A
:1012F0008201C8840598D0F8D41200EB8100D0F8A0
:10130000C002F0B1FFE70598D0F8D41200EB8100DD
:10131000D0F8C402406880470598D0F8D41200EB9A
:101320008100D0F8C00202F057F90598D0F8D41225
:1013300000EB81010020C1F8C0020599C1F8BC0290
:10134000FFE7002006B080BD80B584B0029002980F
:10135000D0F8D41200EB8100D0F8C00201900198BF
:1013600020B9FFE703208DF80F0025E00298D0F8A0
:10137000D41200EB8100D0F8C402C8B1FFE7019895
:1013800090F80002FF2813D0FFE70298D0F8D4129B
:1013900000EB8100D0F8C4028368019991F8000243
:1013A00091F8012298470199FF2081F80002FFE798
:1013B00000208DF80F00FFE79DF80F0004B080BDFE
:1013C00081B0009000990A20088040F25010C2F2CB
:1013D000000001B07047000080B586B0059040F273
:1013E0000C10C2F200000190822100F09BFE014629
:1013F00001980491012100F095FE014601980391A6
:10140000812100F08FFE0290049820B1FFE704993B
:1014100010208871FFE7039820B1FFE7039940206F
:101420008880FFE7029820B1FFE70299402088807A
:10143000FFE705994320088040F20C10C2F200003B
:1014400006B080BD80B586B0059040F20C10C2F2A7
:1014500000000190822100F065FE01460198049190
:10146000012100F05FFE014601980391812100F007
:1014700059FE0290049820B1FFE70499102088716A
:10148000FFE7039828B1FFE703994FF400708880C5
:10149000FFE7029828B1FFE702994FF400708880B7
:1014A000FFE705994320088040F20C10C2F20000CB
:1014B00006B080BD80B586B0059040F20C10C2F237
:1014C00000000190822100F02DFE01460198049158
:1014D000012100F027FE014601980391812100F0CF
:1014E00021FE0290049820B1FFE704991020887132
:1014F000FFE7039820B1FFE7039940208880FFE7CA
:10150000029820B1FFE7029940208880FFE7059903
:101510004320088040F20C10C2F2000006B080BDEB
:1015200080B590B00E908DF837104FF4077002F030
:1015300057F80C900C9860B9FFE70E98D0F8D412C9
:1015400000EB81010020C1F8C00202208DF83F00AD
:10155000F0E00C984FF40771EFF73CF80C980E99F7
:10156000D1F8D42201EB8201C1F8C0020E99D1F862
:10157000D40201EB8000D0F8C002C1F8BC020E9882
:10158000007C002840D1FFE70E9840F20901C2F22A
:10159000000107910978022208924FF40073099321
:1015A00001F0FAF90799089A099B0E98097801F059
:1015B0000F0101EB810100EB810101200B90888478
:1015C0000E9840F20A01C2F200010A91097801F076
:1015D000E3F90A9A0B980E99127802F00F0202EBC7
:1015E000820201EB8201A1F864010E9840F2080129
:1015F000C2F20001097801F00F0101EB810100EB5B
:1016000081011020C8843EE00E9840F20901C2F228
:10161000000102910978022203924023049301F011
:10162000BBF90299039A049B0E98097801F00F0107
:1016300001EB810100EB81010120069088840E9866
:1016400040F20A01C2F200010591097801F0A4F903
:10165000059A06980E99127802F00F0202EB8202A8
:1016600001EB8201A1F864010E9840F20801C2F278
:101670000001097801F00F0101EB810100EB81010C
:101680001020C884FFE70E9840F20801C2F2000162
:10169000009109780322082301F07EF900990E9841
:1016A000097801F00F0101EB810100EB81010120BC
:1016B00088840C9900200190C1F804020E98D0F89B
:1016C000D41200EB8100D0F8C40200688047019872
:1016D0000C99C1F814020C99C1F818020C98D0F8B2
:1016E000040220B9FFE702208DF83F0022E00E98A7
:1016F000007C70B9FFE70E9840F20A01C2F20001C7
:1017000009780C9AD2F804224FF4007301F06AF9B8
:101710000CE00E9840F20A01C2F2000109780C9A1E
:10172000D2F80422402301F05DF9FFE700208DF894
:101730003F00FFE79DF83F0010B080BD80B584B04A
:1017400002900298D0F8D41200EB8100D0F8C002C9
:1017500001900298D0F8D41200EB8100D0F8C002BA
:1017600020B9FFE703208DF80F0022E00298007CEB
:1017700070B9FFE7029840F20A01C2F2000109784D
:10178000019AD2F804224FF4007301F02BF90CE017
:10179000029840F20A01C2F200010978019AD2F8D7
:1017A0000422402301F01EF9FFE700208DF80F000E
:1017B000FFE79DF80F0004B080BD000083B00190EA
:1017C0000091009820B9FFE703208DF80B000BE093
:1017D00000980199D1F8D42201EB8201C1F8C4022A
:1017E00000208DF80B00FFE79DF80B0003B0704759
:1017F00084B0029001910298D0F8D41200EB8100DD
:10180000D0F8C0020090009820B9FFE703208DF8BF
:101810000F0007E001980099C1F8040200208DF83C
:101820000F00FFE79DF80F0004B0704785B00390EC
:10183000029101920398D0F8D41200EB8100D0F805
:10184000C0020090009820B9FFE703208DF8130034
:101850000BE002980099C1F8080201980099C1F8BC
:10186000100200208DF81300FFE79DF8130005B06B
:101870007047000080B58AB0089007910898D0F8AA
:10188000D41200EB8100D0F8C002069000208DF841
:101890001500ADF812008DF81100069820B9FFE789
:1018A00003208DF82700C7E00798007800F060005B
:1018B0000146039100285ED0FFE70398202840F0FE
:1018C000AE80FFE70798C088002846D0FFE707985A
:1018D00000780006002823D5FFE70898D0F8D41236
:1018E00000EB8100D0F8C4028368079A507806990B
:1018F000D28898470798C088082803D3FFE70720B5
:10190000029003E00798C0880290FFE70298ADF8C4
:10191000160008980699BDF8162000F081F91BE022
:1019200007984078069981F800020798C0883F28F8
:1019300004D8FFE70798C088019002E0402001909A
:10194000FFE70198069981F801020898069991F835
:10195000012200F037F9FFE70CE00898D0F8D41224
:1019600000EB8100D0F8C402836807994878002210
:101970009847FFE75BE007984078014600910B2805
:1019800044D80099DFE801F0064142424242424217
:1019900042421C32089890F89C02032807D1FFE7C6
:1019A00008980DF11201022200F03AF907E00898B8
:1019B000079900F0F9F803208DF81100FFE72DE0FA
:1019C000089890F89C02032807D1FFE708980DF1CA
:1019D0001501012200F024F907E00898079900F0AA
:1019E000E3F803208DF81100FFE717E0089890F85E
:1019F0009C02032808D0FFE70898079900F0D4F864
:101A000003208DF81100FFE708E007E00898079928
:101A100000F0CAF803208DF81100FFE707E00898EE
:101A2000079900F0C1F803208DF81100FFE79DF839
:101A300011008DF82700FFE79DF827000AB080BD50
:101A400080B584B002900298D0F8D41200EB8100E7
:101A5000D0F8C002019001208DF803000298D0F860
:101A6000D41200EB8100D0F8C00220B9FFE70320B8
:101A70008DF80F002AE00198D0F8140208BBFFE7A8
:101A800001990120C1F814020198D0F81002029ABD
:101A900040F20901C2F200010B7803F00F0303EBDF
:101AA000830302EB8302906102980978019BD3F8CB
:101AB0000822D3F8103201F0F3F800208DF803006B
:101AC000FFE79DF803008DF80F00FFE79DF80F007A
:101AD00004B080BD80B582B001908DF80310002065
:101AE0008DF802000198D0F8B8124A689DF80310EA
:101AF000904720B1FFE703208DF80200FFE79DF833
:101B0000020002B080BD000080B582B0019000915B
:101B1000019890F89C02013802280ED8FFE700983F
:101B20004088012808D1FFE701990020C1F8A402EC
:101B3000019800F08FF8FFE704E00198009900F0A9
:101B400033F8FFE702B080BD82B001908DF803103A
:101B5000002002B07047000082B001908DF80310A1
:101B6000002002B07047000080B584B0039002915D
:101B700001920398029A019B0021009100F032FF2C
:101B8000009804B080BD000080B584B0039002913D
:101B900001920398029A019B0021009101F080F8C4
:101BA000009804B080BD000080B582B00190009123
:101BB0000198802101F02CF80198002101F028F80B
:101BC00002B080BD80B584B0039002910192039968
:101BD0000320C1F8940201980399C1F858010198B3
:101BE0000399C1F85C010398029A019B00210091BE
:101BF00000F0F8FE009804B080BD000080B582B00F
:101C0000019001990520C1F89402019800230093E6
:101C100019461A4600F0E6FE009802B080BD0000AA
:101C200080B584B003900291019203990220C1F81B
:101C3000940201980399886101980399C8610398F7
:101C4000029A019B0021009101F02AF8009804B04B
:101C500080BD000080B582B0019001990420C1F8D8
:101C6000940201980023009319461A4601F018F8CF
:101C7000009802B080BD000080B582B08DF80700EA
:101C800000919DF8070060B9FFE7009A4FF2CC2061
:101C9000C0F6010041F6A831C2F2000100F0DEFA00
:101CA0000BE0009A4FF2CC20C0F6010041F6A831BB
:101CB000C2F2000100F0D2FAFFE741F6A830C2F20A
:101CC000000002B080BD000082B08DF807000091D6
:101CD00000991220088040F25C10C2F2000002B0AD
:101CE0007047000080B582B08DF8070000919DF824
:101CF000070060B9FFE7009A4FF2BE20C0F601006E
:101D000041F6A831C2F2000100F0A8FA0BE0009AF7
:101D10004FF2BE20C0F6010041F6A831C2F2000128
:101D200000F09CFAFFE741F6A830C2F2000002B0D2
:101D300080BD000082B08DF807000091009904205A
:101D4000088040F28410C2F2000002B07047000028
:101D500080B584B08DF80F000291029A4FF2D7201F
:101D6000C0F6010041F6A831C2F20001019100F075
:101D700075FA019804B080BD80B582B08DF8070077
:101D800000919DF8070060B9FFE7009A4FF2EA2042
:101D9000C0F6010041F6A831C2F2000100F05EFA7F
:101DA0000BE0009A4FF2EA20C0F6010041F6A8319C
:101DB000C2F2000100F052FAFFE741F6A830C2F289
:101DC000000002B080BD000080B582B08DF8070031
:101DD000009100991A200880F0F730F940F288103D
:101DE000C2F2000002B080BD80B584B003900291C1
:101DF0000298C088012805D0FFE703980299FFF7F1
:101E0000D3FE21E0039890F89C12481E019102280D
:101E100004D3FFE7019803280AD00FE003990020BC
:101E20008860039800F108010122FFF7F9FE0AE03B
:101E30000398011D0122FFF7F3FE04E003980299C5
:101E4000FFF7B2FEFFE7FFE704B080BD80B588B0C2
:101E5000079006910020ADF8160004908DF80F0051
:101E60000698C078013801460291062800F21E81CA
:101E70000299DFE811F0070011002E001B011B0181
:101E8000E80000010798D0F8B4120A68007C0DF150
:101E900016019047049013E10798007C60B9FFE7B2
:101EA0000798D0F8B802816A0DF1160088470490AF
:101EB0000499022048700BE00798D0F8B802C16A74
:101EC0000DF1160088470490049902204870FFE73E
:101ED000F6E00698807801460191052800F2A88076
:101EE0000199DFE801F0031E39546F8A0798D0F892
:101EF000B402406850B1FFE70798D0F8B4124A68BE
:101F0000007C0DF116019047049009E007980699AE
:101F1000FFF74AFE9DF80F0001308DF80F00FFE734
:101F200090E00798D0F8B402806850B1FFE70798B6
:101F3000D0F8B4128A68007C0DF116019047049025
:101F400009E007980699FFF72FFE9DF80F00013072
:101F50008DF80F00FFE775E00798D0F8B402C0686D
:101F600050B1FFE70798D0F8B412CA68007C0DF1B1
:101F700016019047049009E007980699FFF714FEB0
:101F80009DF80F0001308DF80F00FFE75AE0079829
:101F9000D0F8B402006950B1FFE70798D0F8B41246
:101FA0000A69007C0DF116019047049009E007983A
:101FB0000699FFF7F9FD9DF80F0001308DF80F002D
:101FC000FFE73FE00798D0F8B402406950B1FFE75F
:101FD0000798D0F8B4124A69007C0DF116019047B9
:101FE000049009E007980699FFF7DEFD9DF80F00C1
:101FF00001308DF80F00FFE724E00798D0F8B40215
:10200000806950B1FFE70798D0F8B4128A69007C64
:102010000DF116019047049009E007980699FFF723
:10202000C3FD9DF80F0001308DF80F00FFE709E0B8
:1020300007980699FFF7B8FD9DF80F0001308DF85D
:102040000F00FFE73CE00798007C48B9FFE70798DE
:10205000D0F8B802416B0DF116008847049009E0F2
:1020600007980699FFF7A0FD9DF80F0001308DF845
:102070000F00FFE724E00798007C60B9FFE70798AE
:10208000D0F8B802016B0DF116008847049004994E
:102090000720487009E007980699FFF785FD9DF82D
:1020A0000F0001308DF80F00FFE709E0079806994F
:1020B000FFF77AFD9DF80F0001308DF80F00FFE764
:1020C0009DF80F0008B1FFE72AE00698C08818B312
:1020D000FFE7BDF81600C8B1FFE7BDF81600069986
:1020E000C988884204DAFFE7BDF81600009003E0D3
:1020F0000698C0880090FFE70098ADF81600079892
:102100000499BDF81620FFF78BFD04E007980699A7
:10211000FFF74AFDFFE703E00798FFF79BFDFFE7A6
:1021200008B080BD80B586B005908DF81310059875
:102130000390059802900020019002994888097840
:10214000884227DDFFE702980078ADF80200FFE73C
:10215000BDF802000299498888421ADAFFE703981D
:102160000DF1020100F034F803900398407805283F
:102170000ED1FFE703980190019880789DF8131025
:10218000884201D1FFE704E000200190FFE7FFE76C
:10219000DEE7FFE7019806B080BD000083B0029043
:1021A00000208DF8070002980090FFE70098007863
:1021B00048B1FFE79DF8070001308DF8070000984F
:1021C00001300090F2E79DF8070003B0704700006F
:1021D00083B00290019102980090009802780199D2
:1021E00008881044088002980099097808440090F3
:1021F000009803B07047000080B582B00190009154
:10220000019890F89C02013802281FD8FFE7009837
:10221000C088022805D0FFE701980099FFF7C4FCA9
:1022200019E001990120C8600198D0F8A40230B1EA
:10223000FFE70199C86840F00200C860FFE7019815
:1022400000F10C010222FFF7EBFC04E00198009979
:10225000FFF7AAFCFFE702B080BD000080B586B0A2
:1022600005900491039200208DF80B00059808B9A1
:10227000FFE73DE0059801900198FFF78FFF0146C9
:10228000022000EB4100039908800398007804992C
:102290009DF80B2088549DF80B0001308DF80B0041
:1022A00004999DF80B20032088549DF80B00013001
:1022B0008DF80B00FFE701980078C8B1FFE701989F
:1022C000007804999DF80B20885401980130019002
:1022D0009DF80B0001308DF80B0004999DF80B2040
:1022E000002088549DF80B0001308DF80B00E2E7C8
:1022F00006B080BD82B08DF8070000208DF8060082
:102300009DF8070001460091032814D80099DFE8E2
:1023100001F002060A0E00208DF806000FE00320EF
:102320008DF806000BE001208DF8060007E0032081
:102330008DF8060003E003208DF80600FFE79DF806
:10234000060002B07047000080B584B00290019191
:102350008DF80320029820B9FFE703208DF80F00C5
:1023600023E002990020C1F8B8020299C1F8C40222
:102370000299C1F8D002019828B1FFE701980299AB
:10238000C1F8B402FFE70299012081F89C029DF890
:10239000030002990870029800F020FA8DF80200FC
:1023A0009DF802008DF80F00FFE79DF80F0004B0C4
:1023B00080BD000080B582B001908DF80310002030
:1023C0008DF802008DF801000198D0F8C8029DF840
:1023D0000310F2F775F98DF802009DF80200FFF77F
:1023E00089FF8DF801009DF8010002B080BD00005A
:1023F00080B582B001908DF8031000208DF80200A6
:102400008DF801000198D0F8C8029DF80310F2F78A
:1024100003F98DF802009DF80200FFF76BFF8DF8BD
:1024200001009DF8010002B080BD000080B588B0B9
:1024300006908DF8171004929DF81700002875D1AA
:10244000FFE70698143003900698D0F8940202280B
:102450005DD1FFE703998868C968884212D9FFE710
:1024600003998868CA68801A886006980499039A54
:102470009268FFF789FB0698002319461A4600F078
:10248000B1FA43E003988168C06888421ED1FFE733
:1024900003994868C968884218D3FFE703984068E1
:1024A0000699D1F89812884210D2FFE706980022C8
:1024B00001921146FFF768FB019B0698C0F898321D
:1024C000069819461A4600F08DFA1EE0069890F814
:1024D0009C02032811D1FFE70698D0F8B802C06823
:1024E00050B1FFE706990020C1F8D4020698D0F851
:1024F000B812C9688847FFE7FFE70698802100F017
:1025000087FB0698FFF77AFBFFE7FFE700E0FFE7AE
:10251000069890F8A00240B1FFE7069800F04EFC44
:102520000699002081F8A002FFE740E006989DF898
:10253000171041F08001FFF707FB8DF80A009DF8A6
:102540000A00FF2832D0FFE79DF80A0070BBFFE7C2
:10255000069890F89C02032827D1FFE706989DF87B
:102560000A1000EB8100D0F8B8024069E0B1FFE743
:102570009DF80A000699C1F8D40206989DF80A1041
:1025800000EB8101D1F8B8124A699DF81710904705
:102590008DF80B009DF80B0028B1FFE79DF80B00AC
:1025A0008DF81F0007E0FFE7FFE7FFE7FFE70020E8
:1025B0008DF81F00FFE79DF81F0008B080BD0000E8
:1025C00080B58AB008908DF81F10069200208DF813
:1025D00013009DF81F00002840F08380FFE7089853
:1025E00000F5AA7005900898D0F89402032876D1D7
:1025F000FFE705998868C96888421DD9FFE70599F2
:102600008868CA68801A88600898029006980390C3
:1026100005998868C968884204D2FFE705988068F0
:10262000019003E00598C0680190FFE703990298C4
:10263000019AFFF799FA51E0089890F8AA0200F081
:102640001F000146009140B1FFE70098012808D023
:10265000FFE7009802280CD013E000208DF812004C
:1026600013E0089890F8AE12FFF776FA8DF8120092
:102670000BE0089890F8AE12FFF766FA8DF812009A
:1026800003E000208DF81200FFE79DF8120008BB60
:10269000FFE7089890F89C0203281AD1FFE70898F2
:1026A0009DF8121000EB8100D0F8B802006978B1F3
:1026B000FFE79DF812000899C1F8D40208989DF828
:1026C000121000EB8101D1F8B81209698847FFE7C1
:1026D000FFE7FFE70898FFF7BDFAFFE700E0FFE735
:1026E00040E008989DF81F1001F07F01FFF72CFAD9
:1026F0008DF812009DF81200FF2832D0FFE79DF8F8
:10270000120070BBFFE7089890F89C0203281ED1C6
:10271000FFE708989DF8121000EB8100D0F8B8028E
:10272000806998B1FFE79DF812000899C1F8D402BA
:1027300008989DF8121000EB8101D1F8B8128A694F
:102740009DF81F1090478DF81300FFE7FFE79DF8F5
:10275000130028B1FFE79DF813008DF8270005E06E
:10276000FFE7FFE700208DF82700FFE79DF827002F
:102770000AB080BD81B00090002001B07047000019
:1027800080B582B0019000208DF8030001990120EE
:1027900081F89C020198D0F8B80268B1FFE701986F
:1027A000D0F8B8124A680179904720B1FFE70320BA
:1027B0008DF80300FFE7FFE79DF8030002B080BD3E
:1027C00080B582B001908DF803100198D0F8C8024E
:1027D0009DF80310F1F7D8FF02B080BD80B584B03A
:1027E000039003980078A8BBFFE7039943F6C8401D
:1027F000C2F200000290C0F808150399C1F8C8029F
:102800004FF0A0410160042141600222C26000211A
:1028100001618261C16101624162C1620163F2F7DB
:102820006DFD18B1FFE7EFF7FFF9FFE743F6C8408A
:10283000C2F20000019080210091F1F727FE01987B
:1028400000214022F1F72EFE009A01980121F1F7B4
:1028500029FEFFE7002004B080BD000084B0029094
:102860008DF807100298D0F8C80200909DF8070074
:10287000000600280ED5FFE700989DF8071001F02C
:102880007F0101EBC10100EB810090F83E008DF863
:102890000F000DE000989DF8071001F07F0101EB9B
:1028A000C10100EB810090F87E028DF80F00FFE778
:1028B0009DF80F0004B0704780B584B002908DF889
:1028C00007100298D0F8D41200EB8100D0F8B802BB
:1028D00020B9FFE703208DF80F0020E0029890F860
:1028E0009C02032817D1FFE70298D0F8D41200EB1E
:1028F0008100D0F8B802006A60B1FFE70298D0F812
:10290000D41200EB8101D1F8B8120A6A9DF80710C1
:102910009047FFE7FFE700208DF80F00FFE79DF8E5
:102920000F0004B080BD000080B584B002908DF827
:1029300007100298D0F8D41200EB8100D0F8B8024A
:1029400020B9FFE703208DF80F0020E0029890F8EF
:102950009C02032817D1FFE70298D0F8D41200EBAD
:102960008100D0F8B802406A60B1FFE70298D0F861
:10297000D41200EB8101D1F8B8124A6A9DF8071011
:102980009047FFE7FFE700208DF80F00FFE79DF875
:102990000F0004B080BD000080B584B003908DF8B6
:1029A0000B108DF80A20ADF8083000208DF80700D4
:1029B0008DF806000398D0F8C8029DF80B10BDF8FA
:1029C00008209DF80A30F1F7F1FE8DF807009DF818
:1029D0000700FFF78FFC8DF806009DF8060004B095
:1029E00080BD000080B586B005908DF8131003926D
:1029F000029300208DF807008DF806000598D0F8A6
:102A0000C8029DF81310039A029BF1F745FF8DF859
:102A100007009DF80700FFF76DFC8DF806009DF894
:102A2000060006B080BD000080B586B0059000208D
:102A30008DF81300059A012182F89C120599C1F8BE
:102A40009402059948600599C1F8A402059981F896
:102A5000A0020598D0F8B802A0B1FFE70598D0F819
:102A6000B802406868B1FFE70598D0F8B8124A6824
:102A70000179904720B1FFE703208DF81300FFE7AD
:102A8000FFE7FFE7059800220192402303931146D8
:102A9000FFF782FF019A039B059901200290A1F89C
:102AA00064010598C0F8603105988021FFF774FF34
:102AB00002990398059A9184059908629DF813007C
:102AC00006B080BD81B00090009890F89C02042868
:102AD00007D1FFE7009890F89D02009981F89C02C9
:102AE000FFE7002001B0704780B582B001900198E7
:102AF00090F89C02032813D1FFE70198D0F8B802A0
:102B000068B1FFE70198D0F8B802C06930B1FFE7BB
:102B10000198D0F8B812C9698847FFE7FFE7FFE7D7
:102B2000002002B080BD000082B001908DF803103B
:102B30009DF8030001990874002002B0704700005E
:102B400080B582B001908DF8031000208DF802004E
:102B50008DF801000198D0F8C8029DF80310F2F733
:102B6000BDFD8DF802009DF80200FFF7C3FB8DF854
:102B700001009DF8010002B080BD000080B584B066
:102B800003900291039800F2AA20029900F0AAF89B
:102B900003990120C1F894020399B1F8B002C1F879
:102BA0009802039890F8AA0200F01F0001460091D5
:102BB00040B1FFE7009801280CD0FFE700980228F9
:102BC00010D017E0039800F2AA2100F04FFA8DF818
:102BD000070019E0039800F2AA2100F083FC8DF8A9
:102BE000070011E0039800F2AA2100F0A5FA8DF881
:102BF000070009E0039890F8AA1201F0800100F0A4
:102C000007F88DF80700FFE79DF8070004B080BDC6
:102C100080B582B001908DF8031000208DF802007D
:102C20008DF801000198D0F8C8029DF80310F1F763
:102C300077FE8DF802009DF80200FFF75BFB8DF830
:102C400001009DF8010002B080BD000080B582B097
:102C5000019000208DF803008DF802000198D0F853
:102C6000C802F2F777FD8DF803009DF80300FFF727
:102C700041FB8DF802009DF8020002B080BD00000B
:102C800081B00090009890F89C02009981F89D0214
:102C90000099042081F89C02002001B070470000D8
:102CA00080B586B005908DF8131003920293002032
:102CB0008DF807008DF806000598D0F8C8029DF839
:102CC0001310039A029BF1F79BFE8DF807009DF805
:102CD0000700FFF70FFB8DF806009DF8060006B011
:102CE00080BD000080B584B00390029102980190ED
:102CF00001980078039908700198013001900198BB
:102D00000078039948700198013001900198FCF710
:102D100069FF0399488001980130019001980130C2
:102D200001900198FCF75EFF0399888001980130BB
:102D300001900198013001900198FCF753FF03992D
:102D4000C88004B080BD000080B584B002900191BD
:102D50000020ADF80200019820B9FFE703208DF8AC
:102D60000F0026E001980299C1F8B8020298D0F845
:102D7000D41200EB8100D0F8B802C06A78B1FFE746
:102D80000298D0F8D41200EB8100D0F8B802C16AE2
:102D90000DF1020088470299C1F8D002FFE70299BD
:102DA000D1F8D8020130C1F8D80200208DF80F0008
:102DB000FFE79DF80F0004B080BD000081B00090D7
:102DC000002001B07047000080B584B003900291EC
:102DD00002988088B8BBFFE70298C08898BBFFE7DD
:102DE000029840887F282ED8FFE70298807800F06C
:102DF0007F008DF80700039890F89C02032805D106
:102E0000FFE703980299FEF7CFFE1BE09DF807004D
:102E1000039981F89E0203989DF80710FFF790FE32
:102E20000398FEF717FF9DF8070028B1FFE7039905
:102E3000022081F89C0204E00399012081F89C02A1
:102E4000FFE7FFE704E003980299FEF7ADFEFFE716
:102E500004B080BD80B582B001908DF803100020D1
:102E60008DF802000198D0F8B80250B1FFE7019840
:102E7000D0F8B8120A689DF8031090478DF8020048
:102E8000FFE79DF8020002B080BD000080B586B06B
:102E90000490039100208DF80B000398817841F68F
:102EA000A430C2F2000001700078022808D3FFE7C6
:102EB00004980399FEF778FE03208DF81700A0E030
:102EC000049890F89C0201460191022804D0FFE783
:102ED000019803282FD07FE041F6A430C2F2000011
:102EE000007818B3FFE741F6A431C2F20001087878
:102EF000049A506004980978FFF7ACFF8DF80B0036
:102F00009DF80B0048B1FFE704980399FEF74CFECB
:102F10000499022081F89C0207E00498FEF79AFECB
:102F20000499032081F89C02FFE703E00498FEF770
:102F300091FEFFE760E041F6A430C2F200000078A5
:102F400098B9FFE70499022081F89C0241F6A43168
:102F5000C2F200010878049A506004980978FEF7DC
:102F6000B9FD0498FEF776FE35E041F6A430C2F2D2
:102F70000000007804994968884227D0FFE7049848
:102F80000179FEF7A7FD41F6A431C2F200010878ED
:102F9000049A506004980978FFF75CFF8DF80B00E5
:102FA0009DF80B0068B1FFE704980399FEF7FCFD5C
:102FB00004980179FEF78EFD0499022081F89C02A5
:102FC00003E00498FEF746FEFFE703E00498FEF7EF
:102FD00041FEFFE7FFE70FE004980399FEF7E4FDE9
:102FE000049841F6A431C2F200010978FEF772FD9F
:102FF00003208DF80B00FFE79DF80B008DF81700FC
:10300000FFE79DF8170006B080BD000080B582B0D4
:103010000190009100984088012808D1FFE70199AC
:103020000120C1F8A4020198FEF714FE13E00098F5
:103030004088022809D1FFE700984079019981F87A
:10304000A0020198FEF706FE04E001980099FEF741
:10305000ABFDFFE7FFE702B080BD000080B582B0A6
:1030600001900198FFF7F2FD02B080BD80B586B0F7
:103070000590049100208DF80F000498007800F06E
:10308000600001460291A8B1FFE70298202804D011
:10309000FFE70298402846D1FFE70598D0F8D41200
:1030A00000EB8101D1F8B8128A68049990478DF835
:1030B0000F003DE0049840780146019109282CD882
:1030C0000199DFE801F01B252A202A0A052A160F9C
:1030D00005980499FEF7BAFE24E005980499FFF7D5
:1030E00073FE1FE005980499FFF7D0FE8DF80F00DE
:1030F00018E005980499FEF777FE13E00598049907
:10310000FFF77AF80EE005980499FFF77FFF09E0D2
:1031100005980499FEF7F8FC04E005980499FEF779
:1031200043FDFFE704E005980499FEF73DFDFFE746
:103130009DF80F0006B080BD80B58CB00B900A9151
:1031400000208DF821000A9880888DF823000A98C5
:10315000007800F0600001460791B8B3FFE70798D8
:10316000202805D0FFE70798402840F0B281FFE70C
:103170000B989DF82310FEF7E7FC8DF822009DF8D0
:103180002200FF2821D0FFE79DF82200E8B9FFE7E1
:103190009DF822000B99C1F8D4020B989DF82210DB
:1031A00000EB8100D0F8B802806868B1FFE70B98A7
:1031B0009DF8221000EB8101D1F8B8128A680A99B3
:1031C00090478DF82100FFE7FFE787E10A984078F4
:1031D00001460691002800F0BD80FFE7069801280F
:1031E0004CD0FFE70698032840F06D81FFE70B986D
:1031F00090F89C0201460591022804D0FFE705984B
:10320000032819D034E09DF8230078B1FFE79DF83A
:10321000230080280AD0FFE70B989DF82310FFF7C2
:10322000F7FC0B988021FFF7F3FC04E00B980A9958
:10323000FEF7BAFCFFE720E00A984088A0B9FFE754
:103240009DF8230078B1FFE79DF8230080280AD07D
:10325000FFE70A98C08830B9FFE70B989DF8231064
:10326000FFF7D6FCFFE7FFE70B98FEF7F3FC04E05F
:103270000B980A99FEF798FCFFE729E10B9890F864
:103280009C0201460491022804D0FFE70498032819
:1032900019D059E09DF8230078B1FFE79DF823008D
:1032A00080280AD0FFE70B989DF82310FFF7B0FCA9
:1032B0000B988021FFF7ACFC04E00B980A99FEF70D
:1032C00073FCFFE745E00A984088E0BBFFE79DF804
:1032D0002300400630B1FFE70B989DF82310FFF75D
:1032E00069F8FFE70B98FEF7B5FC0B989DF82310E3
:1032F000FEF72AFC8DF822009DF82200FF2821D03D
:10330000FFE79DF82200E8B9FFE79DF822000B993E
:10331000C1F8D4020B989DF8221000EB8100D0F880
:10332000B802806868B1FFE70B989DF8221000EBA7
:103330008101D1F8B8128A680A9990478DF8210066
:10334000FFE7FFE7FFE704E00B980A99FEF72CFC84
:10335000FFE7BDE00B9890F89C020146039102281C
:1033600004D0FFE70398032838D0A6E09DF8230097
:1033700050B1FFE79DF82300802805D0FFE70B98A8
:103380000A99FEF711FC9DE09DF823000006002835
:103390000CD5FFE70B989DF8231001F07F0101EB9E
:1033A000810100EB8100143002900CE00B989DF835
:1033B000231001F07F0101EB810100EB810000F59A
:1033C000AA700290FFE7029809900999002008600E
:1033D0000B9809990222FEF723FC73E09DF8230065
:1033E0000006002812D5FFE70B989DF8231001F086
:1033F0000F0101EB810100EB8100808C28B9FFE710
:103400000B980A99FEF7D0FB5CE012E00B989DF850
:10341000231001F00F0101EB810100EB8100B0F8F6
:10342000640128B9FFE70B980A99FEF7BDFB49E054
:10343000FFE79DF82300000600280CD5FFE70B9856
:103440009DF8231001F07F0101EB810100EB810069
:10345000143001900CE00B989DF8231001F07F01CF
:1034600001EB810100EB810000F5AA700190FFE7FC
:10347000019809909DF8230028B1FFE79DF82300EB
:10348000802804D1FFE70999002008600FE00B981D
:103490009DF82310FFF7E2F920B1FFE70999012019
:1034A000086003E0099900200860FFE7FFE70B9838
:1034B00009990222FEF7B4FB04E00B980A99FEF783
:1034C00073FBFFE704E00B980A99FEF76DFBFFE73B
:1034D00004E00B980A99FEF767FBFFE79DF82100CF
:1034E0000CB080BD80B584B00390029100208DF8AF
:1034F00007000298007800F060000146009140B19A
:10350000FFE70098202804D0FFE7009840285AD110
:10351000FFE7039890F89C02013802284DD8FFE796
:1035200002980079012842D8FFE7039802990979A7
:10353000FEF712FB8DF806009DF80600FF2825D047
:10354000FFE79DF8060008BBFFE703989DF806100B
:1035500000EB8100D0F8B802806890B1FFE79DF8D9
:1035600006000399C1F8D40203989DF8061000EBF9
:103570008101D1F8B8128A68029990478DF8070046
:1035800003E003208DF80700FFE703E003208DF838
:103590000700FFE70298C08840B9FFE79DF80700E1
:1035A00020B9FFE70398FEF755FBFFE704E0039817
:1035B0000299FEF7F9FAFFE704E003980299FEF793
:1035C000F3FAFFE704E003980299FEF7EDFAFFE74C
:1035D0009DF8070004B080BD81B0009001B0704735
:1035E00081B0009041F6A850C2F2000001B07047CF
:1035F00084B00390029103980190029800780090A3
:1036000002984078012830D1FFE70298007800F056
:103610000F01012000FA01F20199D1F81C081043B2
:10362000C1F81C080198009900EB4110D0F800097E
:103630000004002818D4FFE70299C8686FF3DF2060
:10364000097940EA8140009A40EA8250019901EBF1
:103650004211D1F80029104348F20002C1F20002E1
:103660001043C1F80009FFE72EE00298007800F04F
:103670000F01012000FA01F20199D1F81C0840EA7B
:103680000240C1F81C080198009900EB4110D0F8E5
:10369000000B0004002816D4FFE70299C8686FF3F6
:1036A000DF20097940EA81400199009A01EB42113B
:1036B000D1F8002B104348F20002C1F2000210437F
:1036C000C1F8000BFFE7FFE7002004B070470000DF
:1036D00082B00190019800900099D1F8000940F261
:1036E000FF729043C1F800090099D1F8040840F432
:1036F0008070C1F80408002002B070472DE9F04F37
:1037000091B00191DDF88CB0DDF888A0DDF88490EF
:10371000DDF880801F9F1E9E1D9D1C9CDDF86CE0C7
:10372000DDF868C001990199CDF840B0CDF83CA012
:10373000CDF83890CDF834800C970B960A95099403
:10374000CDF820E0CDF81CC00693059204910390BB
:103750000998012822D1FFE70399886B20F4803073
:1037600088630399C8684FF6BF72CFF6BD721040E8
:10377000C8600399C86820F44010C86010980128F8
:1037800006D1FFE70399C86840F48010C860FFE7DE
:10379000039800F031F88DF80B0019E00399C86820
:1037A00040F04000C860039800F026F88DF80B0048
:1037B0000D9830B9FFE70399886B40F48030886337
:1037C00005E00399886B20F480308863FFE7FFE70A
:1037D000079801280BD1FFE70399886840F006009D
:1037E00088600399886840F020008860FFE79DF8B2
:1037F0000B0011B0BDE8F08F83B001900020009065
:10380000FFE7009801300090009840F64151C0F267
:103810000301884204D3FFE703208DF80B0028E062
:10382000FFE701980069C00F0028EAD0FFE70020F9
:1038300000900199086940F001000861FFE70098D5
:1038400001300090009840F64151C0F203018842D7
:1038500004D3FFE703208DF80B000AE0FFE701988F
:103860000069C0070028EAD1FFE700208DF80B00AF
:10387000FFE79DF80B0003B07047000084B0039091
:103880000291039801900298007800900298407885
:10389000012845D1FFE70198009900EB4110D0F8CD
:1038A0000009C00FA8B1FFE70198009900EB411192
:1038B000D1F8000940F00060C1F8000901980099B2
:1038C00000EB4111D1F8000940F08040C1F8000937
:1038D000FFE70298007800F00F01012000FA01F3E1
:1038E000019AD2F83C189943C2F83C180299097819
:1038F00001F00F0100FA01F20199D1F81C08904380
:10390000C1F81C080198009900EB4111D1F8000999
:1039100047F60002CEF633421040C1F8000946E0F7
:103920000198009900EB4110D0F8000BC00FA8B12E
:10393000FFE70198009900EB4111D1F8000B40F02E
:103940000060C1F8000B0198009900EB4111D1F81B
:10395000000B40F08040C1F8000BFFE702980078B0
:1039600000F00F01012000FA01F3019AD2F83C188F
:1039700021EA0341C2F83C180299097801F00F01CD
:1039800000FA01F20199D1F81C0820EA0240C1F8BE
:103990001C080198009900EB4111D1F8000B47F683
:1039A0000002CEF6F3721040C1F8000BFFE70020D2
:1039B00004B0704782B00190019800900099D1F84E
:1039C000000E20F00300C1F8000E0099D1F80408A1
:1039D00020F00200C1F80408002002B07047000087
:1039E00082B00190019800900099D1F8000E20F06B
:1039F0000300C1F8000E0099D1F8040840F002005D
:103A0000C1F80408002002B0704700002DE9F04F13
:103A100093B00191DDF894B0DDF890A0DDF88C90C2
:103A2000DDF88880219F209E1F9D1E9CDDF874E09C
:103A3000DDF870C001990199CDF848B0CDF844A0E7
:103A4000CDF84090CDF83C800E970D960C950B94D8
:103A5000CDF828E0CDF824C0089307920691059090
:103A600000208DF81300059903910290FFE702985A
:103A70000E280CD8FFE70598029900EB8101002081
:103A8000C1F80401FFE7029801300290EFE71098B7
:103A9000B8B9FFE70399D1F8040840F00200C1F873
:103AA00004080599886B40F4001088630599886BB9
:103AB00020F4002088630599886B20F480208863B7
:103AC0000AE00599886B20F4001088630599886BDB
:103AD00040F400208863FFE703990020C1F8000E3E
:103AE0000399D1F80008C1F800080B9801280ED1FD
:103AF000FFE7089828B9FFE70598002100F038FF94
:103B000004E00598012100F033FFFFE704E0059889
:103B1000032100F02DFFFFE70598102100F05EFD66
:103B200020B1FFE701208DF81300FFE7059800F0B2
:103B300015FD20B1FFE701208DF81300FFE7039981
:103B40000020C1F810080399C1F814080399C1F8BE
:103B50001C080290FFE70298069988423BD2FFE7D3
:103B60000398029900EB4110D0F80009C00FB0B1E2
:103B7000FFE7029848B9FFE70398029900EB41116B
:103B80004FF00060C1F8000908E00398029900EBCB
:103B900041114FF09040C1F80009FFE707E003989A
:103BA000029900EB41110020C1F80009FFE70398DA
:103BB000029900EB41110020C1F810090398029905
:103BC00000EB41114FF67F30C1F80809FFE702987A
:103BD00001300290BFE700200290FFE702980699AB
:103BE00088423BD2FFE70398029900EB4110D0F8DE
:103BF000000BC00FB0B1FFE7029848B9FFE7039888
:103C0000029900EB41114FF00060C1F8000B08E091
:103C10000398029900EB41114FF09040C1F8000B5E
:103C2000FFE707E00398029900EB41110020C1F87B
:103C3000000BFFE70398029900EB41110020C1F847
:103C4000100B0398029900EB41114FF67F30C1F839
:103C5000080BFFE7029801300290BFE70399D1F803
:103C6000100820F48070C1F81008059900208861C0
:103C700005996FF080404861099830B9FFE70599D0
:103C8000886940F010008861FFE70599886943F66C
:103C90000002C8F23C02104388610C9830B1FFE783
:103CA0000599886940F008008861FFE710980128AD
:103CB00008D1FFE7059988690422C4F20002104385
:103CC0008861FFE79DF8130013B0BDE8F08F000096
:103CD00081B000900099886820F001008860002081
:103CE00001B0704785B0049003918DF80B200498C3
:103CF000019003980078009003984078012840F0E4
:103D00009580FFE703988069F8B9FFE7019800996B
:103D100000EB4111D1F810096FF3DC40C1F8100934
:103D20000198009900EB4111D1F8100940F40020EE
:103D3000C1F810090198009900EB4111D1F8100960
:103D40006FF31200C1F8100935E00198009900EBFB
:103D50004111D1F810096FF31200C1F81009019850
:103D6000009900EB4111D1F810096FF3DC40C1F864
:103D700010090398C1688069884204D9FFE7039954
:103D8000C8688861FFE70198009900EB4111D1F8FC
:103D9000100940F40020C1F81009039882696FF3FC
:103DA000DF420198009900EB4111D1F8100910434E
:103DB000C1F81009FFE79DF80B00012818D1FFE7B3
:103DC0000398406948B1FFE7039840690199009A58
:103DD00001EB4211C1F81409FFE70198009900EBCB
:103DE0004111D1F8000940F00440C1F800091CE07D
:103DF0000198009900EB4111D1F8000940F004400E
:103E0000C1F800090398806970B1FFE70398007852
:103E100000F00F01012000FA01F20199D1F83408F5
:103E20001043C1F83408FFE7FFE753E00198009919
:103E300000EB4111D1F8100B6FF31200C1F8100B19
:103E40000198009900EB4111D1F8100B6FF3DC40A1
:103E5000C1F8100B0398806920B1FFE70399C86887
:103E60008861FFE70399C868C8610198009900EB71
:103E70004111D1F8100B40F40020C1F8100B039849
:103E8000C2696FF3DF420198009900EB4111D1F84C
:103E9000100B1043C1F8100B9DF80B0001280ED138
:103EA000FFE70398006948B1FFE7039800690199AB
:103EB000009A01EB4211C1F8140BFFE7FFE70198EC
:103EC000009900EB4111D1F8000B40F00440C1F81B
:103ED000000BFFE7002005B07047000086B004909B
:103EE0008DF80F100292049801900498006C0090D5
:103EF000009843F20B01C4F6547188420BD3FFE7DC
:103F00000198D0F8000BC00F20B1FFE700208DF81A
:103F100017002EE0FFE701990020C1F8100B01996E
:103F2000D1F8100B40F40020C1F8100B0199D1F822
:103F3000100B40F01800C1F8100B0199D1F8100BCC
:103F400040F0C040C1F8100B9DF80F0001280CD1C3
:103F5000FFE702980199C1F8140B0199D1F8000B01
:103F600040F08020C1F8000BFFE700208DF817001B
:103F7000FFE79DF8170006B07047000084B003907B
:103F8000029103980190029800780090029840787E
:103F9000012820D1FFE70198009900EB4111D1F8E9
:103FA000000920F40010C1F80009029800790328E4
:103FB00005D0FFE70298007902280BD1FFE70198AE
:103FC000009900EB4111D1F8000940F08050C1F890
:103FD0000009FFE71FE00198009900EB4111D1F8BB
:103FE000000B20F40010C1F8000B029800790328A0
:103FF00005D0FFE70298007902280BD1FFE701986E
:10400000009900EB4111D1F8000B40F08050C1F84D
:10401000000BFFE7FFE7002004B0704784B0039077
:1040200002910398019002980078009002984078DD
:10403000012822D1FFE70198009900EB4110D0F848
:104040000009C00F70B9FFE7009858B1FFE7019869
:10405000009900EB4111D1F8000920F08040C1F82F
:104060000009FFE70198009900EB4111D1F8000920
:1040700040F40010C1F8000921E00198009900EB1C
:104080004110D0F8000BC00F70B9FFE7009858B18D
:10409000FFE70198009900EB4111D1F8000B20F0E7
:1040A0008040C1F8000BFFE70198009900EB411137
:1040B000D1F8000B40F40010C1F8000BFFE700201E
:1040C00004B0704780B588B0079006918DF817202E
:1040D0000798049006980078039006984078012885
:1040E00040F00381FFE706988069F8B9FFE704987C
:1040F000039900EB4111D1F810096FF3DC40C1F8CE
:1041000010090498039900EB4111D1F8100940F40B
:104110000020C1F810090498039900EB4111D1F86F
:1041200010096FF31200C1F8100950E004980399C8
:1041300000EB4111D1F810096FF31200C1F810091A
:104140000498039900EB4111D1F810096FF3DC409A
:10415000C1F810090698C168806908440138B0FBAD
:10416000F1F10020C1F6F87000EAC1420498039909
:1041700000EB4111D1F810091043C1F8100906985D
:1041800082696FF3DF420498039900EB4111D1F883
:1041900010091043C1F8100906980079012815D1BB
:1041A000FFE70498039900EB4111D1F8100920F0C2
:1041B000C040C1F810090498039900EB4111D1F8EF
:1041C000100940F00050C1F81009FFE7FFE79DF823
:1041D000170001283BD1FFE70698406948B1FFE787
:1041E000069840690499039A01EB4211C1F8140939
:1041F000FFE70698007901281ED1FFE70498D0F860
:104200000808C00500280BD4FFE70498039900EBC9
:104210004111D1F8000940F00050C1F800090AE04E
:104220000498039900EB4111D1F8000940F0805047
:10423000C1F80009FFE7FFE70498039900EB41117B
:10424000D1F8000940F00440C1F800094CE004989E
:10425000039900EB4111D1F8000940F00440C1F886
:10426000000906980079012813D0FFE706988069B5
:1042700070B1FFE70698007800F00F01012000FA06
:1042800001F20499D1F834081043C1F83408FFE76B
:1042900029E00498D0F80808C00500280BD4FFE7EF
:1042A0000498039900EB4111D1F8000940F0005047
:1042B000C1F800090AE00498039900EB4111D1F814
:1042C000000940F08050C1F80009FFE70798069BFD
:1042D00019691A781B8B9DF817C0EE46CEF800C0FE
:1042E00000F036FCFFE7FFE79DE00498039900EB40
:1042F0004111D1F8100B6FF31200C1F8100B0498A4
:10430000039900EB4111D1F8100B6FF3DC40C1F8B9
:10431000100B06988069C0B9FFE70698C2686FF372
:10432000DF420498039900EB4111D1F8100B1043C0
:10433000C1F8100B0498039900EB4111D1F8100B50
:1043400040F40020C1F8100B2CE00698C168806989
:1043500008440138B0FBF1F0ADF80A000699C868CE
:10436000BDF80A205043C861BDF80A100020C1F60C
:10437000F87000EAC1420498039900EB4111D1F8AA
:10438000100B1043C1F8100B0698C2696FF3DF429F
:104390000498039900EB4111D1F8100B1043C1F8B8
:1043A000100BFFE79DF8170001280ED1FFE70698D4
:1043B000006948B1FFE7069800690499039A01EB88
:1043C0004211C1F8140BFFE7FFE7069800790128B6
:1043D0001ED1FFE70498D0F80808C00500280BD4C8
:1043E000FFE70498039900EB4111D1F8000B40F06E
:1043F0000050C1F8000B0AE00498039900EB41114A
:10440000D1F8000B40F08050C1F8000BFFE7FFE748
:104410000498039900EB4111D1F8000B40F00440DF
:10442000C1F8000BFFE7002008B080BD85B0049004
:104430000391002002908DF80700049800900398E3
:10444000407801283ED1FFE700980399097800EBF6
:104450004110D0F80009C00F98B3FFE70098039906
:10446000097800EB4111D1F8000940F00060C1F873
:10447000000900980399097800EB4111D1F800096F
:1044800040F08040C1F80009FFE702980130029037
:10449000029842F21171884204D3FFE701208DF89F
:1044A00007000DE0FFE700980399097800EB411041
:1044B000D0F8000900F00040B0F1004FE5D0FFE770
:1044C000FFE73DE000980399097800EB4110D0F830
:1044D000000BC00F98B3FFE700980399097800EB31
:1044E0004111D1F8000B40F00060C1F8000B0098BA
:1044F0000399097800EB4111D1F8000B40F080409E
:10450000C1F8000BFFE7029801300290029842F2D6
:104510001171884204D3FFE701208DF807000DE0F8
:10452000FFE700980399097800EB4110D0F8000BE1
:1045300000F00040B0F1004FE5D0FFE7FFE7FFE7F4
:104540009DF8070005B0704781B000900099886819
:1045500040F001008860002001B0704783B00190F6
:1045600000200090FFE7009801300090009840F68E
:104570004151C0F20301884204D3FFE703208DF8C4
:104580000B0027E0FFE701980069C00F0028EAD080
:10459000FFE700200090019910200861FFE70098D4
:1045A00001300090009840F64151C0F2030188426A
:1045B00004D3FFE703208DF80B000BE0FFE7019821
:1045C000006900F010001028E9D0FFE700208DF806
:1045D0000B00FFE79DF80B0003B0704784B002901A
:1045E000019100200090FFE70098013000900098B2
:1045F00040F64151C0F20301884204D3FFE7032093
:104600008DF80F0029E0FFE702980069C00F00282D
:10461000EAD0FFE700200090019880012030029945
:104620000861FFE7009801300090009840F6415182
:10463000C0F20301884204D3FFE703208DF80F0086
:104640000BE0FFE70298006900F020002028E9D085
:10465000FFE700208DF80F00FFE79DF80F0004B082
:104660007047000084B00390039802900298D0F83D
:10467000080800F006000090009820B9FFE700202D
:104680008DF8070010E00098022804D0FFE700989A
:10469000062804D1FFE702208DF8070003E00F2071
:1046A0008DF80700FFE7FFE79DF8070004B07047AB
:1046B00081B000900098406900F0010001B070479F
:1046C00083B00290029801900198D0F818080090E9
:1046D0000198D0F81C18009808400090BDF8000020
:1046E00003B0704783B00290029801900198D0F80F
:1046F000180800900198D0F81C1800980840009005
:10470000BDF8020003B0704786B005908DF8131015
:10471000059803900398D0F8100801900398D0F8FA
:104720003408009000989DF8131001F00F01C84064
:1047300000F00101019840EAC110019003989DF832
:10474000131000EB4110D0F80809019908400290BD
:10475000029806B07047000084B003908DF80B10EB
:104760000398019001989DF80B1000EB4110D0F8D0
:10477000080B00900198D0F8141800980840009099
:10478000009804B07047000082B001900198406921
:10479000009001988169009808400090009802B04C
:1047A0007047000089B008900791ADF81A2008986A
:1047B000059007980490BDF81A0080080190BDF894
:1047C0001A0000F00300ADF8020000200290FFE79D
:1047D00002980199884217D2FFE705984FF480515B
:1047E00040580499086004980130049004980130FE
:1047F0000490049801300490049801300490FFE77D
:10480000029801300290E3E7BDF8020008B3FFE729
:104810000020029005984FF4805140580390FFE724
:1048200003989DF80810C900C840049908700298C0
:1048300001300290049801300490BDF80200013864
:10484000ADF80200FFE7BDF802000028E8D1FFE75D
:10485000FFE7049809B0704780B586B004908DF8E2
:104860000F10002002900499C86820F0C040C86072
:104870009DF80F00012823D1FFE70499C86840F094
:104880000050C860FFE70120EFF79CFA0298013062
:104890000290FFE70498FFF70BFF01460020012973
:1048A000019007D0FFE702990020322938BF01208C
:1048B0000190FFE70198C0070028E4D1FFE72AE054
:1048C0009DF80F0010BBFFE70499C86840F08040D6
:1048D000C860FFE70120EFF775FA029801300290F7
:1048E000FFE70498FFF7E4FE01460020009039B18D
:1048F000FFE702990020322938BF01200090FFE72E
:104900000098C0070028E5D1FFE703E001208DF8FB
:1049100017000CE0FFE70298322804D1FFE70120DE
:104920008DF8170003E000208DF81700FFE79DF8D1
:10493000170006B080BD000083B002908DF807100C
:10494000029800900099D1F8000820F4FE60C1F8A8
:1049500000089DF8070000F07F020099D1F80008D8
:1049600040EA0210C1F80008002003B070470000C0
:1049700083B002908DF80710029800909DF80720F0
:104980000099D1F800081043C1F80008002003B0D6
:104990007047000084B0039002918DF807209DF8C5
:1049A0000700022840F0B880FFE702984AF6C041AD
:1049B000C0F2D80188420BD3FFE702984EF2BF1134
:1049C000C0F2E401884203D8FFE70F200090A2E084
:1049D00002984EF2C011C0F2E40188420BD3FFE707
:1049E000029842F2FF31C0F2F401884203D8FFE797
:1049F0000E2000908EE0029842F20041C0F2F401D5
:104A000088420BD3FFE7029847F27F31C0F20611CC
:104A1000884203D8FFE70D2000907AE0029847F221
:104A20008031C0F2061188420BD3FFE7029844F6AA
:104A30009F11C0F21A11884203D8FFE70C200090A2
:104A400066E0029844F6A011C0F21A1188420BD316
:104A5000FFE7029842F6FF41C0F23111884203D8C5
:104A6000FFE70B20009052E0029842F60051C0F29E
:104A7000311188420BD3FFE702984AF23F41C0F25E
:104A80004C11884203D8FFE70A2000903EE00298CC
:104A90004AF24041C0F24C1188420BD3FFE7029822
:104AA00043F2FF51C0F26E11884203D8FFE709209C
:104AB00000902AE0029843F20061C0F26E11884231
:104AC0000BD3FFE702984AF61F31C0F2A6118842C5
:104AD00003D8FFE70820009016E002984AF620313C
:104AE000C0F2A61188420BD3FFE7029844F2FF718F
:104AF000C0F2E811884203D8FFE70720009002E0E7
:104B000006200090FFE7FFE7FFE7FFE7FFE7FFE78B
:104B1000FFE7FFE7FFE70AE09DF8070018B9FFE7A6
:104B20000920009002E009200090FFE7FFE70399C9
:104B3000C86820F47050C860009800F00F02039914
:104B4000C86840EA8220C860002004B070470000B6
:104B500080B588B084460A98CDF81CC006918DF8BF
:104B60001720ADF814308DF81300079803900698BD
:104B700002909DF8130048BBFFE7BDF81400033016
:104B80008008019000200090FFE70098019988427A
:104B90001BD2FFE70298006803999DF8172001EBEC
:104BA00002314FF4805288500298013002900298EE
:104BB0000130029002980130029002980130029078
:104BC000FFE7009801300090DFE7FFE7002008B022
:104BD00080BD0000FFE7FEE785B003908DF80B1065
:104BE000019203980078CD2861D1FFE70398807B7C
:104BF000DC285CD1FFE79DF80B0088B9FFE701993D
:104C0000DDF80CC0DCF80000DCF80420DCF808302B
:104C1000DCF80BC0C1F837C04B630A63C862FFE71A
:104C2000019890F82D1043F2EC50C2F20000009071
:104C30000170019991F82E104170019991F82F108F
:104C40008170019991F83010C1700168019A11606A
:104C5000019991F831100170019991F83210417069
:104C6000019991F833108170019991F83410C17055
:104C7000006801994860019991F83500C0F300106F
:104C80000872019991F83500C0F3C000487201998B
:104C900091F8350000F00700002818BF0120887245
:104CA0000199012081F83C008DF8130003E00020F9
:104CB0008DF81300FFE79DF8130005B07047000062
:104CC00080B586B0049003910020ADF80A000498E6
:104CD00020B1FFE70398022803D8FFE700200590E2
:104CE00029E004980399023940F20C02C2F2000252
:104CF0001288EDF739F9ADF80A009DF80A10049A08
:104D00000398104410F8022C0020914201900DD11C
:104D1000FFE79DF80B00049A0399114411F8011C58
:104D2000401AB0FA80F040090190FFE7019800F0C6
:104D300001000590FFE7059806B080BD80B584B0FE
:104D40000290ADF8061000208DF80500029828B1F9
:104D5000FFE7BDF80600022803DCFFE70020039010
:104D600017E00298BDF80610013989B2FF22EDF76D
:104D70002FF98DF805009DF80500029ABDF8061080
:104D8000114411F8011C401AB0FA80F04009039058
:104D9000FFE7039804B080BD84B0DDF810C0039035
:104DA000029101920093049890ED0E0AB1EE400A30
:104DB000039880ED000A049890ED100AB1EE400AC5
:104DC000039880ED010A0198D0F86A000399886081
:104DD0000298C0690399C860029890F8200003996E
:104DE00000F0010008740298406A03994861019834
:104DF000D0F86A0000EE100ABDEEC00A10EE100AEC
:104E000003990876009890F83F100020B0EB111F2E
:104E100011D0FFE7009890F84500C008C00750B9CE
:104E2000FFE743F2CC01C2F200010878B0FA80F04B
:104E300040090870FFE7009991F83F3091F845006C
:104E4000082202EA530200F0F700104481F84500FE
:104E500043F2CC00C2F2000000780399487604B017
:104E60007047000080B584B00290019102982C2117
:104E7000F5F704FC8DF803009DF80300C00758B156
:104E8000FFE702980199ECF795F88DF802009DF87C
:104E900002008DF80F0003E000208DF80F00FFE7FF
:104EA0009DF80F0004B080BD82B00190009101997F
:104EB0008888488000980178407840EA012001996C
:104EC000888001990889C88000988178C07840EA74
:104ED000012000B246F26761C6F2666150FB01F143
:104EE000880800EBD1700199088100980179407918
:104EF00040EA012000B200EE100AB8EEC00A9FEDB1
:104F00002D1A80EE010ABDEEC00A10EE100A0199BA
:104F1000888100988079019988730198B0F902100E
:104F2000B0F90400401A10F57A6F05DAFFE701992D
:104F3000888C013088840FE00198B0F90210B0F934
:104F40000400401AB0F57A6F05DDFFE70199888CFF
:104F500001388884FFE7FFE70198B0F9242047F67D
:104F6000F460002182420846C8BF012048F20C13B9
:104F7000CFF6FF739A42B8BF0121084368B1FFE73B
:104F80000199002088840198B0F9041000EE101AED
:104F9000B8EEC00A80ED0B0AFFE701990F200870F8
:104FA0000199B1F90400B1F9242000EB4230086105
:104FB00002B07047CDCC4C4480B582B001900198CE
:104FC00044F22C21C2F2000188420AD1FFE740F2EC
:104FD0000040C4F202004FF480510122EFF73AF989
:104FE000FFE702B080BD000080B582B0019001985B
:104FF00044F22C21C2F2000188420AD1FFE740F2BC
:105000000040C4F202004FF480510022EFF722F971
:10501000FFE702B080BD000084B0039002910398C6
:10502000006843F60001C4F20001884211D1FFE795
:105030000299D1F80600D1F80A1001910090029867
:10504000D0F8010040F20121884201D1FFE7FFE7DB
:10505000FFE704B07047000080B582B0019001986E
:105060002C21F5F70BFB8DF803009DF8030090B1A0
:10507000FFE79DF80300C00730B1FFE701982C213E
:105080000022F5F7B5FB05E09DF8030001388DF827
:105090000300FFE705E09DF8030001388DF80300E9
:1050A000FFE702B080BD000080B582B043F2181067
:1050B000C2F2000001900198A821EBF78BFA019948
:1050C000032008610199486101984FF21231C0F63E
:1050D00001018161019A43F2D010C2F20000D06157
:1050E000019A4FF480601062019A00209062019A48
:1050F0005062019AD062019A1166019A43F2C0117E
:10510000C2F200015166019A102191660199086767
:105110000199C86601994867BFF35F8F0090FFE768
:1051200000980F280ED8FFE7009A4EF6A410C0F69C
:105130000100801AC07B01998854FFE70098013074
:105140000090EDE7BFF35F8F02B080BD84B00390A5
:105150000398006902900398C06801900298019931
:10516000884209D8FFE7039880680199401A02999C
:1051700008440138009005E002990198C0430844B2
:105180000090FFE7009804B07047000010B58CB0A5
:10519000DDF83CC0DDF838C00B900A910992089305
:1051A0000A98B0F1FF3F04DCFFE70A9840420590FF
:1051B00002E00A980590FFE7059806900120079005
:1051C000FFE706980999884209DBFFE706980999E5
:1051D00090FBF1F00690079801300790F1E70898EE
:1051E0000799884203D9FFE708980790FFE70E98D0
:1051F00070B1FFE70A98002806D4FFE79DF83C004D
:105200004007002804D5FFE70E9801380E90FFE70D
:105210009DF83C008007002803D5FFE7089858B3A5
:10522000FFE79DF83C00C00730BBFFE70E9810B3C6
:10523000FFE7FFE70E990020049041B1FFE70799CF
:105240000E9A0020914238BF01200490FFE7049895
:10525000C00778B1FFE70E9801380E900B98202117
:1052600000F050F90B98C068B0F1FF3F01DCFFE798
:1052700000E0DFE7FFE7FFE70B98C068002869D48C
:10528000FFE70A98B0F1FF3F08DCFFE70A984042C9
:105290000A900B982D2100F035F90CE09DF83C00A8
:1052A0004007002805D5FFE70B982B2100F02AF9CD
:1052B00000E0FFE7FFE70B98C068002849D4FFE74C
:1052C0009DF83C00800700282ED5FFE79DF83C00A4
:1052D000C00748BBFFE7089830BBFFE70E9810B344
:1052E000FFE7FFE70E990020039041B1FFE7079920
:1052F0000E9A0020914238BF01200390FFE70398E7
:10530000C00778B1FFE70E9801380E900B98302156
:1053100000F0F8F80B98C068B0F1FF3F01DCFFE740
:1053200000E0DFE7FFE7FFE70B98C06800280FD435
:10533000FFE70B980A99099A089BDDF838C00F9C83
:10534000EE46CEF80440CEF800C000F005F8FFE7C6
:10535000FFE7FFE70CB010BD80B58CB0DDF83CC0B6
:10536000DDF838C00B900A91099208930A980590CD
:10537000012006900490FFE705980999884209D317
:10538000FFE705980999B0FBF1F00590049801300A
:105390000490F1E708980499884203D9FFE7089838
:1053A0000490FFE79DF83C00C007C0BBFFE70E98E4
:1053B000A0B3FFE79DF83C008007002807D5FFE772
:1053C000089820B9FFE730208DF80F0003E0202077
:1053D0008DF80F00FFE7FFE70E990020029041B122
:1053E000FFE704990E9A0020914238BF01200290F5
:1053F000FFE70298C00780B1FFE70E9801380E90D2
:105400000B989DF80F1000F07DF80B98C068B0F174
:10541000FF3F01DCFFE700E0DEE7FFE7FFE70B9877
:10542000C06800286CD4FFE7FFE70898022804D37F
:10543000FFE70898013808900BE00A980699B0FB3E
:10544000F1F0079007980999884201D2FFE705E03B
:10545000FFE70999069848430690E6E7FFE70A98B0
:105460000699B0FBF1F00790079806990A9A00FB9D
:1054700011200A900B98079A4EF6B511C0F601015B
:10548000895C00F03FF80B98C068B0F1FF3F01DC89
:10549000FFE709E009990698B0FBF1F00690FFE7F5
:1054A00006980028DBD1FFE79DF83C00C00730B329
:1054B000FFE70E9810B3FFE7FFE70E990020019079
:1054C00041B1FFE704990E9A0020914238BF0120B4
:1054D0000190FFE70198C00778B1FFE70E98013807
:1054E0000E900B98202100F00DF80B98C068B0F1D9
:1054F000FF3F01DCFFE700E0DFE7FFE7FFE7FFE753
:105500000CB080BD80B584B003908DF80B1003986B
:1055100080680190019801300399496888420FD84A
:10552000FFE79DF80B0003990968019A88540198D8
:105530000130039988600399C8680130C860FFE7AB
:10554000039841688068884215D1FFE70398016895
:1055500082680069F9F75EFF03998968884205D07F
:10556000FFE703994FF0FF30C86003E00399002084
:105570008860FFE7FFE704B080BD000080B58AB017
:10558000099008910792002005900998C06803903F
:10559000FFE709980069049004980399884206D9A6
:1055A000FFE704990398C0430844069008E009986F
:1055B00081680398049A801AC04308440690FFE764
:1055C000069809998968039A891A884203D2FFE7E5
:1055D0000698019005E0099880680399401A0190A7
:1055E000FFE70198069006980799884203D2FFE7E3
:1055F0000698009002E007980090FFE70098069058
:105600000998406803990844029002980899069AFC
:10561000EAF73FFF0699059808440590069908980F
:105620000844089006990798401A0790069903982D
:1056300008440390039809998968884203D1FFE7D9
:1056400000200390FFE7BFF35F8F03980999C860BC
:10565000FFE7079800289CD1FFE705980AB080BDB6
:1056600080B588B00790069105920798C0680390AE
:10567000079880680399401A029002980599884219
:1056800012D9FFE7079840680399084401900198F0
:105690000699059AEAF7FDFEBFF35F8F0398059917
:1056A00008440799C8601FE0029804900798406872
:1056B00003990844019001980699049AEAF7E9FED3
:1056C00005980299401A0490079840680190019843
:1056D0000699029A1144049AEAF7DBFEBFF35F8F42
:1056E00004980799C860FFE708B080BD82B041EC1C
:1056F000100B8DED000B0198C00F02B07047000039
:1057000081B000EE100A00900098C00F01B0704701
:1057100081B08DF803009DF9030000280ED4FFE747
:105720009DF9031001F01F02012090404A094EF23A
:105730000011CEF2000141F82200FFE701B07047EE
:105740004EF60C50CEF200000068C0F30220704705
:1057500082B08DF8070000919DF9070000280AD457
:10576000FFE7009800019DF907104EF20042CEF2CB
:10577000000288540BE0009800019DF8071001F02A
:105780000F014EF61452CEF200028854FFE702B029
:105790007047000083B00290029800F0070000906C
:1057A0004EF60C51CEF200010868019001984FF6B8
:1057B000FF02104001900198009A40EA0220002266
:1057C000C0F2FA52104301900198086003B070478C
:1057D00080B582B04AF2E461C2F20001019100207A
:1057E00048738873C87308694A69012363F3020028
:1057F0004A61086108694A6940F038004A610861F5
:1058000008694A694FF0080C6CF389104A61086115
:1058100008694A694FF0110E6EF396304A610861CB
:105820000A69486940F25D2E6EF394200A6148616E
:105830000A6948694FF40B7E6EF35F500A61486154
:1058400008694A696CF38D204A61086108694A69F0
:1058500063F3DF504A6108610A694869022363F310
:1058600009000A61486140F2B810C2F20000006805
:105870000F304FF20331C0F60101EAF7C7FD01987E
:1058800006F036FB019944F22C40C2F200003C22A3
:10589000F2F700FE02B080BD80B582B04AF22071FE
:1058A000C2F2000101910020487388730123CB7379
:1058B00008694A6963F302004A61086108694A6934
:1058C00040F038004A61086108694A694FF0080CE5
:1058D0006CF389104A61086108694A694FF0110E3A
:1058E0006EF396304A6108610A6948694FF4307E68
:1058F0006EF394200A6148610A69486940F2163ED5
:105900006EF35F500A61486108694A696CF38D2043
:105910004A61086108694A6963F3DF504A610861B6
:105920000A694869022363F309000A61486140F289
:10593000BC10C2F2000000680F304FF21B31C0F6FD
:105940000101EAF763FD019806F0D2FA019944F2E9
:105950002C40C2F200003C22F2F79CFD02B080BD58
:1059600070B584B000200390FFE7039804282EDC74
:10597000FFE70398C0EB00124AF25C70C2F200002D
:105980000D3000218154039AC2EB0212024451707F
:10599000039A911CC2EB0212024491700399C1EB6D
:1059A00001110144D1F80320D1F80730D1F80B00E0
:1059B0004FF0010C6CF30202C1F80730C1F803206C
:1059C000C1F80B00FFE7039801300390CDE70520F5
:1059D0000290FFE70298042815DCFFE70298C0EB6D
:1059E00000114AF25C70C2F2000001440A694B697E
:1059F000886922F007024B610A618861FFE702981B
:105A000001300290E6E740F2A410C2F20000026802
:105A1000D2F80330D2F807C0D2F80B1023F03803C5
:105A2000C2F807C0C2F80330C2F80B100268D2F8FF
:105A30000330D2F807C0D2F80B104FF0080E6EF307
:105A40008913C2F807C0C2F80330C2F80B1002680D
:105A5000D2F803C0D2F80730D2F80B1040F29D24E0
:105A600064F39423C2F803C0C2F80730C2F80B10E5
:105A70000268D2F803C0D2F80730D2F80B1040F217
:105A80001E3464F35F53C2F803C0C2F80730C2F893
:105A90000B100268D2F80330D2F807C0D2F80B100E
:105AA00040F2B12464F39421C2F807C0C2F8033075
:105AB000C2F80B100268D2F80330D2F807C0D2F84F
:105AC0000B1040F20D3464F35F51C2F807C0C2F806
:105AD0000330C2F80B100268D2F80330D2F807C0C6
:105AE000D2F80B106EF38D23C2F807C0C2F8033052
:105AF000C2F80B100168D1F80330D1F80720D1F8B3
:105B00000B004FF00A0C6CF30902C1F80330C1F826
:105B10000720C1F80B0040F2A810C2F20000026892
:105B2000D2F80330D2F80740D2F80B1023F0380334
:105B3000C2F80740C2F80330C2F80B100268D2F86E
:105B40000330D2F80740D2F80B106EF38913C2F875
:105B50000740C2F80330C2F80B100268D2F80340C5
:105B6000D2F80730D2F80B1040F23F2565F39423AA
:105B7000C2F80340C2F80730C2F80B100268D2F82E
:105B80000340D2F80730D2F80B104FF4077565F3D5
:105B90005F53C2F80340C2F80730C2F80B10026826
:105BA000D2F80330D2F80740D2F80B1040F2592651
:105BB00066F39421C2F80740C2F80330C2F80B1014
:105BC0000268D2F80330D2F80740D2F80B1065F320
:105BD0005F51C2F80740C2F80330C2F80B100268E8
:105BE000D2F80330D2F80740D2F80B106EF38D23B1
:105BF000C2F80740C2F80330C2F80B100168D1F8B0
:105C00000330D1F80720D1F80B006CF30902C1F87A
:105C10000330C1F80720C1F80B0040F2AC10C2F20B
:105C200000000268D2F80330D2F80740D2F80B1017
:105C300023F03803C2F80740C2F80330C2F80B1053
:105C40000268D2F80330D2F80740D2F80B106EF396
:105C50008913C2F80740C2F80330C2F80B1002687B
:105C6000D2F80340D2F80730D2F80B104FF4257564
:105C700065F39423C2F80340C2F80730C2F80B1052
:105C80000268D2F80340D2F80730D2F80B1040F285
:105C90001D1565F35F53C2F80340C2F80730C2F820
:105CA0000B100268D2F80330D2F80740D2F80B107C
:105CB00040F2A32565F39421C2F80740C2F80330EF
:105CC000C2F80B100268D2F80330D2F80740D2F8BD
:105CD0000B104FF4977565F35F51C2F80740C2F897
:105CE0000330C2F80B100268D2F80330D2F8074034
:105CF000D2F80B106EF38D23C2F80740C2F80330C0
:105D0000C2F80B100168D1F80330D1F80720D1F8A0
:105D10000B006CF30902C1F80330C1F80720C1F889
:105D20000B0040F2B010C2F200000268D2F803107B
:105D3000D2F80730062565F3C501C2F80730C2F86E
:105D400003100268D2F80310D2F807306EF38911FD
:105D5000C2F80730C2F803100268D2F80310D2F874
:105D600007300D2464F39631C2F80730C2F80310EF
:105D70000268D2F80330D2F807104FF42F7C6CF38E
:105D80009421C2F80330C2F807100268D2F8033039
:105D9000D2F8071040F22F1C6CF35F51C2F80330A9
:105DA000C2F807100268D2F80310D2F807306EF379
:105DB0008D21C2F80730C2F8031002684FF4FA715F
:105DC000C2F80B100168D1F80320D1F807000123B5
:105DD00063F30900C1F80320C1F8070040F2B410D2
:105DE000C2F200000268D2F80310D2F807C065F3CF
:105DF000C501C2F807C0C2F803100268D2F8031048
:105E0000D2F807C06EF38911C2F807C0C2F80310B8
:105E10000268D2F80310D2F807C064F39631C2F8D2
:105E200007C0C2F803100268D2F803C0D2F8071006
:105E300040F27F2464F39421C2F803C0C2F8071033
:105E40000268D2F803C0D2F807104FF4D97464F393
:105E50005F51C2F803C0C2F807100268D2F80310FD
:105E6000D2F807C06EF38D21C2F807C0C2F8031044
:105E70000268FA21C2F80B100168D1F80320D1F8AA
:105E8000070063F30900C1F80320C1F807004AF2D4
:105E90005C70C2F20000019005F0B6FF019944F277
:105EA0002C40C2F200005A22F2F7F4FA04B070BD9E
:105EB000F0B583B000200290FFE7029806282EDCA0
:105EC000FFE70298C0EB00124AF2B670C2F200007F
:105ED0000D30002181540299C1EB011101444FF0B2
:105EE000010C81F801C00299C1EB011202449170CA
:105EF0000299C1EB01110144D1F80320D1F8073018
:105F0000D1F80B006CF30202C1F80730C1F803208E
:105F1000C1F80B00FFE7029801300290CDE707209F
:105F20000190FFE70198062815DCFFE70198C0EB18
:105F300000114AF2B670C2F2000001440A694B69CE
:105F4000886922F007024B610A618861FFE70198C6
:105F500001300190E6E740F2C010C2F20000026892
:105F6000D2F80330D2F807C0D2F80B1023F0380370
:105F7000C2F807C0C2F80330C2F80B100268D2F8AA
:105F80000330D2F807C0D2F80B10072565F3891348
:105F9000C2F807C0C2F80330C2F80B100268D2F88A
:105FA00003C0D2F80730D2F80B1040F2C74E6EF3A0
:105FB0009423C2F803C0C2F80730C2F80B1002687D
:105FC000D2F803C0D2F80730D2F80B104FF43E7E5F
:105FD0006EF35F53C2F803C0C2F80730C2F80B106B
:105FE0000268D2F80330D2F807C0D2F80B1040F2A2
:105FF000E14E6EF39421C2F807C0C2F80330C2F834
:106000000B100268D2F80330D2F807C0D2F80B1098
:1060100040F20E3E6EF35F51C2F807C0C2F8033083
:10602000C2F80B100268D2F80330D2F807C0D2F8D9
:106030000B10082464F38D23C2F807C0C2F80330A4
:10604000C2F80B100168D1F80330D1F80720D1F85D
:106050000B004FF00A0C6CF30902C1F80330C1F8D1
:106060000720C1F80B0040F2C410C2F20000026821
:10607000D2F80330D2F807E0D2F80B1023F038033F
:10608000C2F807E0C2F80330C2F80B100268D2F879
:106090000330D2F807E0D2F80B1065F38913C2F889
:1060A00007E0C2F80330C2F80B100268D2F803E030
:1060B000D2F80730D2F80B104FF4A16666F39423A0
:1060C000C2F803E0C2F80730C2F80B100268D2F839
:1060D00003E0D2F80730D2F80B104FF4237666F3C2
:1060E0005F53C2F803E0C2F80730C2F80B10026831
:1060F000D2F80330D2F807E0D2F80B1040F2255660
:1061000066F39421C2F807E0C2F80330C2F80B101E
:106110000268D2F80330D2F807E0D2F80B1040F250
:106120009A2666F35F51C2F807E0C2F80330C2F85E
:106130000B100268D2F80330D2F807E0D2F80B1047
:1061400064F38D23C2F807E0C2F80330C2F80B10E5
:106150000168D1F80330D1F80720D1F80B006CF3B7
:106160000902C1F80330C1F80720C1F80B0040F262
:10617000C810C2F200000268D2F80330D2F807E07B
:10618000D2F80B1023F03803C2F807E0C2F803304E
:10619000C2F80B100268D2F80330D2F807E0D2F848
:1061A0000B1065F38913C2F807E0C2F80330C2F898
:1061B0000B100268D2F803E0D2F80730D2F80B10C7
:1061C00040F21E5666F39423C2F803E0C2F807308B
:1061D000C2F80B100268D2F803E0D2F80730D2F808
:1061E0000B104FF4067666F35F53C2F803E0C2F873
:1061F0000730C2F80B100268D2F80330D2F807E07B
:10620000D2F80B1040F2445767F39421C2F807E02C
:10621000C2F80330C2F80B100268D2F80330D2F88B
:1062200007E0D2F80B1066F35F51C2F807E0C2F83E
:106230000330C2F80B100268D2F80330D2F807E03E
:10624000D2F80B1064F38D23C2F807E0C2F80330D4
:10625000C2F80B100168D1F80330D1F80720D1F84B
:106260000B006CF30902C1F80330C1F80720C1F834
:106270000B0040F2CC10C2F200000268D2F80330EA
:10628000D2F807E0D2F80B1023F03803C2F807E089
:10629000C2F80330C2F80B100268D2F80330D2F80B
:1062A00007E0D2F80B1065F38913C2F807E0C2F8D3
:1062B0000330C2F80B100268D2F803E0D2F80730BE
:1062C000D2F80B1040F20A5666F39423C2F803E0AA
:1062D000C2F80730C2F80B100268D2F803E0D2F817
:1062E0000730D2F80B104FF4CE7666F35F53C2F846
:1062F00003E0C2F80730C2F80B100268D2F803308E
:10630000D2F807E0D2F80B1040F2275666F394213A
:10631000C2F807E0C2F80330C2F80B100268D2F8E6
:106320000330D2F807E0D2F80B104FF4C77666F3CB
:106330005F51C2F807E0C2F80330C2F80B100268E0
:10634000D2F80330D2F807E0D2F80B1064F38D23B3
:10635000C2F807E0C2F80330C2F80B100168D1F8A8
:106360000330D1F80720D1F80B006CF30902C1F813
:106370000330C1F80720C1F80B0040F2D010C2F280
:1063800000000268D2F80330D2F807E0D2F80B1010
:1063900023F03803C2F807E0C2F80330C2F80B104C
:1063A0000268D2F80330D2F807E0D2F80B1065F398
:1063B0008913C2F807E0C2F80330C2F80B10026874
:1063C000D2F803E0D2F80730D2F80B1040F2D946E9
:1063D00066F39423C2F803E0C2F80730C2F80B104A
:1063E0000268D2F803E0D2F80730D2F80B104FF46D
:1063F0008C7666F35F53C2F803E0C2F80730C2F848
:106400000B100268D2F80330D2F807E0D2F80B1074
:1064100040F2BF4666F39421C2F807E0C2F80330A9
:10642000C2F80B100268D2F80330D2F807E0D2F8B5
:106430000B104FF4987666F35F51C2F807E0C2F88C
:106440000330C2F80B100268D2F80330D2F807E02C
:10645000D2F80B1064F38D23C2F807E0C2F80330C2
:10646000C2F80B100168D1F80330D1F80720D1F839
:106470000B006CF30902C1F80330C1F80720C1F822
:106480000B0040F2D410C2F200000268D2F80330D0
:10649000D2F807E0D2F80B1023F03803C2F807E077
:1064A000C2F80330C2F80B100268D2F80330D2F8F9
:1064B00007E0D2F80B1065F38913C2F807E0C2F8C1
:1064C0000330C2F80B100268D2F803E0D2F80730AC
:1064D000D2F80B104FF49F6666F39423C2F803E0E2
:1064E000C2F80730C2F80B100268D2F803E0D2F805
:1064F0000730D2F80B1040F2CD2666F35F53C2F896
:1065000003E0C2F80730C2F80B100268D2F803307B
:10651000D2F807E0D2F80B1040F20C5666F3942143
:10652000C2F807E0C2F80330C2F80B100268D2F8D4
:106530000330D2F807E0D2F80B1040F2D92666F308
:106540005F51C2F807E0C2F80330C2F80B100268CE
:10655000D2F80330D2F807E0D2F80B1064F38D23A1
:10656000C2F807E0C2F80330C2F80B100168D1F896
:106570000330D1F80720D1F80B006CF30902C1F801
:106580000330C1F80720C1F80B0040F2D810C2F266
:1065900000000268D2F80330D2F807E0D2F80B10FE
:1065A00023F03803C2F807E0C2F80330C2F80B103A
:1065B0000268D2F80330D2F807E0D2F80B1065F386
:1065C0008913C2F807E0C2F80330C2F80B10026862
:1065D000D2F803E0D2F80730D2F80B1040F2095598
:1065E00065F39423C2F803E0C2F80730C2F80B1039
:1065F0000268D2F803E0D2F80730D2F80B104FF45B
:10660000A67565F35F53C2F803E0C2F80730C2F81D
:106610000B100268D2F80330D2F807E0D2F80B1062
:1066200040F2F54565F39421C2F807E0C2F8033063
:10663000C2F80B100268D2F80330D2F807E0D2F8A3
:106640000B104FF4AC7565F35F51C2F807E0C2F868
:106650000330C2F80B100268D2F80330D2F807E01A
:10666000D2F80B1064F38D23C2F807E0C2F80330B0
:10667000C2F80B100168D1F80330D1F80720D1F827
:106680000B006CF30902C1F80330C1F80720C1F810
:106690000B004AF2B670C2F20000009005F0EEFB6B
:1066A000009944F22C40C2F200007822F1F7F2FE89
:1066B00003B0F0BDF0B583B000200290FFE7029870
:1066C00006282EDCFFE70298C0EB00124AF62E00E7
:1066D000C2F200000D30002181540299C1EB01117A
:1066E0004218022151700299C1EB011202449170CB
:1066F0000299C1EB01110144D1F80320D1F8073010
:10670000D1F80B004FF0010C6CF30202C1F8073016
:10671000C1F80320C1F80B00FFE702980130029096
:10672000CDE707200190FFE70198062815DCFFE779
:106730000198C0EB00114AF62E00C2F2000001449D
:106740000A694B69886922F007024B610A61886116
:10675000FFE7019801300190E6E740F2DC10C2F259
:1067600000000268D2F80330D2F807C0D2F80B104C
:1067700023F03803C2F807C0C2F80330C2F80B1088
:106780000268D2F80330D2F807C0D2F80B10042503
:1067900065F38913C2F807C0C2F80330C2F80B10C2
:1067A0000268D2F803C0D2F80730D2F80B1040F2DA
:1067B000235E6EF39423C2F803C0C2F80730C2F818
:1067C0000B100268D2F803C0D2F80730D2F80B10D1
:1067D00040F2552E6EF35F53C2F803C0C2F8073083
:1067E000C2F80B100268D2F80330D2F807C0D2F812
:1067F0000B1040F23B5E6EF39421C2F807C0C2F862
:106800000330C2F80B100268D2F80330D2F807C088
:10681000D2F80B1040F25A2E6EF35F51C2F807C047
:10682000C2F80330C2F80B100268D2F80330D2F875
:1068300007C0D2F80B104FF0080E6EF38D23C2F88C
:1068400007C0C2F80330C2F80B100168D1F803305A
:10685000D1F80720D1F80B004FF00A0C6CF30902B5
:10686000C1F80330C1F80720C1F80B0040F2E01076
:10687000C2F200000268D2F80330D2F80740D2F822
:106880000B1023F03803C2F80740C2F80330C2F8F7
:106890000B100268D2F80330D2F80740D2F80B1080
:1068A00065F38913C2F80740C2F80330C2F80B1031
:1068B0000268D2F80340D2F80730D2F80B1040F249
:1068C000255666F39423C2F80340C2F80730C2F895
:1068D0000B100268D2F80340D2F80730D2F80B1040
:1068E0004FF4EA7666F35F53C2F80340C2F807300C
:1068F000C2F80B100268D2F80330D2F80740D2F881
:106900000B1040F23D5666F39421C2F80740C2F8DE
:106910000330C2F80B100268D2F80330D2F80740F7
:10692000D2F80B1040F2CF1666F35F51C2F8074061
:10693000C2F80330C2F80B100268D2F80330D2F864
:106940000740D2F80B106EF38D23C2F80740C2F84F
:106950000330C2F80B100168D1F80330D1F80720DA
:10696000D1F80B006CF30902C1F80330C1F807201D
:10697000C1F80B0040F2E410C2F200000268D2F845
:106980000310D2F80730062666F3C501C2F80730B7
:10699000C2F803100268D2F80310D2F8073065F38A
:1069A0008911C2F80730C2F803100268D2F8031048
:1069B000D2F807300D2464F39631C2F80730C2F8DC
:1069C00003100268D2F80330D2F8071040F29E4C50
:1069D0006CF39421C2F80330C2F807100268D2F8B1
:1069E0000330D2F8071040F2FE2C6CF35F51C2F86E
:1069F0000330C2F807100268D2F80310D2F807304B
:106A00006EF38D21C2F80730C2F8031002688221AC
:106A1000C2F80B100168D1F80320D1F80700012358
:106A200063F30900C1F80320C1F8070040F2E81041
:106A3000C2F200000268D2F80310D2F807C066F371
:106A4000C501C2F807C0C2F803100268D2F80310EB
:106A5000D2F807C065F38911C2F807C0C2F8031065
:106A60000268D2F80310D2F807C064F39631C2F876
:106A700007C0C2F803100268D2F803C0D2F80710AA
:106A800040F2DD4767F39421C2F803C0C2F8071053
:106A90000268D2F803C0D2F8071040F2932767F3D8
:106AA0005F51C2F803C0C2F807100268D2F80310A1
:106AB000D2F807C06EF38D21C2F807C0C2F80310E8
:106AC00002686E21C2F80B100168D1F80320D1F8DA
:106AD000070063F30900C1F80320C1F8070040F282
:106AE000EC10C2F200000268D2F80310D2F807C01E
:106AF00066F3C501C2F807C0C2F803100268D2F8F5
:106B00000310D2F807C065F38911C2F807C0C2F8B4
:106B100003100268D2F80310D2F807C064F396316C
:106B2000C2F807C0C2F803100268D2F803C0D2F856
:106B3000071040F2FC4767F39421C2F803C0C2F883
:106B400007100268D2F803C0D2F807104FF40A7792
:106B500067F35F51C2F803C0C2F807100268D2F8A9
:106B60000310D2F807C06EF38D21C2F807C0C2F837
:106B7000031002685A21C2F80B100168D1F80320F3
:106B8000D1F8070063F30900C1F80320C1F807003A
:106B900040F2F010C2F200000268D2F80310D2F8FE
:106BA00007C066F3C501C2F807C0C2F80310026847
:106BB000D2F80310D2F807C065F38911C2F807C0F4
:106BC000C2F803100268D2F80310D2F807C064F3C9
:106BD0009631C2F807C0C2F803100268D2F803C0A9
:106BE000D2F807104FF49E6767F39421C2F803C0F0
:106BF000C2F807100268D2F803C0D2F807104FF4A9
:106C0000D97767F35F51C2F803C0C2F80710026872
:106C1000D2F80310D2F807C06EF38D21C2F807C076
:106C2000C2F8031002684621C2F80B100168D1F8BF
:106C30000320D1F8070063F30900C1F80320C1F86D
:106C4000070040F2F410C2F200000268D2F803100C
:106C5000D2F807C066F3C501C2F807C0C2F8031036
:106C60000268D2F80310D2F807C065F38911C2F8A0
:106C700007C0C2F803100268D2F80310D2F807C0A8
:106C800064F39631C2F807C0C2F803100268D2F864
:106C900003C0D2F8071040F2A14464F39421C2F873
:106CA00003C0C2F807100268D2F803C0D2F8071078
:106CB00040F24B1464F35F51C2F803C0C2F80710EE
:106CC0000268D2F80310D2F807C06EF38D21C2F823
:106CD00007C0C2F8031002683221C2F80B10016825
:106CE000D1F80320D1F8070063F30900C1F80320AD
:106CF000C1F807004AF62E00C2F20000009005F02D
:106D0000BDF8009944F22C40C2F200007822F1F75D
:106D1000C1FB03B0F0BD0000F0B583B000200290CD
:106D2000FFE7029806282EDCFFE70298C0EB00126E
:106D30004AF6A600C2F200000D30002181540299EB
:106D4000C1EB01114218032151700299C1EB0112EC
:106D5000024491700299C1EB01110144D1F8032062
:106D6000D1F80730D1F80B004FF0010C6CF30202A0
:106D7000C1F80730C1F80320C1F80B00FFE7029803
:106D800001300290CDE707200190FFE70198062827
:106D900015DCFFE70198C0EB00114AF6A600C2F22D
:106DA000000001440A694B69886922F007024B61BF
:106DB0000A618861FFE7019801300190E6E740F23F
:106DC000F810C2F200000268D2F80330D2F807C00F
:106DD000D2F80B104FF0020E6EF3C503C2F807C0D5
:106DE000C2F80330C2F80B100268D2F80330D2F8B0
:106DF00007C0D2F80B10032565F38913C2F807C04A
:106E0000C2F80330C2F80B100268D2F80330D2F88F
:106E100007C0D2F80B104FF00F0E6EF30901C2F845
:106E200007C0C2F80330C2F80B100268D2F803C0E2
:106E3000D2F80730D2F80B1040F2BF3E6EF3942325
:106E4000C2F803C0C2F80730C2F80B100268D2F8CB
:106E500003C0D2F80730D2F80B1040F21B2666F3BD
:106E60005F53C2F803C0C2F80730C2F80B100268C3
:106E7000D2F80330D2F807C0D2F80B10082464F31C
:106E80008D23C2F807C0C2F80330C2F80B100168A6
:106E9000D1F80330D1F80720D1F80B0065F30902CF
:106EA000C1F80330C1F80720C1F80B0040F2FC1014
:106EB000C2F200000268D2F80330D2F807C0D2F85C
:106EC0000B1023F03803C2F807C0C2F80330C2F831
:106ED0000B100268D2F80330D2F807C0D2F80B10BA
:106EE00065F38913C2F807C0C2F80330C2F80B106B
:106EF0000268D2F803C0D2F80730D2F80B1040F283
:106F00008A2767F39423C2F803C0C2F80730C2F897
:106F10000B100268D2F803C0D2F80730D2F80B1079
:106F200066F35F53C2F803C0C2F80730C2F80B1013
:106F30000268D2F80330D2F807C0D2F80B1040F242
:106F4000F64767F39421C2F807C0C2F80330C2F8CD
:106F50000B100268D2F80330D2F807C0D2F80B1039
:106F600066F35F51C2F807C0C2F80330C2F80B10D5
:106F70000268D2F80330D2F807C0D2F80B1064F3DD
:106F80008D23C2F807C0C2F80330C2F80B100168A5
:106F9000D1F80330D1F80720D1F80B0065F30902CE
:106FA000C1F80330C1F80720C1F80B0040F20020FF
:106FB000C2F200000268D2F80330D2F807C0D2F85B
:106FC0000B1023F03803C2F807C0C2F80330C2F830
:106FD0000B100268D2F80330D2F807C0D2F80B10B9
:106FE00065F38913C2F807C0C2F80330C2F80B106A
:106FF0000268D2F803C0D2F80730D2F80B106EF353
:107000009423C2F803C0C2F80730C2F80B1002681C
:10701000D2F803C0D2F80730D2F80B104FF4A076A4
:1070200066F35F53C2F803C0C2F80730C2F80B1012
:107030000268D2F80330D2F807C0D2F80B106EF312
:107040009421C2F807C0C2F80330C2F80B100268DE
:10705000D2F80330D2F807C0D2F80B104FF41B7EE1
:107060006EF35F51C2F807C0C2F80330C2F80B10CC
:107070000268D2F80330D2F807C0D2F80B1064F3DC
:107080008D23C2F807C0C2F80330C2F80B100168A4
:10709000D1F80330D1F80720D1F80B004FF0010CE4
:1070A0006CF30902C1F80330C1F80720C1F80B00E6
:1070B00040F20420C2F200000268D2F80330D2F895
:1070C00007E0D2F80B1023F03803C2F807E0C2F84B
:1070D0000330C2F80B100268D2F80330D2F807E090
:1070E000D2F80B1065F38913C2F807E0C2F8033039
:1070F000C2F80B100268D2F803E0D2F80730D2F8D9
:107100000B104FF4667666F39423C2F803E0C2F8DE
:107110000730C2F80B100268D2F803E0D2F807304B
:10712000D2F80B1040F2012666F35F53C2F803E079
:10713000C2F80730C2F80B100268D2F80330D2F858
:1071400007E0D2F80B104FF47A7767F39421C2F876
:1071500007E0C2F80330C2F80B100268D2F803301F
:10716000D2F807E0D2F80B1066F35F51C2F807E0DF
:10717000C2F80330C2F80B100268D2F80330D2F81C
:1071800007E0D2F80B1064F38D23C2F807E0C2F8D1
:107190000330C2F80B100168D1F80330D1F8072092
:1071A000D1F80B006CF30902C1F80330C1F80720D5
:1071B000C1F80B0040F20820C2F200000268D2F8C9
:1071C0000330D2F807E0D2F80B1023F03803C2F8EE
:1071D00007E0C2F80330C2F80B100268D2F803309F
:1071E000D2F807E0D2F80B1065F38913C2F807E074
:1071F000C2F80330C2F80B100268D2F803E0D2F8EC
:107200000730D2F80B104FF45C7666F39423C2F883
:1072100003E0C2F80730C2F80B100268D2F803E0AE
:10722000D2F80730D2F80B104FF4F37666F35F53C1
:10723000C2F803E0C2F80730C2F80B100268D2F8B7
:107240000330D2F807E0D2F80B104FF4826767F3EF
:107250009421C2F807E0C2F80330C2F80B100268AC
:10726000D2F80330D2F807E0D2F80B1066F35F5182
:10727000C2F807E0C2F80330C2F80B100268D2F877
:107280000330D2F807E0D2F80B1064F38D23C2F874
:1072900007E0C2F80330C2F80B100168D1F80330E0
:1072A000D1F80720D1F80B006CF30902C1F80330C4
:1072B000C1F80720C1F80B0040F20C20C2F2000018
:1072C0000268D2F80330D2F807E0D2F80B1023F0AE
:1072D0003803C2F807E0C2F80330C2F80B100268A6
:1072E000D2F80330D2F807E0D2F80B1065F3891317
:1072F000C2F807E0C2F80330C2F80B100268D2F8F7
:1073000003E0D2F80730D2F80B104FF4527666F350
:107310009423C2F803E0C2F80730C2F80B100268E9
:10732000D2F803E0D2F80730D2F80B1040F2CB16B7
:1073300066F35F53C2F803E0C2F80730C2F80B10DF
:107340000268D2F80330D2F807E0D2F80B1040F20E
:10735000394767F39421C2F807E0C2F80330C2F856
:107360000B100268D2F80330D2F807E0D2F80B1005
:1073700066F35F51C2F807E0C2F80330C2F80B10A1
:107380000268D2F80330D2F807E0D2F80B1064F3A9
:107390008D23C2F807E0C2F80330C2F80B10016871
:1073A000D1F80330D1F80720D1F80B006CF30902B3
:1073B000C1F80330C1F80720C1F80B0040F21020DB
:1073C000C2F200000268D2F80330D2F807E0D2F827
:1073D0000B1023F03803C2F807E0C2F80330C2F8FC
:1073E0000B100268D2F80330D2F807E0D2F80B1085
:1073F00065F38913C2F807E0C2F80330C2F80B1036
:107400000268D2F803E0D2F80730D2F80B104FF43C
:10741000487565F39423C2F803E0C2F80730C2F858
:107420000B100268D2F803E0D2F80730D2F80B1044
:107430004FF4D87565F35F53C2F803E0C2F8073024
:10744000C2F80B100268D2F80330D2F807E0D2F885
:107450000B1040F2614666F39421C2F807E0C2F8CF
:107460000330C2F80B100268D2F80330D2F807E0FC
:10747000D2F80B1065F35F51C2F807E0C2F8033091
:10748000C2F80B100268D2F80330D2F807E0D2F845
:107490000B1064F38D23C2F807E0C2F80330C2F882
:1074A0000B100168D1F80330D1F80720D1F80B0098
:1074B0006CF30902C1F80330C1F80720C1F80B00D2
:1074C0004AF6A600C2F20000009004F0D7FC009932
:1074D00044F22C40C2F200007822F0F7DBFF03B048
:1074E000F0BD00002DE9F04784B000200390FFE7D5
:1074F000039806282EDCFFE70398C0EB00124AF63B
:107500001E10C2F200000D30002181540399C1EB1E
:1075100001114218042151700399C1EB0112024478
:1075200091700399C1EB01110144D1F80320D1F806
:107530000730D1F80B004FF0010C6CF30202C1F8D8
:107540000730C1F80320C1F80B00FFE703980130B2
:107550000390CDE707200290FFE70298062815DC8C
:10756000FFE70298C0EB00114AF61E10C2F20000BD
:1075700001440A694B69886922F007024B610A617C
:107580008861FFE7029801300290E6E740F214209C
:10759000C2F200000268D2F80330D2F807C0D2F875
:1075A0000B10022767F3C503C2F807C0C2F8033007
:1075B000C2F80B100268D2F80330D2F807C0D2F834
:1075C0000B10062565F38913C2F807C0C2F8033013
:1075D000C2F80B100268D2F80330D2F807C0D2F814
:1075E0000B104FF0500E6EF30901C2F807C0C2F83D
:1075F0000330C2F80B100268D2F803C0D2F807308B
:10760000D2F80B1040F2666E6EF39423C2F803C0FA
:10761000C2F80730C2F80B100268D2F803C0D2F8E3
:107620000730D2F80B1040F2D22E6EF35F53C2F83F
:1076300003C0C2F80730C2F80B100268D2F803305A
:10764000D2F807C0D2F80B10082464F38D23C2F8D7
:1076500007C0C2F80330C2F80B100168D1F803303C
:10766000D1F80720D1F80B004FF0040868F30902A5
:10767000C1F80330C1F80720C1F80B0040F2182010
:10768000C2F200000268D2F80330D2F807E0D2F864
:107690000B104FF0010C6CF3C503C2F807E0C2F801
:1076A0000330C2F80B100268D2F80330D2F807E0BA
:1076B000D2F80B1065F38913C2F807E0C2F8033063
:1076C000C2F80B100268D2F803E0D2F80730D2F803
:1076D0000B1040F2336666F39423C2F803E0C2F85D
:1076E0000730C2F80B100268D2F803E0D2F8073076
:1076F000D2F80B1040F2A12969F35F53C2F803E0FE
:10770000C2F80730C2F80B100268D2F80330D2F882
:1077100007E0D2F80B1064F38D23C2F807E0C2F83B
:107720000330C2F80B100268D2F803E0D2F8073039
:10773000D2F80B1068F30903C2F803E0C2F807306F
:10774000C2F80B100268D2F80330D2F807E0D2F882
:107750000B1040F2516666F39421C2F807E0C2F8BC
:107760000330C2F80B100168D1F80320D1F80730BC
:10777000D1F80B0040F2053E6EF35F50C1F80730C0
:10778000C1F80320C1F80B0040F21C20C2F2000037
:107790000268D2F80330D2F80760D2F80B106CF30D
:1077A000C503C2F80760C2F80330C2F80B100268C4
:1077B000D2F80330D2F80760D2F80B1065F38913C2
:1077C000C2F80760C2F80330C2F80B100268D2F8A2
:1077D0000360D2F80730D2F80B1040F27D6A6AF3EA
:1077E0009423C2F80360C2F80730C2F80B10026895
:1077F000D2F80360D2F80730D2F80B1069F35F5368
:10780000C2F80360C2F80730C2F80B100268D2F861
:107810000330D2F80760D2F80B1064F38D23C2F85E
:107820000760C2F80330C2F80B100268D2F8036098
:10783000D2F80730D2F80B1068F30903C2F80360DE
:10784000C2F80730C2F80B100268D2F80330D2F841
:107850000760D2F80B1040F29B6868F39421C2F8DD
:107860000760C2F80330C2F80B100168D1F803209A
:10787000D1F80730D1F80B006EF35F50C1F8073034
:10788000C1F80320C1F80B0040F22020C2F2000032
:107890000268D2F80310D2F8073065F3C501C2F8C8
:1078A0000730C2F803100268D2F80310D2F807308C
:1078B00065F38911C2F80730C2F803100268D2F8E4
:1078C0000310D2F80730172666F39631C2F8073056
:1078D000C2F803100268D2F80330D2F8071040F261
:1078E0005C6E6EF39421C2F80330C2F80710026890
:1078F000D2F80330D2F807104FF4437E6EF35F5195
:10790000C2F80330C2F807100268D2F80310D2F8A8
:10791000073064F38D21C2F80730C2F80310026803
:107920000721C2F80B100168D1F80320D1F8070035
:1079300067F30900C1F80320C1F8070040F22420D2
:10794000C2F200000268D2F80310D2F8073065F3E3
:10795000C501C2F80730C2F803100268D2F803105C
:10796000D2F8073065F38911C2F80730C2F8031066
:107970000268D2F80310D2F8073066F39631C2F8E5
:107980000730C2F803100268D2F80330D2F80710AB
:1079900040F25E6E6EF39421C2F80330C2F8071015
:1079A0000268D2F80330D2F8071040F2E62868F3F4
:1079B0005F51C2F80330C2F807100268D2F8031012
:1079C000D2F8073064F38D21C2F80730C2F80310F3
:1079D0000168C1F80B500168D1F80320D1F8070005
:1079E00067F30900C1F80320C1F8070040F228201E
:1079F000C2F200000268D2F80310D2F8073065F333
:107A0000C501C2F80730C2F803100268D2F80310AB
:107A1000D2F8073065F38911C2F80730C2F80310B5
:107A20000268D2F80310D2F8073066F39631C2F834
:107A30000730C2F803100268D2F80330D2F80710FA
:107A40006EF39421C2F80330C2F807100268D2F82E
:107A50000330D2F8071040F2C12E6EF35F51C2F826
:107A60000330C2F807100268D2F80310D2F80730CA
:107A700064F38D21C2F80730C2F8031001680526AF
:107A8000C1F80B600168D1F80320D1F8070067F353
:107A90000900C1F80320C1F8070040F22C20C2F20F
:107AA00000000268D2F80330D2F807E0D2F80B10D9
:107AB00067F3C503C2F807E0C2F80330C2F80B1041
:107AC0000268D2F80330D2F807E0D2F80B1065F361
:107AD0008913C2F807E0C2F80330C2F80B1002683D
:107AE000D2F80330D2F807E0D2F80B1066F30901A0
:107AF000C2F807E0C2F80330C2F80B100268D2F8EF
:107B000003E0D2F80730D2F80B1065F39423C2F8E3
:107B100003E0C2F80730C2F80B100268D2F803E0A5
:107B2000D2F80730D2F80B1065F35F53C2F803E0C8
:107B3000C2F80730C2F80B100268D2F80330D2F84E
:107B400007E0D2F80B1064F38D23C2F807E0C2F807
:107B50000330C2F80B100168D1F80330D1F80720C8
:107B6000D1F80B006CF30902C1F80330C1F807200B
:107B7000C1F80B004AF61E10C2F20000019004F09A
:107B80007DF9019944F22C40C2F200007822F0F70E
:107B900081FC04B0BDE8F08780B582B04AF696114A
:107BA000C2F200010191002048734FF0050C81F8EA
:107BB0000EC0C87308694A69012363F302004A6171
:107BC000086108694A6940F038004A61086108693B
:107BD0004A696CF389104A61086108694A694FF083
:107BE000140C6CF396304A6108610A69486940F2E6
:107BF000713C6CF394200A6148610A69486940F25B
:107C0000111C6CF35F500A61486108694A694FF0C2
:107C1000080C6CF38D204A61086108694A6963F3B6
:107C2000DF504A6108610A694869022363F3090069
:107C30000A61486140F23820C2F2000000680F304B
:107C40004FF21D31C0F60101E8F7E0FB019804F0A6
:107C50004FF9019944F22C40C2F200003C22F0F7A7
:107C600019FC02B080BD000080B582B04AF6D21186
:107C7000C2F200010191002048734FF0050C81F819
:107C80000EC00123CB7308694A6963F302004A619D
:107C9000086108694A6940F038004A61086108696A
:107CA0004A696CF389104A61086108694A694FF0B2
:107CB000140C6CF396304A6108610A69486940F215
:107CC000B53C6CF394200A6148610A69486940F246
:107CD000111C6CF35F500A61486108694A694FF0F2
:107CE000080C6CF38D204A61086108694A6963F3E6
:107CF000DF504A6108610A694869022363F3090099
:107D00000A61486140F23C20C2F2000000680F3076
:107D10004FF21F31C0F60101E8F778FB019804F03B
:107D2000E7F8019944F22C40C2F200003C22F0F73F
:107D3000B1FB02B080BD000080B582B04AF60E21D2
:107D4000C2F200010191002048734FF0050E81F846
:107D50000EE00223CB7308694A694FF0010C6CF303
:107D600002004A61086108694A6940F038004A61C6
:107D7000086108694A696EF389104A6108610869F7
:107D80004A694FF0140E6EF396304A6108610A6931
:107D9000486940F2F93E6EF394200A6148610A692D
:107DA000486940F2111E6EF35F500A61486108692C
:107DB0004A694FF0080E6EF38D204A610861086928
:107DC0004A696CF3DF504A6108610A69486963F3E4
:107DD00009000A61486140F24020C2F200000068D8
:107DE0000F304FF22131C0F60101E8F70FFB019887
:107DF00004F07EF8019944F22C40C2F200003C22CB
:107E0000F0F748FB02B080BD70B584B0002003904D
:107E1000FFE7039801282FDCFFE70398C0EB00126F
:107E20004AF64A20C2F200000D3000218154039925
:107E3000C1EB0111421805215170039AD11CC2EB0C
:107E40000212024491700399C1EB01110144D1F86F
:107E50000320D1F80730D1F80B004FF0010C6CF380
:107E60000202C1F80730C1F80320C1F80B00FFE798
:107E7000039801300390CCE702200290FFE70298BC
:107E8000012815DCFFE70298C0EB00114AF64A20F2
:107E9000C2F2000001440A694B69886922F00702B6
:107EA0004B610A618861FFE7029801300290E6E7C2
:107EB00040F23020C2F200000268D2F80330D2F85B
:107EC00007C0D2F80B1023F03803C2F807C0C2F87D
:107ED0000330C2F80B100268D2F80330D2F807C0A2
:107EE000D2F80B10052666F38913C2F807C0C2F852
:107EF0000330C2F80B100268D2F803C0D2F8073082
:107F0000D2F80B104FF4F67E6EF39423C2F803C040
:107F1000C2F80730C2F80B100268D2F803C0D2F8DA
:107F20000730D2F80B10A42565F35F53C2F803C0E5
:107F3000C2F80730C2F80B100268D2F80330D2F84A
:107F400007C0D2F80B1040F2652E6EF39421C2F8F0
:107F500007C0C2F80330C2F80B100268D2F8033031
:107F6000D2F807C0D2F80B104FF4A37464F35F513A
:107F7000C2F807C0C2F80330C2F80B100268D2F88A
:107F80000330D2F807E0D2F80B104FF0020C6CF37C
:107F90008D23C2F807E0C2F80330C2F80B10016865
:107FA000D1F80330D1F80720D1F80B006CF30902A7
:107FB000C1F80330C1F80720C1F80B0040F23420AB
:107FC000C2F200000268D2F80330D2F807E0D2F81B
:107FD0000B1023F03803C2F807E0C2F80330C2F8F0
:107FE0000B100268D2F80330D2F807E0D2F80B1079
:107FF00066F38913C2F807E0C2F80330C2F80B1029
:108000000268D2F803E0D2F80730D2F80B1040F241
:10801000945666F39423C2F803E0C2F80730C2F81E
:108020000B100268D2F803E0D2F80730D2F80B1038
:1080300065F35F53C2F803E0C2F80730C2F80B10D3
:108040000268D2F80330D2F807E0D2F80B1040F201
:108050001B5565F39421C2F807E0C2F80330C2F85B
:108060000B100268D2F80330D2F807E0D2F80B10F8
:1080700064F35F51C2F807E0C2F80330C2F80B1096
:108080000268D2F80330D2F807E0D2F80B106CF394
:108090008D23C2F807E0C2F80330C2F80B10016864
:1080A000D1F80330D1F80720D1F80B006CF30902A6
:1080B000C1F80330C1F80720C1F80B004AF64A2086
:1080C000C2F20000019003F065FE019944F22C40D9
:1080D000C2F200002D22F0F7DDF904B070BD0000FF
:1080E0002DE9F04784B000200390FFE703980628AD
:1080F0002EDCFFE70398C0EB00124AF67820C2F2AC
:1081000000000D30002181540399C1EB0111421888
:10811000062151700399C1EB011202449170039939
:10812000C1EB01110144D1F80320D1F80730D1F897
:108130000B004FF0010C6CF30202C1F80730C1F8DC
:108140000320C1F80B00FFE7039801300390CDE74F
:1081500007200290FFE70298062815DCFFE7029847
:10816000C0EB00114AF67820C2F2000001440A690F
:108170004B69886922F007024B610A618861FFE759
:10818000029801300290E6E740F24420C2F200007B
:108190000268D2F80330D2F807C0D2F80B1023F0EF
:1081A0003803C2F807C0C2F80330C2F80B100268E7
:1081B000D2F80330D2F807C0D2F80B104FF0020902
:1081C00069F38913C2F807C0C2F80330C2F80B1074
:1081D0000268D2F803C0D2F80730D2F80B1040F290
:1081E000376E6EF39423C2F803C0C2F80730C2F8AA
:1081F0000B100268D2F803C0D2F80730D2F80B1087
:1082000040F2A12666F35F53C2F803C0C2F80730FC
:10821000C2F80B100268D2F80330D2F807C0D2F8C7
:108220000B106EF39421C2F807C0C2F80330C2F8F5
:108230000B100268D2F80330D2F807C0D2F80B1046
:1082400040F2063E6EF35F51C2F807C0C2F8033039
:10825000C2F80B100268D2F80330D2F807C0D2F887
:108260000B10062565F38D23C2F807C0C2F8033052
:10827000C2F80B100168D1F80330D1F80720D1F80B
:108280000B004FF01A0C6CF30902C1F80330C1F86F
:108290000720C1F80B0040F24820C2F2000002683B
:1082A000D2F80330D2F807C0D2F80B1023F038030D
:1082B000C2F807C0C2F80330C2F80B100268D2F847
:1082C0000330D2F807C0D2F80B1069F38913C2F853
:1082D00007C0C2F80330C2F80B100268D2F803C01E
:1082E000D2F80730D2F80B1040F2816464F3942383
:1082F000C2F803C0C2F80730C2F80B100268D2F807
:1083000003C0D2F80730D2F80B1066F35F53C2F8FF
:1083100003C0C2F80730C2F80B100268D2F803306D
:10832000D2F807C0D2F80B1064F39421C2F807C04A
:10833000C2F80330C2F80B100268D2F80330D2F84A
:1083400007C0D2F80B106EF35F51C2F807C0C2F835
:108350000330C2F80B100268D2F80330D2F807C01D
:10836000D2F80B1065F38D23C2F807C0C2F80330B2
:10837000C2F80B100168D1F80330D1F80720D1F80A
:108380000B001E2767F30902C1F80330C1F807206C
:10839000C1F80B0040F24C20C2F200000268D2F893
:1083A0000330D2F807C0D2F80B104FF0040A6AF37A
:1083B000C503C2F807C0C2F80330C2F80B10026848
:1083C000D2F80330D2F807C0D2F80B1069F3891342
:1083D000C2F807C0C2F80330C2F80B100268D2F826
:1083E0000330D2F807C0D2F80B104FF05C0E6EF3DA
:1083F0009421C2F807C0C2F80330C2F80B1002681B
:10840000D2F80330D2F807C0D2F80B106EF35F51E8
:10841000C2F807C0C2F80330C2F80B100268D2F8E5
:1084200003C0D2F80730D2F80B1040F25D6E6EF345
:108430009423C2F803C0C2F80730C2F80B100268D8
:10844000D2F803C0D2F80730D2F80B1040F2C92E90
:108450006EF35F53C2F803C0C2F80730C2F80B10C6
:108460000268D2F80330D2F807C0D2F80B1065F3D7
:108470008D23C2F807C0C2F80330C2F80B1002689F
:10848000D2F803C0D2F80730D2F80B10142464F3EA
:108490000903C2F803C0C2F80730C2F80B10026823
:1084A000D2F80330D2F807C0D2F80B10C82666F312
:1084B0009633C2F807C0C2F80330C2F80B10016847
:1084C000D1F80320D1F80730D1F80B004FF0A00C01
:1084D0006CF3DF52C1F80730C1F80320C1F80B007C
:1084E00040F25020C2F200000268D2F80330D2F805
:1084F00007C0D2F80B106AF3C503C2F807C0C2F870
:108500000330C2F80B100268D2F80330D2F807C06B
:10851000D2F80B1069F38913C2F807C0C2F8033010
:10852000C2F80B100268D2F80330D2F807C0D2F8B4
:108530000B104FF4B97E6EF39421C2F807C0C2F855
:108540000330C2F80B100268D2F80330D2F807C02B
:10855000D2F80B106EF35F51C2F807C0C2F80330B7
:10856000C2F80B100268D2F803C0D2F80730D2F874
:108570000B104FF46D7E6EF39423C2F803C0C2F863
:108580000730C2F80B100268D2F803C0D2F80730E7
:10859000D2F80B104FF4037868F35F53C2F803C0AE
:1085A000C2F80730C2F80B100268D2F80330D2F8D4
:1085B00007C0D2F80B106AF38D23C2F807C0C2F8C7
:1085C0000330C2F80B100268D2F803C0D2F80730AB
:1085D000D2F80B1067F30903C2F803C0C2F80730E2
:1085E000C2F80B100268D2F80330D2F807C0D2F8F4
:1085F0000B10592767F39633C2F807C0C2F803304F
:10860000C2F80B100168D1F80320D1F80730D1F877
:108610000B004FF05B0C6CF3DF52C1F80730C1F870
:108620000320C1F80B0040F25420C2F2000002689F
:10863000D2F80330D2F807C0D2F80B106AF3C503A2
:10864000C2F807C0C2F80330C2F80B100268D2F8B3
:108650000330D2F807C0D2F80B1069F38913C2F8BF
:1086600007C0C2F80330C2F80B100268D2F803301A
:10867000D2F807C0D2F80B104FF4967767F3942125
:10868000C2F807C0C2F80330C2F80B100268D2F873
:108690000330D2F807C0D2F80B1066F35F51C2F86E
:1086A00007C0C2F80330C2F80B100268D2F803C04A
:1086B000D2F80730D2F80B106EF39423C2F803C03F
:1086C000C2F80730C2F80B100268D2F803C0D2F823
:1086D0000730D2F80B1040F2E11E6EF35F53C2F880
:1086E00003C0C2F80730C2F80B100268D2F803309A
:1086F000D2F807C0D2F80B1065F38D23C2F807C07B
:10870000C2F80330C2F80B100268D2F803C0D2F8E6
:108710000730D2F80B1064F30903C2F803C0C2F8A3
:108720000730C2F80B100268D2F80330D2F807C045
:10873000D2F80B1040F2591E6EF39633C2F807C000
:10874000C2F80330C2F80B100168D1F80320D1F849
:108750000730D1F80B004FF00F0C6CF3DF52C1F86B
:108760000730C1F80320C1F80B0040F25820C2F2D4
:1087700000000268D2F80330D2F807C0D2F80B101C
:108780006AF3C503C2F807C0C2F80330C2F80B1081
:108790000268D2F80330D2F807C0D2F80B1069F3A0
:1087A0008913C2F807C0C2F80330C2F80B10026880
:1087B000D2F80330D2F807C0D2F80B1040F281187B
:1087C00068F39421C2F807C0C2F80330C2F80B1056
:1087D0000268D2F80330D2F807C0D2F80B1068F361
:1087E0005F51C2F807C0C2F80330C2F80B1002682C
:1087F000D2F803C0D2F80730D2F80B1040F2BE37DF
:1088000067F39423C2F803C0C2F80730C2F80B1014
:108810000268D2F803C0D2F80730D2F80B1040F249
:10882000122666F35F53C2F803C0C2F80730C2F8DD
:108830000B100268D2F80330D2F807C0D2F80B1040
:1088400065F38D23C2F807C0C2F80330C2F80B10DD
:108850000268D2F803C0D2F80730D2F80B1064F3E4
:108860000903C2F803C0C2F80730C2F80B1002684F
:10887000D2F80330D2F807C0D2F80B104FF0E40E54
:108880006EF39633C2F807C0C2F80330C2F80B107B
:108890000168D1F80320D1F80730D1F80B004FF46C
:1088A000877E6EF3DF52C1F80730C1F80320C1F8AC
:1088B0000B0040F25C20C2F200000268D2F80330E4
:1088C000D2F807C0D2F80B106AF3C503C2F807C08C
:1088D000C2F80330C2F80B100268D2F80330D2F8A5
:1088E00007C0D2F80B1069F38913C2F807C0C2F8A9
:1088F0000330C2F80B100268D2F80330D2F807C078
:10890000D2F80B1068F39421C2F807C0C2F8033004
:10891000C2F80B100268D2F80330D2F807C0D2F8C0
:108920000B1068F35F51C2F807C0C2F80330C2F8F9
:108930000B100268D2F803C0D2F80730D2F80B103F
:1089400067F39423C2F803C0C2F80730C2F80B10D3
:108950000268D2F803C0D2F80730D2F80B1066F3E1
:108960005F53C2F803C0C2F80730C2F80B100268A8
:10897000D2F80330D2F807C0D2F80B1065F38D237C
:10898000C2F807C0C2F80330C2F80B100268D2F870
:1089900003C0D2F80730D2F80B1064F30903C2F811
:1089A00003C0C2F80730C2F80B100268D2F80330D7
:1089B000D2F807C0D2F80B106EF39633C2F807C096
:1089C000C2F80330C2F80B100168D1F80320D1F8C7
:1089D0000730D1F80B004FF49B7C6CF3DF52C1F8E9
:1089E0000730C1F80320C1F80B004AF67820C2F224
:1089F0000000019003F042FA019944F22C40C2F2C7
:108A000000007822EFF746FD04B0BDE8F0870000D3
:108A100080B582B000200190FFE70198062817DC9E
:108A2000FFE70198C0EB00114AF67820C2F200007F
:108A300001440A694B6988694FF0020C6CF3020229
:108A40004B610A618861FFE7019801300190E4E71A
:108A50004AF67820C2F20000009003F00FFA009965
:108A600044F22C40C2F200007822EFF713FD02B06E
:108A700080BD000080B582B001900091009843F263
:108A8000D051C2F2000108600120486000208860D7
:108A90000198E9F711FB18B1FFE7E9F7C5F8FFE71F
:108AA0000198E9F769FD01980A21E9F7CFFC0198DF
:108AB000E9F70EFC80B202B080BD000080B5A0B026
:108AC0008DED030ACDED020A01909DED020AB5EE8F
:108AD000400AF1EE10FA40F3A280FFE79DED030A91
:108AE0009DED021A80EE010A8DED0D0A00200C901A
:108AF0000B909DED0D0AB5EE400AF1EE10FA09DA81
:108B0000FFE701200C909DED0D0AB1EE400A8DEDBE
:108B10000D0AFFE79DED0D0AB7EE001AB4EE410A0B
:108B2000F1EE10FA39DDFFE79DED0D1AB7EE000A00
:108B300080EE010A8DED0D0A0D98109049F2A520E6
:108B4000CBF604500F9001200E900E90FFE70E9888
:108B5000092819DCFFE79DED100A9DED0F2A0E98FC
:108B6000C0F109014EF6C810C0F6010000EB81000B
:108B700090ED001A20EE020A30EE010A8DED0F0A88
:108B80000E9801300E90E2E79DED0F1A9FEDD90A85
:108B900030EE410A8DED0B0A30E00D98139049F24A
:108BA000A520CBF604501290012011901190FFE700
:108BB0001198092819DCFFE79DED130A9DED122A93
:108BC0001198C0F109014EF6C810C0F6010000EB83
:108BD000810090ED001A20EE020A30EE010A8DEDC0
:108BE000120A119801301190E2E79DED121A9DEDE5
:108BF0000B0A30EE010A8DED0B0AFFE70C9838B135
:108C0000FFE79DED0B0AB1EE400A8DED0B0AFFE781
:108C10000B980199086000208DF81300BCE19DEDD0
:108C2000020AB5EE400AF1EE10FA80F28481FFE705
:108C30009DED030AB5EE400AF1EE10FA40F3A5806F
:108C4000FFE79DED030A9DED021A80EE010A8DED0E
:108C50000A0A0020099008909DED0A0AB5EE400A24
:108C6000F1EE10FA09DAFFE7012009909DED0A0AFA
:108C7000B1EE400A8DED0A0AFFE79DED0A0AB7EE54
:108C8000001AB4EE410AF1EE10FA39DDFFE79DED6E
:108C90000A1AB7EE000A80EE010A8DED0A0A0A9858
:108CA000169049F2A520CBF604501590012014909F
:108CB0001490FFE71498092819DCFFE79DED160AC8
:108CC0009DED152A1498C0F109014EF6C810C0F6A2
:108CD000010000EB810090ED001A20EE020A30EE58
:108CE000010A8DED150A149801301490E2E79DED0C
:108CF000151A9FEDAB0A30EE410A8DED080A30E0FF
:108D00000A98199049F2A520CBF60450189001203A
:108D100017901790FFE71798092819DCFFE79DEDDA
:108D2000190A9DED182A1798C0F109014EF6C810CE
:108D3000C0F6010000EB810090ED001A20EE020A5F
:108D400030EE010A8DED180A179801301790E2E70E
:108D50009DED181A9DED080A30EE010A8DED080A06
:108D6000FFE7099838B1FFE79DED080AB1EE400A28
:108D70008DED080AFFE79DED080A9FED8B1A30EE96
:108D8000010A019880ED000AD1E09DED030AB5EEDD
:108D9000400AF1EE10FA80F2A580FFE79DED030A8C
:108DA0009DED021A80EE010A8DED070A0020069063
:108DB00005909DED070AB5EE400AF1EE10FA09DACA
:108DC000FFE7012006909DED070AB1EE400A8DED08
:108DD000070AFFE79DED070AB7EE001AB4EE410A55
:108DE000F1EE10FA39DDFFE79DED071AB7EE000A44
:108DF00080EE010A8DED070A07981C9049F2A52024
:108E0000CBF604501B9001201A901A90FFE71A9895
:108E1000092819DCFFE79DED1C0A9DED1B2A1A9815
:108E2000C0F109014EF6C810C0F6010000EB810048
:108E300090ED001A20EE020A30EE010A8DED1B0AB9
:108E40001A9801301A90E2E79DED1B1A9FED540A23
:108E500030EE410A8DED050A30E007981F9049F287
:108E6000A520CBF604501E9001201D901D90FFE719
:108E70001D98092819DCFFE79DED1F0A9DED1E2AAC
:108E80001D98C0F109014EF6C810C0F6010000EBB4
:108E9000810090ED001A20EE020A30EE010A8DEDFD
:108EA0001E0A1D9801301D90E2E79DED1E1A9DEDF2
:108EB000050A30EE010A8DED050AFFE7069838B184
:108EC000FFE79DED050AB1EE400A8DED050AFFE7CB
:108ED0009DED050A9FED331A30EE010A019880EDF1
:108EE000000A23E0002038B9FFE70398FCF708FCEC
:108EF00068B913E0DB0FC93F039805F0B9F941ECFD
:108F0000100B51EC100BFCF7F1FB38B1FFE70199A6
:108F100040F6DB70CCF24900086006E0019940F6AB
:108F2000DB70C4F249000860FFE7FFE7FFE70020BD
:108F30008DF8130030E09DED020AB5EE400AF1EE27
:108F400010FA25D1FFE79DED030AB5EE400AF1EED8
:108F500010FA0ADDFFE7019940F6DB70C3F6C9702D
:108F6000086000208DF8130016E09DED030AB5EEB1
:108F7000400AF1EE10FA0ADAFFE7019940F6DB70D9
:108F8000CBF6C970086000208DF8130004E0FFE7FD
:108F9000FC208DF81300FFE79DF9130020B080BD81
:108FA000DB0FC93FDB0F49C0DB0F494089B08DEDB6
:108FB000080A9DED080A9FED3C1A20EE010AB5EE65
:108FC000001A30EE010A8DED050A9DED050ABDEE91
:108FD000C00A8DED010A9DED050AB5EE400AF1EEDD
:108FE00010FA04DAFFE7019801380190FFE79DEDE0
:108FF000050A9DED011AB8EEC11A30EE410A8DED59
:10900000050A9DED050A9FED291A20EE010A8DED56
:10901000000A9DED000ABDEEC00A10EE100AADF880
:109020001200BDF81200B0F5007F0CDBFFE7002056
:10903000ADF812009DED000A9FED1D1A30EE010AF9
:109040008DED000AFFE79DED000ABDF8120001EE6C
:10905000100AB8EE411A30EE410A8DED060ABDF84D
:1090600012104EF6F010C0F6010050F821100391D6
:10907000BDF8121000EB8100406802909DED061AC9
:10908000B7EE000A30EE410A9DED032A9DED023A4B
:1090900021EE031A20EE020A30EE010A8DED070AD6
:1090A0009DED070A09B0704783F9223E0000004495
:1090B000000000C489B008900791069208984068A3
:1090C00005900798406804900698406803900898B7
:1090D000008807990988884215D1FFE708984088D9
:1090E0000799498888420ED1FFE7089800880699B9
:1090F0000988884207D1FFE708984088069949887F
:10910000884204D0FFE7FD208DF8030023E0089992
:10911000088849884843029002980190FFE7019827
:10912000A8B1FFE70598011D059190ED000A04988C
:10913000011D049190ED001A30EE010A0398011D03
:10914000039180ED000A019801380190E7E70020C3
:109150008DF80300FFE79DF9030009B07047000098
:1091600083B00290ADF80610ADF804200093BDF86E
:10917000060002990880BDF8040002994880009812
:109180000299486003B07047BBB039903891399864
:109190004068379038984068369039980088349005
:1091A0003998408833900020329031902B90399933
:1091B0000888498888420DD1FFE73899088849888E
:1091C000884207D1FFE73998008838990988884292
:1091D00004D0FFE7FD208DF8A300C8E23698359053
:1091E00034982C90FFE72C9858B3FFE734982C99CB
:1091F000401A2A90FFE72A9848B1FFE73599081DE1
:109200003590002008602A9801382A90F3E73599B4
:10921000081D35904FF07E5008602C9801382A9038
:10922000FFE72A9848B1FFE73599081D35900020DF
:1092300008602A9801382A90F3E72C9801382C907E
:10924000D1E700202990FFE729983399884280F0E0
:109250005382FFE729982F90399948684988299ABD
:1092600001FB022100EB81003590359800683290B7
:1092700029983090299801302D90FFE72D98349946
:10928000884225D2FFE73999486849882D9A299B59
:1092900001FB023100EB8100359035980068319078
:1092A0009DED310AB0EEC00A9DED321AB0EEC11A42
:1092B000B4EE410AF1EE10FA05DDFFE72D9830908B
:1092C00031983290FFE7FFE72D9801302D90D5E7D8
:1092D0009DED320AB5EE400AF1EE10FA76D0FFE7C6
:1092E00030982999884271D0FFE7399840682590D5
:1092F0003998406824903998408823902398299978
:10930000401A22902F982399299A00FB0121259831
:1093100000EB8100259030982399299A00FB0121C8
:10932000249800EB8100249000202790FFE72798E5
:109330002299884213DAFFE725980068269024983E
:10934000006825990A1D25920860269824990A1D0F
:1093500024920860FFE7279801302790E7E73898C4
:1093600040681F90389840681E90389840881D903B
:109370001D981C902F981D9941431F9800EB810068
:109380001F9030981D9941431E9800EB81001E905C
:1093900000202190FFE721981C99884213DAFFE70B
:1093A0001F98006820901E9800681F990A1D1F9240
:1093B000086020981E990A1D1E920860FFE72198F8
:1093C00001302190E7E701202B90FFE72B9801283F
:1093D0000CD0FFE79DED320AB5EE400AF1EE10FA2F
:1093E00004D1FFE7FB208DF8EB00C5E19DED321ABB
:1093F000B7EE000A80EE010A8DED320A3998406816
:109400001A9039984088199019982999401A1890FB
:109410002F981999299A00FB01211A9800EB8100D5
:109420001A9000201B90FFE71B981899884210DAC9
:10943000FFE79DED321A1A98011D1A9190ED000A6E
:1094400020EE010A80ED000AFFE71B9801301B9017
:10945000EAE7389840681690389840881590159833
:1094600014902F9815994143169800EB810016909F
:1094700000201790FFE717981499884210DAFFE749
:109480009DED321A1698011D169190ED000A20EEFE
:10949000010A80ED000AFFE7179801301790EAE70C
:1094A00000202D90FFE72D982F99884280F08B8027
:1094B000FFE73999486849882D9A299B01FB0231B9
:1094C00000EB8100359035980068329039984068FB
:1094D00012903998406811903998408810901098EF
:1094E0002999401A0F9012982D99109A514300EB28
:1094F0008100299900EB8100129011982F99109A00
:10950000514300EB8100299900EB8100119000206C
:109510001390FFE713980F99884217DAFFE79DED44
:10952000321A1198011D119190ED002A1298011D17
:10953000129190ED000A21EE021A30EE410A80ED00
:10954000000AFFE7139801301390E3E7389840686A
:109550000D90389840680C90389840880B900B9884
:109560000A900D982D990B9A514300EB81000D90B4
:109570000C982F990B9A514300EB81000C9000201E
:109580000E90FFE70E980A99884217DAFFE79DEDE3
:10959000321A0C98011D0C9190ED002A0D98011DB6
:1095A0000D9190ED000A21EE021A30EE410A80ED95
:1095B000000AFFE70E9801300E90E3E7FFE72D98D1
:1095C00001302D906FE72F9801302D90FFE72D98F7
:1095D0003499884280F08B80FFE739994868498840
:1095E0002D9A299B01FB023100EB810035903598C3
:1095F0000068329039984068089039984068079020
:1096000039984088069006982999401A059008983C
:109610002D99069A514300EB8100299900EB8100B6
:10962000089007982F99069A514300EB81002999D9
:1096300000EB8100079000200990FFE70998059949
:10964000884217DAFFE79DED321A0798011D07914E
:1096500090ED002A0898011D089190ED000A21EE76
:10966000021A30EE410A80ED000AFFE70998013046
:109670000990E3E738984068039038984068029072
:109680003898408801900198009003982D99019A8C
:10969000514300EB8100039002982F99019A5143A6
:1096A00000EB8100029000200490FFE704980099ED
:1096B000884217DAFFE79DED321A0298011D0291E8
:1096C00090ED002A0398011D039190ED000A21EE10
:1096D000021A30EE410A80ED000AFFE704980130DB
:1096E0000490E3E7FFE72D9801302D906FE7FFE747
:1096F000299801302990A7E500208DF8A3002B9828
:10970000012833D0FFE79DED320AB5EE400AF1EEB5
:1097100010FA2BD1FFE739984068379000202E903F
:10972000FFE72E983499339A5143884212D2FFE7CB
:1097300037982E9900EB810090ED000AB5EE400AB3
:10974000F1EE10FA01D0FFE704E0FFE72E980130B8
:109750002E90E6E72E983499339A5143884204D1EB
:10976000FFE7FB208DF8A300FFE7FFE7FFE79DF889
:10977000A3008DF8EB00FFE79DF9EB003BB07047CD
:1097800092B008AB0093119010910F92119840681D
:109790000E90109840680D90119840680C901098A9
:1097A00040680B900F9840680A9011980088ADF8B7
:1097B0001E0010984088ADF81C0011984088ADF844
:1097C0001A0000200490BDF81E00039011984088F4
:1097D0001099098888420ED1FFE7119800880F99E7
:1097E0000988884207D1FFE7109840880F99498877
:1097F000884204D0FFE7FD208DF807005EE0FFE718
:109800000A98049900EB81000990BDF81C000590AE
:10981000109840680D90FFE7002008900C980E907B
:10982000BDF81A000290FFE70298D8B1FFE7009850
:109830000E990A1D0E9291ED000A0D9991ED002AE4
:1098400090ED001A20EE020A30EE010A80ED000AC7
:10985000BDF81C100D9800EB81000D9002980138A6
:109860000290E1E7089809990A1D09920860059895
:10987000013805900B98BDF81C10059A891A00EB69
:1098800081000D90FFE705980028C5D1FFE70498F7
:10989000BDF81C10084404900C98BDF81A1000EB99
:1098A00081000C90039801380390FFE7039800288B
:1098B000A6D1FFE700208DF80700FFE79DF907001C
:1098C00012B0704789B008900791069208984068D6
:1098D000059007984068049006984068039008989F
:1098E000008807990988884215D1FFE708984088C1
:1098F0000799498888420ED1FFE7089800880699A1
:109900000988884207D1FFE7089840880699498866
:10991000884204D0FFE7FD208DF8030023E008997A
:10992000088849884843029002980190FFE701980F
:10993000A8B1FFE70598011D059190ED000A049874
:10994000011D049190ED001A30EE410A0398011DAB
:10995000039180ED000A019801380190E7E70020AB
:109960008DF80300FFE79DF9030009B07047000080
:109970008AB0099008910998406807900898406853
:10998000069009980088ADF8120009984088ADF853
:109990001000BDF812000290002001900998008884
:1099A00008994988884207D1FFE7099840880899B3
:1099B0000988884204D0FFE7FD208DF803002BE0E2
:1099C000FFE70698019900EB81000590BDF81000B3
:1099D0000390FFE7039880B1FFE70798011D079107
:1099E000006805990860BDF81210059800EB810029
:1099F0000590039801380390ECE70198013001903D
:109A0000029801380290FFE702980028D9D1FFE7B9
:109A100000208DF80300FFE79DF903000AB07047AE
:109A200089B08DED080A9DED080A9FED3A1A20EEE7
:109A3000010A8DED050A9DED050ABDEEC00A8DED0A
:109A4000010A9DED050AB5EE400AF1EE10FA04DABE
:109A5000FFE7019801380190FFE79DED050A9DEDB4
:109A6000011AB8EEC11A30EE410A8DED050A9DEDDE
:109A7000050A9FED291A20EE010A8DED000A9DEDE1
:109A8000000ABDEEC00A10EE100AADF81200BDF8D3
:109A90001200B0F5007F0CDBFFE70020ADF81200EC
:109AA0009DED000A9FED1D1A30EE010A8DED000AB2
:109AB000FFE79DED000ABDF8120001EE100AB8EEB6
:109AC000411A30EE410A8DED060ABDF812104EF62D
:109AD000F010C0F6010050F821100391BDF81210EB
:109AE00000EB8100406802909DED061AB7EE000A77
:109AF00030EE410A9DED032A9DED023A21EE031A54
:109B000020EE020A30EE010A8DED070A9DED070AEC
:109B100009B0704783F9223E00000044000000C4F1
:109B200080B588B000208DF81E008DF81D00E6F786
:109B300095FE80200490E7F741F855200590E7F75F
:109B40003DF80598E7F73AF88DF81E00E6F77CFE39
:109B500096200690E6F7B8FEE6F780FE0498E7F751
:109B60002DF80598E7F72AF80598E7F727F88DF814
:109B70001E00E6F769FE0698E6F7A6FEE6F76EFE1B
:109B80007E20B621E7F732F8E6F75EFE5020E6F7D2
:109B900087FEE6F763FE0498E7F710F80598E7F705
:109BA0000DF80598E7F70AF88DF81E00E6F74CFE69
:109BB0000698E6F789FEE6F751FE0498E6F7FEFF01
:109BC0000598E6F7FBFF0598E6F7F8FF8DF81E000D
:109BD000E6F73AFE0698E6F777FE9DF81E001E2887
:109BE00004D0FFE7FF208DF81F005CE000208DF817
:109BF0001D00FFE79DF81D00052850DCFFE7E6F794
:109C00002DFE9DF81D0000EB400240F27420C2F2D0
:109C1000000003908118805C4978E6F7E7FFE6F7DB
:109C200013FE96200290E6F74FFEE6F717FE039824
:109C30009DF81D1001EB4101405C40F08000E6F70B
:109C4000BDFF55200190E6F7B9FF0198E6F7B6FF92
:109C50008DF81E00E6F7F8FD0298E6F735FE039949
:109C60009DF81E009DF81D2002EB42021144497828
:109C700088420DD0FFE79DF81D0000EB400140F247
:109C80007420C2F20000084480788DF81F000AE0BA
:109C9000FFE79DF81D0001308DF81D00AAE70020A8
:109CA0008DF81F00FFE79DF81F0008B080BD000081
:109CB00080B586B0002002908DF816008DF8150052
:109CC000E6F7E2FD02980DF115010391E6F764FF56
:109CD000E6F7D0FD96200490E6F7F6FDE6F7D4FD12
:109CE00002980399E6F758FFE6F7C4FD0498E6F7F3
:109CF000EBFDE6F7C9FD1420B621E6F777FFE6F79E
:109D0000B9FD5020E6F7CCFDE6F7BEFD02980399B9
:109D1000E6F742FFE6F7AEFD0498E6F7D5FDE6F775
:109D2000B3FD02980399E6F737FFE6F7A3FD049821
:109D3000E6F7CAFD9DF815000F2804D0FFE7FF20C5
:109D40008DF8170053E000208DF81600FFE79DF80E
:109D50001600052847DCFFE7E6F796FD9DF816009C
:109D600000EB400240F28620C2F200000190811810
:109D7000805C4978E6F73AFFE6F77CFD9620009094
:109D8000E6F7A2FDE6F780FD01989DF8161001EBBD
:109D90004101405C0DF11501E6F7FEFEE6F76AFDB4
:109DA0000098E6F791FD01999DF815009DF81620A1
:109DB00002EB42021144497888420DD0FFE79DF83A
:109DC000160000EB400140F28620C2F20000084479
:109DD00080788DF817000AE0FFE79DF81600013043
:109DE0008DF81600B3E700208DF81700FFE79DF807
:109DF000170006B080BD000084B0029001914FF6BC
:109E0000FF70ADF80200029828B9FFE74FF6FF7027
:109E1000ADF80E0021E0FFE70198411E0191B8B1B5
:109E2000FFE70298411C029100788DF80100BDF80F
:109E300002109DF801004840C2B24FF22430C0F633
:109E4000010030F8120080EA1120ADF80200E3E7CB
:109E5000BDF80200ADF80E00FFE7BDF80E0004B03B
:109E60007047000083B002900191FF208DF803003D
:109E7000FFE70198411E019198B1FFE79DF80300AB
:109E800002994A1C0292097848408DF802009DF818
:109E900002104EF20C70C0F60100405C8DF8030019
:109EA000E7E79DF8030003B07047000080B58AB073
:109EB0000990ADF822100792082005900020039029
:109EC0000490BDF8220001900998079A01A96B46F9
:109ED000E8F764FC0AB080BD80B58AB0DDF834C014
:109EE000DDF830C0089007910692059343F2E150E7
:109EF000C2F20000007801280CD0FFE70D98F0F7BF
:109F0000B9FC43F2E151C2F20001087000208DF863
:109F1000270093E0089890ED030A9FED4A1A20EE7F
:109F2000010A0D9800F6FC2080ED000A089890EDDB
:109F3000040A20EE010A0D9800F6245080ED000A74
:109F4000089890ED050A20EE010A0D9800F64C7075
:109F500080ED000A089890ED060A20EE010A0D989F
:109F600041F27411084480ED000A0798007878B92E
:109F7000FFE708990020C8600899086108994861BE
:109F80000899886143F2E051C2F200010870FFE7CE
:109F90000D9901F64240B1F9D82A00EE102AB8EE28
:109FA000C00A01F6FC21D1ED000AF2F74DF80D9937
:109FB00001F66A60B1F9002D00EE102AB8EEC00A71
:109FC00001F62451D1ED000AF2F73EF80D9941F265
:109FD00092000844B1F9282F00EE102AB8EEC00A0A
:109FE00001F64C71D1ED000AF2F72EF80D9941F20D
:109FF000BA20084441F250128A5E00EE102AB8EEF0
:10A00000C00A41F274121144D1ED000AF2F71CF8B3
:10A010000D98D0F8760C01900D98D0F89E0E029015
:10A020000D9841F2C601405803900D9841F2EE217F
:10A030004058049001208DF82700FFE79DF8270085
:10A040000AB080BD48E17A3F84B003908DF80B10D0
:10A05000019200208DF803009DF80B0002282ED1FC
:10A06000FFE703980199C8700398000A03900398CA
:10A07000019988700398000A0390039800F0030088
:10A080008DF803000398C0000390039800F0E000EF
:10A090009DF8031008448DF803009DF80300083074
:10A0A0008DF803009DF8030000F0EB000199487063
:10A0B0000398000A039003980199087011E0019930
:10A0C000002088700199C87003984001039003989C
:10A0D000019948700398000A039003980199087049
:10A0E000FFE704B07047000084B08DF80F008DF8D2
:10A0F0000E108DF80D208DF80C300020029001908C
:10A100009DF80C0000F003008DF803009DF80C0092
:10A1100040098DF802009DF80D00C00001900198E3
:10A120009DF8021008440190019880000190019868
:10A130009DF80310084401900198000201900198D5
:10A140009DF80F10084401900198000201900198B9
:10A150009DF80E100844019001980290029804B0F6
:10A160007047000083B08DF80B008DF80A100020B6
:10A1700001909DF80B00C000009000989DF80A1017
:10A1800000EB5110009000980190019803B07047C7
:10A1900085B0049004988169806A00EE101A01EE7F
:10A1A000100A20EE010AB5EE400AF1EE10FA40F373
:10A1B0009180FFE70498806900EE100AB5EE400A2E
:10A1C000F1EE10FA07DDFFE70498806900EE100A4F
:10A1D0008DED030A08E00498806980F0004000EEED
:10A1E000100A8DED030AFFE79DED030A0498406D08
:10A1F00001EE100AB4EE410AF1EE10FA01DCFFE7BD
:10A2000068E00498806900EE100AB5EE400AF1EEAD
:10A2100010FA07DDFFE70498806900EE100A8DED63
:10A22000020A08E00498806980F0004000EE100AFD
:10A230008DED020AFFE79DED020A0498016D406D65
:10A2400001EE101A02EE100A31EE021AB4EE410AC3
:10A25000F1EE10FA39DCFFE704998869096D00EE28
:10A26000101A8DED010A00EE100AB5EE400AF1EE6B
:10A2700010FA07DDFFE70498806900EE100A8DED03
:10A28000000A08E00498806980F0004000EE100A9F
:10A290008DED000AFFE79DED010A9DED001A30EEFD
:10A2A000410A0499086B0A6D4B6D01EE103A30EECD
:10A2B000010A01EE102A80EE011A00EE100A20EECB
:10A2C000010A10EE100A086303E0049900200863F5
:10A2D000FFE7FFE705B0704781B000900099D1F823
:10A2E0002CC0C86BCA6DD1F8903000EE10CA01EED8
:10A2F000103A20EE010A03EE102A33EE012A80EE16
:10A30000020A01EE100A21EE031A81EE021A30EE63
:10A31000010A10EE100AC86201B0704780B584B01F
:10A3200003900398D0F89400E8BBFFE70398B0F8D7
:10A33000600003281DDBFFE70398C3680169D0F8BC
:10A34000902000EE103A8DED020A623000EE102AE5
:10A3500081F0004100EE901AF1F7AEFAB0EE401A2B
:10A360009DED020A20EE010A039910EE100AC86260
:10A3700018E00399D1F80CC00A694B69D1F8900034
:10A3800000EE10CA01EE103A02EE102A31EE421A27
:10A3900020EE010A01EE100A80EE010A10EE100A0A
:10A3A000C862FFE74CE00398B0F86000032825DBA3
:10A3B000FFE70398D0F80CC00169D0F89020D0F8DE
:10A3C000943000EE10CA9B6801EE103A30EE010A9C
:10A3D0008DED010A623000EE102A81F0004100EE9E
:10A3E000901AF1F769FAB0EE401A9DED010A20EEDD
:10A3F000010A039910EE100AC86220E00399D1F80F
:10A400000CC00A694B69D1F8900000EE10CAD1F86F
:10A4100094C0DCF808C001EE10CA30EE010A01EE6B
:10A42000103A02EE102A31EE421A20EE010A01EE35
:10A43000100A80EE010A10EE100AC862FFE7FFE77B
:10A4400004B080BD82B001900198816A006B00EE7B
:10A45000101A01EE100A30EE010A43F2F850C2F26F
:10A46000000080ED000A0198426A816AC06A00EE2D
:10A47000102A01EE101A30EE010A01EE100A30EE39
:10A48000010A43F2FC50C2F2000080ED000A90ED98
:10A49000000AB5EE400AF1EE10FA09DDFFE743F2DB
:10A4A000FC50C2F2000090ED000A8DED000A0AE0B7
:10A4B00043F2FC50C2F2000090ED000AB1EE400AF7
:10A4C0008DED000AFFE79DED000A0198006C01EE9A
:10A4D000100AB4EE410AF1EE10FA14DDFFE701981C
:10A4E0008169806A00EE101A01EE100A20EE010A5E
:10A4F000B5EE400AF1EE10FA04DDFFE70199002005
:10A500000863FFE7FFE743F2F850C2F2000090ED66
:10A51000000A0198406C01EE100AB4EE410AF1EE17
:10A5200010FA07DDFFE70199002008630199486CE4
:10A530008862FFE743F2F850C2F2000090ED000A93
:10A540000198406C80F0004001EE100AB4EE410A20
:10A55000F1EE10FA09DAFFE701990020086301998A
:10A56000486C80F000408862FFE702B0704700004E
:10A5700081B000900099D1F834C0886B8A6DD1F811
:10A58000903000EE10CA01EE103A20EE010A03EE00
:10A59000102A33EE012A80EE020A01EE100A21EEA3
:10A5A000031A81EE021A30EE010A10EE100A486317
:10A5B00001B0704781B000900098416B006C00EED4
:10A5C000101A01EE100AB4EE410AF1EE10FA04DDA1
:10A5D000FFE70099086C4863FFE70098416B006C47
:10A5E00000EE101A80F0004001EE100AB4EE410AAD
:10A5F000F1EE10FA06DAFFE70099086C80F00040EF
:10A600004863FFE701B0704781B000900098416B4C
:10A61000006C00EE101A01EE100A9FED2B2A21EEBD
:10A62000021AB4EE410AF1EE10FA0EDBFFE70098D1
:10A63000006820F0004000EE100A9FED241AB4EEEE
:10A64000410AF1EE10FA01DAFFE73BE000980168F9
:10A65000006901EE101A00EE100A31EE400AB0EE69
:10A66000C00AB0EEC11A80EE010A9FED191AB4EECD
:10A67000410AF1EE10FA0DDDFFE70099D1F89920BB
:10A68000D1F89D00013240F10000C1F89920C1F8D5
:10A690009D0006E000990020C1F89D00C1F89900D6
:10A6A000FFE70098D0F89910D0F89D0040F2F5121D
:10A6B000891A70F1000005D3FFE70099012081F8A5
:10A6C000A100FFE701B070476F12833A17B7D13886
:10A6D0003333733F81B000900098416A006C00EE04
:10A6E000101A01EE100AB4EE410AF1EE10FA04DD80
:10A6F000FFE70099086C4862FFE70098416A006C28
:10A7000000EE101A80F0004001EE100AB4EE410A8B
:10A71000F1EE10FA06DAFFE70099086C80F00040CD
:10A720004862FFE701B0704781B000900098D0F810
:10A730009400E8B9FFE70099D1F808C08B69CA69AD
:10A74000D1F8900000EE10CA01EE103A02EE102A85
:10A7500031EE021AB0EE002A81EE021A20EE010A52
:10A7600001EE100A20EE010A10EE100A086324E040
:10A770000099D1F808C08B69CA69D1F8900000EE41
:10A7800010CAD1F894C0DCF804C001EE10CA30EE53
:10A79000010A01EE103A02EE102A31EE021AB0EE72
:10A7A000002A81EE021A20EE010A01EE100A20EEC4
:10A7B000010A10EE100A0863FFE701B070470000BD
:10A7C00084B08DED020ACDED010A8DED001A9DEDEC
:10A7D000020A9DED011AB4EE410AF1EE10FA03DA15
:10A7E000FFE7019803900FE09DED020A9DED001A2E
:10A7F000B4EE410AF1EE10FA03DDFFE70098039092
:10A8000002E002980390FFE79DED030A04B0704751
:10A8100080B584B003A801900020ADF80A0043F68B
:10A820002810C2F200000821FEF724F90146019821
:10A83000ADF80A10BDF80A1000EE101AB8EE400A82
:10A8400040F27021C2F2000191ED001A20EE010ADF
:10A850009FED041A20EE010A80ED000A90ED000A37
:10A8600004B080BD5D74214180B586B00490039131
:10A870000292019343F20160C2F2000000780128C5
:10A880000CD0FFE70298F0F77DF943F20161C2F2C4
:10A890000001087000208DF8170012E00499B1F84B
:10A8A00048200298B0F83402801AA1F84C000298AF
:10A8B000B0F838020499A1F84E0001208DF8170075
:10A8C000FFE79DF8170006B080BD000080B582B09C
:10A8D00000208DF8070000908DF80700FFE79DF835
:10A8E0000700C72812DCFFE743F6E000C2F20000D1
:10A8F0001121FEF7BFF80146009808440090FFE7D9
:10A900009DF8070001308DF80700E8E79DED000A8B
:10A91000B8EE401A9FED050A80EE010A40F2702061
:10A92000C2F2000080ED000A02B080BD0100704359
:10A9300080B582B08DED010A4FF07E5000909DED04
:10A94000010AF5F793F9B0EE401A9DED000A80EE8A
:10A95000010A8DED000A9DED000A02B080BD0000E5
:10A9600080B582B000200190E9F7A0FCF5F724FC47
:10A97000F0F78CFCF0F75AFBF0F7F6FAF0F71CFB57
:10A98000F0F78AFDF0F7BCFEF0F700FFF0F73CFBB4
:10A99000F0F7D4FDF0F7D4FEF0F718FEF0F764FA04
:10A9A000F0F7A2FAF0F77EFEF0F7A0FDF0F7AEFBAD
:10A9B00000F042F8FFE7FEE782B0ADF806000020A5
:10A9C0000090BDF90600842807D0FFE7BDF9060016
:10A9D0000099084403300090FFE7009802B07047E8
:10A9E00080B584B0039003980290029818B1FFE7F5
:10A9F0000298019002E001200190FFE7019801F028
:10AA000015FD002004B080BD80B586B0059004918E
:10AA10000498039005980290039818B1FFE70398F3
:10AA2000019002E001200190FFE70298019901F0F6
:10AA300035FD002006B080BD80B501F01FFE00206E
:10AA400080BD0000B0B590B00E900D910E98406999
:10AA500038B3FFE70E98806918B3FFE70E980168D6
:10AA6000089141680B91016909910D990A91B0F91A
:10AA70000800FFF7A1FF0899099A0A9B84460B98E2
:10AA8000DDF838E0DEF81440DEF81850EE46CEF877
:10AA90000850CEF80440CEF800C002F0CFFB0C9076
:10AAA00020E00E980168049141680791018A0591A0
:10AAB0000D990691B0F90800FFF77EFF0499059AF9
:10AAC000069B84460798EE460CACCEF80440CEF8C0
:10AAD00000C002F063FB012803D0FFE700200F90C5
:10AAE00003E0FFE70C980F90FFE70F9810B0B0BDA0
:10AAF00080B584B0039002914AF66060C2F2000013
:10AB00000068009044F20460C2F200000268002174
:10AB100082F852100068043001F040FA88B9FFE76B
:10AB200044F20460C2F200000068C16A012000FA29
:10AB300001F24AF60831C2F2000108689043086049
:10AB400000E0FFE70398013080B9FFE7029868B1A1
:10AB5000FFE744F20460C2F200000068011D4AF6FB
:10AB60003860C2F2000001F0BFFA3DE0009803999E
:10AB700008440190019844F20461C2F2000109689E
:10AB800048600198009988420ED2FFE744F21460B1
:10AB9000C2F20000006844F20461C2F200010968D8
:10ABA000043101F06BFA1EE044F20C60C2F20000C6
:10ABB000006844F20461C2F200010968043101F046
:10ABC0005DFA01984AF6C451C2F200010968884250
:10ABD00007D2FFE701984AF6C451C2F200010860AB
:10ABE00000E0FFE7FFE7FFE704B080BD80B582B07B
:10ABF000019001F0A1FA4AF6F821C2F200010868BA
:10AC00000130086044F20460C2F20000006898B9A4
:10AC1000FFE7019844F20461C2F2000108604AF6BD
:10AC2000F820C2F200000068012803D1FFE700F01D
:10AC3000EBFA00E0FFE71CE04AF62C60C2F20000ED
:10AC40000068A0B9FFE744F20460C2F200000068A7
:10AC5000C06A0199C96A884207D8FFE7019844F29F
:10AC60000461C2F20001086000E0FFE700E0FFE7D6
:10AC7000FFE74AF60431C2F20001086801300860BB
:10AC80000198C16A012000FA01F24AF60831C2F2C5
:10AC900000010868104308600199C86A00EB80024F
:10ACA00044F21C60C2F2000000EB8200043101F0AB
:10ACB0001BFA01F06DFA4AF62C60C2F2000000683F
:10ACC000C8B1FFE744F20460C2F200000068C06A45
:10ACD0000199C96A88420CD2FFE74EF60451CEF2C0
:10ACE00000014FF080500860BFF34F8FBFF36F8FAC
:10ACF00000E0FFE700E0FFE702B080BD80B584B070
:10AD000001F01AFA4AF66460C2F2000000680028F6
:10AD100040D1FFE74AF61030C2F20000029001F085
:10AD20008DF94AF62430C2F20000039001F086F952
:10AD30000299039844F20862C2F20002116044F2E0
:10AD40001861C2F20001086069460020086044F200
:10AD50001752C2F2000244F2B853C2F200030A20B2
:10AD6000102101F00FFE01464AF66460C2F20000B5
:10AD70000160006860B1FFE74AF66460C2F200005B
:10AD800000684FF20531C0F6010101F0F3FA00E06E
:10AD9000FFE700E0FFE701F0FBF904B080BD000031
:10ADA00080B582B0FFE74AF6FC20C2F200000068DE
:10ADB00008B3FFE701F0C0F94AF64C60C2F20000A8
:10ADC000C068C06801900198043001F0E7F84AF6C5
:10ADD000F821C2F200010868013808604AF6FC2137
:10ADE000C2F2000108680138086001F0D1F9019849
:10ADF00000F08CF8D7E702B080BD000080B582B0CB
:10AE0000019000910198006CB8B1FFE70199C86802
:10AE10000A6C1044C86001988168C068884204D3F5
:10AE2000FFE701990868C86000E0FFE70098019A11
:10AE3000D168126CE5F72DFBFFE702B080BD000082
:10AE400080B586B005900491039200200290059889
:10AE5000806B01900598006C78B9FFE70598006851
:10AE600048B9FFE70598806802F052FB0290059907
:10AE70000020886000E0FFE741E00398B8B9FFE7F1
:10AE8000059A04995068126CE5F703FB0599486828
:10AE90000A6C10444860059948688968884204D360
:10AEA000FFE705990868486000E0FFE726E0059A9B
:10AEB0000499D068126CE5F7ECFA0599C8680A6C39
:10AEC000801AC86005980168C068884206D2FFE70A
:10AED000059988680A6C801AC86000E0FFE703984B
:10AEE000022809D1FFE7019820B1FFE70198013856
:10AEF000019000E0FFE700E0FFE7FFE7FFE70198D0
:10AF0000013005998863029806B080BD80B582B093
:10AF10000090009890F8510040B9FFE70098006B4E
:10AF200001F05CF9009801F059F91CE0009890F8E4
:10AF30005100012804D1FFE7009801F04FF911E01A
:10AF4000009890F8510002280BD0FFE74FF0500016
:10AF500080F31188BFF36F8FBFF34F8F0190FFE72E
:10AF6000FEE7FFE7FFE702B080BD000082B001907E
:10AF700044F20860C2F2000000680068B0FA80F095
:10AF80004009019908600198006848B9FFE744F258
:10AF90000860C2F200000068C0680068009002E02B
:10AFA00000200090FFE7009802B0704784B04FF493
:10AFB000C040009044F2E260C2F2000001909DF8AF
:10AFC0000400400788B1FFE701980730019001981D
:10AFD00020F007000190019A44F2E261C2F2000100
:10AFE0000098891A08440090FFE70198029002999E
:10AFF0004AF63060C2F20000016000214160029810
:10B00000009A10440190019808380190019820F0AE
:10B0100007000190019A44F21060C2F20000026041
:10B020000268516002681160029903910199039AC4
:10B03000891A5160006803990860039840684AF6CD
:10B04000C051C2F200010860039840684AF66431BA
:10B05000C2F2000108604AF63831C2F200014FF036
:10B060000040086004B0704780B582B00190FFE7EF
:10B07000FFF796FE44F21C60C2F20000006802284E
:10B080000CD3FFE74EF60451CEF200014FF0805092
:10B090000860BFF34F8FBFF36F8F00E0FFE7E7E774
:10B0A00080B584B0DDF818C00390029101928DF84C
:10B0B0000330029818B9FFE70698006003E0019892
:10B0C00006990860FFE703980699C86302980699F5
:10B0D00008640698012101F0DDFC04B080BD000089
:10B0E00080B588B0DDF834C0DDF830C0DDF82CC0A4
:10B0F000DDF828C006900591049203930C98006B2C
:10B1000004998900A522E5F73BFA0C98006B049995
:10B1100000EB810004380290029820F007000290B2
:10B120009DF80800400758B1FFE74FF0500080F34A
:10B130001188BFF36F8FBFF34F8F0790FFE7FEE7D4
:10B140000598F8B1FFE700200190FFE701980F286C
:10B1500013D8FFE70598019A805C0C99114481F897
:10B16000340005980199405C08B9FFE705E0FFE766
:10B17000FFE7019801300190E8E70C99002081F881
:10B18000430004E00C99002081F83400FFE70A989E
:10B19000072803D3FFE706200A9000E0FFE70A989C
:10B1A0000C99C8620A980C9948640C990020009088
:10B1B00088640C98043000F059FF0C98183000F0A7
:10B1C00055FF00980C9909610A99C1F107010C9A81
:10B1D00091610C9949620C99C8640C9981F85000EE
:10B1E0000C9981F8520002980699039A00F0D0FC5D
:10B1F0000C9908600B9820B1FFE70C980B99086038
:10B2000000E0FFE708B080BD80B584B00020039067
:10B21000FFE70398062810D8FFE7039800EB8001AA
:10B2200044F21C60C2F2000000EB810000F006FF57
:10B23000FFE7039801300390EBE74AF63C30C2F297
:10B240000000019000F0FAFE4AF65030C2F2000011
:10B25000029000F0F3FE4AF6D850C2F2000000F06F
:10B26000EDFE4AF64C60C2F2000000F0E7FE4AF63E
:10B270003860C2F2000000F0E1FE0199029844F249
:10B280000C62C2F20002116044F21461C2F20001C9
:10B29000086004B080BD000083B002904AF63060C0
:10B2A000C2F200000190FFE701980068029988420D
:10B2B00005D2FFE7FFE7019800680190F4E70198E5
:10B2C000009000980199496808440299884209D180
:10B2D000FFE7029842680199486810444860019865
:10B2E000029000E0FFE702980090009802994968F8
:10B2F000084401990968884220D1FFE70198006855
:10B3000044F21061C2F20001096888420DD0FFE7E3
:10B3100001980068426802994868104448600198A2
:10B32000006800680299086007E044F21060C2F209
:10B330000000006802990860FFE704E001980068D7
:10B3400002990860FFE701980299884204D0FFE75C
:10B3500002980199086000E0FFE703B07047000021
:10B3600080B586B00590049103920293002001906D
:10B3700004980599486005980061049803998842EB
:10B3800016D8FFE703980299401A059989698842FF
:10B3900003D3FFE70120019009E044F21860C2F2F4
:10B3A000000000680599043100F068FEFFE717E02F
:10B3B00003980299884208D2FFE7049802998842CC
:10B3C00003D3FFE70120019009E044F20860C2F2D4
:10B3D000000000680599043100F050FEFFE7FFE728
:10B3E000019806B080BD000080B582B0019000F0E9
:10B3F000A3FE0198806B18B9FFE70120009002E0DE
:10B4000000200090FFE700F0C3FE009802B080BD6E
:10B4100080B582B0019000F08FFE0198806B019999
:10B42000C96B884203D1FFE70120009002E00020B1
:10B430000090FFE700F0ACFE009802B080BD000075
:10B4400008480068006880F308884FF0000080F327
:10B45000148862B661B6BFF34F8FBFF36F8F00DF02
:10B4600000BF000008ED00E080B586B004900391B5
:10B4700044F20860C2F200000068C068C068019031
:10B480000198043000F08AFD019890F824004007EC
:10B49000002823D5FFE70198049B81691944039A8A
:10B4A000FFF75EFFC0B1FFE70198049A69460023E9
:10B4B0000B60194602F020FA0290029858B9FFE793
:10B4C0004FF0500080F31188BFF36F8FBFF34F8FA1
:10B4D0000590FFE7FEE700E0FFE707E0019991F83C
:10B4E000240000F0FE0081F82400FFE70198016AC3
:10B4F000884706B080BD000080B58EB0FFE74AF6F1
:10B500006460C2F20000006807A9002201F0DCFCC0
:10B51000002800F0B880FFE70798B0F1FF3F17DC84
:10B52000FFE707A804300290029858B9FFE74FF0F0
:10B53000500080F31188BFF36F8FBFF34F8F0D90D2
:10B54000FFE7FEE702990A6848688968904700E0CB
:10B55000FFE70798002800F19580FFE7099806901B
:10B560000698406928B1FFE70698043000F016FD00
:10B5700000E0FFE705A800F0FBF8039007980190B2
:10B58000092800F27D800199DFE801F00505053DFD
:10B59000456605053D45069991F8240040F00100F7
:10B5A00081F824000698089B81691944039AFFF7E3
:10B5B000D7FE30B3FFE70698016A8847069890F8EF
:10B5C0002400400700281AD5FFE7069808998269E9
:10B5D0000A44694600230B60194602F08DF9049075
:10B5E000049858B9FFE74FF0500080F31188BFF37B
:10B5F0006F8FBFF34F8F0C90FFE7FEE700E0FFE790
:10B6000000E0FFE73DE0069991F8240000F0FE001D
:10B6100081F8240035E0069991F8240040F00100FB
:10B6200081F824000898069988610698806958B9BD
:10B63000FFE74FF0500080F31188BFF36F8FBFF327
:10B640004F8F0B90FFE7FEE70698039B8169194433
:10B650001A46FFF785FE14E0069890F8240080074C
:10B66000002804D4FFE7069800F0B8FD07E006992B
:10B6700091F8240000F0FE0081F82400FFE700E0CC
:10B68000FFE7FFE73BE70EB080BD000080B584B068
:10B690000390029101F062F8684600F069F80190A9
:10B6A0000098D8BBFFE7029860B9FFE703980199BB
:10B6B000884207D8FFE702F019F803980199FFF7CD
:10B6C000D3FE2AE0029858B1FFE744F21860C2F2B4
:10B6D000000000680068B0FA80F040090290FFE7BF
:10B6E0004AF66460C2F2000000680399019A891A60
:10B6F000029A00F069FE01F0F9FF60B9FFE74EF62B
:10B700000451CEF200014FF080500860BFF34F8F1C
:10B71000BFF36F8F00E0FFE7FFE702E001F0E6FF15
:10B72000FFE704B080BD000081B044F20C60C2F2BB
:10B7300000000068006840B9FFE74AF6C451C2F251
:10B7400000014FF0FF3008600FE044F20C60C2F2DD
:10B7500000000068C068C0680090009840684AF621
:10B76000C451C2F200010860FFE701B07047000059
:10B7700080B582B0019001F0E5FD0090009844F2A0
:10B780000061C2F200010968884206D2FFE700F0BA
:10B7900011F801990120086003E001990020086078
:10B7A000FFE7009844F20061C2F2000108600098CF
:10B7B00002B080BD80B588B0FFE744F20860C2F2F5
:10B7C00000000068006800284ED0FFE744F20860DF
:10B7D000C2F200000168C968096806910068C06883
:10B7E000C06803900398043000F0D8FB0398016A06
:10B7F0008847039890F824004007002832D5FFE7D7
:10B800000698039989690844059005980699884225
:10B810000FD9FFE70598039948600398006144F247
:10B820000860C2F2000000680399043100F026FCB1
:10B8300017E00398069A694600230B60194602F048
:10B840005BF80290029858B9FFE74FF0500080F380
:10B850001188BFF36F8FBFF34F8F0790FFE7FEE7AD
:10B86000FFE700E0FFE7A8E744F20862C2F2000247
:10B870001068049044F21861C2F200010868106078
:10B880000498086008B080BD83B00020009040F2AA
:10B890006C20C2F200000068013058B1FFE74FF0A1
:10B8A000500080F31188BFF36F8FBFF34F8F02906A
:10B8B000FFE7FEE74FF0500080F31188BFF36F8F72
:10B8C000BFF34F8F0190FFE7009808B9FFE7FBE750
:10B8D00003B0704780B584B00390FFE701A8FFF77D
:10B8E00045FB029002980199FFF7D0FEFFF704FE96
:10B8F000F4E7000080B582B0019000F01DFC0198D3
:10B9000090F845008DF80300FFE79DF9030001283A
:10B9100016DBFFE70198406A58B1FFE70198243031
:10B9200001F082FE18B1FFE700F054FE00E0FFE7EF
:10B9300000E005E09DF8030001388DF80300E4E71E
:10B940000199FF2081F8450000F022FC00F0F4FB93
:10B95000019890F844008DF80200FFE79DF902007D
:10B96000012816DBFFE70198006980B1FFE7019825
:10B97000103001F059FE18B1FFE700F02BFE00E097
:10B98000FFE79DF8020001388DF8020000E000E0BA
:10B99000E4E70199FF2081F8440000F0F9FB02B0D0
:10B9A00080BD000080B58AB006900020029000F0B3
:10B9B000D5FE44F21060C2F20000006818B9FFE73B
:10B9C000FFF7F4FA00E0FFE706984AF63831C2F2D2
:10B9D00000010968084240F0C580FFE7069800B3FF
:10B9E000FFE70698083006909DF818004007B0B1B0
:10B9F000FFE7069820F00700083006909DF8180031
:10BA0000400758B1FFE74FF0500080F31188BFF3B3
:10BA10006F8FBFF34F8F0990FFE7FEE700E0FFE76E
:10BA200000E0FFE70698002800F09A80FFE70698FC
:10BA30004AF66431C2F200010968884200F290803F
:10BA4000FFE74AF63060C2F20000049000680590FB
:10BA5000FFE705984168069A00209142019007D2BD
:10BA6000FFE705980068002818BF01200190FFE754
:10BA70000198C00730B1FFE7059804900598006869
:10BA80000590E6E7059844F21061C2F200010968EA
:10BA9000884263D0FFE70498006808300290059858
:10BAA000006804990860059840680699401A1128B2
:10BAB00021D3FFE705980699084403909DF80C00F0
:10BAC000400758B1FFE74FF0500080F31188BFF3F3
:10BAD0006F8FBFF34F8F0890FFE7FEE70598406830
:10BAE0000699401A0399486006980599486003989A
:10BAF000FFF7D2FB00E0FFE7059842684AF66430A2
:10BB0000C2F200000168891A016000684AF6C0515B
:10BB1000C2F20001096888420BD2FFE74AF664309E
:10BB2000C2F2000000684AF6C051C2F2000108608B
:10BB300000E0FFE74AF63830C2F2000002680599DB
:10BB40004868104348600599002008604AF6CC51C7
:10BB5000C2F2000108680130086000E0FFE700E081
:10BB6000FFE700E0FFE701F0C1FD9DF80800400796
:10BB700058B1FFE74FF0500080F31188BFF36F8F8B
:10BB8000BFF34F8F0790FFE7FEE702980AB080BD32
:10BB900083B00290019100920298043802900299B9
:10BBA0004FF080700860029804380290019820F0ED
:10BBB00001000299086002980438029002994BF63D
:10BBC0008900C0F6010008600298143802900098BD
:10BBD0000299086002980438029002996FF00200FE
:10BBE0000860029820380290029803B07047000065
:10BBF00080B588B006900591049244F2C760C2F205
:10BC00000000007801280CD0FFE70498EFF754F803
:10BC100044F2C761C2F20001087000208DF81F00D5
:10BC2000B1E00698006B0499C1F884040698406B53
:10BC30000499C1F8AC060698806B0499C1F8D40841
:10BC4000049901F5926001F2844191ED000AE6F752
:10BC500077F8049901F2CA50B1F9602400EE102A75
:10BC6000B8EEC00A01F28441D1ED000AF0F7ECF918
:10BC7000049901F5D76001F2AC6191ED000AE6F795
:10BC80005FF8049901F2F270B1F9882600EE102AEB
:10BC9000B8EEC00A01F2AC61D1ED000AF0F7D4F9B8
:10BCA000049901F61A20B1F9B01800EE101AB8EE96
:10BCB000C00ADFED370AF0F7C7F9049800F5A36171
:10BCC00091ED000AD0F8FE0501EE100A30EE010AEF
:10BCD0008DED010A049800F5E86191ED000AD0F8B5
:10BCE000260801EE100A30EE010A8DED020A0498D2
:10BCF000D0F84E0A03900498D0F884040699086698
:10BD00000498D0F8AC0606994866049800F284417D
:10BD100091ED000AB0F9600401EE100AB8EEC11A04
:10BD200030EE410A069880ED150A049800F2AC61E5
:10BD300091ED000AB0F9880601EE100AB8EEC11ABA
:10BD400030EE410A069880ED160A0498D0F8B8083B
:10BD50000699C865049800F6A8000699F1F7CEFC8C
:10BD6000069981F868000498D0F8B808C117069BB6
:10BD700000931A6C5B6CE4F70FFB0099C866012016
:10BD80008DF81F00FFE79DF81F0008B080BD00BFC1
:10BD900000803B4680B582B001900199A5200870D3
:10BDA00001992420A1F8010044F2C662C2F2000207
:10BDB0001078411C11700199C87001980421FEF798
:10BDC00051F801990871019940F20130A1F805007C
:10BDD00001994FF48170A1F8070040F26020C2F28F
:10BDE00000000168019AA2F80910006800F580704F
:10BDF0000199A1F80B0001982B21FDF7FDFF019996
:10BE0000A1F82B0002B080BD80B582B001900199ED
:10BE1000A520087001995120A1F8010044F2C662E2
:10BE2000C2F200021078411C11700199C87001988B
:10BE30000421FEF717F801990871019940F20130C9
:10BE4000A1F80500019940F20310A1F8070040F2A3
:10BE50006020C2F200000168019AA2F8091000688F
:10BE600000F580700199A1F80B0001985821FDF7A9
:10BE7000C3FF0199A1F8580002B080BD80B582B01F
:10BE800001900199A520087001996F20A1F8010087
:10BE900044F2C662C2F200021078411C117001998E
:10BEA000C87001980421FDF7DDFF0199087101991F
:10BEB00040F20130A1F8050001994FF48270A1F819
:10BEC000070040F26020C2F200000168019AA2F867
:10BED0000910006800F580700199A1F80B00019825
:10BEE0007621FDF789FF0199A1F8760002B080BDA7
:10BEF00080B582B001900199A52008700199332086
:10BF0000A1F8010044F2C662C2F200021078411C9E
:10BF100011700199C87001980421FDF7A3FF0199E0
:10BF20000871019940F20130A1F8050001994FF420
:10BF30008870A1F8070040F26020C2F2000001689A
:10BF4000019AA2F80910006800F580700199A1F823
:10BF50000B0001981C30E4F77DFA844601990A69C8
:10BF60004B6988696FF3DF5242EACC524B610A6138
:10BF7000886101983A21FDF73FFF0199488702B097
:10BF800080BD000080B582B0019000200090019833
:10BF9000FFF708FD0090009802B080BD82B00190CC
:10BFA0000198006900900198416880688860019953
:10BFB000486889684860009840680199884205D1BE
:10BFC000FFE7019880680099486000E0FFE7019969
:10BFD000002008610099086801380860009800682E
:10BFE00002B0704783B002900191009202994AF624
:10BFF0006C50C2F20000086001994AF66830C2F243
:10C000000000086000998020086003B070470000BD
:10C0100083B002900191009202994BF26C20C2F21F
:10C020000000086001994AF66860C2F200000860EA
:10C0300000994FF48070086003B0704781B00090A1
:10C04000009901F10800486000994FF0FF308860C6
:10C05000009901F10800C860009901F10800086129
:10C0600000990020086001B07047000081B0009086
:10C0700000990020086101B07047000084B003906F
:10C0800002910298006800900098013020B9FFE703
:10C0900003980069019010E0039808300190FFE7D1
:10C0A0000198406800680099884205D8FFE7FFE7DB
:10C0B000019840680190F3E7FFE701984068029912
:10C0C00048600298416888600198029988600298E7
:10C0D0000199486003980299086103990868013042
:10C0E000086004B07047000083B00290019102988C
:10C0F0004068009000980199486000988068019914
:10C100008860019800998968486001980099886062
:10C11000029801990861029908680130086003B02B
:10C1200070470000DFF80C00016841F47001016005
:10C130007047000088ED00E082B04FF0500080F3BF
:10C140001188BFF36F8FBFF34F8F019040F26C20C7
:10C15000C2F200000168013101600068012814D1B9
:10C16000FFE74EF60450CEF200000068000658B11A
:10C17000FFE74FF0500080F31188BFF36F8FBFF3DC
:10C180004F8F0090FFE7FEE7FFE702B07047000027
:10C1900082B040F26C20C2F20000006858B9FFE79C
:10C1A0004FF0500080F31188BFF36F8FBFF34F8FB4
:10C1B0000090FFE7FEE740F26C20C2F20000016849
:10C1C00001390160006830B9FFE700200190019853
:10C1D00080F31188FFE702B07047000080B586B099
:10C1E000039003980290039800285CD0FFE7029820
:10C1F0000838029002980190019840684AF6383158
:10C20000C2F20001096808420BD1FFE74FF050006D
:10C2100080F31188BFF36F8FBFF34F8F0590FFE757
:10C22000FEE70198006858B1FFE74FF0500080F337
:10C230001188BFF36F8FBFF34F8F0490FFE7FEE7C6
:10C24000019840684AF63831C2F200010968084294
:10C2500027D0FFE70198006808BBFFE74AF63830AF
:10C26000C2F200000268019948689043486000F0FB
:10C2700075FA019842684AF66431C2F20001086812
:10C28000104408600198FFF707F84AF6D051C2F24F
:10C29000000108680130086001F028FA00E0FFE7BB
:10C2A00000E0FFE7FFE706B080BD00004EF210019E
:10C2B000CEF20001002008604EF21802CEF2000219
:10C2C000106040F2C400C2F20000006844F6D3528D
:10C2D000C1F26202A0FB02024FF0FF3000EB9210AD
:10C2E0004EF21402CEF20002106007200860704780
:10C2F00084B0EFF305800190019810281ED3FFE76A
:10C3000001984EF2F031CEF20001405C8DF803004E
:10C310009DF803004AF2E261C2F200010978884206
:10C320000BDAFFE74FF0500080F31188BFF36F8FF7
:10C33000BFF34F8F0390FFE7FEE7FFE74EF60C5089
:10C34000CEF20000006800F4E0604AF6F021C2F28C
:10C350000001096888420BD9FFE74FF0500080F3D5
:10C360001188BFF36F8FBFF34F8F0290FFE7FEE797
:10C3700004B0704783B00290019100200090FFE765
:10C38000009807281DD8FFE700994AF6EC50C2F242
:10C39000000050F8310070B9FFE70198009A4AF6A2
:10C3A000EC51C2F2000141F832000298009A01EB10
:10C3B000C201486005E0FFE7FFE700980130009008
:10C3C000DEE703B07047000080B584B003900291AF
:10C3D000019203980090FFF7AFFE009890F9440097
:10C3E000013028B9FFE70099002081F84400FFE7F9
:10C3F000009890F94500013028B9FFE70099002026
:10C4000081F84500FFE7FFF7C3FE0098806B38B95D
:10C41000FFE7009824300299019A00F005F900E046
:10C42000FFE70098FFF766FA04B080BD80B584B0DE
:10C430000290002001900298E0B1FFE74AF6003038
:10C44000C2F20000006858B1FFE74FF0500080F3DF
:10C450001188BFF36F8FBFF34F8F0390FFE7FEE7A5
:10C4600000F07CF902980021FEF742FB01F03EF952
:10C47000019000E0FFE7019860B9FFE74EF6045134
:10C48000CEF200014FF080500860BFF34F8FBFF332
:10C490006F8F00E0FFE704B080BD000080B58AB078
:10C4A0000690059100200290069858B9FFE74FF0DA
:10C4B000500080F31188BFF36F8FBFF34F8F099047
:10C4C000FFE7FEE7059858B9FFE74FF0500080F30B
:10C4D0001188BFF36F8FBFF34F8F0890FFE7FEE720
:10C4E0004AF60030C2F20000006858B1FFE74FF092
:10C4F000500080F31188BFF36F8FBFF34F8F079009
:10C50000FFE7FEE700F02AF94AF66060C2F2000099
:10C510000068019006980068059908440490019805
:10C5200006990968884210D2FFE7049806990968BD
:10C53000884208D2FFE704980199884203D9FFE7AF
:10C540000120029000E0FFE70FE0049806990968D7
:10C55000884205D3FFE704980199884203D9FFE791
:10C560000120029000E0FFE7FFE7049806990860C9
:10C57000029838B1FFE704980199401A0021FEF7AC
:10C58000B7FA00E0FFE701F0B1F80390039860B953
:10C59000FFE74EF60451CEF200014FF080500860E4
:10C5A000BFF34F8FBFF36F8F00E0FFE70AB080BD8E
:10C5B00081B000904AF6C850C2F2000000680099AD
:10C5C00008604AF66060C2F20000006800994860A6
:10C5D00001B070474BF2C021C2F200010120086097
:10C5E0007047000080B584B002900191029858B95C
:10C5F000FFE74FF0500080F31188BFF36F8FBFF358
:10C600004F8F0390FFE7FEE7029844F20461C2F205
:10C61000000109681831FFF731FD01980121FEF78B
:10C6200067FA04B080BD000080B584B0029001912B
:10C630000092029858B9FFE74FF0500080F311883C
:10C64000BFF36F8FBFF34F8F0390FFE7FEE70298B2
:10C6500044F20461C2F2000109681831FFF744FD99
:10C66000009820B1FFE74FF0FF300190FFE70198FD
:10C670000099FEF73DFA04B080BD000080B58AB095
:10C68000002003900690059006A805A904AAFFF7CC
:10C69000A9FC039B049A0599DDF818C06846C0F808
:10C6A00008C0416003604BF26900C0F601004FF220
:10C6B0000031C0F6010100F0C1FD01464AF66850A4
:10C6C000C2F200000160006818B1FFE70120079086
:10C6D00002E000200790FFE70798012804D1FFE758
:10C6E00001F0C0F8079000E0FFE70798012823D188
:10C6F000FFE74FF0500080F31188BFF36F8FBFF357
:10C700004F8F09904AF6C451C2F200014FF0FF303A
:10C7100008604AF62C61C2F20001012008604AF666
:10C720006061C2F200010020086000F07FF808B1EB
:10C73000FFE700E0FFE70FE00798013058B9FFE797
:10C740004FF0500080F31188BFF36F8FBFF34F8F0E
:10C750000890FFE7FEE7FFE70AB080BD4AF6003128
:10C76000C2F20001086801300860704785B04AF6DF
:10C770000030C2F20000006838B1FFE74BF2C02180
:10C78000C2F20001012008604DE04BF2C021C2F26C
:10C790000001002008604AF60830C2F2000000687C
:10C7A00004900498B0FA80F08DF80F009DF80F0007
:10C7B000C0F11F000190019800EB800144F21C6061
:10C7C000C2F2000050F8210058B9FFE74FF05000C6
:10C7D00080F31188BFF36F8FBFF34F8F0290FFE795
:10C7E000FEE7019800EB800144F21C60C2F20000F9
:10C7F00000EB81000090009948684068486000990B
:10C8000048680831884205D1FFE7009948684068C8
:10C810004860FFE700984068C06844F20461C2F2D3
:10C8200000010860FFE705B07047000080B588B0E0
:10C830004EF60050CEF2000000684CF27121C4F2B6
:10C840000F1188420BD1FFE74FF0500080F31188A1
:10C85000BFF36F8FBFF34F8F0790FFE7FEE74EF6F2
:10C860000050CEF2000000684CF27021C4F20F11AB
:10C8700088420BD1FFE74FF0500080F31188BFF3DF
:10C880006F8FBFF34F8F0690FFE7FEE74EF2004039
:10C89000CEF20000039001780491FF21017000782E
:10C8A0008DF80B009DF80B0000F050004AF2E26199
:10C8B000C2F2000108704AF6F021C2F2000107201E
:10C8C0000860FFE79DF80B00000600280DD5FFE784
:10C8D0004AF6F021C2F200010868013808609DF8AC
:10C8E0000B0040008DF80B00ECE74AF6F020C2F296
:10C8F0000000006803280BD0FFE74FF0500080F3E2
:10C900001188BFF36F8FBFF34F8F0590FFE7FEE7EE
:10C910004AF6F021C2F200010868000208600868C7
:10C9200000F4E060086004984EF20041CEF200018D
:10C9300008704EF62051CEF20001086840F47000F5
:10C940000860086840F070400860FFF7AFFC40F2F4
:10C950006C21C2F20001002001900860FFF7E2FBA9
:10C960004EF63471CEF20001086840F04040086095
:10C97000FEF766FDFFF7FAFEFEF786FF019808B0A6
:10C9800080BD000080B590B084461298CDF828C0D4
:10C990000991089207938DF81B000A9858B9FFE790
:10C9A0004FF0500080F31188BFF36F8FBFF34F8FAC
:10C9B0000F90FFE7FEE7079858B9FFE74FF05000E8
:10C9C00080F31188BFF36F8FBFF34F8F0E90FFE797
:10C9D000FEE708990020039031B1FFE70998B0FA0B
:10C9E00080F040090390FFE70398C00758B1FFE7C4
:10C9F0004FF0500080F31188BFF36F8FBFF34F8F5C
:10CA00000D90FFE7FEE708990020029031B9FFE79B
:10CA10000998002818BF01200290FFE70298C0077C
:10CA200058B1FFE74FF0500080F31188BFF36F8FCC
:10CA3000BFF34F8F0C90FFE7FEE748200490049867
:10CA400048280BD0FFE74FF0500080F31188BFF368
:10CA50006F8FBFF34F8F0B90FFE7FEE704980798A7
:10CA60000590059888B1FFE70599012081F84600F7
:10CA70000A980999089A9DF81B30DDF814C0EE4613
:10CA8000CEF800C0FEF70CFB00E0FFE7059810B001
:10CA900080BD000080B584B00290019102980090A2
:10CAA000009858B9FFE74FF0500080F31188BFF3AA
:10CAB0006F8FBFF34F8F0390FFE7FEE7FFF73CFB5D
:10CAC00000990B68C86B0A6C00FB02308860009903
:10CAD0000020886300990868486000990B68C86B5B
:10CAE0000A6C013800FB0230C8600099FF2081F811
:10CAF0004400009981F845000198D0B9FFE70098FB
:10CB00000069A0B1FFE70098103000F08DFD60B122
:10CB1000FFE74EF60451CEF200014FF0805008605E
:10CB2000BFF34F8FBFF36F8F00E0FFE700E0FFE739
:10CB300008E000981030FFF781FA00982430FFF7E2
:10CB40007DFAFFE7FFF724FB012004B080BD000061
:10CB500080B592B00C900B910A9209930020089036
:10CB60000C980490049858B9FFE74FF0500080F3F8
:10CB70001188BFF36F8FBFF34F8F1190FFE7FEE770
:10CB80000B990020039039B9FFE70498006C002846
:10CB900018BF01200390FFE70398C00758B1FFE7D3
:10CBA0004FF0500080F31188BFF36F8FBFF34F8FAA
:10CBB0001090FFE7FEE7099900200229029007D1B3
:10CBC000FFE70498C06B013818BF01200290FFE70F
:10CBD0000298C00758B1FFE74FF0500080F311886A
:10CBE000BFF36F8FBFF34F8F0F90FFE7FEE700F0AB
:10CBF0008DFB01460020019031B9FFE70A9800281B
:10CC000018BF01200190FFE70198C00758B1FFE766
:10CC10004FF0500080F31188BFF36F8FBFF34F8F39
:10CC20000E90FFE7FEE7FFE7FFF786FA0498806BB8
:10CC30000499C96B884204D3FFE70998022834D1CC
:10CC4000FFE704980B99099AFEF7FAF80790049801
:10CC5000406AA0B1FFE70498243000F0E5FC60B121
:10CC6000FFE74EF60451CEF200014FF0805008600D
:10CC7000BFF34F8FBFF36F8F00E0FFE710E007981F
:10CC800060B1FFE74EF60451CEF200014FF0805044
:10CC90000860BFF34F8FBFF36F8F00E0FFE7FFE740
:10CCA000FFF776FA01200D9065E00A9828B9FFE7B2
:10CCB000FFF76EFA00200D905DE0089830B9FFE7AD
:10CCC00005A8FFF775FC0120089000E0FFE7FFE7EB
:10CCD000FFE7FFF75DFAFFF741FDFFF72DFA049834
:10CCE00090F94400013028B9FFE70499002081F849
:10CCF0004400FFE7049890F94500013028B9FFE7A8
:10CD00000499002081F84500FFE7FFF741FA05A8E4
:10CD10000AA900F0C7F928BBFFE70498FEF778FBE3
:10CD2000C8B1FFE7049810300A99FFF75BFC04983C
:10CD3000FEF7E0FD00F0DAFC60B9FFE74EF60451C3
:10CD4000CEF200014FF080500860BFF34F8FBFF369
:10CD50006F8FFFE705E00498FEF7CCFD00F0C6FCFE
:10CD6000FFE707E00498FEF7C5FD00F0BFFC0020D8
:10CD70000D9000E058E70D9812B080BD80B592B0DC
:10CD80000B900A91099208930B980590059858B951
:10CD9000FFE74FF0500080F31188BFF36F8FBFF3B0
:10CDA0004F8F0E90FFE7FEE70A990020029039B9F5
:10CDB000FFE70598006C002818BF01200290FFE7EC
:10CDC0000298C00758B1FFE74FF0500080F3118878
:10CDD000BFF36F8FBFF34F8F0D90FFE7FEE708990A
:10CDE00000200229019007D1FFE70598C06B0138A8
:10CDF00018BF01200190FFE70198C00758B1FFE775
:10CE00004FF0500080F31188BFF36F8FBFF34F8F47
:10CE10000C90FFE7FEE7FFF76BFAEFF311814FF09D
:10CE2000500080F31188BFF36F8FBFF34F8F1091C5
:10CE30000F90109806900598806B0599C96B8842F1
:10CE400004D3FFE70898022833D1FFE7059890F84C
:10CE500045008DF813000598806B039005980A999A
:10CE6000089AFDF7EDFF9DF913000130B8B9FFE70F
:10CE70000598406A88B1FFE70598243000F0D4FB9C
:10CE800048B1FFE7099820B1FFE709990120086040
:10CE900000E0FFE700E0FFE700E0FFE706E09DF8C5
:10CEA00013000130059981F84500FFE70120079044
:10CEB00002E000200790FFE706981190119880F398
:10CEC0001188079812B080BD80B58EB00990089186
:10CED00007920020069009980390039858B9FFE73D
:10CEE0004FF0500080F31188BFF36F8FBFF34F8F67
:10CEF0000D90FFE7FEE708990020019039B9FFE7A0
:10CF00000398006C002818BF01200190FFE70198EA
:10CF1000C00758B1FFE74FF0500080F31188BFF30E
:10CF20006F8FBFF34F8F0C90FFE7FEE700F0EEF935
:10CF300001460020009031B9FFE70798002818BF8C
:10CF400001200090FFE70098C00758B1FFE74FF0BD
:10CF5000500080F31188BFF36F8FBFF34F8F0B909A
:10CF6000FFE7FEE7FFE7FFF7E7F80398806B029023
:10CF7000029830B3FFE703980899FDF73FFF029846
:10CF800001380399886303980069A0B1FFE703980B
:10CF9000103000F049FB60B1FFE74EF60451CEF2CD
:10CFA00000014FF080500860BFF34F8FBFF36F8FC9
:10CFB00000E0FFE700E0FFE7FFF7EAF801200A9052
:10CFC0006DE0079828B9FFE7FFF7E2F800200A9024
:10CFD00065E0069830B9FFE704A8FFF7E9FA0120F9
:10CFE000069000E0FFE7FFE7FFE7FFF7D1F8FFF764
:10CFF000B5FBFFF7A1F8039890F94400013028B978
:10D00000FFE70399002081F84400FFE7039890F9B7
:10D010004500013028B9FFE70399002081F8450059
:10D02000FFE7FFF7B5F804A807A900F03BF830BB0D
:10D03000FFE70398FEF7D8F9D0B1FFE70398243053
:10D040000799FFF7CFFA0398FEF754FC00F04EFB68
:10D0500060B9FFE74EF60451CEF200014FF0805068
:10D060000860BFF34F8FBFF36F8F00E0FFE705E06D
:10D070000398FEF73FFC00F039FBFFE70EE0039852
:10D08000FEF738FC00F032FB0398FEF7ADF918B15B
:10D09000FFE700200A9002E0FFE7FFE763E70A9856
:10D0A0000EB080BD80B588B005900491059858B940
:10D0B000FFE74FF0500080F31188BFF36F8FBFF38D
:10D0C0004F8F0790FFE7FEE7049858B9FFE74FF04E
:10D0D000500080F31188BFF36F8FBFF34F8F06901E
:10D0E000FFE7FEE7FFF728F84AF66060C2F20000AB
:10D0F00000680290029805994968401A019044F22C
:10D100000460C2F20000006890F8520058B1FFE7D6
:10D1100044F20460C2F200000168002081F852006D
:10D120000120039034E004980068013018B9FFE74B
:10D13000002003902BE04AF6C850C2F200000068BD
:10D1400005990968884209D0FFE70298059949685E
:10D15000884203D3FFE70120039017E00198049968
:10D16000096888420BD2FFE7019A04990868801A7F
:10D1700008600598FFF71CFA0020039005E0049969
:10D180000020086001200390FFE7FFE7FFE7FFE7CB
:10D19000FEF7FEFF039808B080BD000070B58CB0AC
:10D1A000DDF844C0DDF840C00B900A91ADF82620B0
:10D1B0000893BDF826008000FEF7F4FB0590059863
:10D1C00080B1FFE75420FEF7EDFB0790079820B1F0
:10D1D000FFE705980799086303E00598FEF7FEFF4F
:10D1E000FFE702E000200790FFE70798F0B1FFE7B4
:10D1F0000798002680F851600B980A99BDF8262000
:10D20000089BDDF840C0119C079DEE46CEF80C60EF
:10D21000CEF80850CEF80440CEF800C0FDF760FF0D
:10D220000798FDF7E3FC0120069003E04FF0FF3084
:10D230000690FFE706980CB070BD0000B0B58EB048
:10D24000DDF850C0DDF84CC0DDF848C00A90099107
:10D2500008920793139858B9FFE74FF0500080F3F6
:10D260001188BFF36F8FBFF34F8F0D90FFE7FEE77D
:10D27000149858B9FFE74FF0500080F31188BFF3BE
:10D280006F8FBFF34F8F0C90FFE7FEE754200490A1
:10D29000049854280BD0FFE74FF0500080F311881A
:10D2A000BFF36F8FBFF34F8F0B90FFE7FEE704983C
:10D2B000149820B3FFE7139808B3FFE7149806907B
:10D2C0001398069908630699022081F851000A987C
:10D2D0000999089A079BDDF848C0069CEE46002590
:10D2E000CEF80C50CEF8084005ACCEF80440CEF88D
:10D2F00000C0FDF7F5FE0698FDF778FC02E000207F
:10D300000590FFE705980EB0B0BD000081B04AF669
:10D310002C60C2F20000006818B9FFE701200090FD
:10D320000DE04AF60030C2F20000006818B9FFE7CD
:10D330000220009002E000200090FFE7FFE7009845
:10D3400001B0704781B04AF66060C2F20000006828
:10D350000090009801B0704780B586B00020029020
:10D360004AF60030C2F200000068002840F0C58094
:10D37000FFE74AF66061C2F20001086801300190DF
:10D3800001980860019858BBFFE744F20C60C2F2B4
:10D3900000000068006858B1FFE74FF0500080F3CC
:10D3A0001188BFF36F8FBFF34F8F0590FFE7FEE744
:10D3B00044F20C62C2F200021068009044F2146160
:10D3C000C2F2000108681060009808604AF6C8516F
:10D3D000C2F20001086801300860FEF7A5F900E01C
:10D3E000FFE701984AF6C451C2F200010968884279
:10D3F00062D3FFE7FFE744F20C60C2F2000000686E
:10D40000006840B9FFE74AF6C451C2F200014FF08C
:10D41000FF3008604FE044F20C60C2F20000006888
:10D42000C068C0680490049840680390019803990C
:10D43000884207D2FFE703984AF6C451C2F20001BE
:10D44000086038E0FFE704980430FEF7A7FD049871
:10D45000806A28B1FFE704981830FEF79FFD00E0CE
:10D46000FFE70498C16A012000FA01F24AF6083188
:10D47000C2F200010868104308600499C86A00EB12
:10D48000800244F21C60C2F2000000EB8200043112
:10D49000FEF72AFE0498C06A44F20461C2F2000159
:10D4A0000968C96A884203D3FFE70120029000E0BF
:10D4B000FFE7FFE79FE7FFE744F20460C2F20000E6
:10D4C0000068C06A00EB800144F21C60C2F20000F8
:10D4D00050F82100022803D3FFE70120029000E06A
:10D4E000FFE74BF2C020C2F20000006818B1FFE76E
:10D4F0000120029000E0FFE707E04AF6D451C2F2B3
:10D500000001086801300860FFE7029806B080BD9E
:10D5100080B586B003900398029000200190039894
:10D52000002800F07D80FFE7029844F20461C2F217
:10D530000001096888420BD0FFE74FF0500080F3EC
:10D540001188BFF36F8FBFF34F8F0590FFE7FEE7A2
:10D550000298806C58B9FFE74FF0500080F31188B3
:10D56000BFF36F8FBFF34F8F0490FFE7FEE7029981
:10D57000886C013888640299C86A496C88424DD029
:10D58000FFE70298806C002846D1FFE7029804303C
:10D59000FEF704FDD0B9FFE70298C06A00EB8001F6
:10D5A00044F21C60C2F2000050F8210068B9FFE7A5
:10D5B0000298C16A012000FA01F24AF60831C2F26B
:10D5C0000001086890430860FFE700E0FFE7029968
:10D5D000486CC8620299C86AC0F107008861029865
:10D5E000C16A0120009000FA01F24AF60831C2F245
:10D5F00000010868104308600299C86A00EB8002C5
:10D6000044F21C60C2F2000000EB82000431FEF71D
:10D610006BFD0098019000E0FFE700E0FFE700E00D
:10D62000FFE7019806B080BD80B584B002900298F3
:10D63000C068C0680190019858B9FFE74FF05000EA
:10D6400080F31188BFF36F8FBFF34F8F0390FFE715
:10D65000FEE701981830FEF7A1FC4AF60030C2F24E
:10D6600000000068F0B9FFE701980430FEF796FC6F
:10D670000198C16A012000FA01F24AF60831C2F2AB
:10D6800000010868104308600199C86A00EB800235
:10D6900044F21C60C2F2000000EB82000431FEF78D
:10D6A00023FD09E0019800F118014AF6D850C2F2B2
:10D6B0000000FEF719FDFFE70198C06A44F204611B
:10D6C000C2F200010968C96A884208D9FFE701204F
:10D6D00000904BF2C021C2F20001086002E000207D
:10D6E0000090FFE7009804B080BD000080B584B0D2
:10D6F0000020029001904AF60030C2F2000000685B
:10D7000058B9FFE74FF0500080F31188BFF36F8FD7
:10D71000BFF34F8F0390FFE7FEE7FEF70DFD4AF6DC
:10D720000030C2F200000168013901600068002881
:10D7300040F09280FFE74AF6F820C2F2000000684D
:10D74000002800F08880FFE7FFE74AF6D850C2F2D1
:10D7500000000068E0B3FFE74AF6D850C2F20000CC
:10D76000C068C068029002981830FEF717FC029853
:10D770000430FEF713FC0298C16A012000FA01F29E
:10D780004AF60831C2F200010868104308600299A5
:10D79000C86A00EB800244F21C60C2F2000000EB99
:10D7A00082000431FEF7A0FC0298C06A44F20461D2
:10D7B000C2F200010968C96A884207D3FFE74BF249
:10D7C000C021C2F200010120086000E0FFE7BCE7D1
:10D7D000029818B1FFE7FDF7A7FFFFE74AF6D4501C
:10D7E000C2F20000006800900098E0B1FFE7FFE798
:10D7F000FFF7B2FD38B1FFE74BF2C021C2F20001E2
:10D800000120086000E0FFE7009801380090FFE782
:10D8100000980028ECD1FFE74AF6D451C2F200018B
:10D820000020086000E0FFE74BF2C020C2F20000D9
:10D83000006870B1FFE7012001904EF60451CEF26E
:10D8400000014FF080500860BFF34F8FBFF36F8F20
:10D8500000E0FFE7FFE700E0FFE7FEF799FC019833
:10D8600004B080BD80B58AB000200890FDF746FA6C
:10D870004AF66460C2F20000006858B3FFE7002077
:10D8800004900790069007A806A905AAFEF7C0FB1A
:10D89000049B059A0698DDF81CC06946C1F808C0CB
:10D8A0004860022008604BF6D500C0F601004FF238
:10D8B0000A31C0F60101FFF7C1FC01464BF26820B6
:10D8C000C2F200000160006818B1FFE70120089073
:10D8D000FFE700E0FFE7089858B9FFE74FF0500076
:10D8E00080F31188BFF36F8FBFF34F8F0990FFE76D
:10D8F000FEE708980AB080BD80B58AB0DDF830C078
:10D90000089007910692059300200490089858B952
:10D91000FFE74FF0500080F31188BFF36F8FBFF324
:10D920004F8F0990FFE7FEE74AF66460C2F20000FD
:10D930000068A8B3FFE70798009006980190089840
:10D940000290079805281EDCFFE7FFF7DFFC02289E
:10D950000CD1FFE74AF66460C2F2000000680C9A3E
:10D9600069460023FFF7F4F804900BE04AF6646080
:10D97000C2F200000068694600231A46FFF7E8F883
:10D980000490FFE70BE04AF66460C2F20000006812
:10D99000059A69460023FFF7F1F90490FFE700E0DC
:10D9A000FFE704980AB080BD4100080218BF0420B8
:10D9B0000A0E18BF40F001004FF07F4232EA010129
:10D9C00008BF40F00200012808BF05207047000092
:10D9D00010B54FF00E402DED028BB0EE408A18EEE0
:10D9E000104A00EB4400B0F1506F4AD84FF0FC40B1
:10D9F000B0EB440F22D2B0EEC80AF7EE000A30EEC8
:10DA0000C00AF6EE000A60EE208A18EE900A00F0D6
:10DA100089F801EE100A14F0004F1DBFDFED2D0A4A
:10DA20009FED2D0AB1EE411ADFED2C0A08BF9FEDE4
:10DA30002C0AF8EE001A21EE218A05E0DFED290A12
:10DA400068EE088AB0EE600A9FED271ADFED271A0C
:10DA500030EE080A48EE811A9FED251A08EEA11A49
:10DA6000DFED241A48EE811A9FED231A08EEA11A61
:10DA700068EE281ABDEC028B01EE810A30EE200A16
:10DA800010BD4FF0E440B0EB440F0CD918EE100A73
:10DA9000FFF78AFF042808BF00F03CF8B0EE480A00
:10DAA000BDEC028B10BD4FF07F40B0EB440F07D2AE
:10DAB000B0EE480ABDEC028BBDE8104000F01EB885
:10DAC0000120E2F7B6FDBDEC028BBDE8104000F08E
:10DAD00019B800000000C9BF22AAFDB90000C93F63
:10DAE00022AAFD390000000024FE1C3DC78AD83C54
:10DAF0001E67383D1B93993DAFAA2A3E30EE000ABF
:10DB000070470000DFED020A80EEA00A70470000B7
:10DB1000000000009FED020A20EE000A704700009E
:10DB20000000001010B500EE100A2DED028BB1EED2
:10DB3000C08A18EE100A20F00040C0F1FF40C00F6C
:10DB40000AD010EE100A20F00040C0F1FF40C00FD4
:10DB500004BF0120E2F76DFD18EE100ABDEC028B48
:10DB600010BD000021F0004201F00043A2F160521C
:10DB7000B2F5801F28BFD2F17F6C0BD95FEA001C81
:10DB800043EAC20242EB507018BF704728BF20F032
:10DB900001007047B2F5801FBCBF184670474FEABE
:10DBA000410C1CF5001F02D2084600F039BC70B5CC
:10DBB00000F01CFA00000089FFF7F6BF4FF00040AC
:10DBC000A0F580007047000010B591EA030F48BF30
:10DBD00083F0004300F16682841A71EB030C05D2D6
:10DBE000121943EB0C03001B61EB0C014FEA1154BB
:10DBF000A4EB135CDFF81CE11EEA430F18BF9EEA9A
:10DC0000445F00F0748021EA045123EA0E0343F4D8
:10DC10008013DCF1200E32D322FA0CFE10EB0E0042
:10DC200023FA0CFE41EB0E01CCF1200E03FA0EFE9E
:10DC300010EB0E00CCF1200E51F10001B1F5801F68
:10DC400032D201EB045112FA0EF2BDE8104058BF77
:10DC50007047401C38BF5FEA420218BF7047002877
:10DC600014BF20F0010041F100014FEA410313F518
:10DC7000001F38BF7047A1F1C04100F005BA012A6A
:10DC800043EB0302ACF1200CDCF11F0E32BF4FF06E
:10DC9000000E23FA0CF310EB030041EB0451B4EB3C
:10DCA000115FD0D0A1EB045101F58011490801EBBF
:10DCB00004515FEA30000ED350F1000038BF12FA71
:10DCC0000EFE08D1BDE81040C9E7401C38BF5FEA2E
:10DCD0004202CAD1C3E7BDE810404FEA410313F541
:10DCE000001F38BF7047A1F1C04100F0CDB99EEAD6
:10DCF000445F08D011EA5E0FBDE8104004BF01F098
:10DD0000004100207047BDE8104070B500F06EF98A
:10DD100064FBBE3E0000E0FF491058BFC1F1404126
:10DD20005B1058BFC3F140438B42EFF30080704754
:10DD300051EA030C17D41CF5801F58BFBCF5801F97
:10DD400000F10680994218BF704708BF90427047A3
:10DD500007D711F5801F58BF13F5801F19D49942BA
:10DD60007047894270471CF5801F08D5BCF5801F9D
:10DD7000F7D58B4218BF704708BF824270474FF4F7
:10DD8000001C1CEB410F38BF1CEB430F01D28B4230
:10DD9000704770B500F02AF9922449004FF0005105
:10DDA0004FF08053FFF7B8BF51EA030C17D41CF5AE
:10DDB000801F58BFBCF5801F00F10680994218BF34
:10DDC000704708BF9042704707D711F5801F58BFB2
:10DDD00013F5801F19D499427047894270471CF58A
:10DDE000801F08D5BCF5801FF7D58B4218BF704740
:10DDF00008BF824270474FF4001C1CEB410F38BF34
:10DE00001CEB430F01D28B42704770B500F0EEF867
:10DE1000922449004FF080514FF00053FFF77CBF30
:10DE200051EA030C17D41CF5801F58BFBCF5801FA6
:10DE300000F10680994218BF704708BF90427047B2
:10DE400007D711F5801F58BF13F5801F19D49942C9
:10DE50007047894270471CF5801F08D5BCF5801FAC
:10DE6000F7D58B4218BF704708BF824270474FF406
:10DE7000001C1CEB410F38BF1CEB430F01D28B423F
:10DE8000704770B500F0B2F8922449004FF000518D
:10DE90004FF08053FFF740BF70B5DFF848C11CEA70
:10DEA000111E1EBF1CEA13159EEA0C0F95EA0C0FFB
:10DEB00000F06F8081EA03044EEAD47EAE4421EA8A
:10DEC0004C1123EA4C1341F4801143F48013AEF15A
:10DED0007F7EA1FB024CA0FB0365361955EB0C05B8
:10DEE000A1FB034C4CF10003A0FB021C16EB0C063B
:10DEF000654153F10003094218BF46F0010613F4CF
:10DF0000007F0BD14FEA03314FEA053041EA15514A
:10DF100040EA165034036FF003020AE04FEAC321CF
:10DF20004FEAC52041EA555140EA5650F4026FF0DD
:10DF3000020202EB2E4201EB025585EACE710AD0B5
:10DF40005FEA440C18BF24F0004450F1000041F196
:10DF5000000120EAD47040F2FE7C624500D270BD20
:10DF6000A84214BF4FF080444FF04044002E08BF39
:10DF70000024BEF1806FA8BFA1F1C041BDE8704090
:10DF800080F2828001F1C04101F000414FF00000B9
:10DF900070470CEA13159EEA0C0F18BF95EA0C0F98
:10DFA00006D081EA030E4FF000000EF0004170BD74
:10DFB00000F01CF88900013E00F007B800F009B835
:10DFC0004FEA430C5FEA5C5C08D081EA030100F091
:10DFD0005BB84FEA410C5FEA5C5CF6D102494FF056
:10DFE000000070470000FF070000F87F0EF1020EEE
:10DFF0002EF0030E5EF8046B364205D4012A43EB83
:10E00000030515F5001F12D8012841EB010C1CF582
:10E01000001F0CD80ED14FEAD17C0CEB4C0C0CF14C
:10E02000020C15F5001F08BF4CEBD37C04E04FF049
:10E03000080C01E04FEAD37C0CEB4C0526FA05F600
:10E0400006F00706B6F1040C06D20EEB860CBDE80E
:10E0500070404CF0010C6047DFE80CF0090B020245
:10E060004FF00041A1F500214FF0000070BD1946AE
:10E070001046012851EB010418BFD4F5001484BFE9
:10E08000002001F0004170BD0808A0F500114FEA22
:10E090003101704710B591EA030F48BF83F0004388
:10E0A0003FF59AAD841A71EB030C07D28CF0004C4B
:10E0B000121943EB0C03001B61EB0C014FEA1154E6
:10E0C000A4EB135CDFF8A4E11EEA430F18BF9EEA3D
:10E0D000445F00F0B48021EA045123EA6E03524207
:10E0E000C3EB6E0338BF5B1EDCF1200E25D322FA92
:10E0F0000CFE10EB0E0043FA0CFE41EB0E01CCF1CE
:10E10000200E03FA0EFE10EB0E00CCF1200E51F1A2
:10E11000000129D401EB045112FA0EF2BDE81040BF
:10E1200058BF7047401C1CBFB2F1004F7047002819
:10E130000CBF491C20F00100704712EB020E43EBAC
:10E14000030218BF4FF0010E4EEA4202ACF1200C60
:10E15000DCF11E0E56D943FA0CFE10EB0E00CCF18A
:10E160001E0E51F1FF31D5D50EF1010E12FA0EFE41
:10E17000404141EB010101EB445C5FEA5C5C10D97A
:10E1800001EB045110EBDE7038BFBEF1004FBDE86B
:10E19000104018BF704700280CBF491C20F0010038
:10E1A000704734D24FEAD42C24F4006411F50011E6
:10E1B0001BD0B1FA81F20B3AA41AA41ED2F12003AB
:10E1C000914030FA03F31943904001EBCC7101EB1D
:10E1D0000451002CBDE81040A8BF704701F1C041B8
:10E1E00001F000414FF000007047B0FA80F310FAE0
:10E1F00003F102D1BDE810407047E41A173C48050E
:10E20000C90AE2E701EB0451BDE81040704749102C
:10E210004FEA300001EB0451BDE8104002E04FF03E
:10E22000000170474A0008BF0042F8D0B2F5001F55
:10E2300028BF704701F000414FF0000070479EEA90
:10E24000445F07D011EA5E0FBDE8104004BF002113
:10E2500000207047BDE8104070B5FFF7C7FE00BF53
:10E2600040DFF63E104683F0004170470000E0FFBB
:10E2700043004FEAD30C4FEA3C0C43401FBF40071A
:10E280000CF1605113F0FE4F70471CF0006F03D18A
:10E290000CF00041002070470CF0004343EA50703E
:10E2A00040EACC0010B500F068F800BF0000009212
:10E2B0004FEA0001FFF7E8BE4FF00041A1F5002151
:10E2C0004FF00000704710B5FFF732FD0CBF012082
:10E2D000002010BD10B5FFF72BFD14BF012000205A
:10E2E00010BD10B5FFF760FD8CBF0120002010BDF0
:10E2F00010B5FFF759FD2CBF0120002010BD10B54F
:10E30000FFF78EFD94BF0120002010BD10B5FFF770
:10E3100087FD34BF0120002010BD4FF07E5209E080
:10E3200011F0004204D54042C1F1000138BF491E3E
:10E3300042F07E5202F170620B0012BF20235FEAAE
:10E3400000017047B1FA81FC01FA0CF1A3EB0C0358
:10E3500020FA03FC41EA0C0102EBC352C3F1200393
:10E3600010FA03FC5CEA416C42EB112018BF5FF02D
:10E37000806C28BF20F0010070470EF1020E2EF0D5
:10E38000030E5EF8044B244204D44FEA4102B2F17A
:10E390007F4F11D84FEA4003B3F17F4F0CD80ED115
:10E3A0004FEAD07C0CEB4C0C0CF1020CB2F17F4F1D
:10E3B00008BF4CEBD17C04E04FF0080C01E04FEAC1
:10E3C000D17C0CEB4C0324FA03F404F00704B4F101
:10E3D000040C06D20EEB840CBDE810404CF0010C8E
:10E3E0006047DFE80CF0070802024FF00040A0F59C
:10E3F000800010BD0846420018BFD2F1807288BF6D
:10E4000000F0004010BDF1EE100A4FF6FF71C0F2AF
:10E41000C03120EA010040F04070E1EE100A704780
:10E42000FF2141EAD050C00570470000C2154FEAF5
:10E43000002318BF43F0004300F11080D2F1BE0268
:10E4400040F2288023FA02F1B2F1200C2EBF23FA09
:10E450000CF0C2F1200C03FA0CF07047B0F15F4FE2
:10E4600000F2188012F0FF0208BF23F00043C2F14F
:10E47000BE0223FA02F1B2F1200C2EBF23FA0CF0F7
:10E48000C2F1200C03FA0CF04042C1F1000138BF88
:10E49000491E704710B5FFF770FF00BF92244980F6
:10E4A0004FF00001002070476FEAE07080F00041FB
:10E4B00070470000C2154FEA002318BF43F0004325
:10E4C0000ED4D2F1BE0215D323FA02F1B2F1200C20
:10E4D0002EBF23FA0CF0C2F1200C03FA0CF07047A7
:10E4E0004FEA400CBCF1FE4F04D24FF000004FF059
:10E4F0000001704710B5FFF740FF00BF922449802C
:10E500004FF00001002070476FEAE070014670474D
:10E510000000803F00000000000000000000803F7D
:10E5200000000000000000000000803F000000002C
:10E53000000000000000803F00000000000000001C
:10E54000000040400000000000000000000000400B
:10E55000000000000000000000004040000000003B
:10E56000000000000000004000000000000000006B
:10E5700000004040000000000000000000000040DB
:10E58000000000000000000000004040000000000B
:10E59000000000000000004000000000000000003B
:10E5A0000000803F00000000000000000000803FED
:10E5B00000000000000000000000344300000000E4
:10E5C00000000000000034430000000000000000D4
:10E5D0000000803F00000000000000000000803FBD
:10E5E00000000000000000000000803F000000006C
:10E5F000000000000000803F00000000000000005C
:10E600000000803F00000000000000000000803F8C
:10E6100000000000000000000000803F000000003B
:10E6200000000000A9F20108C5FD0008000000007C
:10E6300000000000000100000000000000000000D9
:10E640008CF2010845FE00080300000000000000F5
:10E6500000020000000000000000000094F2010829
:10E6600075FF00080000000000000000000100002D
:10E67000000000000000000080F20108DD00010839
:10E68000FEFF00000000000000010000000000008C
:10E6900000000000B5F2010851010108000000006F
:10E6A00000000000800000000000000000000000EA
:10E6B0009DF201082DFD0008000000000000000090
:10E6C00080000000000000000000000000000000CA
:10E6D000000000000000000000000000000000003A
:10E6E00000000000000000000000C8440AD7A33C5E
:10E6F0000000A04000000000000000000102030430
:10E70000060708090000000001020304005EBCE2E5
:10E71000613FDD83C29C7E20A3FD1F419DC3217FFD
:10E72000FCA2401E5F01E3BD3E6082DC237D9FC1F1
:10E73000421CFEA0E1BF5D0380DE3C62BEE0025CE5
:10E74000DF81633D7C22C09E1D43A1FF4618FAA4D1
:10E7500027799BC584DA3866E5BB5907DB856739BD
:10E76000BAE406581947A5FB7826C49A653BD987B1
:10E77000045AB8E6A7F91B45C6987A24F8A6441AA5
:10E7800099C7257B3A6486D85B05E7B98CD2306E91
:10E79000EDB3510F4E10F2AC2F7193CD114FADF37D
:10E7A000702ECC92D38D6F31B2EC0E50AFF1134D71
:10E7B000CE90722C6D33D18F0C52B0EE326C8ED065
:10E7C000530DEFB1F0AE4C1291CF2D73CA94762851
:10E7D000ABF517490856B4EA6937D58B5709EBB53D
:10E7E00036688AD495CB2977F4AA4816E9B7550B31
:10E7F00088D6346A2B7597C94A14F6A8742AC89625
:10E80000154BA9F7B6E80A54D7896B35005EBCE210
:10E81000613FDD83C29C7E20A3FD1F419DC3217FFC
:10E82000FCA2401E5F01E3BD3E6082DC237D9FC1F0
:10E83000421CFEA0E1BF5D0380DE3C62BEE0025CE4
:10E84000DF81633D7C22C09E1D43A1FF4618FAA4D0
:10E8500027799BC584DA3866E5BB5907DB856739BC
:10E86000BAE406581947A5FB7826C49A653BD987B0
:10E87000045AB8E6A7F91B45C6987A24F8A6441AA4
:10E8800099C7257B3A6486D85B05E7B98CD2306E90
:10E89000EDB3510F4E10F2AC2F7193CD114FADF37C
:10E8A000702ECC92D38D6F31B2EC0E50AFF1134D70
:10E8B000CE90722C6D33D18F0C52B0EE326C8ED064
:10E8C000530DEFB1F0AE4C1291CF2D73CA94762850
:10E8D000ABF517490856B4EA6937D58B5709EBB53C
:10E8E00036688AD495CB2977F4AA4816E9B7550B30
:10E8F00088D6346A2B7597C94A14F6A8742AC89624
:10E90000154BA9F7B6E80A54D7896B3500061016DF
:10E91000000610160000803F00000000000000000C
:10E9200000000000000000000000000000000000E7
:10E930000000803F00000000000000000000000018
:10E940000000000000000000000000000000803F08
:10E9500000000000000000000000000000000000B7
:10E9600000000000000000000000803F00000000E8
:10E970000000000000000000000000000000000097
:10E98000000000000000803F0000000000000000C8
:10E990000000000000000000000000000000000077
:10E9A0000000803F000000000000545452205245F7
:10E9B00047474553003031323334353637383941E3
:10E9C0004243444546000000000000000100803F33
:10E9D000C90CC0B7E565AABE435690BB3C695D3E15
:10E9E000EBFCA9BC08B732BEE745093EA59204BDC1
:10E9F00000000000920E493CB10AC93C2BC3163DF1
:10EA00002EFB483D752B7B3D04A9963D80B6AF3D5E
:10EA100036BDC83D2FBCE13D73B2FA3D87CF093EFC
:10EA20008340163EB5AB223EA2102F3ECF6E3B3E3A
:10EA3000C2C5473E0115543E135C603E7F9A6C3E52
:10EA4000CCCF783EC07D823E938E883E229A8E3E09
:10EA500032A0943E86A09A3EE59AA03E128FA63E32
:10EA6000D47CAC3EEF63B23E2A44B83E491DBE3E64
:10EA700015EFC33E53B9C93ECA7BCF3E4136D53EA2
:10EA800080E8DA3E4F92E03E7533E63EBBCBEB3E8C
:10EA9000EA5AF13ECBE0F63E275DFC3EE4E7003F5C
:10EAA0003D9C033F824B063F9BF5083F6B9A0B3F13
:10EAB000DA390E3FCDD3103F2A68133FD9F6153F00
:10EAC000C07F183FC6021B3FD17F1D3FCBF61F3FC3
:10EAD0009967223F25D2243F5636273F1594293F78
:10EAE0004AEB2B3FDE3B2E3FBB85303FC9C8323F50
:10EAF000F304353F233A373F4268393F3B8F3B3F72
:10EB0000F9AE3D3F67C73F3F70D8413F01E2433F09
:10EB100003E4453F65DE473F12D1493FF8BB4B3F19
:10EB2000029F4D3F207A4F3F3D4D513F4918533F83
:10EB300031DB543FE595563F5348583F6AF2593F01
:10EB40001A945B3F532D5D3F05BE5E3F2146603FFB
:10EB500097C5613F5A3C633F59AA643F880F663F9F
:10EB6000D86B673F3CBF683FA7096A3F0C4B6B3FC0
:10EB70005E836C3F93B26D3F9ED86E3F73F56F3FDF
:10EB80000809713F5213723F4714733FDD0B743F06
:10EB90000BFA743FC6DE753F07BA763FC58B773FE9
:10EBA000F853783F9812793F9DC7793F02737A3FB7
:10EBB000BE147B3FCDAC7B3F283B7C3FC9BF7C3F35
:10EBC000AC3A7D3FCCAB7D3F23137E3FB0707E3FA0
:10EBD0006DC47E3F580E7F3F6D4E7F3FAB847F3FBD
:10EBE0000FB17F3F97D37F3F43EC7F3F11FB7F3FC8
:10EBF0000000803F11FB7F3F43EC7F3F97D37F3F77
:10EC00000FB17F3FAB847F3F6D4E7F3F580E7F3FFC
:10EC10006DC47E3FB0707E3F23137E3FCCAB7D3F03
:10EC2000AC3A7D3FC9BF7C3F283B7C3FCDAC7B3FAE
:10EC3000BE147B3F02737A3F9DC7793F9812793F9C
:10EC4000F853783FC58B773F07BA763FC6DE753FEE
:10EC50000BFA743FDD0B743F4714733F5213723F3E
:10EC60000809713F73F56F3F9ED86E3F93B26D3FB9
:10EC70005E836C3F0C4B6B3FA7096A3F3CBF683F0C
:10EC8000D86B673F880F663F59AA643F5A3C633F81
:10EC900097C5613F2146603F05BE5E3F532D5D3FF6
:10ECA0001A945B3F6AF2593F5348583FE595563FE7
:10ECB00031DB543F4918533F3D4D513F207A4F3F80
:10ECC000029F4D3FF8BB4B3F12D1493F65DE473FA6
:10ECD00003E4453F01E2433F70D8413F67C73F3FF0
:10ECE000F9AE3D3F3B8F3B3F4268393F233A373FC8
:10ECF000F304353FC9C8323FBB85303FDE3B2E3F72
:10ED00004AEB2B3F1594293F5636273F25D2243F07
:10ED10009967223FCBF61F3FD17F1D3FC6021B3FA5
:10ED2000C07F183FD9F6153F2A68133FCDD3103F57
:10ED3000DA390E3F6B9A0B3F9BF5083F824B063F3B
:10ED40003D9C033FE4E7003F275DFC3ECBE0F63E01
:10ED5000EA5AF13EBBCBEB3E7533E63E4F92E03EC6
:10ED600080E8DA3E4136D53ECA7BCF3E53B9C93E34
:10ED700015EFC33E491DBE3E2A44B83EEF63B23E86
:10ED8000D47CAC3E128FA63EE59AA03E86A09A3E69
:10ED900032A0943E229A8E3E938E883EC07D823E63
:10EDA000CCCF783E7F9A6C3E135C603E0115543E9A
:10EDB000C2C5473ECF6E3B3EA2102F3EB5AB223EB2
:10EDC0008340163E87CF093E73B2FA3D2FBCE13D2A
:10EDD00036BDC83D80B6AF3D04A9963D752B7B3D41
:10EDE0002EFB483D2BC3163DB10AC93C920E493C4F
:10EDF00000000000920E49BCB10AC9BC2BC316BD6D
:10EE00002EFB48BD752B7BBD04A996BD80B6AFBD5A
:10EE100036BDC8BD2FBCE1BD73B2FABD87CF09BEF8
:10EE2000834016BEB5AB22BEA2102FBECF6E3BBE36
:10EE3000C2C547BE011554BE135C60BE7F9A6CBE4E
:10EE4000CCCF78BEC07D82BE938E88BE229A8EBE05
:10EE500032A094BE86A09ABEE59AA0BE128FA6BE2E
:10EE6000D47CACBEEF63B2BE2A44B8BE491DBEBE60
:10EE700015EFC3BE53B9C9BECA7BCFBE4136D5BE9E
:10EE800080E8DABE4F92E0BE7533E6BEBBCBEBBE88
:10EE9000EA5AF1BECBE0F6BE275DFCBEE4E700BF58
:10EEA0003D9C03BF824B06BF9BF508BF6B9A0BBF0F
:10EEB000DA390EBFCDD310BF2A6813BFD9F615BFFC
:10EEC000C07F18BFC6021BBFD17F1DBFCBF61FBFBF
:10EED000996722BF25D224BF563627BF159429BF74
:10EEE0004AEB2BBFDE3B2EBFBB8530BFC9C832BF4C
:10EEF000F30435BF233A37BF426839BF3B8F3BBF6E
:10EF0000F9AE3DBF67C73FBF70D841BF01E243BF05
:10EF100003E445BF65DE47BF12D149BFF8BB4BBF15
:10EF2000029F4DBF207A4FBF3D4D51BF491853BF7F
:10EF300031DB54BFE59556BF534858BF6AF259BFFD
:10EF40001A945BBF532D5DBF05BE5EBF214660BFF7
:10EF500097C561BF5A3C63BF59AA64BF880F66BF9B
:10EF6000D86B67BF3CBF68BFA7096ABF0C4B6BBFBC
:10EF70005E836CBF93B26DBF9ED86EBF73F56FBFDB
:10EF8000080971BF521372BF471473BFDD0B74BF02
:10EF90000BFA74BFC6DE75BF07BA76BFC58B77BFE5
:10EFA000F85378BF981279BF9DC779BF02737ABFB3
:10EFB000BE147BBFCDAC7BBF283B7CBFC9BF7CBF31
:10EFC000AC3A7DBFCCAB7DBF23137EBFB0707EBF9C
:10EFD0006DC47EBF580E7FBF6D4E7FBFAB847FBFB9
:10EFE0000FB17FBF97D37FBF43EC7FBF11FB7FBFC4
:10EFF000000080BF11FB7FBF43EC7FBF97D37FBF73
:10F000000FB17FBFAB847FBF6D4E7FBF580E7FBFF8
:10F010006DC47EBFB0707EBF23137EBFCCAB7DBFFF
:10F02000AC3A7DBFC9BF7CBF283B7CBFCDAC7BBFAA
:10F03000BE147BBF02737ABF9DC779BF981279BF98
:10F04000F85378BFC58B77BF07BA76BFC6DE75BFEA
:10F050000BFA74BFDD0B74BF471473BF521372BF3A
:10F06000080971BF73F56FBF9ED86EBF93B26DBFB5
:10F070005E836CBF0C4B6BBFA7096ABF3CBF68BF08
:10F08000D86B67BF880F66BF59AA64BF5A3C63BF7D
:10F0900097C561BF214660BF05BE5EBF532D5DBFF2
:10F0A0001A945BBF6AF259BF534858BFE59556BFE3
:10F0B00031DB54BF491853BF3D4D51BF207A4FBF7C
:10F0C000029F4DBFF8BB4BBF12D149BF65DE47BFA2
:10F0D00003E445BF01E243BF70D841BF67C73FBFEC
:10F0E000F9AE3DBF3B8F3BBF426839BF233A37BFC4
:10F0F000F30435BFC9C832BFBB8530BFDE3B2EBF6E
:10F100004AEB2BBF159429BF563627BF25D224BF03
:10F11000996722BFCBF61FBFD17F1DBFC6021BBFA1
:10F12000C07F18BFD9F615BF2A6813BFCDD310BF53
:10F13000DA390EBF6B9A0BBF9BF508BF824B06BF37
:10F140003D9C03BFE4E700BF275DFCBECBE0F6BEFD
:10F15000EA5AF1BEBBCBEBBE7533E6BE4F92E0BEC2
:10F1600080E8DABE4136D5BECA7BCFBE53B9C9BE30
:10F1700015EFC3BE491DBEBE2A44B8BEEF63B2BE82
:10F18000D47CACBE128FA6BEE59AA0BE86A09ABE65
:10F1900032A094BE229A8EBE938E88BEC07D82BE5F
:10F1A000CCCF78BE7F9A6CBE135C60BE011554BE96
:10F1B000C2C547BECF6E3BBEA2102FBEB5AB22BEAE
:10F1C000834016BE87CF09BE73B2FABD2FBCE1BD26
:10F1D00036BDC8BD80B6AFBD04A996BD752B7BBD3D
:10F1E0002EFB48BD2BC316BDB10AC9BC920E49BC4B
:10F1F00000000080453A2000493A2000573A20009C
:10F200001B5B306D001B5B313B33316D001B5B3191
:10F210003B33326D001B5B313B33336D00202025C7
:10F220007325735468697320697320612077617254
:10F230006E696E67206D657373616765210D0A25C0
:10F240007300202025732573546869732069732027
:10F25000616E206572726F72206D65737361676590
:10F26000210D0A25730020202573257348656C6CD9
:10F270006F20776F726C643A2025640D0A25730045
:10F28000526F626F7455495461736B00494D555408
:10F2900061736B004D6F76655461736B00646566D6
:10F2A00061756C745461736B0044656669616E745A
:10F2B0005461736B00526F6F745461736B004344FD
:10F2C0004320496E74657266616365004344432060
:10F2D000436F6E6669670053544D6963726F656C66
:10F2E000656374726F6E6963730053544D333220DB
:10F2F0005669727475616C20436F6D506F72740043
:10F3000049444C4500546D725100546D722053763F
:10F3100063005465726D696E616C00460041004285
:10F32000004300000000891112239B322446AD5790
:10F330003665BF74488CC19D5AAFD3BE6CCAE5DB3D
:10F340007EE9F7F88110080193331A22A5562C475D
:10F35000B7753E64C99C408DDBBF52AEEDDA64CB1D
:10F36000FFF976E802218B30100299132667AF76F9
:10F370003444BD554AADC3BC588ED19F6EEBE7FAFD
:10F380007CC8F5D983310A2091121803A7772E661D
:10F39000B5543C45CBBD42ACD99E508FEFFB66EADD
:10F3A000FDD874C904428D5316619F702004A915BD
:10F3B0003227BB364CCEC5DF5EEDD7FC6888E199BD
:10F3C0007AABF3BA85520C4397711E60A1142805DD
:10F3D000B3373A26CDDE44CFDFFD56ECE99860899D
:10F3E000FBBB72AA06638F7214409D512225AB3479
:10F3F0003006B9174EEFC7FE5CCCD5DD6AA9E3B87D
:10F40000788AF19B87730E6295501C41A3352A249C
:10F41000B1163807CFFF46EEDDDC54CDEBB962A85C
:10F42000F99A708B088481951AA793B62CC2A5D33C
:10F430003EE1B7F04008C919522BDB3A644EED5F4C
:10F44000766DFF7C899400859BB712A6ADD224C34C
:10F45000BFF136E0C1184809D33B5A2AE55E6C4F2C
:10F46000F77D7E6C0AA583B4188691972EE3A7F2E8
:10F470003CC0B5D14229CB38500AD91B666FEF7E0C
:10F48000744CFD5D8BB502A499961087AFF326E20C
:10F49000BDD034C1C3394A28D11A580BE77F6E6EEC
:10F4A000F55C7C4D0CC685D71EE597F42880A191AC
:10F4B0003AA3B3B2444ACD5B5669DF78600CE91DCC
:10F4C000722FFB3E8DD604C79FF516E4A9902081CC
:10F4D000BBB332A2C55A4C4BD7795E68E11C680DAC
:10F4E000F33F7A2E0EE787F61CC495D52AA1A3B068
:10F4F0003882B193466BCF7A5448DD59622DEB3C8C
:10F50000700EF91F8FF706E69DD414C5ABB122A08B
:10F51000B9923083C77B4E6AD5585C49E33D6A2C6B
:10F52000F11E780F0000891112239B322446AD573B
:10F530003665BF74488CC19D5AAFD3BE6CCAE5DB3B
:10F540007EE9F7F88110080193331A22A5562C475B
:10F55000B7753E64C99C408DDBBF52AEEDDA64CB1B
:10F56000FFF976E802218B30100299132667AF76F7
:10F570003444BD554AADC3BC588ED19F6EEBE7FAFB
:10F580007CC8F5D983310A2091121803A7772E661B
:10F59000B5543C45CBBD42ACD99E508FEFFB66EADB
:10F5A000FDD874C904428D5316619F702004A915BB
:10F5B0003227BB364CCEC5DF5EEDD7FC6888E199BB
:10F5C0007AABF3BA85520C4397711E60A1142805DB
:10F5D000B3373A26CDDE44CFDFFD56ECE99860899B
:10F5E000FBBB72AA06638F7214409D512225AB3477
:10F5F0003006B9174EEFC7FE5CCCD5DD6AA9E3B87B
:10F60000788AF19B87730E6295501C41A3352A249A
:10F61000B1163807CFFF46EEDDDC54CDEBB962A85A
:10F62000F99A708B088481951AA793B62CC2A5D33A
:10F630003EE1B7F04008C919522BDB3A644EED5F4A
:10F64000766DFF7C899400859BB712A6ADD224C34A
:10F65000BFF136E0C1184809D33B5A2AE55E6C4F2A
:10F66000F77D7E6C0AA583B4188691972EE3A7F2E6
:10F670003CC0B5D14229CB38500AD91B666FEF7E0A
:10F68000744CFD5D8BB502A499961087AFF326E20A
:10F69000BDD034C1C3394A28D11A580BE77F6E6EEA
:10F6A000F55C7C4D0CC685D71EE597F42880A191AA
:10F6B0003AA3B3B2444ACD5B5669DF78600CE91DCA
:10F6C000722FFB3E8DD604C79FF516E4A9902081CA
:10F6D000BBB332A2C55A4C4BD7795E68E11C680DAA
:10F6E000F33F7A2E0EE787F61CC495D52AA1A3B066
:10F6F0003882B193466BCF7A5448DD59622DEB3C8A
:10F70000700EF91F8FF706E69DD414C5ABB122A089
:10F71000B9923083C77B4E6AD5585C49E33D6A2C69
:10F72000F11E780F48F70108000000209802000041
:10F73000C4010008F8F801089802002030F0000029
:10F740002002000800000000100CE7416B3A58A0AE
:10F750008B3A82810114FFFFC8180AC91C010835C1
:10F760001D010851041A79042AC90819141AE5045C
:10F770001108081250C347CDCCCC3D0409531C11CD
:10F780000B1AC8421C2144C03F011324F44FFFF15F
:10F79000FD9086A706180B211501085D120108755A
:10F7A00018B431480B49130108F9100108ED111084
:10F7B000811E45140108D91C1AB5081AC10814097C
:10F7C000024313020125C03209041B01020B130579
:10F7D0002416100105240110090104240202052445
:10F7E0000617010705820308151009040133020AF0
:10F7F0002E0705010240072A810711130A0632026B
:10F800002A40981A12231302021E408304405759BB
:10F810001B02031513F5121B08F1041A9504132992
:10F82000131B084D04071A040309041A031369A7DC
:10F830001B2078041A87041A96041AA50413F1A64B
:10F840001B202D081AC3041AD2041AE1041AF0046A
:10F850001AFF04130EA81B201D041A3B041A4A04A5
:10F860001A59041A68041A77041A86041A95041A95
:10F87000B3041AC2041AD1041AE0041AEF041AFEDF
:10F8800004130DA91B202B041A3A041A49041A5810
:10F89000041A67041A76041A85041357AA1B2066F3
:10F8A000041AA30C1ADF041A1B0C1A85042A9414D8
:10F8B00019041AB2041AC1041AD0041ADF0419F385
:10F8C00011290432101AAA0110096740533A7D0425
:10F8D000017C160240AB0341100905530806580489
:10F8E000070F160810820911160A15800B1605005D
:08F8F0000C18010D00000000DE
:040000050800018965
:00000001FF
