:020000040800F2
:10000000F8F100206902000829B10008B183000856
:1000100025B10008810D0008193801080000000012
:10002000000000000000000000000000D1E7000810
:10003000691A000800000000F1BF0008C1ED0008C7
:10004000830200088302000883020008830200087C
:100050008302000883020008830200086D1A00086A
:10006000830200088302000883020008830200085C
:10007000F5150008830200088302000883020008C7
:10008000830200088302000883020008830200083C
:10009000850D00088302000883020008830200081F
:1000A00083020008CDEE00088302000883020008E6
:1000B000DDEE0008830200088302000883020008C6
:1000C00083020008830200088302000883020008FC
:1000D00083020008E9FC00088302000805FD00080F
:1000E00083020008830200088302000883020008DC
:1000F0008302000883020008830200080516000836
:1001000083020008830200088302000883020008BB
:10011000830200088302000883020008EDEE000855
:100120008302000815160008251600083516000879
:10013000830200088302000883020008830200088B
:10014000950D00088302000883020008E1B400084E
:1001500045160008551600086516000821FD000820
:10016000830200088302000883020008830200085B
:1001700083020008830200088302000800000000D8
:10018000830200088302000800F002F800F05CF827
:100190000AA090E8000C82448344AAF10107DA45E2
:1001A00001D100F051F8AFF2090EBAE80F0013F0D8
:1001B000010F18BFFB1A43F001031847DCC501000B
:1001C000FCC501000A444FF0000C10F8013B13F08D
:1001D000070408BF10F8014B1D1108BF10F8015BA0
:1001E000641E05D010F8016B641E01F8016BF9D193
:1001F00013F0080F1EBF10F8014BAD1C0C1B09D1EA
:100200006D1E58BF01F801CBFAD505E014F8016B5B
:1002100001F8016B6D1EF9D59142D6D370470000ED
:100220000023002400250026103A28BF78C1FBD8FF
:10023000520728BF30C148BF0B6070471FB51BF085
:10024000D8F91FBD10B510BD00F002FA1146FFF736
:10025000F5FF17F015FE00F020FA03B4FFF7F2FFE8
:1002600003BC00F023FA0000094880470948004712
:10027000FEE7FEE7FEE7FEE7FEE7FEE7FEE7FEE756
:10028000FEE7FEE704480549054A064B70470000B3
:10029000B9EE000889010008F8B10020F8F100204B
:1002A000F8D10020F8D1002053EA020C00F0698058
:1002B0002DE9F04B4FF00006002B1FBFB3FA83F57A
:1002C00003FA05F424FA05F65E4012BF1643B2FAAB
:1002D00082F502FA05F4C5F120051EBF22FA05FCDD
:1002E00044EA0C04203556EA044C4FEA144418BF83
:1002F000641C4FF000084FF00009904271EB030CB2
:1003000039D3002919BFB1FA81F701FA07F6B0FA1B
:1003100080F700FA07F6C7F120071EBF20FA07FC96
:1003200046EA0C062037B6FBF4FCA7EB0507103FA6
:1003300007F01F0BCBF120062CFA06F60CFA0BFB8C
:1003400044BFB3460026202FA4BF5E464FF0000BEB
:100350005BEA060C08BF4FF0010B19EB0B0948EBE9
:100360000608ABFB027C06FB02CC0BFB03CCC01BDC
:1003700071EB0C01C1E70B46024641464846BDE819
:10038000F08B13B5084318BF4FF0FF300146AFF3B1
:100390000080BDE81C40704753EA020C23D010B522
:1003A0004C1084EA530404D54042C1F1000138BF27
:1003B000491E1B4204D55242C3F1000338BF5B1EE5
:1003C000FFF772FF14F0804F04D04042C1F10001EA
:1003D00038BF491E14F0004F04D05242C3F100034D
:1003E00038BF5B1E10BD13B540424FF0000070EBEC
:1003F0000104B8BF012001F0004100281CBF6FF0CC
:1004000000414FF0FF30AFF300801CBD40EA010314
:10041000024630B59B0710D14FF0013400E008C20E
:1004200008C91D1B9D4315EAC41FF8D013F0FF0136
:1004300002F8011B0DD01B0AF8E711F8013B002B55
:1004400002F8013B05D011F8013B002B02F8013BFB
:10045000F3D130BD10B5431C02E010F8011B71B19F
:100460008107FAD14FF0013202C88C1A8C4314EA8A
:10047000C211F9D0C01A0A0603D0C01E10BDC01A9E
:1004800010BD0A0401D0801E10BD0902FCD0401E20
:1004900010BD032A40F2308010F0030C00F01580EC
:1004A00011F8013BBCF1020F624498BF11F801CB77
:1004B00000F8013B38BF11F8013BA2F1040298BFDC
:1004C00000F801CB38BF00F8013B11F0030300F046
:1004D0002580083AC0F0088051F8043B083A51F8EA
:1004E00004CBA0E80810F5E7121D5CBF51F8043BEF
:1004F00040F8043BAFF30080D20724BF11F8013B62
:1005000011F801CB48BF11F8012B24BF00F8013BC3
:1005100000F801CB48BF00F8012B704710B5203A16
:10052000C0F00B80B1E81850A0E81850B1E818509E
:10053000A0E81850203ABFF4F5AF5FEA027C24BF70
:10054000B1E81850A0E8185044BF18C918C0BDE859
:1005500010405FEA827C24BF51F8043B40F8043B22
:1005600008BF7047D20728BF31F8023B48BF11F8D7
:10057000012B28BF20F8023B48BF00F8012B704731
:1005800002F0FF0343EA032242EA024200F024B8E9
:100590004FF000020429C0F0128010F0030C00F0AC
:1005A0001B80CCF1040CBCF1020F18BF00F8012B2A
:1005B000A8BF20F8022BA1EB0C0100F00DB85FEAF8
:1005C000C17C24BF00F8012B00F8012B48BF00F8C4
:1005D000012B70474FF0000200B513469446964633
:1005E000203922BFA0E80C50A0E80C50B1F1200146
:1005F000BFF4F7AF090728BFA0E80C5048BF0CC0F4
:100600005DF804EB890028BF40F8042B08BF704751
:1006100048BF20F8022B11F0804F18BF00F8012BC3
:10062000704770477047704710B500F009F80068D0
:1006300010BD10B5044600F003F8046010BD0000C2
:100640000048704720020020004870472002002028
:100650007546FFF7F9FFAE4605006946534620F0A0
:100660000700854618B020B5FFF70CFEBDE8204016
:100670004FF000064FF000074FF000084FF0000B5E
:10068000AC46ACE8C009ACE8C009ACE8C009ACE8CD
:10069000C00921F007018D46704710B50446AFF33D
:1006A00000802046BDE81040FFF7D7BD0149182063
:1006B000ABBEFEE7260002007047000082B001904A
:1006C00042F20030C4F2010000900099486820F422
:1006D000403048600198426800994868104348607B
:1006E00001980168486820F48070486001980168AA
:1006F0000269486840EA0220486001980168486839
:1007000020F0407048600198016882684868104392
:10071000486001980168886820F40060886001984A
:100720000168C2688868104388600198806A012166
:10073000C0F60071884219D0FFE701980168886807
:1007400020F07060886001980168826A88681043B0
:10075000886001980168886820F04050886001989E
:100760000168C26A8868104388600CE001980168DB
:10077000886820F07060886001980168886820F0BF
:1007800040508860FFE701980168886820F0020007
:1007900088600198027E0168886840EA42008860AB
:1007A000019890F82000C8B1FFE7019801684868F7
:1007B00040F40060486001980168486820F4604097
:1007C000486001980168426A4EF20000CFF6FF705F
:1007D00000EB423248681043486006E00198016827
:1007E000486820F400604860FFE701980168C86A23
:1007F00020F47000C86201980168C2690020CFF639
:10080000F07000EB0252C86A1043C8620198016898
:10081000886820F400708860019890F830200168A2
:10082000886840EA4220886001980168886820F45E
:1008300080608860019801684269886840EA822087
:10084000886002B07047000080B50020C4F202004A
:100850001021012203F030FB80BD000080B5002094
:10086000C4F202001021002203F026FB80BD00002C
:100870007047000080B540F20040C4F2020001223F
:10088000114603F019FB80BD80B540F20040C4F270
:1008900002000121002203F00FFB80BD7047000021
:1008A00080B582B0ADF80600FFE7BDF80600411E36
:1008B000ADF8061028B1FFE74FF47A7000F004F8A5
:1008C000F3E702B080BD000086B0ADF8160000204E
:1008D000049003900290019000904EF21400CEF22A
:1008E000000000680090BDF81600C0EB0010400149
:1008F00004904EF21800CEF2000000680390FFE76B
:100900004EF21800CEF2000000680290029803999F
:1009100088421ED0FFE702980399884207D2FFE77A
:1009200003980299411A01980844019008E0009840
:100930000299401A03990144019808440190FFE785
:100940000298039001980499884201D3FFE701E0DF
:10095000FFE7D5E706B0704780B582B000208DF87C
:100960000700FFF785FFFFF799FF16F011F9014621
:100970009DF8070008438DF8070016F0D1F90146ED
:100980009DF8070008438DF807009DF8070002B0A6
:1009900080BD000080B588B00790069105920020C8
:1009A000009004900390FFF759FF922000F006F9A1
:1009B000122003A90191062200F0CCF8FFF744FFB2
:1009C0009DF80C009DF80D1040EA0120ADF80A00DA
:1009D000BDF90A0000EE100AB8EEC00A40F20000AD
:1009E000C2F2000090ED001A20EE010A069981ED96
:1009F000000A9DF80E109DF80F2041EA0221ADF883
:100A00000A10BDF90A1000EE101AB8EEC00A90EDF7
:100A1000001A20EE010A069981ED010A9DF81010D6
:100A20009DF8112041EA0221ADF80A10BDF90A1023
:100A300000EE101AB8EEC00A90ED001A20EE010A7E
:100A4000069880ED020AFFF71FFF0098019908221F
:100A500000F080F8FFF70EFF9DF80C000F2844D13E
:100A6000FFE79DF80E009DF80F1040EA0120ADF859
:100A70000A00BDF90A0000EE100AB8EEC00A40F202
:100A80000400C2F2000090ED001A20EE010A07995E
:100A900081ED000A9DF810109DF8112041EA022115
:100AA000ADF80A10BDF90A1000EE101AB8EEC00A2F
:100AB00090ED001A20EE010A079981ED010A9DF8D8
:100AC00012109DF8132041EA0221ADF80A10BDF979
:100AD0000A1000EE101AB8EEC00A90ED001A20EECF
:100AE000010A079880ED020AFFE7FFF7B7FEA22090
:100AF00000F064F8222003A9022200F02BF8FFF78F
:100B0000A3FE9DF80C009DF80D10C00040EA5110A6
:100B1000ADF80A00BDF90A00B0F5806F07DBFFE70A
:100B2000BDF80A00A0F50060ADF80A00FFE7BDF9C6
:100B30000A0000EE100AB8EEC00AB4EE001A20EE69
:100B4000010AB3EE071A30EE010A059880ED000A9B
:100B500008B080BD80B584B08DF80F0002918DF88B
:100B600007209DF80F0040F0800000F027F8FFE715
:100B70009DF8070070B1FFE7552000F01FF80299BB
:100B800008700298013002909DF8070001388DF836
:100B90000700EDE704B080BD80B582B08DF8070096
:100BA00000919DF8070040F0800000F007F8552004
:100BB00000F004F80099087002B080BD80B582B0E2
:100BC0008DF8070069464FF47A70086044F25C20A3
:100BD000C2F200000DF107010DF10602012305F03C
:100BE0008FFD9DF8060002B080BD000080B582B088
:100BF0008DF807008DF806109DF80700FFF7DEFF5F
:100C00009DF80600FFF7DAFF02B080BD80B582B024
:100C100001900198006841F20041C4F2000188424D
:100C200010D1FFE740F2C402C2F200021078013096
:100C3000107044F2B420C2F2000040F2012100F032
:100C4000FDF9FFE702B080BD80B586B0059005983C
:100C5000006844F60001C4F2000188420FD1FFE7AA
:100C600044F27040C2F200000068006800F0100119
:100C70000020B0EB111F01D0FFE7FFE7FFE7059869
:100C8000006841F20041C4F2010188424FD1FFE700
:100C900043F26C60C2F20000027841F2E850C2F206
:100CA000000043F23001C2F200010BF053FE44F2A7
:100CB000B440C2F200000068006800F0100100209B
:100CC000B0EB111F32D0FFE7FFE70020049044F2A1
:100CD000B440C2F2000001680968049100684068ED
:100CE00004900498FFE744F2B440C2F2000001907F
:100CF00006F018FD43F69040C2F20000006840681C
:100D0000C0F1FF0143F26C60C2F200000170017893
:100D100041F2E850C2F200000290FFF739FC01985E
:100D200002994FF4FA7207F0A7F9FFE7FFE7059879
:100D3000006841F20001C4F2010188421ED1FFE7C0
:100D400044F22C40C2F200000068006800F010017C
:100D50000020B0EB111F10D0FFE7FFE70020039049
:100D600044F22C40C2F20000016809680391006857
:100D7000406803900398FFE7FFE7FFE706B080BDF8
:100D8000FFE7FEE780B543F6F810C2F2000001F07D
:100D9000BFFD80BD80B543F62020C2F2000001F007
:100DA000B7FD80BD80B58EB00C90002003908DF80B
:100DB00014008DF815008DF816008DF817008DF8C9
:100DC00010008DF811008DF812008DF813008DF8C9
:100DD0002C008DF82D008DF82E008DF82F008DF849
:100DE000280008218DF829108DF82A008DF82B0095
:100DF0008DF824008DF825008DF826008DF8270049
:100E00008DF820008DF821008DF822008DF8230048
:100E10008DF81C008DF81D008DF81E008DF81F0048
:100E20008DF818008DF819108DF81A008DF81B0038
:100E30000C9809F009FA20B9FFE700208DF8370077
:100E40006BE00C9809F0B2FA20B9FFE700208DF8AA
:100E5000370062E00C982021232205AB09F01CFB2F
:100E60000C982421272204AB09F016FB0C980021D2
:100E7000019103220BAB09F00FFB0C9804210091A8
:100E800007220AAB09F008FB0C9808210B2209ABDA
:100E900009F002FB0C981021132208AB09F0FCFAB0
:100EA0000C981421172207AB09F0F6FA0C981821B8
:100EB0001B2206AB09F0F0FA009A0C98602109F0A9
:100EC000CDFA0C9870210122029209F0C7FA019A1A
:100ED0000C982A2109F0C2FA0C982921912209F0D4
:100EE000BDFA029A0C98282109F0B8FA019A0C98D8
:100EF0002C2109F0B3FA029A0C982B2109F0AEFAD2
:100F00000C9809F07FFA20B9FFE700208DF8370030
:100F100003E001208DF83700FFE79DF837000EB0A1
:100F200080BD000080B588B0079006910020009039
:100F30008DF817008DF81400049003900290079824
:100F400009F06CF9014600988DF804109DF8041022
:100F5000B0EB911F6ED0FFE79DF804104FF0FF300B
:100F600000EB91106FF00201084207D1FFE70798EC
:100F7000902102AA0D2309F0D5F90EE09DF8041086
:100F80000220B0EB911F07D1FFE70798942102AA36
:100F90000D2309F0C7F9FFE7FFE79DF80400C0F350
:100FA000C100022811D1FFE70699022008709DF8C0
:100FB00008209DF809309DF80A009DF80B1016F0E6
:100FC000F9FA0699C1F801000CE0069901200870B1
:100FD0009DF808009DF8091016F02AFB0699C1F843
:100FE0000100FFE79DF80C00069948719DF80D007F
:100FF000069988719DF80E000699C8719DF80F003A
:10100000069908729DF81000069948729DF8110023
:10101000069988729DF812000699C8729DF813000F
:10102000069908739DF814000699487301208DF8FD
:101030001700FFE79DF8170008B080BD80B584B0A9
:101040000390ADF80A10019244F29471C2F20001CB
:1010500001200870BDF90A00C1F80100082048719C
:10106000019A10685268C1F80A20C1F80600039876
:1010700000F002F804B080BD80B588B007900691FA
:1010800000208DF8170044F2F841C2F20001087008
:1010900048708870C870079809F060F9014643F2FB
:1010A0006860C2F20000017000788008C007F0B9E3
:1010B000FFE70699D1F80100097844F2F842C2F23C
:1010C0000002049216F026FA049A079806994B79C2
:1010D0000631EC46CCF80010402109F0DDF8079805
:1010E000812109F051F901208DF817004FE043F2FA
:1010F0006860C2F2000000780009C007F0B9FFE79D
:101100000699D1F80100097844F2F842C2F20002CF
:10111000039216F0FFF9039A079806994B79063166
:10112000EC46CCF80010422109F0B6F8079882216D
:1011300009F02AF901208DF8170027E043F26860D2
:10114000C2F2000000788009C007F0B9FFE70699F5
:10115000D1F80100097844F2F842C2F2000202928A
:1011600016F0D8F9029A079806994B790631EC46A1
:10117000CCF80010442109F08FF80798842109F079
:1011800003F901208DF81700FFE7FFE7FFE79DF85F
:10119000170008B080BD000080B590B00E2003900D
:1011A0000F900B9001210E9100200C900D91069054
:1011B0000790089009900B900A9043F6F810C2F23D
:1011C0000000019006A9029101F0D4F9019801F004
:1011D000EDFF01980221049101F0EAF802990398C9
:1011E0000F900B9043F62020C2F20000059001F012
:1011F000C1F9059801F0DAFF0499059801F0D8F8D3
:1012000010B080BD84B08DF80F000291ADF80620BB
:101210009DF80F000146009123281DD80099DFE8B2
:1012200001F012131415161B1B1B1B1B1B1B1B1B76
:101230001B1B1B1B1B1B1B1B1B1B1B1B1B1B1B1BFE
:101240001B1B1718191A08E007E006E005E004E088
:1012500003E002E001E000E0FFE7002004B0704797
:101260000020704780B582B043F28C60C2F200006B
:10127000009042F63001C2F20001002201920FF00C
:10128000F7F8009842F23001C2F200010FF0D2F8F4
:10129000019802B080BD000080B584B00390029137
:1012A000039943F28C60C2F2000001900FF0C2F883
:1012B00001980FF065F8002004B080BD83B0029063
:1012C00001918DF8032000208DF802009DF90200A5
:1012D00003B0704780B586B00490ADF80E100020C2
:1012E0008DF80D0043F28C60C2F20000D0F8BC0211
:1012F00002900298D0F8140220B1FFE701208DF887
:10130000170013E00499BDF80E2043F28C60C2F27E
:10131000000001900FF0ACF801980FF0B3F98DF8D0
:101320000D009DF80D008DF81700FFE79DF81700E0
:1013300006B080BD83B002900191009202980178BE
:1013400041F2F870C2F200000172029949784172CC
:101350000299897881720299C978C17202990979D2
:1013600001730299497941730299897981730299CC
:10137000C979C173018941F30A01019A51804189F8
:1013800041F30A01019A9180818941F30A01019A8E
:101390005181837B019A92F83C1003F0100301F015
:1013A0000F01194482F83C10817BC1F34013019A6C
:1013B00092F83D1001F0F001194482F83D10817B54
:1013C00001F00103019A92F83E1001F00F0141EA89
:1013D000031182F83E10817BC1F38003019A92F8D9
:1013E0003A1001F0F001194482F83A108189C1F3F2
:1013F000C023019A92F83B1001F0F001194482F8E1
:101400003B108189C1F30033019A92F83B1001F03F
:101410000F0141EA031182F83B10837B019A92F895
:101420003A1003F0080301F00F0141EA430182F88A
:101430003A10C189C1F3C11141F65832C2F200021B
:101440001170C189C1F34121019B1973C189C1F395
:10145000C121019B5973C189C1F34031D172C18946
:10146000C1F3803100EE101AB8EE400A44F2D051B8
:10147000C2F2000181ED000AC189C90B00EE101A09
:10148000B8EE400A43F28461C2F2000181ED000A25
:10149000017C01F0010100EE101AB8EE400A44F29E
:1014A0008471C2F2000181ED000A007CC0F34000AB
:1014B00000EE100AB8EE400A4AF63820C2F20000E8
:1014C00080ED000A012003B07047000080B582B0B3
:1014D00001900198B0F83D00C0F1E60041F2F872C9
:1014E000C2F200021080019890F83B00907043F621
:1014F000F810C2F2000040F2322115F00FFD012079
:1015000002B080BD80B588B0DDF82CC0DDF828C001
:10151000079006918DF8172004930798049A0A9B68
:101520000B99EC46CCF8001043F2DC01C2F200014A
:1015300012F0E0F90699CD2008700798016843F28F
:101540007060C2F20000029001600178069A51704A
:101550004178069A91708178069AD170C178069A7E
:1015600011710799496801600178069A51714178B3
:10157000069A91718178069AD171C178069A117292
:101580000799497E069A5172079949690160017865
:10159000069A91724178069AD1728178069A1173EF
:1015A000C078069948730798007E06998873069953
:1015B000DC20C8739DF8170038B9FFE706981021A2
:1015C000FFF788FE8DF80F0010E09DF81700012846
:1015D0000BD1FFE7069944F22C40C2F20000102222
:1015E00006F08EFD8DF80F00FFE7FFE7012008B041
:1015F00080BD000080B543F63040C2F2000001F02B
:1016000069FF80BD80B543F61030C2F2000001F0E2
:1016100061FF80BD80B543F69040C2F2000001F04A
:1016200059FF80BD80B543F65020C2F2000001F0A2
:1016300051FF80BD80B543F6B020C2F2000001F03A
:1016400049FF80BD80B543F67030C2F2000001F062
:1016500041FF80BD80B543F6F040C2F2000001F0CA
:1016600039FF80BD80B543F6D030C2F2000001F0F2
:1016700031FF80BD82B001900198007810384AF6A1
:10168000AB21CAF6AA21A0FB011000090090009925
:101690004BF64410C0F60100405C0199C865009803
:1016A000042807D3FFE701990868042262F30900C0
:1016B000886506E00199086840F2FF32904388652A
:1016C000FFE70198806D02B07047000086B005907A
:1016D00000208DF813000598806A039005988069B2
:1016E00010BBFFE70398029003281BD80299DFE89C
:1016F00001F0020D0218059890F82F00C00720B1E4
:10170000FFE701208DF81300FFE70CE00598C06AA1
:10171000B0F1C07F04D1FFE701208DF81300FFE78F
:1017200001E000E0FFE745E005988069B0F5005F63
:1017300025D1FFE70398019003281ED80199DFE81F
:1017400001F00206021101208DF8130016E0059841
:1017500090F82F00C00720B1FFE701208DF813009B
:10176000FFE70BE00598C06AB0F1C07F04D1FFE746
:1017700001208DF81300FFE700E0FFE719E0039870
:101780000090032804D3FFE70098032804D00EE05C
:1017900001208DF813000BE0059890F82F00C0078A
:1017A00020B1FFE701208DF81300FFE700E0FFE71D
:1017B000FFE7FFE79DF8130006B0704784B0039081
:1017C00002910192009303980168086820F4802038
:1017D0000860009803990968486003988068402869
:1017E00009D1FFE701980399096888600298039975
:1017F0000968C86008E00298039909688860019840
:1018000003990968C860FFE704B0704781B041F2EE
:101810000400CEF2000000680090009841F2F071E0
:10182000C2F200010968884208D2FFE741F2F47170
:10183000C2F20001086801300860FFE7009841F239
:10184000F071C2F20001086001B0704780B584B049
:10185000039041F20400CEF200000068029002986A
:1018600003990968401A00EE100AB8EE400A41F2E6
:10187000DC70C2F2000090ED001AB8EE411A80EE62
:10188000010A8DED010A029803990860FFF7BEFF77
:101890009DED010A04B080BD80B582B000F066F80D
:1018A00041F60440C2F20000016883884FF47A7266
:1018B00001FB023100EE101AB8EE401AC08800EEAB
:1018C000100AB8EEC00A9FED062A20EE020A30EE9A
:1018D000010A8DED010A9DED010A02B080BD00BF35
:1018E0006F12833A81B000904EF6FC51CEF20001A7
:1018F000086840F08070086041F20401CEF20001F7
:101900000020086041F20002CEF20002116841F0AE
:1019100001011160009944F24022C0F20F024A43D3
:1019200041F2DC71C2F200010A600A6844F6D35346
:10193000C1F26203A2FB0332920941F2E073C2F2E8
:1019400000031A6009684DF68362C4F21B32A1FBE2
:101950000221890C41F2E472C2F20002116041F2EC
:10196000F471C2F20001086001B07047B0B586B0F2
:1019700041F20400CEF2000000680590FFF746FF38
:1019800041F2F470C2F2000001680598002302934E
:101990004FF0FF3C1A46E1FB0C0241F2E871C2F243
:1019A000000100914A6008600868496841F2DC74EF
:1019B000C2F200042268FEF777FC029B02468C46C6
:1019C000009941F62800C2F20000C0F804C002608D
:1019D000D1F800C04968D0F800E042682468AEFB46
:1019E00004E502FB0452BCEB0E0C61EB020241F673
:1019F0003001C2F200010391C1F800C04A600068E2
:101A000041F60442C2F2000204921060086849687C
:101A100041F2E072C2F2000201921268FEF744FC49
:101A2000DDF804C0029B049A014603989180016886
:101A300040689288DCF800C002FB0CF28A1A60F160
:101A4000000041F63801C2F200010A6048600868EF
:101A5000496841F2E472C2F200021268FEF724FC07
:101A60000499C88006B0B0BD7047000080B582B050
:101A700044F2B420C2F20000009044F26471C2F259
:101A8000000111F09DFF8DF80700022002F01CF804
:101A9000009812F08FF802B080BD000081B0EFF323
:101AA000108072B60090FFE7FEE7000080B58AB0B4
:101AB000A820FFF717FFFFF76FFB44F2B420C2F234
:101AC0000000FFF76FF943F28861C2F2000108706D
:101AD00044F2E430C2F2000005F046F944F29C30D2
:101AE000C2F20000082105F01FFD43F67030C2F27B
:101AF0000000019001F094FC43F6D030C2F20000E7
:101B0000029001F08DFC019801F074FE029801F042
:101B100071FE44F22C40C2F2000005F003FE43F6D1
:101B20003040C2F20000039001F07AFC039801F00B
:101B300061FE44F27040C2F20000049005F0F2FD34
:101B400004980268D16841F01001D16041F610019B
:101B5000C2F20001252206F08FFA43F69040C2F24D
:101B60000000059001F05CFC43F6F040C2F200007A
:101B7000069001F055FC059801F03CFE069801F036
:101B800039FE44F2B440C2F20000079005F0CAFDED
:101B900007980268D16841F01001D16041F2E85124
:101BA000C2F200014FF4FA72089206F065FA09F0E9
:101BB0007DFA089840F63C02C4F2000209923221F4
:101BC000116001F031FF0999002008600AB080BD62
:101BD00084B002900191ADF80220029828B9FFE785
:101BE0004FF6FF70ADF80E0021E0FFE70198411EAF
:101BF0000191B8B1FFE70298411C029100788DF87D
:101C00000100BDF802109DF801004840C2B24CF23C
:101C10009650C0F6010030F8120080EA1120ADF8AD
:101C20000200E3E7BDF80200ADF80E00FFE7BDF8E3
:101C30000E0004B07047000082B00190ADF80210B1
:101C40008DF80120FFE7BDF80200411EADF802103B
:101C500098B1FFE79DF8010001994A1C01920978AB
:101C600048408DF800009DF800104BF64400C0F687
:101C70000100405C8DF80100E5E79DF8010002B02D
:101C80007047000041F65010C2F2000090ED690A62
:101C90007047000041F65010C2F2000090ED680A53
:101CA0007047000080B584B047F61020C1F6FF7081
:101CB0000068039047F61420C1F6FF700068029098
:101CC00047F61820C1F6FF7000680190019903984B
:101CD00008440390039888B1FFE7039840F2841109
:101CE000C2F2000100910231082207F093FC009932
:101CF00002981231042207F08DFCFFE704B080BD8A
:101D000041F65010C2F2000090ED6A0A70470000E0
:101D100041F65010C2F2000090ED6B0A70470000CF
:101D200085B00390029100200190FFE7039890F89E
:101D30003C00012804D1FFE702208DF81300F7E0F2
:101D40000399012081F83C00FFE7FFE70298006853
:101D50000A281CD3FFE70298008800EB4000A0F19E
:101D60001E01072000FA01F203980168C868904339
:101D7000C86002998868098801EB41011E3900FAA0
:101D800001F203980168C8681043C86018E002981F
:101D9000008800EB4001072000FA01F20398016877
:101DA00008699043086102998868098801EB41013C
:101DB00000FA01F203980168086910430861FFE71F
:101DC0000298406806281BD8FFE70298406800EB9D
:101DD0008000411F1F2000FA01F203980168486B40
:101DE0009043486302990888496801EB81010539ED
:101DF00000FA01F203980168486B104348633DE024
:101E0000029840680C281CD8FFE70298406800EB55
:101E10008000A0F123011F2000FA01F2039801685D
:101E2000086B9043086302990888496801EB8101B7
:101E3000233900FA01F203980168086B1043086324
:101E40001BE00298406800EB8000A0F141011F20D8
:101E500000FA01F203980168C86A9043C8620299C7
:101E60000888496801EB8101413900FA01F20398C1
:101E70000168C86A1043C862FFE7FFE742F200301A
:101E8000C4F2010000900398006842F20001C4F21D
:101E9000010188420BD1FFE702980068122806D1A1
:101EA000FFE70099486840F480004860FFE7039826
:101EB000006842F20001C4F2010188422ED1FFE71E
:101EC00002980068102805D0FFE7029800681128E2
:101ED00024D1FFE70099486840F400004860029868
:101EE0000068102819D1FFE740F2C000C2F20000DC
:101EF00000684DF68361C4F21B31A0FB0110800C19
:101F000000EB800040000190FFE7019820B1FFE75F
:101F1000019801380190F8E7FFE7FFE7FFE7039931
:101F2000002081F83C00FFE700208DF81300FFE758
:101F30009DF8130005B0704781B0009000980068CC
:101F4000C06C01B07047000080B584B002900020E2
:101F50008DF80700029820B9FFE701208DF80F00E7
:101F600042E00298806A0121C0F60071884201D0E7
:101F7000FFE7FFE70298006C50B9FFE7029800F016
:101F800037F8029900204864029981F83C00FFE785
:101F90000298006CC006002817D4FFE70298006C76
:101FA00040F0020020F48850029908640298FEF77D
:101FB00085FB0299002048640298006C40F0010003
:101FC00020F002000299086403E001208DF8070068
:101FD000FFE7FFE70299002081F83C00FFE79DF84A
:101FE00007008DF80F00FFE79DF80F0004B080BDDB
:101FF00080B58AB00990002008900790069005905F
:1020000004900998006842F20001C4F2010188427C
:1020100012D1FFE7FFE70020039043F64400C4F22B
:102020000200016841F480710160006800F4807072
:1020300003900398FFE73AE00998006842F2002114
:10204000C4F20101884231D1FFE7FFE7002002908E
:1020500043F64400C4F20200016841F4806101606B
:10206000006800F4806002900298FFE7FFE700201C
:10207000019043F63000C4F20200016841F02001F3
:102080000160006800F0200001900198FFE74FF424
:1020900080600490032005900020069041F20040EB
:1020A000C4F2020004A901F02BFDFFE7FFE70AB02C
:1020B00080BD000080B584B00290019100200090A6
:1020C0000298006880684005002816D5FFE702984E
:1020D00000688068C00500280FD5FFE70299086CEA
:1020E00040F020000864FFE70299002081F83C00DE
:1020F000FFE701208DF80F006DE001F0F5FE009084
:10210000FFE702980068006800F00200022829D06A
:10211000FFE70198013020B3FFE7019840B1FFE7E6
:1021200001F0E2FE0099401A0199884218D9FFE7B0
:1021300002980068006800F0020002280FD0FFE754
:102140000299086C40F004000864FFE7029900203F
:1021500081F83C00FFE703208DF80F003BE0FFE72C
:10216000FFE7CEE7029801686FF01200086002995D
:10217000086C40F40070086402980068806810F0F1
:10218000405F24D1FFE70298007E00BBFFE7029882
:102190000068C06A10F4700F07D0FFE7029800686B
:1021A00080684005002812D4FFE70299086C20F4EB
:1021B000807008640298006CC004002806D4FFE711
:1021C0000299086C40F001000864FFE7FFE7002077
:1021D0008DF80F00FFE79DF80F0004B080BD0000F0
:1021E00084B0029000200190FFE7029890F83C0034
:1021F000012804D1FFE702208DF80F00D4E00299F6
:10220000012081F83C00FFE7FFE702980068806842
:10221000C007F0B9FFE702980168886840F0010044
:10222000886040F2C000C2F2000000684DF6836191
:10223000C4F21B31A0FB0110800C00EB40000190A8
:10224000FFE7019820B1FFE7019801380190F8E716
:10225000FFE7029800688068C007002800F09580BA
:10226000FFE70298006C40F4807040F201618843FF
:10227000029908640298006840684005002809D562
:10228000FFE70298006C40F4805020F4005002995F
:102290000864FFE70298006CC004002806D5FFE739
:1022A0000299486C20F00600486403E0029900207F
:1022B0004864FFE7FFE70299002081F83C00FFE750
:1022C00042F20030C4F201000090029801686FF001
:1022D0002200086000984068C006E8BBFFE702984B
:1022E000006842F20001C4F20101884224D0FFE7F5
:1022F0000298006842F20011C4F20101884208D13C
:10230000FFE742F20430C4F201000068C00698B151
:10231000FFE70298006842F20021C4F201018842FE
:1023200019D1FFE742F20430C4F20100006800F066
:102330001F000F280FD8FFE702980068806810F090
:10234000405F07D1FFE702980168886840F080404D
:102350008860FFE7FFE717E00298006842F200019B
:10236000C4F2010188420ED1FFE70298006880683C
:1023700010F0405F07D1FFE702980168886840F0DD
:1023800080408860FFE7FFE70AE00299086C40F0B0
:10239000100008640299486C40F001004864FFE7AF
:1023A00000208DF80F00FFE79DF80F0004B0704784
:1023B00084B002900191029890F820008DF80300FB
:1023C0009DF80300012805D0FFE79DF803000228CF
:1023D0000AD1FFE7019A02980168486910434861F1
:1023E00000208DF80F0008E00299486A40F4802030
:1023F000486201208DF80F00FFE79DF80F0004B040
:102400007047000088B006900591049203930698E7
:1024100090F820008DF8070006980068806800900A
:102420000598806808B9FFE700E0FFE79DF807001E
:10243000012806D0FFE79DF80700022840F08D80B4
:10244000FFE79DF80300400700280CD4FFE79DF844
:1024500003000007002806D4FFE79DF80300C0062C
:10246000002871D5FFE70098C0F301600290029840
:10247000032809D3FFE70699486A40F40000486240
:1024800001208DF81F0071E0029901208840039916
:1024900008600598806868B9FFE705980168C0681A
:1024A00040EA415006990968029A01EB0211C1F80D
:1024B00080010EE005994A688868C96840EAC20050
:1024C000084306990968029A01EB0211C1F88001DC
:1024D000FFE70598006906990968029A01EB021165
:1024E000C1F884010598007D01280CD1FFE706980A
:1024F0000068029900EB0111D1F8840140F480706A
:10250000C1F88401FFE70498406806990968029AB7
:1025100001EB0211C1F88C01049800680699096862
:10252000029A01EB0211C1F888010698006802992D
:1025300000EB0111D1F8800140F00100C1F88001E9
:1025400000208DF81F0011E00699486A40F4001041
:10255000486201208DF81F0008E00699486A40F49F
:102560008020486201208DF81F00FFE79DF81F00C2
:1025700008B0704786B004900391049800680190F9
:10258000049890F820008DF803009DF803000128BE
:1025900006D0FFE79DF80300022840F0B080FFE777
:1025A00046F20040C4F2000001900199D1F8000207
:1025B00040F00100C1F800020199D1F8000220F4B6
:1025C0007C50C1F800020398426A0199D1F80002D8
:1025D00040EA0220C1F800020398406900F01F01A0
:1025E000012088400290029A0199D1F81C02904380
:1025F000C1F81C020398C069F0B9FFE7029A01997B
:10260000D1F80C029043C1F80C02039A9088D1686B
:10261000526940EA0140019901EBC201C1F8400250
:10262000039A10889168526940EA0140019901EBD0
:10263000C201C1F84402FFE70398C06901281ED116
:10264000FFE7029A0199D1F80C021043C1F80C027D
:10265000039A90881168526940EA0140019901EBA0
:10266000C201C1F84002039A90899168526940EA18
:102670000140019901EBC201C1F84402FFE7039850
:10268000806940B9FFE7029A0199D1F804029043AA
:10269000C1F8040207E0029A0199D1F8040210433C
:1026A000C1F80402FFE70398006940B9FFE7029A06
:1026B0000199D1F814029043C1F8140207E0029A7C
:1026C0000199D1F814021043C1F81402FFE70398EE
:1026D000006A012808D1FFE7029A0199D1F81C028B
:1026E0001043C1F81C02FFE70199D1F8000220F065
:1026F0000100C1F8000200208DF8170008E00499DD
:10270000486A40F48020486201208DF81700FFE7F6
:102710009DF8170006B0704781B0009001B0704777
:1027200086B00490039102920193049890F82000DF
:102730008DF803009DF80300012806D0FFE79DF8FF
:102740000300022840F0D780FFE7039880B9FFE735
:1027500004980068C068800748B9FFE70499486A90
:1027600040F40010486201208DF81700CCE00FE023
:10277000049800680069800748B9FFE70499486A2F
:1027800040F40010486201208DF81700BCE0FFE71C
:1027900004980068039900EB0110D0F8B00100F034
:1027A0000400029988600298806858B9FFE704988D
:1027B0000068039900EB0110D0F8B001400D0299B8
:1027C00008600AE004980068039900EB0110D0F853
:1027D000B001C00802994860FFE7049800680399B7
:1027E00000EB0110D0F8B00100F002000299C860BF
:1027F00004980068039900EB0110D0F8B40100F0D0
:102800000F000299086104980068039900EB011019
:10281000D0F8B40180B2000A029988610498006877
:10282000039900EB0110D0F8B401000C0299486143
:1028300004980068039900EB0110D0F8B8010199E1
:10284000087004980068039900EB0110D0F8B801F3
:10285000000A0199487004980068039900EB011080
:10286000D0F8B801000C01998870049800680399A9
:1028700000EB0110D0F8B801000E0199C87004985F
:102880000068039900EB0110D0F8BC0101990871B0
:1028900004980068039900EB0110D0F8BC01000A0D
:1028A0000199487104980068039900EB0110D0F871
:1028B000BC01000C0199887104980068039900EB31
:1028C0000110D0F8BC01000E0199C871039838B905
:1028D000FFE704980168C86840F02000C86006E07F
:1028E00004980168086940F020000861FFE70020B3
:1028F0008DF8170008E00499486A40F48020486287
:1029000001208DF81700FFE79DF8170006B070470B
:1029100080B58AB009900020089009980068406945
:1029200007900998006840680690099800688068D8
:10293000059009980068C0680490099800680069CB
:10294000039009980068806902909DF81C00C007F8
:10295000002800F09480FFE79DF81400C00758B3EA
:10296000FFE709980168012088609DF8140080073E
:10297000002804D5FFE7099800F062FC1BE09DF8F1
:1029800014004007002805D5FFE7089840F40060D0
:1029900008900FE09DF814000007002805D5FFE718
:1029A000089840F48050089003E0099800F044FC37
:1029B000FFE7FFE7FFE7FFE79DF81500C00760B3FB
:1029C000FFE7099801684FF4807088609DF8150052
:1029D0008007002804D5FFE7099800F039FC1BE0C8
:1029E0009DF815004007002805D5FFE7089840F43A
:1029F000005008900FE09DF815000007002805D54D
:102A0000FFE7089840F48040089003E0099800F040
:102A10001BFCFFE7FFE7FFE7FFE79DF81600C00795
:102A200060B3FFE7099801684FF4803088609DF833
:102A300016008007002804D5FFE7099800F010FC75
:102A40001BE09DF816004007002805D5FFE7089811
:102A500040F4004008900FE09DF8160000070028A1
:102A600005D5FFE7089840F48030089003E0099806
:102A700000F0F2FBFFE7FFE7FFE7FFE7FFE79DF866
:102A80001C000007002810D5FFE79DF81000C006C5
:102A9000002809D5FFE7089840F4007008900998CD
:102AA00001681020C860FFE7FFE79DF81C004007A1
:102AB00000280FD5FFE79DF810000007002808D573
:102AC000FFE7099801680820C860099800F0CCFA6F
:102AD000FFE7FFE79DF81C00800700280BD5FFE704
:102AE00009980068C068800720B1FFE7099800F0E6
:102AF000BFFAFFE7FFE79DF81C004006002810D54D
:102B0000FFE79DF80C00C006002809D5FFE70898EC
:102B100040F4806008900998016810200861FFE780
:102B2000FFE79DF81C00800600280FD5FFE79DF801
:102B30000C000007002808D5FFE709980168082065
:102B40000861099800F026FBFFE7FFE79DF81C00ED
:102B5000C00600280BD5FFE70998006800698007C8
:102B600020B1FFE7099800F019FBFFE7FFE79DF8A8
:102B70001E00800700280FD5FFE79DF81800C0064B
:102B8000002808D5FFE709980168102048600998D7
:102B900000F008FBFFE7FFE79DF81E00C00778B1D3
:102BA000FFE79DF818000007002808D5FFE70998FF
:102BB000016808204860099800F056FBFFE7FFE72E
:102BC0009DF81D000006002840F18D80FFE79DF86C
:102BD00018004007002840F18180FFE79DF81D00A4
:102BE000C00750B1FFE79DF80800C00728B1FFE714
:102BF000089840F001000890FFE79DF81D0080074D
:102C000000280BD5FFE79DF808008007002805D5B0
:102C1000FFE7089840F002000890FFE79DF81D00CC
:102C2000400700280BD5FFE79DF808004007002863
:102C300005D5FFE7089840F004000890FFE79DF8ED
:102C40001D000007002848D5FFE79DF8080010F098
:102C5000700F42D0FFE7029800F07000014601912A
:102C6000102814D0FFE70198202815D0FFE701981D
:102C7000302816D0FFE70198402817D0FFE70198C9
:102C8000502818D0FFE70198602819D01DE0089857
:102C900040F00800089019E0089840F010000890F3
:102CA00014E0089840F0200008900FE0089840F0E9
:102CB000400008900AE0089840F08000089005E085
:102CC000089840F48070089000E0FFE709980168D8
:102CD000886920F070008861FFE7FFE709980168C4
:102CE00004204860FFE7089848B1FFE7089A09996F
:102CF000486A104348620998FFF70EFDFFE70AB0E3
:102D000080BD000080B584B00290029820B9FFE732
:102D100001208DF80F00E0E0029890F8200020B923
:102D2000FFE7029800F0DEF8FFE702980168086804
:102D300040F00100086001F0D7F80190FFE7029829
:102D400000684068C007A8B9FFE701F0CDF8019915
:102D5000401A0B280DD3FFE70299486A40F400306F
:102D600048620299052081F8200001208DF80F00AB
:102D7000B3E0E4E702980168086820F00200086008
:102D800001F0B2F80190FFE7029800684068800700
:102D9000002815D5FFE701F0A7F80199401A0B2884
:102DA0000DD3FFE70299486A40F400304862029967
:102DB000052081F8200001208DF80F008DE0E3E769
:102DC0000298007E012807D1FFE702980168086891
:102DD00040F08000086006E002980168086820F072
:102DE00080000860FFE70298407E012807D1FFE7D6
:102DF00002980168086840F04000086006E0029808
:102E00000168086820F040000860FFE70298807EB3
:102E1000012807D1FFE702980168086840F0200008
:102E2000086006E002980168086820F02000086049
:102E3000FFE70298C07E012807D1FFE702980168EA
:102E4000086820F01000086006E002980168086831
:102E500040F010000860FFE70298007F012807D1CA
:102E6000FFE702980168086840F00800086006E083
:102E700002980168086820F008000860FFE70298DF
:102E8000407F012807D1FFE702980168086840F0F9
:102E90000400086006E002980168086820F0040059
:102EA0000860FFE7029B19685A689868D3F80CC05D
:102EB00040EA0C00D3F810C040EA0C005B691843EC
:102EC000013A1043C861029900204862029A012128
:102ED00082F820108DF80F00FFE79DF80F0004B076
:102EE00080BD000080B590B00F9000200E900D9036
:102EF0000C900B900A900F98006846F20041C4F2C3
:102F00000001884249D1FFE741F64400C2F20000C7
:102F10000168013101600068012812D1FFE7FFE775
:102F20000020099043F64000C4F20200016841F01D
:102F300000710160006800F0007009900998FFE7D7
:102F4000FFE7FFE70020089043F63000C4F20200DC
:102F5000016841F008010160006800F00800089075
:102F60000898FFE703200A9002210B9100210391AA
:102F70000C910D9009200E9040F60040C4F2020022
:102F80000AA900F0BDFD039A14200490052101F068
:102F900087F8049801F07AF864E00F98006846F624
:102FA0000001C4F2000188425BD1FFE7FFE7002087
:102FB000079043F64000C4F20200016841F08061CE
:102FC0000160006800F0806007900798FFE741F615
:102FD0004400C2F20000016801310160006801286C
:102FE00012D1FFE7FFE70020069043F64000C4F24D
:102FF0000200016841F000710160006800F000709B
:1030000006900698FFE7FFE7FFE70020059043F6EC
:103010003000C4F20200016841F002010160006862
:1030200000F0020005900598FFE760200A9002205A
:103030000B90002001900C9003200D9009200E9021
:1030400040F20040C4F202000AA900F059FD019AC2
:1030500040200290052101F023F8029801F016F8B3
:10306000FFE7FFE710B080BD81B0009001B070476E
:1030700080B58CB00B900B98002104AA02ABFFF72F
:103080004FFB0B9843F6F811C2F20001884241D180
:10309000FFE70498019040F20521884227D0FFE71E
:1030A000019840F2312188420BD0FFE70198B0F53A
:1030B000227F26D0FFE7019840F2013188420CD0F0
:1030C00027E043F22811C2F2000141F65832C2F261
:1030D000000202A8FEF72EF91BE040F28020C2F2A7
:1030E000000000F50C7002A910F08CFC11E040F219
:1030F0008020C2F2000000F6A80002A909F04EFBF1
:1031000007E043F23860C2F2000002A908F0A2FF13
:10311000FFE7FFE70B9843F62021C2F20001884247
:1031200036D1FFE70498A0F2012001460091032860
:103130002DD80099DFE801F0020C162040F2802023
:10314000C2F2000000F52D6002A909F093FB1EE019
:1031500040F28020C2F2000000F6F84002A909F017
:1031600089FB14E040F28020C2F2000000F572609A
:1031700002A909F07FFB0AE040F28020C2F20000C1
:1031800041F24811084402A909F074FBFFE7FFE788
:103190000CB080BD81B0009001B0704781B000904C
:1031A00001B0704781B0009001B0704780B584B025
:1031B0000290029890F8200001282FD1FFE7029991
:1031C000022081F8200002980168086820F00100C0
:1031D000086000F089FE0190FFE7029800684068EF
:1031E000C007A8B1FFE700F07FFE0199401A0B2845
:1031F0000DD3FFE70299486A40F400304862029913
:10320000052081F8200001208DF80F000FE0E4E791
:103210000299002048628DF80F0008E00299486A80
:1032200040F40020486201208DF80F00FFE79DF870
:103230000F0004B080BD000081B0009001B0704765
:1032400081B0009001B0704781B0009001B070472C
:1032500081B0009001B0704781B0009001B070471C
:1032600081B0009001B0704781B0009001B070470C
:1032700080B582B00090009820B9FFE701208DF85A
:10328000070011E00098407938B9FFE70099002065
:103290000871009800F00CF8FFE7009901204871D0
:1032A00000208DF80700FFE79DF8070002B080BD01
:1032B00082B001900198006843F20001C4F202015B
:1032C000884212D1FFE7FFE70020009043F630006C
:1032D000C4F20200016841F480510160006800F40A
:1032E000805000900098FFE7FFE702B070470000B1
:1032F00080B584B002900298806D019000F0F4FDDA
:103300000090029890F8350002280DD0FFE702994E
:1033100080204865FFE70299002081F83400FFE72C
:1033200001208DF80F0055E002980168086820F030
:103330001600086002980168486920F08000486122
:103340000298006C20B9FFE70298806C38B1FFE763
:1033500002980168086820F008000860FFE70298FA
:103360000168086820F001000860FFE70298006823
:103370000068C007C8B1FFE700F0B6FD0099401A29
:10338000062811D3FFE702992020486502990320FF
:1033900081F83500FFE70299002081F83400FFE74B
:1033A00003208DF80F0015E0E0E70298C16D3F2083
:1033B0008840019988600299012081F83500FFE773
:1033C0000299002081F83400FFE7FFE700208DF824
:1033D0000F00FFE79DF80F0004B080BD82B00090A1
:1033E000009890F83500022807D0FFE70099802068
:1033F000486501208DF807000EE00099052081F84E
:10340000350000980168086820F001000860FFE7B7
:1034100000208DF80700FFE79DF8070002B0704715
:1034200080B584B00290029820B9FFE701208DF8A2
:103430000F004BE0029890F83500022804D1FFE716
:1034400002208DF80F0041E002980168086820F022
:10345000010008600298016800200090086002994D
:103460000968486002990968886002990968C8601B
:103470000299096808610298016821204861029850
:10348000FEF7F8F80146009801910299C863029985
:10349000086402994864029988640299C864029990
:1034A00008650299CA6D3F219140019A9160029985
:1034B0004865029981F83500FFE70299002081F8FC
:1034C0003400FFE700208DF80F00FFE79DF80F00A4
:1034D00004B080BD80B586B005900020039040F216
:1034E000C000C2F20000006848F2B511C1F64E31CA
:1034F000A0FB0110800A02900598806D0190019850
:103500000068049004980599C96DC8400007002818
:103510001AD5FFE70598006800684007002812D513
:10352000FFE705980168086820F004000860059826
:10353000C16D08208840019988600599486D40F068
:1035400001004865FFE7FFE704980599C96DC84089
:10355000C007A0B1FFE70598006840690006002891
:103560000CD5FFE70598C16D01208840019988605E
:103570000599486D40F002004865FFE7FFE70498B1
:103580000599C96DC8404007002814D5FFE7059884
:1035900000680068800700280CD5FFE70598C16D1A
:1035A00004208840019988600599486D40F0040026
:1035B0004865FFE7FFE704980599C96DC840C00654
:1035C000002847D5FFE70598006800680007002835
:1035D0003FD5FFE70598C16D1020884001998860AC
:1035E000059800680068400300281AD5FFE7059891
:1035F000006800680003002809D4FFE70598006C04
:1036000020B1FFE70598016C8847FFE708E00598BF
:10361000806C20B1FFE70598816C8847FFE7FFE7E2
:1036200016E0059800680068C005002807D4FFE789
:1036300005980168086820F008000860FFE7059811
:10364000006C20B1FFE70598016C8847FFE7FFE7B2
:10365000FFE7FFE704980599C96DC8408006002878
:1036600040F18D80FFE7059800680068C0060028DB
:1036700040F18480FFE70598C16D202088400199C2
:103680008860059890F83500052834D1FFE7059843
:103690000168086820F0160008600598016848690C
:1036A00020F0800048610598006C20B9FFE705987C
:1036B000806C38B1FFE705980168086820F00800C1
:1036C0000860FFE70598C16D3F2088400199886038
:1036D0000599012081F83500FFE70599002081F860
:1036E0003400FFE70598006D20B1FFE70598016DF4
:1036F0008847FFE77BE005980068006840030028E2
:103700001AD5FFE70598006800680003002809D46F
:10371000FFE70598406C20B1FFE70598416C8847AA
:10372000FFE708E00598C06B20B1FFE70598C16B83
:103730008847FFE7FFE720E0059800680068C005BC
:10374000002811D4FFE705980168086820F01000F0
:1037500008600599012081F83500FFE705990020F0
:1037600081F83400FFE7FFE70598C06B20B1FFE761
:103770000598C16B8847FFE7FFE7FFE7FFE705987C
:10378000406DA0B3FFE70598406DC00730B3FFE779
:103790000599052081F8350005980168086820F032
:1037A00001000860FFE70398013003900299884206
:1037B00001D9FFE707E0FFE7059800680068C00748
:1037C0000028F0D1FFE70599012081F83500FFE7D7
:1037D0000599002081F83400FFE7FFE70598C06CE9
:1037E00020B1FFE70598C16C8847FFE7FFE706B007
:1037F00080BD000080B586B004900020039000F0EA
:1038000073FB0290049820B9FFE701208DF81700A0
:10381000A3E00498406A08B1FFE7FFE7049902209B
:1038200081F83500FFE70499002081F83400FFE7B4
:1038300004980168086820F001000860FFE7049818
:1038400000680068C00790B1FFE700F04DFB0299E7
:10385000401A06280AD3FFE70499202048650499F6
:10386000032081F835008DF8170076E0E7E704982B
:10387000006800680390039848F23F01CFF21001FE
:1038800008400390049900914868D1F808C0CB68BB
:103890000A6940EA0C00184310434A6910438A69D8
:1038A0001043CA691043096A01430398084303900F
:1038B0000498406A042808D1FFE70499C86A096B94
:1038C0000143039808430390FFE7039804990968AC
:1038D00008600498006840690390039820F007008E
:1038E00003900498416A0398084303900498406A3F
:1038F00004281AD1FFE70498816A039808430390CB
:103900000498C06A80B1FFE70498FDF7DFFE50B16C
:10391000FFE70499402048650499012081F83500AB
:103920008DF8170019E0FFE7FFE70398049909688D
:1039300048610498FDF79EFE01900498C16D3F20F8
:10394000884001998860049900204865049A012103
:1039500082F835108DF81700FFE79DF8170006B0C4
:1039600080BD000080B588B0069005910492039355
:1039700000208DF80B000698806D0190FFE70698F7
:1039800090F83400012804D1FFE702208DF81F00D1
:1039900045E00699012081F83400FFE7FFE706982B
:1039A00090F8350001282BD1FFE70699022081F815
:1039B000350006990020486506980599049A039BEE
:1039C000FDF7FCFE0698C16D3F2088400199886094
:1039D00006980168086840F0160008600698006CB8
:1039E00038B1FFE706980168086840F008000860F1
:1039F000FFE706980168086840F00100086009E0E8
:103A0000FFE70699002081F83400FFE702208DF8D7
:103A10000B00FFE79DF80B008DF81F00FFE79DF8F6
:103A20001F0008B080BD000080B584B0039000F096
:103A30005BFA0290039801900198013048B1FFE7CA
:103A400040F2E810C2F200000178019808440190A9
:103A5000FFE7FFE700F048FA0299401A019988420F
:103A600001D2FFE7F6E704B080BD000080B582B068
:103A7000ADF80600BDF80600022822D1FFE744F2A7
:103A8000B420C2F2000044F26471C2F200010FF0EF
:103A900097FF8DF805009DF8050058B1FFE744F247
:103AA000B420C2F2000044F26471C2F2000110F0CE
:103AB00061F8FFE744F2B420C2F2000010F07AF897
:103AC000FFE702B080BD000080B582B0ADF806000F
:103AD00043F61440C4F201000068BDF80610084225
:103AE0000CD0FFE7BDF8060043F61441C4F2010113
:103AF0000860BDF80600FFF7B9FFFFE702B080BD20
:103B00008EB00D900C9100200A90099008900B90B7
:103B1000FFE70B980F2800F2CC81FFE70B990120FB
:103B200088400A900C9800680A9908400990099802
:103B30000A99884240F0B881FFE70C98406800F08D
:103B40000300012807D0FFE70C98406800F003004D
:103B500002282FD1FFE70D98806808900B9841004C
:103B6000032000FA01F10898884308900C98C06877
:103B70000B99490000FA01F1089808430890089849
:103B80000D9988600D98406808900B99012000FA03
:103B900001F10898884308900C984068C0F3001021
:103BA0000B9900FA01F108980843089008980D99BC
:103BB0004860FFE70C98406800F00300032818D025
:103BC000FFE70D98C06808900B984100032000FAA9
:103BD00001F10898884308900C9880680B99490077
:103BE00000FA01F108980843089008980D99C860F8
:103BF000FFE70C98406800F00300022826D1FFE799
:103C00000D980B996FF0030202EA51010844006A13
:103C100008900B9800F0070081000F2000FA01F1D6
:103C20000898884308900C9800690B9901F00701E7
:103C3000890000FA01F108980843089008980D9946
:103C40000B9B02EA530211440862FFE70D980068DB
:103C500008900B984100032000FA01F1089888436E
:103C600008900C98406800F003000B99490000FA96
:103C700001F108980843089008980D9908600C987D
:103C800080798007002800F00E81FFE7FFE7002021
:103C9000079043F64400C4F20200016841F48041F9
:103CA0000160006800F4804007900798FFE70B98D8
:103CB00020F0030043F60801C4F2010140580890C7
:103CC0000B9800F0030081000F2000FA01F1089822
:103CD000884308900D980021C4F20201884203D164
:103CE000FFE7002006905EE00D9840F20041C4F22C
:103CF0000201884203D1FFE70120059050E00D98B2
:103D000040F60001C4F20201884203D1FFE702201D
:103D1000049042E00D9840F60041C4F2020188424E
:103D200003D1FFE70320039034E00D9841F2000136
:103D3000C4F20201884203D1FFE70420029026E08A
:103D40000D9841F20041C4F20201884203D1FFE71D
:103D50000520019018E00D9841F60001C4F202011F
:103D6000884203D1FFE7062000900AE00D9941F652
:103D70000042C4F202020820914208BF07200090CE
:103D8000FFE700980190FFE701980290FFE7029893
:103D90000390FFE703980490FFE704980590FFE77E
:103DA00005980690FFE70698C0B20B9901F0030151
:103DB000890000FA01F108980843089008980B99C7
:103DC00021F0030143F60802C4F20102885043F6D1
:103DD0000840C4F2010000680890099908988843D7
:103DE00008900C988079C006002805D5FFE709994E
:103DF000089808430890FFE7089843F60841C4F282
:103E00000101086043F60C40C4F20100006808900C
:103E100009990898884308900C98807980060028B2
:103E200005D5FFE70999089808430890FFE7089827
:103E300043F60C41C4F20101086043F60440C4F2A9
:103E400001000068089009990898884308900C9828
:103E500080798007002805D5FFE70999089808436D
:103E60000890FFE7089843F60441C4F20101086096
:103E700043F60040C4F201000068089009990898D0
:103E8000884308900C988079C00728B1FFE709990A
:103E9000089808430890FFE7089843F60041C4F2E9
:103EA00001010860FFE7FFE7FFE70B9801300B9087
:103EB0002FE60EB07047000082B00190ADF80210FE
:103EC0008DF801209DF8010028B1FFE7BDF8020040
:103ED0000199886105E0BDF802000004019988613C
:103EE000FFE702B0704700004AF62020C2F200004F
:103EF0000068704740F2E810C2F2000002784AF60B
:103F00002021C2F2000108681044086070470000D8
:103F100080B543F60041C4F20201086840F4007025
:103F20000860086840F480600860086840F48070A9
:103F30000860032000F0CEF80F2000F005F800F034
:103F400079F8002080BD000080B58CB00B90002077
:103F500004900390FFE70020009043F64000C4F275
:103F60000200016841F001010160006800F00100F9
:103F700000900098FFE706A802A901F0ADFB0998A0
:103F80000490049820B9FFE701F0D6FB059004E007
:103F900001F0D2FB40000590FFE705984DF68361E4
:103FA000C4F21B31A0FB01014FF0FF3000EB914048
:103FB000039044F25430C2F200004FF0804101609F
:103FC00040F2E731C16003994160002101618160E5
:103FD000816102F0E3FD8DF807009DF8070028BB22
:103FE000FFE744F25430C2F2000002F0BDFE8DF84B
:103FF00007009DF80700C0B9FFE71C2000F046F855
:104000000B980F280CD8FFE70B991C20002200F01A
:1040100047F80B9840F2EC11C2F20001086003E08F
:1040200001208DF80700FFE7FFE7FFE79DF8070095
:104030000CB080BD80B582B0FFE70020019043F650
:104040004400C4F20200016841F48041016000684C
:1040500000F4804001900198FFE7FFE70020009006
:1040600043F64000C4F20200016841F08051016053
:10407000006800F0805000900098FFE76FF00100AA
:104080000F21002200F00CF802B080BD80B582B094
:104090008DF807009DF9070010F0E8F802B080BD28
:1040A00080B586B08DF8170004910392002002902D
:1040B00010F0F4F802909DF917000190029804990D
:1040C000039A07F033F80146019810F0EFF806B0B4
:1040D00080BD000080B582B00190019810F008F911
:1040E00002B080BD82B001908DF8031002B070471D
:1040F00082B00190ADF80210BDF802000199096884
:104100004862002002B0704784B003908DF80B1015
:10411000ADF8082003980068406A00909DF80B00F5
:1041200048B9FFE7BDF80810009840EA014003993C
:104130000968886233E003980068816A009800EBA0
:104140001140009000208DF80700FFE79DF8070060
:104150009DF80B100139884213D2FFE703980068DD
:104160009DF8071000EB8100D0F80411009800EBD7
:1041700011400090FFE79DF8070001308DF807001F
:10418000E4E7BDF80810009840EA01400399096887
:104190009DF80B2001EB8201C1F80001FFE7002030
:1041A00004B0704780B582B001900198D0F808053E
:1041B0000DF002F902B080BD80B582B001908DF89B
:1041C0000310019AD2F808059DF8031001EBC10312
:1041D00002EB8302D26C0CF04BFF02B080BD0000FA
:1041E00080B582B001908DF80310019AD2F80805CD
:1041F0009DF8031001EBC10302EB8302D2F88C227D
:104200000DF000F802B080BD80B582B00190019839
:10421000D0F808050DF0D6F802B080BD80B584B0A6
:1042200003908DF80B109DF80B00000600280CD5AC
:10423000FFE703989DF80B1001F00F0101EBC1019E
:1042400000EB81003C3001900CE003989DF80B10CE
:1042500001F00F0101EBC10100EB810000F51F70BF
:104260000190FFE70398006801990EF001FF8DF8B7
:104270000A009DF80A0004B080BD000080B584B03B
:1042800002908DF807109DF80700000600280FD552
:10429000FFE702989DF8071001F00F0101EBC10143
:1042A00000EB81003C3000900099012048700FE045
:1042B00002989DF8071001F00F0101EBC10100EB1E
:1042C000810000F51F700090009900204870FFE702
:1042D0009DF8070000F00F0000990870FFE70298B2
:1042E00090F8BC04012804D1FFE702208DF80F00EC
:1042F00014E00299012081F8BC04FFE7FFE702986F
:10430000006800990EF0DCF8FFE70299002081F8C0
:10431000BC04FFE700208DF80F00FFE79DF80F00B9
:1043200004B080BD80B584B002908DF807109DF870
:10433000070000F00F0002994968884204D9FFE79E
:1043400001208DF80F004DE09DF8070000060028C1
:104350000FD5FFE702989DF8071001F00F0101EB60
:10436000C10100EB81003C300090009901204870B1
:104370000FE002989DF8071001F00F0101EBC10159
:1043800000EB810000F51F7000900099002048703C
:10439000FFE70099002088709DF8070000F00F00EB
:1043A00000990870FFE7029890F8BC04012804D136
:1043B000FFE702208DF80F0014E00299012081F838
:1043C000BC04FFE7FFE70298006800990EF0F8FBD5
:1043D000FFE70299002081F8BC04FFE700208DF878
:1043E0000F00FFE79DF80F0004B080BD82B0019080
:1043F0008DF8031001989DF8031001F00F0101EBF7
:10440000C10100EB8100D0F89C0202B070470000AF
:1044100080B586B004908DF80F10ADF80C208DF8A3
:104420000B3000208DF80A009DF80F0000060028D0
:104430000FD5FFE704989DF80F1001F00F0101EB75
:10444000C10100EB81003C300190019901204870CE
:104450000FE004989DF80F1001F00F0101EBC1016E
:1044600000EB810000F51F70019001990020487059
:10447000FFE79DF80F0000F00F0001990870BDF8EC
:104480000C000199C8609DF80B0001990871019812
:10449000407820B1FFE7019908780881FFE79DF88F
:1044A0000B00022804D1FFE7019900204871FFE7C3
:1044B000FFE7049890F8BC04012804D1FFE702202C
:1044C0008DF8170015E00499012081F8BC04FFE77E
:1044D000FFE70498006801990DF0ACFEFFE704992E
:1044E000002081F8BC04FFE79DF80A008DF8170052
:1044F000FFE79DF8170006B080BD000080B586B0CC
:1045000005908DF813100392029305989DF81310EF
:1045100001F00F0101EBC10100EB810000F51F70FC
:1045200001900398019908610298019988610199A5
:1045300000200862019948709DF8130000F00F00F8
:104540000199087005980069012804D1FFE70398D4
:1045500001994861FFE79DF81300000738B9FFE7AC
:10456000059A10680199127C0EF0DEF906E0059AB2
:1045700010680199127C0EF0C7FBFFE7002006B01F
:1045800080BD000080B584B002908DF807109DF8C2
:10459000070000F00F0002994968884204D9FFE73C
:1045A00001208DF80F0058E09DF807000006002854
:1045B0000FD5FFE702989DF8071001F00F0101EBFE
:1045C000C10100EB81003C3000900099012048704F
:1045D0000DE002989DF8071001EBC10100EB81008E
:1045E00000F51F700090009900204870FFE70099C7
:1045F000012088709DF8070000F00F0000990870F6
:10460000FFE7029890F8BC04012804D1FFE70220DC
:104610008DF80F0021E00299012081F8BC04FFE72A
:10462000FFE70298006800990EF01AFB9DF807005A
:10463000000740B9FFE7029A1068117C02F2C442F9
:104640000EF06EFAFFE7FFE70299002081F8BC0444
:10465000FFE700208DF80F00FFE79DF80F0004B082
:1046600080BD000080B586B005908DF813100392D0
:10467000029305989DF8131001F00F0101EBC101A1
:1046800000EB81003C300190039801990861029889
:104690000199886101990020086201990120487000
:1046A0009DF8130000F00F0001990870059800694B
:1046B000012804D1FFE7039801994861FFE79DF8BD
:1046C0001300000738B9FFE7059A10680199127CBA
:1046D0000EF02AF906E0059A10680199127C0EF096
:1046E00013FBFFE7002006B080BD000080B58CB052
:1046F0000B900B9800680A900A9809900B98006834
:104700000EF0F8FD002840F00D84FFE70B980068DC
:104710000EF05CFE10B9FFE700F004BC0998D0F879
:104720000808C0F30D200B99C1F8FC040B98006831
:104730000EF04CFE8007002807D5FFE70B980168B4
:10474000486900F002004861FFE70B9800680EF02E
:104750003DFEC006002862D5FFE70B980168886916
:1047600020F0100088610A98006A02900B98029964
:1047700001F00F0101EBC10100EB810000F51F709A
:104780000890029800F4F0110220B0EB514F23D1B1
:10479000FFE7BDF8080047F6F07108421BD0FFE7BD
:1047A0000A9808990969029AC2F30A120EF01CFECF
:1047B000029847F6F07100EA0103089A106900EBCD
:1047C00013101061029800EA01020899086A00EBD0
:1047D00012100862FFE71BE0029800F4F0110620B7
:1047E000B0EB514F12D1FFE70A980B9901F2C44187
:1047F00008220EF0F9FD029847F6F07100EA010276
:104800000899086A00EB1210086200E0FFE7FFE772
:104810000B980168886940F010008861FFE70B98E9
:1048200000680EF0D3FD0003002840F1A680FFE7EA
:10483000002004900B9800680EF076FD0690FFE7CC
:104840000698002800F09880FFE79DF81800C00740
:10485000002800F08A80FFE70B9800689DF8101090
:104860000EF09CFD05909DF81400C00760B1FFE7B5
:104870000998049900EB41110120C1F8080B0B982D
:10488000049906F07BFEFFE79DF81400000700285E
:104890000CD5FFE70998049900EB41110820C1F8F5
:1048A000080B0B98049906F023FEFFE79DF814000F
:1048B000C006002808D5FFE70998049900EB4111CC
:1048C0001020C1F8080BFFE79DF8140080070028AE
:1048D0002DD5FFE70A9840690006002808D5FFE7B4
:1048E0000999D1F8040840F48060C1F80408FFE792
:1048F0000B98049901EBC10100EB810000F51F70DA
:1049000008900898C078012809D1FFE7089900208D
:10491000C8700B989DF8101000F014FBFFE7099881
:10492000049900EB41110220C1F8080BFFE79DF844
:1049300014008006002808D5FFE70998049900EBC9
:1049400041112020C1F8080BFFE79DF815008006F3
:10495000002809D5FFE70998049900EB41114FF4AD
:104960000050C1F8080BFFE7FFE7049801300490FE
:1049700006984008069063E7FFE70B9800680EF082
:1049800025FD4003002840F1C680FFE70B98006832
:104990000EF0B8FC069000200490FFE7069800286F
:1049A00000F0B880FFE79DF81800C007002800F06D
:1049B000AA80FFE70B9800689DF810100EF0C6FC67
:1049C00005909DF81400C00700283ED0FFE704982A
:1049D00000F00F01012000FA01F10391039B099AF5
:1049E000D2F834189943C2F834180999049A01EBA3
:1049F0004211C1F808090B98006901281FD1FFE78F
:104A00000B98049901EBC10100EB81018A6CC86C21
:104A10001044C864049888B9FFE70B98049901EB27
:104A2000C10100EB8100406D40B9FFE70B990868B8
:104A300001F2C44201210EF073F8FFE7FFE70B9883
:104A40009DF81010FFF7B8FBFFE79DF81400000772
:104A5000002808D5FFE70998049900EB41110820C8
:104A6000C1F80809FFE79DF81400C006002808D522
:104A7000FFE70998049900EB41111020C1F80809DB
:104A8000FFE79DF814004006002808D5FFE70998C5
:104A9000049900EB41114020C1F80809FFE79DF897
:104AA00014008007002822D5FFE70A9804990EF029
:104AB000B7FB0B98049901EBC10100EB81003C307E
:104AC00008900898C078012809D1FFE708990020CC
:104AD000C8700B989DF8101000F026FAFFE70998AF
:104AE000049900EB41110220C1F80809FFE79DF885
:104AF00014000006002805D5FFE70B98049906F07E
:104B000021FEFFE7FFE70498013004900698400873
:104B1000069043E7FFE70B9800680EF057FCC00FC4
:104B200000B3FFE70999D1F8040820F00100C1F8AB
:104B300004080B9890F8F404012808D1FFE70B98BB
:104B4000002180F8F4140B98FFF7CCFA03E00B98DF
:104B500000F0E2FBFFE70B980168486900F00040B5
:104B60004861FFE70B9800680EF030FC0005002854
:104B700011D5FFE70998D0F80808C00720B1FFE772
:104B80000B9800F057FCFFE70B980168486900F4A8
:104B900000604861FFE70B9800680EF017FCC00446
:104BA000002840F18680FFE70999D1F8040820F039
:104BB0000100C1F804080B98006810210EF030FBCA
:104BC00000200790FFE707980B994968884231D287
:104BD000FFE70998079900EB41114FF67F30C1F8C4
:104BE00008090999079A01EB4212D2F8001921F439
:104BF0000011C2F800190999079A01EB4211C1F896
:104C0000080B0998079900EB4111D1F8000B20F42B
:104C10000010C1F8000B0998079900EB4111D1F879
:104C2000000B40F00060C1F8000BFFE7079801306F
:104C30000790C8E70999D1F81C0840F00110C1F8A5
:104C40001C080B98006B78B1FFE70999D1F884082C
:104C500040F00B00C1F884080999D1F8440840F0ED
:104C60000B00C1F844080FE00999D1F8140842F28A
:104C70002B021043C1F814080999D1F8100840F02C
:104C80000B00C1F81008FFE70999D1F8000820F4DB
:104C9000FE60C1F800080B9A1068117C02F2C44251
:104CA0000DF03EFF0B980168486900F480504861A0
:104CB000FFE70B9800680EF089FB800400281FD5E1
:104CC000FFE70B9800680DF025FB0B9800680EF0CD
:104CD000EBFA0B99C8600B980068019000F026FD74
:104CE000014601980B9A127B0EF076FC0B9800F0AF
:104CF000E9FA0B980168486900F400504861FFE741
:104D00000B9800680EF062FB000700280AD5FFE749
:104D10000B9800F00BFB0B980168486900F0080045
:104D20004861FFE70B9800680EF050FB0006002872
:104D300025D5FFE70A99886920F080008861012065
:104D40000490FFE704980B994968884216D2FFE760
:104D50000B98049901EBC10100EB810090F87F02F0
:104D6000012806D1FFE70B989DF81010FFF756FABF
:104D7000FFE7FFE7049801300490E3E7FFE70B98B3
:104D800000680EF023FBC00200283ED5FFE701209B
:104D90000490FFE704980B99496888422ED2FFE7F8
:104DA0000998049900EB4110D0F8000902900B9883
:104DB000049901EBC10100EB810090F8400001284B
:104DC00017D1FFE79DF80B000006002811D5FFE77B
:104DD0000B98049901EBC10100EB8101012081F8DE
:104DE0003F000B989DF8101041F08001FFF716FA74
:104DF000FFE7FFE7049801300490CBE70B980168C8
:104E0000486900F480104861FFE70B9800680EF0D5
:104E1000DDFA8002002855D5FFE701200490FFE766
:104E200004980B994968884245D2FFE7099804998C
:104E300000EB4110D0F8000B02900B98049901EBA5
:104E4000C10100EB810090F8800201282ED1FFE71C
:104E50009DF80B000006002828D5FFE7029800F413
:104E600080300B99D1F8FC1401F0010188421DD16A
:104E7000FFE70B98049901EBC10100EB81010120D0
:104E800081F87F020A99886940F0800088610A9859
:104E900040690006002808D4FFE70999D1F8040802
:104EA00040F40070C1F8040805E0FFE7FFE704984C
:104EB00001300490B4E70B980168486900F40010D1
:104EC0004861FFE70B9800680EF080FA4000002868
:104ED0000AD5FFE70B98FFF765F90B980168486959
:104EE00000F080404861FFE70B9800680EF06EFA12
:104EF0004007002815D5FFE70B980068406802902E
:104F00009DF808004007002804D5FFE70B98FFF73D
:104F10007BF9FFE7029A0B980168486810434860E4
:104F2000FFE7FFE70CB080BD80B582B001908DF83F
:104F300003100198D0F808059DF803100CF0DEFA74
:104F400002B080BD80B582B001908DF80310019849
:104F5000D0F808059DF803100CF008FB02B080BDE6
:104F60002DE9F04F97B01590159820B9FFE7012073
:104F70008DF85B0049E1159800681490159890F839
:104F8000BD0440B9FFE71599002081F8BC041598CD
:104F900000F040F9FFE71599032081F8BD0414984B
:104FA000C06BC005002804D4FFE7159900200861F4
:104FB000FFE7159800680DF0ADFC1598109001689A
:104FC000119141688268C368D0F810C0446985694E
:104FD000C669076AD0F82480D0F82890D0F82CA0B1
:104FE000D0F830B0D0F834E068461290C0F824E031
:104FF0001198DDF848E0CEF820B0CEF81CA0CEF82D
:105000001890CEF81480CEF81070CEF80C60CEF860
:105010000850CEF80440CEF800C00DF091F940B130
:10502000FFE71599022081F8BD0401208DF85B008F
:10503000EBE01598006800210F910EF02FFA0F9801
:105040008DF84F00FFE79DF84F0015994968884299
:1050500045D2FFE715989DF84F1001EBC10100EB19
:105060008101012081F83D009DF84F00159900EB6A
:10507000C00201EB820181F83C009DF84F001599B8
:1050800000EBC00201EB8201A1F8440015989DF8E5
:105090004F1001EBC10100EB8101002081F84000BD
:1050A00015999DF84F2002EBC20201EB8201886442
:1050B00015999DF84F2002EBC20201EB8201C864F2
:1050C00015999DF84F2002EBC20201EB8201486561
:1050D000FFE79DF84F0001308DF84F00B3E7002047
:1050E0008DF84F00FFE79DF84F00159949688842F9
:1050F0003ED2FFE715989DF84F1001EBC10100EB80
:105100008101002081F87D029DF84F10159A01EB76
:10511000C10302EB830282F87C1215999DF84F209F
:1051200002EBC20201EB820181F8800215999DF821
:105130004F2002EBC20201EB8201C1F888021599EF
:105140009DF84F2002EBC20201EB8201C1F88C02F4
:1051500015999DF84F2002EBC20201EB8201C1F8C4
:105160009402FFE79DF84F0001308DF84F00BAE739
:1051700015980C9001680D9141688268C368D0F859
:1051800010C044698569C669076AD0F82480D0F8E0
:105190002890D0F82CA0D0F830B0D0F834E0684691
:1051A0000E90C0F824E00D98DDF838E0CEF820B07D
:1051B000CEF81CA0CEF81890CEF81480CEF810705F
:1051C000CEF80C60CEF80850CEF80440CEF800C0FF
:1051D0000DF03EFA40B1FFE71599022081F8BD04B9
:1051E00001208DF85B0010E0159900200B9081F8EC
:1051F00038001599012081F8BD04159800680DF05C
:1052000011FA0B988DF85B00FFE79DF85B0017B073
:10521000BDE8F08F80B58AB0099000200890079013
:1052200006900590049009980068B0F1A04F47D10E
:10523000FFE7FFE70020039043F63000C4F20200CE
:10524000016841F001010160006800F00100039075
:105250000398FFE74FF4C05004900220059000200F
:105260000690032007900A2008900020C4F2020054
:1052700004A9FEF745FCFFE743F63401C4F202013E
:10528000086840F080000860FFE70020029043F6C5
:105290004400C4F20200016841F4804101600068EA
:1052A00000F4804002900298FFE7FFE7432001905E
:1052B00005210022FEF7F4FE0198FEF7E7FEFFE766
:1052C0000AB080BD80B582B0019001208DF8030046
:1052D0000198C06820B9FFE700208DF803000CE0BA
:1052E0000198C068022804D1FFE701208DF803006F
:1052F00002E0FCF7D3FBFFE7FFE70198D0F80805D1
:105300009DF803100CF032FA0198D0F808050CF063
:10531000ADF902B080BD000080B582B00190019867
:10532000D0F808050CF0F0F902B080BD80B582B06D
:1053300001900198D0F808050CF0F8F902B080BD92
:1053400080B584B002908DF80710FFE7029890F8BE
:10535000BC04012804D1FFE702208DF80F001AE0F9
:105360000299012081F8BC04FFE7FFE79DF80700E0
:10537000029981F83800029800689DF807100EF035
:10538000FDF8FFE70299002081F8BC04FFE7002048
:105390008DF80F00FFE79DF80F0004B080BD0000FE
:1053A00080B582B001900199D1F8080501F2C4419D
:1053B0000CF006FA02B080BD80B584B0029002986D
:1053C00000680190FFE7029890F8BC04012804D11E
:1053D000FFE702208DF80F0027E00299012081F8F5
:1053E000BC04FFE7FFE70298806A01280BD1FFE7C2
:1053F00002988069012806D0FFE70199886B40F484
:1054000080308863FFE7029800680DF0BFFE0298C5
:1054100000680DF0F1F8FFE70299002081F8BC0464
:10542000FFE700208DF80F00FFE79DF80F0004B0A4
:1054300080BD000080B582B001900198D0F80805C9
:105440000CF040FA01980168D1F8000E40F001001C
:10545000C1F8000E0198006A48B1FFE74EF61051FE
:10546000CEF20001086840F006000860FFE702B0D5
:1054700080BD000080B584B002900191029820B9EF
:10548000FFE701208DF80F0021E1019843F600416C
:10549000C4F20201096801F00701884212D9FFE74E
:1054A000019943F60040C4F202000170006800F068
:1054B00007000199884204D0FFE701208DF80F0012
:1054C00005E1FFE702980078800700282AD5FFE76A
:1054D000029800784007002809D5FFE743F6080145
:1054E000C4F20201086840F4E0500860FFE7029847
:1054F00000780007002809D5FFE743F60801C4F249
:105500000201086840F460400860FFE743F60801C4
:10551000C4F20201086820F0F000029A9268104379
:105520000860FFE702980078C00700286ED0FFE708
:1055300002984068012811D1FFE743F60000C4F249
:105540000200006800F400310020B0EB514F04D19C
:10555000FFE701208DF80F00B9E02CE002984068C9
:10556000022805D0FFE702984068032811D1FFE721
:1055700043F60000C4F20200006800F00071002051
:10558000B0EB516F04D1FFE701208DF80F009EE0D2
:1055900010E043F60000C4F20200006800F00201CF
:1055A0000020B0EB510F04D1FFE701208DF80F0070
:1055B0008DE0FFE7FFE743F60801C4F20201086847
:1055C00020F00300029A526810430860FEF78CFC3A
:1055D0000090FFE743F60800C4F20200006800F004
:1055E0000C0002994968B0EB810F0ED0FFE7FEF77F
:1055F0007BFC0099401A41F28931884204D3FFE7CD
:1056000003208DF80F0062E0E4E7FFE7019843F61E
:105610000041C4F20201096801F00701884212D278
:10562000FFE7019943F60040C4F2020001700068F0
:1056300000F007000199884204D0FFE701208DF8AF
:105640000F0044E0FFE702980078400700280CD5DF
:10565000FFE743F60801C4F20201086820F4E050B5
:10566000029AD26810430860FFE7029800780007AA
:1056700000280DD5FFE743F60801C4F202010868CF
:1056800020F46040029A126940EAC2000860FFE715
:1056900000F076F843F60801C4F202010968C9B2C5
:1056A0000A094BF22C71C0F60101895CC84040F236
:1056B000C001C2F20001086040F2EC10C2F200002A
:1056C0000068FEF741FC00208DF80F00FFE79DF811
:1056D0000F0004B080BD000082B0019000910199DC
:1056E0000F20086043F60800C4F20200016801F0D0
:1056F0000301019A5160016801F0F001019A916083
:10570000016801F4E051019AD160006800F4604042
:10571000C0080199086143F60040C4F20200006825
:1057200000F007000099086002B0704740F2C00026
:10573000C2F200000068704780B5FFF7F7FF43F63C
:105740000801C4F202010968C1F382224BF23C71E4
:10575000C0F60101895CC84080BD000080B5FFF73C
:10576000E5FF43F60801C4F20201096889B24A0B59
:105770004BF23C71C0F60101895CC84080BD00005D
:1057800080B586B00020059004900390029043F607
:105790000800C4F20200006800F00C00014601910C
:1057A00040B1FFE7019804280AD0FFE701980828D4
:1057B0000CD04FE042F20040C0F2F40002904FE003
:1057C00041F60030C0F2B700029049E043F6040011
:1057D000C4F20200016801F03F0105910068400237
:1057E000002813D5FFE743F60400C4F20200006866
:1057F000C0F3881041F60031C0F2B701A0FB0101EF
:10580000059A0023FAF750FD049012E043F60400D5
:10581000C4F202000068C0F3881042F20041C0F2F6
:10582000F401A0FB0101059A0023FAF73DFD049065
:10583000FFE743F60400C4F20200006800F44031C0
:10584000022000EBD130039004980399B0FBF1F0F3
:10585000029005E042F20040C0F2F4000290FFE73F
:10586000029806B080BD000080B586B00490049810
:1058700020B9FFE701208DF8170050E30498007865
:10588000C007002800F0A580FFE743F60800C4F237
:105890000200006800F00C00042813D0FFE743F674
:1058A0000800C4F20200006800F00C0008281ED1B5
:1058B000FFE743F60400C4F202000068400200283B
:1058C00015D5FFE743F60000C4F20200006800F4BB
:1058D00000310020B0EB514F08D0FFE7049840683A
:1058E00020B9FFE701208DF8170018E370E0FFE70B
:1058F00004984068B0F5803F09D1FFE743F6000106
:10590000C4F20201086840F48030086020E0049886
:105910004068B0F5A02F0DD1FFE743F60001C4F2B7
:105920000201086840F480200860086840F4803074
:1059300008600CE043F60001C4F20201086820F49C
:1059400080300860086820F480200860FFE7FFE7E7
:10595000FFE704984068E8B1FFE7FEF7C5FA039057
:10596000FFE743F60000C4F20200006800F40031D3
:105970000020B0EB514F0CD1FFE7FEF7B5FA0399C9
:10598000401A652804D3FFE703208DF81700C6E20C
:10599000E7E71CE0FEF7A8FA0390FFE743F60000F4
:1059A000C4F20200006800F400310020B0EB514F57
:1059B0000CD0FFE7FEF798FA0399401A652804D344
:1059C000FFE703208DF81700A9E2E7E7FFE7FFE70D
:1059D000FFE7049800788007002840F19680FFE7F1
:1059E00043F60800C4F20200006810F00C0F13D058
:1059F000FFE743F60800C4F20200006800F00C0064
:105A000008282CD1FFE743F60400C4F20200006826
:105A10004002002823D4FFE743F60000C4F202004E
:105A2000006800F002010020B0EB510F09D0FFE741
:105A30000498C068012804D0FFE701208DF8170002
:105A40006DE243F60001C4F20201086820F0F8009C
:105A5000049A126940EAC2000860FFE754E0049823
:105A6000C06870B3FFE70021C4F24721012008603D
:105A7000FEF73AFA0390FFE743F60000C4F2020093
:105A8000006800F002010020B0EB510F0CD1FFE7DD
:105A9000FEF72AFA0399401A032804D3FFE70320EC
:105AA0008DF817003BE2E7E743F60001C4F202017C
:105AB000086820F0F800049A126940EAC200086001
:105AC00021E00021C4F2472100200860FEF70CFA13
:105AD0000390FFE743F60000C4F20200006800F004
:105AE00002010020B0EB510F0CD0FFE7FEF7FCF9EC
:105AF0000399401A032804D3FFE703208DF8170009
:105B00000DE2E7E7FFE7FFE7FFE70498007800070B
:105B100000284BD5FFE70498406918B3FFE740F62B
:105B20008061C4F2472101200860FEF7DDF903908F
:105B3000FFE743F67400C4F20200006800F00201BF
:105B40000020B0EB510F0CD1FFE7FEF7CDF9039920
:105B5000401A032804D3FFE703208DF81700DEE185
:105B6000E7E722E040F68061C4F2472100200860A8
:105B7000FEF7BAF90390FFE743F67400C4F202009F
:105B8000006800F002010020B0EB510F0CD0FFE7DD
:105B9000FEF7AAF90399401A032804D3FFE703206C
:105BA0008DF81700BBE1E7E7FFE7FFE7049800780F
:105BB0004007002840F1CE80FFE700208DF8070065
:105BC00043F64000C4F202000068C000002815D46B
:105BD000FFE7FFE70020009043F64000C4F2020018
:105BE000016841F080510160006800F08050009031
:105BF0000098FFE701208DF80700FFE747F200005B
:105C0000C4F200000068C005002822D4FFE747F274
:105C10000001C4F20001086840F480700860FEF7DB
:105C200063F90390FFE747F20000C4F20000006848
:105C3000C00500280CD4FFE7FEF756F90399401A77
:105C4000032804D3FFE703208DF8170067E1EAE794
:105C5000FFE7FFE704988068012809D1FFE743F6D2
:105C60007001C4F20201086840F0010008601FE002
:105C70000498806805280DD1FFE743F67001C4F24F
:105C80000201086840F004000860086840F0010064
:105C900008600CE043F67001C4F20201086820F0CD
:105CA00001000860086820F004000860FFE7FFE7D3
:105CB000FFE704988068F8B1FFE7FEF715F9039055
:105CC000FFE743F67000C4F20200006800F0020132
:105CD0000020B0EB510F0ED1FFE7FEF705F9039955
:105CE000401A41F28931884204D3FFE703208DF83E
:105CF000170014E1E5E71EE0FEF7F6F80390FFE772
:105D000043F67000C4F20200006800F002010020B7
:105D1000B0EB510F0ED0FFE7FEF7E6F80399401AFB
:105D200041F28931884204D3FFE703208DF8170040
:105D3000F5E0E5E7FFE79DF80700012809D1FFE757
:105D400043F64001C4F20201086820F08050086068
:105D5000FFE7FFE704988069002800F0DC80FFE798
:105D600043F60800C4F20200006800F00C000828A6
:105D700000F08580FFE70498806902285CD1FFE786
:105D80006021C4F2472100200860FEF7ADF80390BF
:105D9000FFE743F60000C4F20200006800F0007163
:105DA0000020B0EB516F0CD0FFE7FEF79DF8039990
:105DB000401A032804D3FFE703208DF81700AEE054
:105DC000E7E70499C869D1F820C04B6A8A6A40EABB
:105DD0000C0040EA8310D2034FF6FF739A43A2F5FA
:105DE00080321043C96A40EA016043F60401C4F2FC
:105DF000020108606021C4F2472101200860FEF71B
:105E000073F80390FFE743F60000C4F20200006855
:105E100000F000710020B0EB516F0CD1FFE7FEF7EE
:105E200063F80399401A032804D3FFE703208DF891
:105E3000170074E0E7E721E06021C4F24721002069
:105E40000860FEF751F80390FFE743F60000C4F244
:105E50000200006800F000710020B0EB516F0CD020
:105E6000FFE7FEF741F80399401A032804D3FFE740
:105E700003208DF8170052E0E7E7FFE74AE00498B7
:105E80008069012804D1FFE701208DF8170046E062
:105E900043F60400C4F2020000680290049880698E
:105EA000012831D0FFE7029800F480000499C96905
:105EB000884229D1FFE7029800F03F000499096A5F
:105EC000884221D1FFE7029847F6C0710840049943
:105ED000496AB0EB811F17D1FFE7029800F4403008
:105EE0000499896AC9034FF6FF729143A1F5803185
:105EF000884209D1FFE7029800F070600499C96AEE
:105F0000B0EB016F04D0FFE701208DF8170006E029
:105F1000FFE7FFE7FFE700208DF81700FFE79DF898
:105F2000170006B080BD000081B00090009890F886
:105F3000510001B07047000080B584B00290029813
:105F400020B9FFE701208DF80F0071E00298406A48
:105F500060B9FFE702984068B0F5827F01D1FFE7A2
:105F600003E002990020C861FFE705E002990020E4
:105F7000086102994861FFE702990020886202984F
:105F800090F8510040B9FFE70299002081F85000D5
:105F9000029800F051F8FFE70299022081F85100C1
:105FA00002980168086820F040000860029A019297
:105FB00011685068D2F808C0D36800F482700CF4FD
:105FC000044C604403F400631844136903F00203B3
:105FD0001844536903F001031844936903F40073F0
:105FE0001844D36903F038031844136A03F080039C
:105FF0001843926A02F4005210430860029A508BD0
:1060000000F004001168526A02F010021044486067
:1060100002980168C86920F40060C86102990020F4
:106020004865029A012182F851108DF80F00FFE7B0
:106030009DF80F0004B080BD80B592B01190002093
:1060400010900F900E900D900C901198006843F2F4
:106050000001C4F20101884240F0B680FFE7FFE78B
:1060600000200B9043F64400C4F20200016841F4A2
:1060700080510160006800F480500B900B98FFE79E
:10608000FFE700200A9043F63000C4F202000168E6
:1060900041F002010160006800F002000A900A98D5
:1060A000FFE7FFE70020099043F63000C4F202004A
:1060B000016841F001010160006800F001000990F1
:1060C0000998FFE718200C90022001900D90012004
:1060D00002900E90032003900F90052004901090E2
:1060E00040F20040C4F202000CA90591FDF708FD42
:1060F000DDF804C0029B039A049805994FF0800EC6
:10610000CDF830E0CDF834C00E930F9210900020FF
:10611000C4F20200FDF7F4FC43F65020C2F2000086
:10612000069046F24041C4F2020101604FF0C061A6
:10613000416000218160C1604FF480620261416171
:106140008161C1614FF4403202624162FDF752FB4E
:1061500018B1FFE7FBF7A2FCFFE7FFE7119843F652
:106160005021C2F20001C16411988863FFE743F631
:10617000B020C2F20000009046F25841C4F2020181
:1061800001604FF0C0614160402181600021C16029
:106190004FF48062026141618161C1614FF400325C
:1061A00002624162FDF726FB18B1FFE7FBF776FCC0
:1061B000FFE7FFE7119843F6B021C2F200018164C6
:1061C00011988863FFE73EE01198006843F60001EC
:1061D000C4F20001884235D1FFE7FFE700200890B4
:1061E00043F64000C4F20200016841F480410160BE
:1061F000006800F4804008900898FFE7FFE700205F
:10620000079043F63000C4F20200016841F0020139
:106210000160006800F0020007900798FFE74FF464
:1062200060400C9002200D9000200E9003200F90F3
:106230000520109040F20040C4F202000CA9FDF7C6
:106240005FFCFFE7FFE712B080BD000080B588B0BB
:1062500006900591ADF81220039300208DF80700F9
:1062600006984068B0F5827F16D1FFE706988068EF
:1062700090B9FFE70699042081F851000698059A25
:10628000BDF812300399EC46CCF80010114600F02E
:1062900037FA8DF81F00EDE0FFE7069890F8500000
:1062A000012804D1FFE702208DF81F00E2E00699E3
:1062B000012081F85000FFE7FFE7FDF715FE02908F
:1062C000069890F85100012804D0FFE702208DF8CD
:1062D0000700C0E0059820B1FFE7BDF8120020B923
:1062E000FFE701208DF80700B5E00699042081F84A
:1062F00051000699002048650599069A9163BDF8FA
:106300001210069A9187BDF81210069AD187069945
:106310000863069988860699C886069908640699CE
:10632000486406988068B0F5004F0DD1FFE70698E5
:106330000168086820F04000086006980168086855
:1063400020F480400860FFE706980068006800F0CD
:106350004000402807D0FFE706980168086840F031
:1063600040000860FFE70698C06880BBFFE7FFE7D2
:106370000698C08F50B3FFE7069800688068C00792
:1063800078B1FFE706980068007B0699896B087072
:106390000699886B013088630699C88F0138C887D1
:1063A00013E0FDF7A1FD0299401A0399884204D336
:1063B000FFE70398013018B9FFE7039820B9FFE71A
:1063C00003208DF8070046E0FFE7D1E72FE0FFE765
:1063D0000698C08F50B3FFE7069800688068C00732
:1063E00078B1FFE706980068C0680699896B088055
:1063F0000699886B023088630699C88F0138C88770
:1064000013E0FDF771FD0299401A0399884204D305
:10641000FFE70398013018B9FFE7039820B9FFE7B9
:1064200003208DF8070016E0FFE7D1E7FFE70698A5
:106430000399029A08F030F820B1FFE7069920206E
:106440004865FFE70698406D20B1FFE701208DF811
:106450000700FFE7FFE70699012081F85100FFE7F9
:106460000699002081F85000FFE79DF807008DF89D
:106470001F00FFE79DF81F0008B080BD80B588B001
:1064800006900591ADF81220039300208DF80700C7
:10649000FFE7069890F85000012804D1FFE702209A
:1064A0008DF81F0028E10699012081F85000FFE7D0
:1064B000FFE7FDF719FD0290BDF81200ADF80400EA
:1064C000069890F85100012804D0FFE702208DF8CB
:1064D000070002E1059820B1FFE7BDF8120020B9DE
:1064E000FFE701208DF80700F7E00699032081F807
:1064F00051000699002048650599069A1163BDF878
:106500001210069A9186BDF81210069AD186069945
:106510008863069988870699C8870699486406990A
:10652000086406988068B0F5004F0DD1FFE7069823
:106530000168086820F04000086006980168086853
:1065400040F480400860FFE706980068006800F0AB
:106550004000402807D0FFE706980168086840F02F
:1065600040000860FFE70698C068B0F5006F47D1AB
:10657000FFE70698406828B1FFE7BDF8040001284E
:106580000ED1FFE706980168006B0088C860069985
:10659000086B023008630699C88E0138C886FFE789
:1065A000FFE70698C08E50B3FFE706980068806842
:1065B000800700280ED5FFE706980168006B008869
:1065C000C8600699086B023008630699C88E0138C6
:1065D000C88613E0FDF788FC0299401A03998842A7
:1065E00004D3FFE70398013018B9FFE7039820B9F7
:1065F000FFE703208DF807006FE0FFE7D1E746E0F3
:106600000698406828B1FFE7BDF8040001280ED1C4
:10661000FFE706980168006B007808730699086B1D
:10662000013008630699C88E0138C886FFE7FFE786
:106630000698C08E50B3FFE7069800688068800710
:1066400000280ED5FFE706980168006B00780873F4
:106650000699086B013008630699C88E0138C88610
:1066600013E0FDF741FC0299401A0399884204D3D4
:10667000FFE70398013018B9FFE7039820B9FFE757
:1066800003208DF8070028E0FFE7D1E7FFE7069831
:106690000399029A07F072FF20B1FFE706992020C4
:1066A0004865FFE70698806870B9FFE7FFE70020BC
:1066B000009006980068C06800900698006880689E
:1066C00000900098FFE7FFE70698406D20B1FFE7D4
:1066D00001208DF80700FFE7FFE70699012081F808
:1066E0005100FFE70699002081F85000FFE79DF870
:1066F00007008DF81F00FFE79DF81F0008B080BD60
:1067000080B58EB0DDF840C00C900B910A92ADF8C8
:1067100026300120059000208DF81300FFE70C982B
:1067200090F85000012804D1FFE702208DF83700CF
:1067300095E10C99012081F85000FFE7FFE7FDF794
:10674000D3FB06900C9890F851008DF81F000C9820
:1067500040680890BDF82600ADF824009DF81F00A1
:10676000012812D0FFE70898B0F5827F09D1FFE732
:106770000C98806828B9FFE79DF81F00042804D012
:10678000FFE702208DF813005AE10B9838B1FFE7BC
:106790000A9820B1FFE7BDF8260020B9FFE70120E5
:1067A0008DF813004CE10C9890F85100042805D0A6
:1067B000FFE70C99052081F85100FFE70C990020B4
:1067C00048650A990C9A9163BDF826100C9AD187F6
:1067D000BDF826100C9A91870B990C9A1163BDF89D
:1067E00026100C9AD186BDF826100C9A91860C9929
:1067F00008640C9948640C980068006800F0400038
:10680000402807D0FFE70C980168086840F0400076
:106810000860FFE70C98C068B0F5006F76D1FFE71D
:106820000C98406828B1FFE7BDF8240001280ED17C
:10683000FFE70C980168006B0088C8600C99086B32
:10684000023008630C99C88E0138C886FFE7FFE75D
:106850000C98C18E0120029039B9FFE70C98C08FC7
:10686000002818BF01200290FFE70298C007002807
:106870004BD0FFE70C98006880688007002818D587
:10688000FFE70C98C08EA0B1FFE70598012810D152
:10689000FFE70C980168006B0088C8600C99086BD2
:1068A000023008630C99C88E0138C8860020059014
:1068B000FFE70C9800688068C007A8B1FFE70C9854
:1068C000C08F88B1FFE70C980068C0680C99896B8D
:1068D00008800C99886B023088630C99C88F013846
:1068E000C88701200590FFE7FDF7FEFA0699401AD8
:1068F0001099884208D3FFE71098013020B1FFE7D4
:1069000003208DF813009BE0A2E778E00C98406824
:1069100028B1FFE7BDF8240001280ED1FFE70C984D
:106920000168006B007808730C99086B01300863EC
:106930000C99C88E0138C886FFE7FFE70C98C18E16
:106940000120019039B9FFE70C98C08F002818BFCB
:1069500001200190FFE70198C00700284ED0FFE713
:106960000C98006880688007002818D5FFE70C980D
:10697000C08EA0B1FFE70598012810D1FFE70C9861
:106980000168006B007808730C99086B013008638C
:106990000C99C88E0138C88600200590FFE70C9836
:1069A00000688068C007A8B1FFE70C98C08F88B165
:1069B000FFE70C980068C0680C99896B08700C9907
:1069C000886B013088630C99C88F0138C887012013
:1069D0000590FFE7FDF788FA0699401A109988425A
:1069E00004D3FFE71098013018B9FFE7109820B9D9
:1069F000FFE703208DF8130022E09FE7FFE70C98E4
:106A00001099069A07F0BAFD38B1FFE701208DF81A
:106A100013000C992020486512E00C98806870B92A
:106A2000FFE7FFE7002003900C980068C068039020
:106A30000C980068806803900398FFE7FFE7FFE782
:106A40000C99012081F85100FFE70C99002081F892
:106A50005000FFE79DF813008DF83700FFE79DF821
:106A600037000EB080BD000081B0009001B07047CB
:106A700081B0009001B0704785B003900291FFE7AC
:106A8000039890F83C00012804D1FFE702208DF81C
:106A900013007EE00399012081F83C00FFE7FFE747
:106AA0000399022081F83D00039800684068019036
:106AB0000398006880680090019820F070000190B1
:106AC00002980168019808430190019803990968A8
:106AD0004860039800680021C4F2010188423CD05C
:106AE000FFE703980068B0F1804F36D0FFE70398C6
:106AF000006840F20041C4F2000188422DD0FFE757
:106B00000398006840F60001C4F20001884224D0D6
:106B1000FFE70398006840F60041C4F20001884294
:106B20001BD0FFE70398006840F20041C4F2010166
:106B3000884212D0FFE70398006844F20001C4F2D3
:106B40000101884209D0FFE70398006841F600017F
:106B5000C4F2000188420ED1FFE7009820F08000C7
:106B600000900298416800980843009000980399AB
:106B700009688860FFE70399012081F83D00FFE77D
:106B80000399002081F83C00FFE700208DF81300F6
:106B9000FFE79DF8130005B07047000080B582B094
:106BA0000090009820B9FFE701208DF807003FE032
:106BB000009890F83D0040B9FFE70099002081F867
:106BC0003C00009800F038F8FFE70099022081F8B7
:106BD0003D00009951F8040B08F096F90099012046
:106BE00081F84600FFE70099012081F83E000099F6
:106BF00081F83F00009981F84000009981F8410038
:106C0000FFE7FFE70099012081F84200009981F831
:106C10004300009981F84400009981F84500FFE79E
:106C20000099012081F83D0000208DF80700FFE762
:106C30009DF8070002B080BD80B588B00790079826
:106C4000006840F60001C4F2000188423FD1FFE72E
:106C5000FFE70020069043F64000C4F202000168FE
:106C600041F004010160006800F0040006900698FD
:106C7000FFE743F61030C2F20000039046F2B8017D
:106C8000C4F2020101604FF0806141600021816027
:106C9000C1604FF4806202614FF4006242614FF4C0
:106CA00000528261C16101624162FCF7A3FD18B12B
:106CB000FFE7FAF7F3FEFFE7FFE7079843F6103127
:106CC000C2F20001C16207988863FFE749E00798B4
:106CD000006841F20041C4F2000188421BD1FFE785
:106CE000FFE70020059043F64000C4F2020001686F
:106CF00041F020010160006800F020000590059837
:106D0000FFE73720029005210022FDF7C9F902981C
:106D1000FDF7BCF924E00798006844F20041C4F292
:106D2000010188421BD1FFE7FFE70020049043F6F2
:106D30004400C4F20200016841F4003101600068BF
:106D400000F4003004900498FFE719200190052119
:106D50000022FDF7A5F90198FDF798F9FFE7FFE795
:106D6000FFE708B080BD000083B00190019890F863
:106D70003D00012804D0FFE701208DF80B006AE0F8
:106D80000199022081F83D0001980168C86840F02F
:106D90000100C860019800680021C4F20101884226
:106DA0003CD0FFE701980068B0F1804F36D0FFE794
:106DB0000198006840F20041C4F2000188422DD0E1
:106DC000FFE70198006840F60001C4F20001884224
:106DD00024D0FFE70198006840F60041C4F20001AA
:106DE00088421BD0FFE70198006840F20041C4F2DE
:106DF0000101884212D0FFE70198006844F20001C7
:106E0000C4F20101884209D0FFE70198006841F609
:106E10000001C4F20001884212D1FFE70198006826
:106E2000806800F0070000900098062807D0FFE770
:106E300001980168086840F001000860FFE706E07B
:106E400001980168086840F001000860FFE7002031
:106E50008DF80B00FFE79DF80B0003B070470000B2
:106E600080B586B00490039100208DF80B00FFE7F9
:106E7000049890F83C00012804D1FFE702208DF827
:106E80001700ABE00499012081F83C00FFE7FFE721
:106E90000499022081F83D00049800688068019000
:106EA000019820F077000190019820F47F40019034
:106EB0000198049909688860039800680090002888
:106EC00072D0FFE7009810286ED0FFE700982028C6
:106ED0006AD0FFE70098302866D0FFE70098402886
:106EE00055D0FFE70098502837D0FFE7009860287A
:106EF00040D0FFE7009870280BD0FFE70098B0F56E
:106F0000805F05D0FFE70098B0F5005F16D052E033
:106F100055E004980068039B5A689968DB6808F09C
:106F2000DDF80498006880680190019840F07700CF
:106F30000190019804990968886040E0049800680D
:106F4000039B5A689968DB6808F0C8F804980168E0
:106F5000886840F48040886031E004980068039AB3
:106F60005168D26808F0A6FA04980068502108F029
:106F7000CFF824E004980068039A5168D26808F0BA
:106F8000C1FA04980068602108F0C2F817E004987C
:106F90000068039A5168D26808F08CFA0498006877
:106FA000402108F0B5F80AE00498006803990968E0
:106FB00008F0AEF803E001208DF80B00FFE704991C
:106FC000012081F83D00FFE70499002081F83C0092
:106FD000FFE79DF80B008DF81700FFE79DF81700FD
:106FE00006B080BD81B0009001B0704780B582B01E
:106FF000019001980068006900F002010020B0EBE8
:10700000510F28D0FFE701980068C06800F0020126
:107010000020B0EB510F1DD0FFE7019801686FF021
:1070200002000861019901200877019800688069D1
:10703000800720B1FFE70198FFF7D4FF06E0019831
:1070400000F076F9019800F06BFAFFE70199002053
:107050000877FFE7FFE701980068006900F0040186
:107060000020B0EB910F29D0FFE701980068C068BD
:1070700000F004010020B0EB910F1ED0FFE7019853
:1070800001686FF0040008610199022008770198F7
:107090000068806910F4407F04D0FFE70198FFF793
:1070A000A1FF06E0019800F043F9019800F038FADA
:1070B000FFE7019900200877FFE7FFE701980068E4
:1070C000006900F008010020B0EBD10F28D0FFE7E5
:1070D00001980068C06800F008010020B0EBD10FF3
:1070E0001DD0FFE7019801686FF008000861019961
:1070F0000420087701980068C069800720B1FFE785
:107100000198FFF76FFF06E0019800F011F9019870
:1071100000F006FAFFE7019900200877FFE7FFE794
:1071200001980068006900F010010020B0EB111F09
:1071300029D0FFE701980068C06800F01001002026
:10714000B0EB111F1ED0FFE7019801686FF010002F
:10715000086101990820087701980068C06910F457
:10716000407F04D0FFE70198FFF73CFF06E001985D
:1071700000F0DEF8019800F0D3F9FFE70199002054
:107180000877FFE7FFE7019800680069C00780B152
:10719000FFE701980068C068C00748B1FFE70198A1
:1071A00001686FF001000861019800F0A3FAFFE7A1
:1071B000FFE7019800680069C1B20020B0EBD11F61
:1071C00013D0FFE701980068C068C1B20020B0EB9F
:1071D000D11F09D0FFE7019801686FF080000861B6
:1071E0000198FFF741FCFFE7FFE70198006800699D
:1071F00000F040010020B0EB911F14D0FFE7019890
:107200000068C06800F040010020B0EB911F09D079
:10721000FFE7019801686FF040000861019800F0F5
:1072200077FAFFE7FFE701980068006900F02001A6
:107230000020B0EB511F14D0FFE701980068C06830
:1072400000F020010020B0EB511F09D0FFE70198AA
:1072500001686FF0200008610198FFF709FCFFE763
:10726000FFE702B080BD000080B588B00790002025
:10727000069005900490039002900798006840F6ED
:107280000001C4F20001884223D1FFE7FFE700209C
:10729000019043F63000C4F20200016841F0080199
:1072A0000160006800F0080001900198FFE74FF4CA
:1072B0008040029002200390012104910321059156
:1072C000069040F60040C4F2020002A9FCF718FC48
:1072D0002BE00798006844F20041C4F201018842A3
:1072E00022D1FFE7FFE70020009043F63000C4F210
:1072F0000200016841F020010160006800F02000F8
:1073000000900098FFE740200290022003900121A6
:10731000049105900320069041F20040C4F202005F
:1073200002A9FCF7EDFBFFE7FFE708B080BD000016
:1073300081B0009001B0704780B586B00490039191
:10734000029200208DF80700FFE7049890F83C00B7
:10735000012804D1FFE702208DF8170089E0049985
:10736000012081F83C00FFE7FFE7029800900C281D
:1073700000F270800099DFE801F0076D6D6D206DFF
:107380006D6D3A6D6D6D530004980068039907F0B8
:10739000D5FE04980168886940F008008861049867
:1073A0000168886920F004008861039802690498E4
:1073B000016888691043886150E004980068039967
:1073C00007F032FF04980168886940F40060886122
:1073D00004980168886920F48060886103980269D4
:1073E00004980168886940EA0220886136E00498C0
:1073F0000068039907F092FF04980168C86940F09B
:107400000800C86104980168C86920F00400C861D8
:107410000398026904980168C8691043C8611DE0B7
:1074200004980068039907F0F3FF04980168C8699D
:1074300040F40060C86104980168C86920F4806065
:10744000C8610398026904980168C86940EA02208B
:10745000C86103E001208DF80700FFE7FFE704990A
:10746000002081F83C00FFE79DF807008DF8170029
:10747000FFE79DF8170006B080BD000080B582B020
:107480000090009820B9FFE701208DF807003FE049
:10749000009890F83D0040B9FFE70099002081F87E
:1074A0003C00009800F038F8FFE70099022081F8CE
:1074B0003D00009951F8040B07F026FD00990120CA
:1074C00081F84600FFE70099012081F83E0000990D
:1074D00081F83F00009981F84000009981F841004F
:1074E000FFE7FFE70099012081F84200009981F849
:1074F0004300009981F84400009981F84500FFE7B6
:107500000099012081F83D0000208DF80700FFE779
:107510009DF8070002B080BD81B0009001B07047B7
:1075200081B0009001B0704780B58CB00A9009918D
:10753000099828B9FFE70A9890F83E0007901CE0E8
:107540000998042805D1FFE70A9890F83F000690B3
:1075500010E00998082805D1FFE70A9890F8400044
:10756000059004E00A9890F841000590FFE705981F
:107570000690FFE706980790FFE70798012804D0D8
:10758000FFE701208DF82F00AFE0099828B9FFE749
:107590000A99022081F83E001EE00998042806D1CD
:1075A000FFE70A99022081F83F00049012E0099851
:1075B000082806D1FFE70A99022081F840000390CD
:1075C00005E00A99022081F841000390FFE7039843
:1075D0000490FFE70498FFE70A98006809990122E0
:1075E000019207F05FFD01980A9909680022C4F230
:1075F0000102914202900CD0FFE70A9800684FF612
:107600000041CBF6FE710844B0FA80F040090290C8
:10761000FFE70298C00738B1FFE70A980168486C95
:1076200040F400404864FFE70A9800680021C4F273
:10763000010188423CD0FFE70A980068B0F1804F12
:1076400036D0FFE70A98006840F20041C4F200011A
:1076500088422DD0FFE70A98006840F60001C4F286
:107660000001884224D0FFE70A98006840F60041F4
:10767000C4F2000188421BD0FFE70A98006840F27C
:107680000041C4F20101884212D0FFE70A98006865
:1076900044F20001C4F20101884209D0FFE70A98D0
:1076A000006841F60001C4F20001884212D1FFE7F0
:1076B0000A980068806800F007000890089806287B
:1076C00007D0FFE70A980168086840F001000860E9
:1076D000FFE706E00A980168086840F001000860CA
:1076E000FFE700208DF82F00FFE79DF82F000CB07A
:1076F00080BD000080B582B0019001980068B0F1B3
:10770000804F03D1FFE7FCF7F5FBFFE702B080BD38
:1077100081B0009001B0704782B00190ADF80210C6
:1077200002B0704780B584B00390002002900398A7
:1077300000684069C0B2C0090290039890F83D000B
:10774000212823D1FFE7029800B3FFE7FFE7FFE717
:107750000398006850E8050F20F080000190FFE7D3
:1077600001990398026842E805100028F0D1FFE76C
:10777000FFE70398406B28B1FFE70398406BFBF7E6
:10778000B7FDFFE7039808F06DF8FFE7039800687E
:107790004069C0F380100290039890F83E002228C0
:1077A00023D1FFE7029800B3FFE7FFE7FFE7039865
:1077B000006850E8050F20F040000090FFE70099B6
:1077C0000398026842E805100028F0D1FFE7FFE7C0
:1077D0000398806B28B1FFE70398806BFBF788FD67
:1077E000FFE7039807F0E0FFFFE7002004B080BD4B
:1077F00081B0009001B0704780B592B0119011989F
:1078000000680068109011980068C0680F90119887
:10781000006840690E9000200D900C90109800F0C8
:107820000F000D900D9888B9FFE79DF84000800685
:1078300000280AD5FFE79DF83C008006002804D503
:10784000FFE7119808F02AF8E3E1FFE70D98002818
:1078500000F0C280FFE79DF83800C00738B9FFE7A5
:10786000BDF83C0010F4907F00F0B680FFE79DF873
:107870004000C00758B1FFE79DF83D00C00730B198
:10788000FFE71199086C40F001000864FFE79DF8DC
:107890004000400700280BD5FFE79DF83800C007DF
:1078A00030B1FFE71199086C40F002000864FFE76F
:1078B0009DF84000800700280BD5FFE79DF83800B1
:1078C000C00730B1FFE71199086C40F0040008646C
:1078D000FFE79DF840000007002811D5FFE79DF85D
:1078E0003C008006002805D4FFE79DF83800C0075B
:1078F00030B1FFE71199086C40F008000864FFE719
:107900001198006C002866D0FFE79DF840008006C3
:1079100000280AD5FFE79DF83C008006002804D522
:10792000FFE7119807F0BAFFFFE711980068406978
:10793000C0F380100C901198006C0007002804D44C
:10794000FFE70C9800283ED0FFE7119807F02CFFC6
:10795000119800684069400600282FD5FFE7FFE72F
:10796000FFE71198006850E8050F20F040000B90E9
:10797000FFE70B991198026842E805100028F0D142
:10798000FFE7FFE71198806B98B1FFE71198816BD3
:107990004FF25950C0F6000008651198806BFBF754
:1079A0001DFD28B1FFE71198806B016D8847FFE747
:1079B00003E01198FFF71CFFFFE703E01198FFF7C2
:1079C00017FFFFE706E01198FFF712FF119900205B
:1079D0000864FFE7FFE71CE11198006B012840F005
:1079E000F880FFE79DF84000C006002840F1F180D4
:1079F000FFE79DF83C00C006002840F1EA80FFE761
:107A0000FFE700200A901198006800680A9011981A
:107A1000006840680A900A98FFE71198006840697A
:107A2000400600287ED5FFE71198806B006840680B
:107A3000ADF82600BDF82600002872D0FFE7BDF89B
:107A400026001199898D88426BDAFFE7BDF8260080
:107A50001199C8851198806BC069B0F5807F58D0A6
:107A6000FFE7FFE7FFE71198006850E8030F20F4F5
:107A700080700890FFE708991198026842E80310A7
:107A80000028F0D1FFE7FFE7FFE7FFE71198006864
:107A900050E8050F20F001000790FFE707991198C3
:107AA000026842E805100028F0D1FFE7FFE7FFE792
:107AB000FFE71198006850E8050F20F0400006909D
:107AC000FFE706991198026842E805100028F0D1F6
:107AD000FFE7FFE71199202081F83E00119900206F
:107AE0000863FFE7FFE71198006850E8030F20F0F4
:107AF00010000590FFE705991198026842E803100D
:107B00000028F0D1FFE7FFE71198806BFBF7F0FB4F
:107B1000FFE71198818DC28D891A89B2FFF7FCFDAC
:107B2000FFE776E01199888DC98D401AADF81200F3
:107B30001198C08D00284BD0FFE7BDF81200002837
:107B400046D0FFE7FFE7FFE71198006850E8030F12
:107B500020F490700390FFE703991198026842E8BF
:107B600003100028F0D1FFE7FFE7FFE7FFE71198D8
:107B7000006850E8050F20F001000290FFE702992D
:107B80001198026842E805100028F0D1FFE7FFE7EE
:107B90001199202081F83E00119900200863FFE729
:107BA000FFE71198006850E8030F20F010000190E3
:107BB000FFE701991198026842E803100028F0D10C
:107BC000FFE7FFE71198BDF81210FFF7A5FDFFE7EB
:107BD0001FE09DF84000000600280AD5FFE79DF849
:107BE0003C000006002804D5FFE7119808F032F8A1
:107BF0000FE09DF84000400600280AD5FFE79DF8F9
:107C00003C004006002804D5FFE7119807F016FE57
:107C1000FFE712B080BD000080B582B000900098F0
:107C200020B9FFE701208DF807003EE00098806949
:107C300008B1FFE700E0FFE7009890F83D0040B989
:107C4000FFE70099002081F83C00009800F032F82E
:107C5000FFE70099242081F83D0000980168C8687A
:107C600020F40050C860009807F0CAFE0098016830
:107C7000086920F49040086100980168486920F084
:107C80002A00486100980168C86840F40050C86044
:107C9000009900200864009A202182F83D10009A83
:107CA00082F83E108DF80700FFE79DF8070002B04C
:107CB00080BD000080B59CB01B9000201A901990E8
:107CC0001890179016901B98006841F20001C4F2BA
:107CD0000101884240F0BB80FFE7FFE700201590DC
:107CE00043F64400C4F20200016841F01001016053
:107CF000006800F0100015901598FFE7FFE70020DE
:107D0000149043F63000C4F20200016841F0020111
:107D10000160006800F0020014901498FFE7FFE78C
:107D20000020139043F63000C4F20200016841F0D5
:107D300001010160006800F0010013901398FFE753
:107D40008020169002200990179000200D90189026
:107D500003200A90199007200B901A9040F20040DF
:107D6000C4F2020016A90C91FBF7CAFEDDF824C08C
:107D70000A9A0B980C990D9B4FF4007ECDF858E0B1
:107D8000CDF85CC0189319921A900020C4F202003A
:107D9000FBF7B6FE0D9943F67030C2F200000E906C
:107DA00046F28842C4F2020202604FF00062426072
:107DB0008160C1604FF48062026141618161C16193
:107DC00001624162FBF716FD18B1FFE7F9F766FEA5
:107DD000FFE7FFE71B9843F67031C2F200018163B1
:107DE0001B988863FFE743F6D030C2F2000008908A
:107DF00046F2B841C4F2020101604FF000614160F7
:107E0000402181600021C1604FF4806202614161C4
:107E10008161C16101624162FBF7ECFC18B1FFE7CF
:107E2000F9F73CFEFFE7FFE71B9843F6D031C2F2BB
:107E3000000141631B988863FFE725200790052117
:107E40000022FCF72DF90798FCF720F912E11B98A6
:107E5000006844F60001C4F20001884268D1FFE7DF
:107E6000FFE70020129043F64000C4F202000168D0
:107E700041F480210160006800F480201290129883
:107E8000FFE7FFE70020119043F63000C4F2020044
:107E9000016841F004010160006800F004001190E5
:107EA0001198FFE74FF440601690022017900020D1
:107EB000059018900320199007201A9040F60000B2
:107EC000C4F2020016A9FBF71BFE059943F63040E9
:107ED000C2F20000069046F22802C4F202020260DA
:107EE0004FF0006242608160C1604FF480620261C5
:107EF00041618161C16101624162FBF77BFC18B1A4
:107F0000FFE7F9F7CBFDFFE7FFE71B9843F63041AA
:107F1000C2F2000181631B988863FFE72720049069
:107F200005210022FCF7BCF80498FCF7AFF8A0E0AC
:107F30001B98006841F20041C4F20101884240F000
:107F40009780FFE7FFE70020109043F64400C4F25B
:107F50000200016841F020010160006800F020008B
:107F600010901098FFE7FFE700200F9043F63000D5
:107F7000C4F20200016841F040010160006800F0B5
:107F800040000F900F98FFE74FF4844016900220B6
:107F900017900020029018900320199008201A9042
:107FA00041F60000C4F2020016A9FBF7A9FD0299F0
:107FB00043F69040C2F20000039046F22842C4F219
:107FC000020202604FF0206242608160C1604FF4A3
:107FD00080620261416181614FF48072C26101621D
:107FE0004162FBF707FC18B1FFE7F9F757FDFFE720
:107FF000FFE71B9843F69041C2F2000181631B9892
:108000008863FFE743F6F040C2F20000019046F2B9
:10801000A041C4F2020101604FF0206141604021A3
:1080200081600021C1604FF4806202614161816121
:108030004FF48072C26101624162FBF7DBFB18B151
:10804000FFE7F9F72BFDFFE7FFE71B9843F6F04149
:10805000C2F2000141631B988863FFE7472000904C
:1080600005210022FCF71CF80098FCF70FF8FFE749
:10807000FFE7FFE71CB080BD80B584B0029001919E
:10808000ADF80220029890F83E00202828D1FFE7A2
:10809000019820B1FFE7BDF8020020B9FFE70120F9
:1080A0008DF80F0020E0FFE7029890F83C000128CF
:1080B00004D1FFE702208DF80F0015E0029901209E
:1080C00081F83C00FFE7FFE702990020086302986F
:1080D0000199BDF8022007F031FD8DF80F0003E093
:1080E00002208DF80F00FFE79DF80F0004B080BD5F
:1080F00081B0009001B0704781B0009001B070472E
:1081000080B586B004900391ADF80A20049890F8E9
:108110003D00202874D1FFE7039820B1FFE7BDF8A8
:108120000A0020B9FFE701208DF817006CE0FFE797
:10813000049890F83C00012804D1FFE702208DF854
:10814000170061E00499012081F83C00FFE7FFE798
:10815000039804990862BDF80A0004998884BDF860
:108160000A000499C884049900200864049A212113
:1081700082F83D1004994A6B4FF21571C0F6000168
:10818000D16304994A6B4FF29171C0F600011164FA
:1081900004994A6B4FF27951C0F60001D1640499F9
:1081A000496B086503A8019004980268406B019927
:1081B00009680432BDF80A30FBF7D4FB0498016863
:1081C0006FF040000860FFE70499002081F83C0050
:1081D000FFE7FFE7FFE70498006850E8050F40F06D
:1081E00080000090FFE700990498026842E80510BB
:1081F0000028F0D1FFE7FFE700208DF8170003E02B
:1082000002208DF81700FFE79DF8170006B080BD2B
:1082100081B0009001B0704781B0009001B070470C
:1082200080B584B003900399002001900874039BEB
:10823000D3F8F400596844F28A72C2F20002009244
:1082400012889B7B5A43F8F769F90099039A5068A2
:108250000988927B5143F8F7BDF90099039AD2F847
:1082600018010988927B51435143F8F7B3F90099FB
:10827000039AD2F80C010988137B927B594351432E
:10828000F8F7A8F901988DF80B00FFE79DF80B00AF
:108290000399897B884243DAFFE70398D0F8F4001A
:1082A0009DF80B1000EB810090ED000AB5EE400A3E
:1082B000F1EE10FA2DD0FFE7039AD2F8F4109DF8F2
:1082C0000B0051F82000127C41F822009DF80B00B1
:1082D000039A516A127C8854DDF80CC0DCF818004F
:1082E0009DF80BE050F82E00DCF80C119CF80C20E7
:1082F0009CF81030DCF814C01CF80EC012FB03C24E
:1083000001EB820141F8040C0399087C01300874E8
:10831000FFE7FFE79DF80B0001308DF80B00B5E794
:1083200000208DF80A00FFE79DF80A000399097CF8
:10833000884216DAFFE7039BD869596A9DF80A203C
:10834000895C50F82100D3F818111B7C12FB032222
:1083500041F82200FFE79DF80A0001308DF80A007D
:10836000E2E70399087CA1F878000399087BA1F85B
:108370007A000399087BA1F880000399087CA1F892
:1083800082000399087CA1F890000399087CA1F869
:1083900092000399087BA1F898000399087CA1F842
:1083A0009A000399087CA1F8480004B080BD000041
:1083B000FFE7FEE780B58AB004A902910146029862
:1083C00009910999D1F8EC10096808910999D1F837
:1083D000EC10496807910999D1F8EC108968069169
:1083E0000999D1F8EC10C968059190ED040A90ED57
:1083F000042A90ED031A90ED033A21EE031A20EEC1
:10840000020A30EE011A90ED020A90ED022A20EEE7
:10841000020A30EE011A90ED010A90ED012A20EED9
:10842000020A30EE010A0FF013FD029880ED000AF7
:1084300000208DF80F00FFE79DF80F00032817DCE0
:10844000FFE7029890ED001A0998D0F8EC009DF82B
:108450000F1000EB810090ED000A20EE010A80ED84
:10846000000AFFE79DF80F0001308DF80F00E3E7E9
:10847000029991ED030A41F65010C2F200000090FB
:1084800090ED6F1A20EE010AB0EE001A8DED011A80
:1084900080EE010A099AD2F8002182ED040A91EDDA
:1084A000020A90ED6F2A20EE020A80EE010A099A74
:1084B000D2F8002182ED050A91ED040A90ED6F2AB1
:1084C00020EE420A80EE010A099AD2F8002182EDDC
:1084D0000A0A91ED010A90ED6F2A20EE020A80EE61
:1084E000010A099AD2F8002182ED0B0A91ED010AE6
:1084F00090ED6F2A20EE420A80EE010A099AD2F826
:10850000002182ED100A91ED040A90ED6F2A20EE11
:10851000420A80EE010A099AD2F8002182ED110A7E
:1085200091ED020A90ED6F2A20EE020A80EE010A18
:10853000099AD2F8002182ED160A91ED030A90ED16
:108540006F2A20EE420A80EE010A0999D1F8001143
:1085500081ED170A90ED741A0999D1F8F81091ED90
:108560001C0A80EE010A81ED1C0A90ED741A09982C
:10857000D0F8F80090ED230A80EE010A80ED230A7E
:108580000998D0F8F80090ED1C0A9FED151AB4EE8A
:10859000410AF1EE10FA09DDFFE70998D0F8F8106A
:1085A00044F20000C4F21C600867FFE70998D0F8A5
:1085B000F80090ED230A9FED0A1AB4EE410AF1EE9D
:1085C00010FA0ADDFFE70998D0F8F81044F200002D
:1085D000C4F21C60C1F88C00FFE70AB080BD00BF88
:1085E00000401C4680B58CB08DED0B0ACDED0A0A1B
:1085F0008DED091ACDED081A8DED072ACDED062A6D
:1086000041F65011C2F200010591012008700B984B
:10861000C1F8B0010A98C1F8B4010998C1F8B801CD
:108620004CF67740C3F22B20C1F8CC01002081F832
:108630003801C1F84401C1F84001C1F84C01C1F84A
:1086400048010798C1F8BC019DED080AB7EE001A71
:10865000B4EE410AF1EE10FA04DDFFE74FF07E5070
:108660000890FFE7089941F65010C2F2000003900D
:10867000C0F8D0110430062100220192032301F03A
:1086800007F8039901F5E07001F5E4730122029205
:1086900011460DF09DFD019A02990398D0F8ECC0A7
:1086A0004FF07E53CCF80030D0F8EC305A60D0F860
:1086B000EC309A60D0F8EC30DA6048F22172C0F603
:1086C0000002C0F8D02048F2B532C0F60002C0F86F
:1086D000D42048F26972C0F60002C0F8D82048F6EB
:1086E000E552C0F60002C0F8DC2080F82E1080F8B9
:1086F0002F10D0F804014BF64C11C0F60101902266
:108700000492F7F70BFF0398049AD0F8FC0040F2AC
:108710002C01C2F20001F7F701FF0CB080BD000090
:1087200080B582B001900198D0F8F81040F22C008A
:10873000C2F200009022F7F7F1FE0198D0F81C1168
:1087400041F6E400C2F2000048220092F7F7E6FE8C
:10875000009A0198D0F80C1141F69C00C2F200007A
:10876000F7F7DCFE02B080BD80B586B005900598B5
:10877000D0F8EC0090ED000A30EE000A8DED040A0E
:108780000598D0F8EC0090ED010A30EE000A8DED6E
:10879000030A0598D0F8EC0090ED020A30EE000ACA
:1087A0008DED020A0598D0F8EC0090ED030A30EE4A
:1087B000000A8DED010A059BD3F80C0144F28A7181
:1087C000C2F2000109881A7B9B7B59435143F7F79A
:1087D00001FF9DED020AB1EE400A0598D0F80C01A8
:1087E00080ED000A01980599D1F80C1148609DEDC3
:1087F000040AB1EE400A0598D0F80C0180ED020A97
:1088000003980599D1F80C11C86003980599D1F81F
:108810000C11886104980599D1F80C11C861019870
:108820000599D1F80C11086202980599D1F80C113C
:10883000486204980599D1F80C1108639DED030A6C
:10884000B1EE400A0598D0F80C0180ED0D0A9DEDBF
:10885000020AB1EE400A0598D0F80C0180ED0E0A2C
:1088600001980599D1F80C11C86306B080BD0000CD
:1088700080B590B08DED0F0ACDED0E0A8DED0D1A7D
:10888000CDED0C1A8DED0B2ACDED0A2A9DED0F0AC8
:1088900041F65010C2F20000059090ED581A30EEEB
:1088A000410A80ED5B0A9DED0E0A90ED591A30EEFB
:1088B000410A80ED5C0A9DED0D0A90ED5A1A30EEEA
:1088C000410A80ED5D0A90ED5B0A90ED6F1AB6EEFD
:1088D000002A20EE020A20EE010A8DED090A90ED31
:1088E0005C0A90ED6F1A20EE020A20EE010A8DED6F
:1088F000080A90ED5D0A90ED6F1A20EE020A20EE54
:10890000010A8DED070AD0F804014BF64C11C0F6B0
:1089100001019022F7F702FE05999DED090AB1EEDB
:10892000400AD1F8040180ED010A9DED080AB1EE7C
:10893000400AD1F8040180ED020A9DED070AB1EE6C
:10894000400AD1F8040180ED030A0998D1F8042106
:1089500090610798D1F8042110629DED080AB1EEEC
:10896000400AD1F8040180ED090A0898D1F80421E1
:1089700010639DED070AB1EE400AD1F8040180EDC5
:108980000D0A0998D1F80421D0630798D1F8042181
:1089900090640898D1F80421D0649DED090AB1EEE5
:1089A000400AD1F8040180ED140AD1F84801D1F849
:1089B0004C110843C8B9FFE70C9841F65011C2F2B8
:1089C0000001C1F878010B98C1F87C010A98C1F840
:1089D0008001D1F84821D1F84C01013240F100006A
:1089E000C1F84821C1F84C01FFE741F65010C2F22E
:1089F0000000049090ED5E0A90ED641A90ED6F3ADD
:108A000020EE010A33EE012A80EE020A9DED0C1AD7
:108A100021EE031A81EE021A30EE010A80ED5E0AA1
:108A200090ED5F0A90ED641A90ED6F3A20EE010A26
:108A300033EE012A80EE020A9DED0B1A21EE031A95
:108A400081EE021A30EE010A80ED5F0A90ED600AB5
:108A500090ED641A90ED6F3A20EE010A33EE012A90
:108A600080EE020A9DED0A1A21EE031A81EE021A27
:108A700030EE010A80ED600A90ED5E1A90ED5F2AFB
:108A800090ED600A22EE022A21EE011A31EE021A5E
:108A900020EE000A30EE010A05F048FF049880ED50
:108AA000660A90ED661AB7EE000A80EE010A8DEDB7
:108AB000060A90ED5E0A9DED061A20EE010A816815
:108AC00081ED000A90ED5F0A9DED061A20EE010A85
:108AD000816881ED010A90ED600A9DED061A20EE95
:108AE000010A816881ED020A90ED5B1A90ED5C2A23
:108AF00090ED5D0A22EE022A21EE011A31EE021AF1
:108B000020EE000A30EE010A05F010FF049880ED17
:108B1000650A90ED650A9FEDAC1AB4EE410AF1EEDC
:108B200010FA24DAFFE741F65010C2F2000090ED8F
:108B3000660A9FEDA61AB4EE410AF1EE10FA16DDB0
:108B4000FFE741F65010C2F2000090ED660A9FED7B
:108B5000A01AB4EE410AF1EE10FA08DAFFE741F686
:108B60005011C2F20001012081F8390107E041F6FD
:108B70005011C2F20001002081F83901FFE741F6EF
:108B80005011C2F20001039191ED6C0A91ED6F1A40
:108B900020EE010A081DD1F8182182ED000A91ED9E
:108BA0006C0A91ED6F1A20EE010AD1F8182182EDBE
:108BB000070A91ED6C0A91ED6F1A20EE010AD1F8C7
:108BC000182182ED0E0A91ED6C0A91ED6F1A20EEDC
:108BD000010AD1F8182182ED150A91ED6D0A91ED87
:108BE0006F1A20EE010AD1F8182182ED1C0A91EDCE
:108BF0006D0A91ED6F1A20EE010AD1F8182182ED6D
:108C0000230AD1F81C31D1F8B8211A60D1F81C31EF
:108C1000D1F8B8211A61D1F81C21D1F8B81111622C
:108C200001F08CF9039841680968C0F85011416857
:108C30004968C0F8541141688968C0F85811416802
:108C4000C968C0F85C1190ED540A90ED551A90ED8A
:108C5000562A90ED573A22EE033A20EE010A30EE02
:108C6000030A21EE013AB6EE001A8DED011A31EE3B
:108C7000431A22EE022A71EE420A00F5D0700CF07F
:108C800055FF039890ED680A9FED521A8DED021A78
:108C900020EE010A80ED680A90ED540A90ED551A15
:108CA00090ED563A90ED572A20EE030A21EE021A73
:108CB00030EE410A30EE000A12F036F89DED011A4E
:108CC0009DED022A039820EE020A80ED690A90EDDC
:108CD000544A90ED550A90ED563A90ED572A24EEFD
:108CE000024A20EE030A30EE040A23EE033A31EE84
:108CF000431A22EE022A71EE420A00F5D4700CF0FB
:108D000015FF9DED021A039890ED6A0A20EE010A04
:108D100080ED6A0A41680969C0F8601141684969D3
:108D2000C0F864110021C0F8681190ED6A0A90ED56
:108D3000761A30EE410A9FED281AB4EE410AF1EEA0
:108D400010FA0ADDFFE741F65011C2F20001B1F856
:108D5000D4010138A1F8D4011CE041F65010C2F250
:108D6000000090ED6A0A90ED761A30EE410A9FED10
:108D70001B1AB4EE410AF1EE10FA0ADAFFE741F6E7
:108D80005011C2F20001B1F8D4010130A1F8D401B0
:108D9000FFE7FFE741F65011C2F20001B1F9D4013B
:108DA00000EE100AB8EEC00A91ED6A1A9FED0C2A87
:108DB00020EE020A30EE010A81ED6B0AD1F8A8011B
:108DC000C1F8D80110B080BD9A99993ECDCC14411C
:108DD000CDCC2441E12E654200003443000034C371
:108DE0000000B44380B58CB007A904910B900B9997
:108DF00001F1780080310DF0F3FD0B9981F8C80086
:108E00000B99B1F87800A1F8A8000B99B1F85A00B5
:108E1000A1F8AA000B9A02F1780002F15801A832D9
:108E20000DF0E6FC0B9981F8C8000B99B1F8A80089
:108E3000A1F8B0000B99B1F88200A1F8B2000B9A2A
:108E400002F1A80002F18001B0320DF0D1FC0B99C3
:108E500081F8C8000B99B1F89000A1F8A0000B9917
:108E6000B1F89200A1F8A2000B9A02F1B00002F151
:108E70009001A0320DF056F90B9981F8C8000B99BA
:108E800001F1A000B0310DF0B7F9014604980B9A3A
:108E900082F8C8100B99D1F8EC1009680A910B9967
:108EA000D1F8EC10496809910B99D1F8EC10896858
:108EB00008910B99D1F8EC10C96807910B9AB2F898
:108EC0007810A2F8B8100B9A0121A2F8BA1090ED10
:108ED000020A90ED002A90ED031A90ED013A21EE7E
:108EE000031A20EE020A30EE410A30EE000A0B9916
:108EF000D1F82C1181ED000A90ED030A90ED022AC1
:108F000090ED011A90ED003A21EE031A20EE020ACC
:108F100030EE010A30EE000A0B99D1F82C1181EDE8
:108F2000010A90ED030A90ED032A90ED021A90EDEC
:108F3000023A21EE031A20EE020A30EE410A90EDC9
:108F4000011A90ED012A21EE021A30EE411A90ED3D
:108F5000000A90ED002A20EE020A30EE010A0B987A
:108F6000D0F82C0180ED020A00208DF81B00FFE7ED
:108F70009DF81B0002281EDCFFE70B98D0F82C019F
:108F80009DF81B1000EB810090ED000AB0EEC00AC6
:108F90000DF044F89DF81B1041F65010C2F200008D
:108FA00000EB810080ED610AFFE79DF81B000130B6
:108FB0008DF81B00DCE70B99B1F84800A1F8C00060
:108FC0000B9901200290A1F8C2000B9A02F148000F
:108FD00002F1B801C0320DF0ADFC014602980B9AC7
:108FE00082F8C8100B9AB2F8C010A2F8A8100B991A
:108FF000A1F8AA000B9A02F1B00002F1C001A83258
:109000000DF0F6FB014602980B9A82F8C8100B99F6
:10901000A1F8B8000B99B1F8C000A1F8BA000B99FB
:1090200001F1C000B8310DF0DBFC0B9981F8C800EC
:109030000B9901F1B800A83141F65012C2F20002BA
:10904000039202F5E0720DF0D3FB014603980B9AF0
:1090500082F8C81090ED720A90ED731AB6EE002AED
:1090600021EE021AB4EE410AF1EE10FA08DAFFE737
:1090700041F65011C2F20001012081F83801FFE7EA
:1090800041F65010C2F2000090ED720A90ED731A92
:10909000B4EE410AF1EE10FA64DDFFE741F650103C
:1090A000C2F2000090F8380100285BD0FFE741F6DB
:1090B0005010C2F2000090F8390180B1FFE741F68C
:1090C0005011C2F20001D1F84021D1F8440101321F
:1090D00040F10000C1F84021C1F8440109E041F627
:1090E0005011C2F200010020C1F84401C1F8400152
:1090F000FFE741F65010C2F20000D0F84011D0F85E
:109100004401333970F100000BD3FFE741F65011F1
:10911000C2F20001002081F838010B9981F82C007F
:109120001FE00B9BD3F8E800D3F8EC1044F28A72EE
:10913000C2F20002019212881B7B5A43F7F7EEF944
:10914000019A0B9BD3F8F800D3F8FC1012881B7B14
:109150005A435A43F7F7E2F90B99012081F82C00A2
:1091600063E142E041F65010C2F2000090ED720A55
:1091700090ED731A9FEDAE2A21EE021AB4EE410A69
:10918000F1EE10FA1BDDFFE741F65010C2F20000CD
:1091900090F8380198B1FFE741F65010C2F2000094
:1091A00090ED720A90ED731A31EE400A9FEDA12AFC
:1091B00021EE021A80EE010A80ED670A08E041F60E
:1091C0005011C2F200014FF07E50C1F89C01FFE740
:1091D00041F65011C2F200010020C1F84401C1F86B
:1091E00040010B9981F82C00FFE70B99B1F858006A
:1091F000A1F8A8000B99B1F88200A1F8AA000B9A77
:1092000002F1580002F18001A8320DF0F1FA0B9939
:1092100081F8C8000B9A02F1A80002F1B00198325F
:109220000DF0E6FA0B9981F8C80000208DF81A00BD
:10923000FFE79DF81A000B9AB2F89810B2F89A203E
:10924000514388421ADAFFE741F65010C2F200009B
:1092500090ED671A0B98D0F81C019DF81A1000EBDE
:10926000810090ED000A20EE010A80ED000AFFE780
:109270009DF81A0001308DF81A00DAE704208DF805
:109280001900FFE79DF81900052835DCFFE70020ED
:109290008DF81800FFE79DF81800022825DCFFE78D
:1092A0009DF8191041F65010C2F2000000EB810049
:1092B00090ED5D0A9FED621A80EE011A0B98D0F8CE
:1092C0001C0101EB41019DF81820114400EB8100C5
:1092D00090ED000A20EE010A80ED000AFFE79DF8FC
:1092E000180001308DF81800D5E7FFE79DF8190048
:1092F00001308DF81900C5E70B99B1F89800A1F875
:10930000B8000B990120A1F8BA000B9A02F198005D
:1093100002F1C001B8320DF06BFA0B9981F8C80068
:1093200041F65010C2F2000090F8380100286BD0CE
:10933000FFE704208DF81700FFE79DF817000528C8
:1093400061DCFFE70B98D0F8BC009DF8171000EB2C
:10935000810090ED000A41F65010C2F2000090ED3D
:109360006F1A9FED352A21EE021AB4EE410AF1EE92
:1093700010FA14DDFFE741F65010C2F2000090ED44
:109380006F0A9FED2D1A20EE010A0B98D0F8BC0051
:109390009DF8171000EB810080ED000AFFE70B98A5
:1093A000D0F8BC009DF8171000EB810090ED000A8A
:1093B00041F65010C2F2000090ED6F1A9FED1F2A87
:1093C00021EE021AB4EE410AF1EE10FA14DAFFE7C8
:1093D00041F65010C2F2000090ED6F0A9FED171A8F
:1093E00020EE010A0B98D0F8BC009DF8171000EB96
:1093F000810080ED000AFFE7FFE79DF817000130CC
:109400008DF8170099E7FFE70B98D0F8BC10002003
:10941000C8600B9A02F1380002F1B80130320CF04A
:1094200081FE0B9981F8C800FFE70CB080BD00BF3A
:10943000CDCCCC3D6666663F0AD7233C0AD723BC19
:10944000DA0FC93F80B584B0039002910298039966
:1094500091ED090ADFED0F0A02F060FC029890ED31
:10946000080AB5EE400AF1EE10FA04DAFFE70299B5
:1094700000200862FFE7029890ED080ABDEEC00ADE
:1094800010EE100AADF80600BDF8060004F0F8FF73
:1094900004B080BD0000204280B582B001900091F0
:1094A000002000287ED1FFE7019A02F10C0002F1B2
:1094B00018012432F7F76EFA019890F84800022854
:1094C00051D1FFE7019890ED001A90ED030A30EEBC
:1094D000410A80ED030A019890ED011A90ED040A0B
:1094E00030EE410A80ED040A019890ED021A90EDE9
:1094F000050A30EE410A80ED050A019890ED030A55
:10950000D0ED040A90ED051AD0ED061A90ED072A69
:10951000D0ED082AFFF7ACF9F8F7B4FB019880ED1D
:109520000E0AF8F7B7FB019880ED0F0AF8F7E8FB91
:10953000019880ED100AF8F7EBFB019880ED110A15
:10954000019941F6501CC2F2000CDCF85001DCF825
:109550005421DCF85831DCF85CC1C1F834C00B632D
:10956000CA6288621DE0019890F84800012817D16E
:10957000FFE7019942F68140C3F68E3008600199F9
:1095800048F28D60C3F6B6304860019943F69B10EF
:10959000CBF6ED2088600199022081F84800FFE7B2
:1095A000FFE7FFE741F62C10C2F2000000684CF61E
:1095B000CD41CCF6CC4148434FEA700049F69911B1
:1095C000C1F6991188421CD8FFE701980099FFF76E
:1095D00039FF019890F8480090B9FFE741F6301044
:1095E000C2F200000168013101600068B0F5967FA9
:1095F00005D9FFE70199012081F84800FFE7FFE75F
:10960000FFE741F62C11C2F2000108680130086042
:1096100002B080BD83B0029001918DF8032000203C
:109620008DF802008DF80200FFE79DF802009DF81A
:109630000310884229DAFFE70298000F092809D8A9
:10964000FFE70298000F303001999DF8022001F8E1
:10965000120009E00299372000EB117001999DF882
:10966000022001F81200FFE7029800010290019821
:109670009DF8021000EB410100204870FFE79DF8C3
:10968000020001308DF80200CFE703B07047000000
:1096900080B58AB009908DF823108DF822208DF8BE
:1096A000213044F28A71C2F2000106910420088040
:1096B00044F28871C2F20001082008809DF823005E
:1096C000099908739DF82200099948739DF82100B3
:1096D000099988730999002008749DF821000FF0FA
:1096E000FDFD09994861099840699DF82110F6F738
:1096F0004FFF069800889DF8211048430FF0EEFDBB
:109700000699099A90610998806909889DF8212035
:109710005143F6F75FFF069800889DF821104843F3
:109720000FF0DCFD0699099AD0610998C069098893
:109730009DF821205143F6F74DFF069800889DF8CB
:10974000231048430FF0CAFD0699099A1062099840
:10975000006A09889DF823205143F6F73BFF9DF8E6
:1097600021000FF0BBFD099948620998406A9DF8F5
:109770002110F6F70DFF069800889DF82310484346
:109780000FF0ACFD0699099A1060099800680988E5
:109790009DF823205143F6F71DFF069800889DF899
:1097A000211048430FF09AFD0699099A50600998D4
:1097B000406809889DF821205143F6F70BFF069871
:1097C00000889DF8221048430FF088FD0699099AF9
:1097D00090600998806809889DF822205143F6F727
:1097E000F9FE069800889DF8231048430FF076FD97
:1097F0000699099AC2F8E8000998D0F8E8000988A3
:109800009DF823205143F6F7E5FE099A02F1300056
:10981000117BD2F8E830012207920CF0D9FC0698AF
:1098200000889DF8231048430FF058FD0699099AC7
:10983000C2F8EC000998D0F8EC0009889DF82320C4
:109840005143F6F7C7FE079A099B03F13800197BCD
:10985000D3F8EC300CF0BCFC9DF8220010B3FFE70D
:1098600044F28A70C2F20000059000889DF8221030
:1098700048430FF033FD0599099AC2F8F0000998A2
:10988000D0F8F00009889DF822205143F6F7A2FE97
:10989000099A02F14000517BD2F8F03001220CF01D
:1098A00097FCFFE744F28A70C2F20000049000883F
:1098B0009DF8211048430FF011FD0499099AC2F850
:1098C000F4000998D0F8F40009889DF8212051434C
:1098D000F6F780FE099A02F14800917BD2F8F43045
:1098E00001220CF075FC049800889DF82310484371
:1098F00048430FF0F3FC0499099AC2F8F80009985C
:10990000D0F8F80009889DF8232051435143F6F719
:1099100061FE099901F150000A7BD1F8F830114637
:109920000CF056FC049800889DF8231048434843E7
:109930000FF0D4FC0499099AC2F8FC000998D0F8F9
:10994000FC0009889DF8232051435143F6F742FE5D
:10995000099901F158000A7BD1F8FC3011460CF04E
:1099600037FC049800889DF82310484348430FF0C3
:10997000B5FC01460498099AC2F8001100889DF8C8
:109980002310484348430FF0A9FC0499099AC2F8F0
:1099900004010998D0F8000109889DF8232051435B
:1099A0005143F6F717FE04990998D0F80401098885
:1099B0009DF8232051435143F6F70CFE099901F11C
:1099C00060000A7BD1F8003111460CF001FC0999C6
:1099D00001F168000A7BD1F8043111460CF0F8FB64
:1099E0009DF8220040B3FFE744F28A70C2F2000003
:1099F000039000889DF8231048439DF822104843A7
:109A00000FF06CFC0399099AC2F808010998D0F884
:109A1000080109889DF8232051439DF822205143D5
:109A2000F6F7D8FD099B03F17000197B5A7BD3F838
:109A300008310CF0CDFBFFE744F28A70C2F200005F
:109A4000019000889DF8211048439DF82310484359
:109A50000FF044FC01460198099AC2F80C110088E5
:109A60009DF8231048439DF8211048430FF036FC21
:109A70000199099AC2F810010998D0F80C010988D7
:109A80009DF8212051439DF823205143F6F7A2FD74
:109A900001990998D0F8100109889DF823205143B5
:109AA0009DF821205143F6F795FD099B03F17800BD
:109AB0001A7B997BD3F80C310CF08AFB099B03F1DC
:109AC0008000197B9A7BD3F810310CF081FB019850
:109AD00000889DF82310484348430FF0FFFB01998D
:109AE000099AC2F814010998D0F8140109889DF860
:109AF000232051435143F6F76DFD099901F1880088
:109B00000A7BD1F8143111460CF062FB01980088F1
:109B10009DF82110484348430FF0E0FB0199099A52
:109B2000C2F818010998D0F8180109889DF8212079
:109B300051435143F6F74EFD099901F190008A7B9C
:109B4000D1F8183111460CF043FB019800889DF8BC
:109B5000231048439DF8211048430FF0BFFB0199A3
:109B6000099AC2F81C010998D0F81C0109889DF8CF
:109B7000232051439DF821205143F6F72BFD099BEB
:109B800003F19800197B9A7BD3F81C310CF020FB71
:109B9000019800880999097B484348430FF09EFBD0
:109BA0000199099AC2F82001099AD2F8200109887E
:109BB000127B51435143F6F70DFD01980088099936
:109BC000097B484348430FF089FB0199099AC2F881
:109BD0002401099AD2F824010988127B5143514388
:109BE000F6F7F8FC019800880999097B4843484337
:109BF0000FF074FB0199099AC2F82801099AD2F86A
:109C000028010988127B51435143F6F7E3FC019880
:109C100000880999097B48430FF060FB0199099A74
:109C2000C2F82C01099AD2F82C010988127B514301
:109C3000F6F7D0FC019800880999097B48430FF09A
:109C40004DFB0199099AC2F83001099AD2F82C010A
:109C50000988127B5143F6F7BDFC099901F1A00078
:109C60000A7BD1F8203111460CF0B2FA099901F1C2
:109C7000A8000A7BD1F8243111460CF0A9FA099901
:109C800001F1B0000A7BD1F8283111460CF0A0FA9E
:109C9000099A02F1B800117BD2F82C31012202920C
:109CA0000CF096FA029A099B03F1C000197BD3F8D5
:109CB00030310CF08DFA0999002081F828000999BB
:109CC00081F82900099981F82A00099981F82B0067
:109CD000099981F82C000AB080BD000080B582B0DF
:109CE00001900198C07B20B1FFE70198FEF798FA38
:109CF00016E0019BD3F8F400596844F28A72C2F26C
:109D00000002009212889B7B5A43F6F707FC0099E9
:109D1000019A50680988927B5143F6F75BFCFFE794
:109D2000019BD3F8F000996844F28A72C2F20002F3
:109D300012885B7B5A43F6F7F1FB02B080BD00004E
:109D400080B582B00190019890F82C00B0BBFFE77D
:109D50000199B1F89800A1F8A8000199B1F87A002A
:109D6000A1F8AA000199B1F8A800A1F8B0000199E2
:109D7000B1F85A00A1F8B200019A02F1980002F17C
:109D80007801A8320CF034FD019981F8C800019ADD
:109D900002F1A80002F15801B0320CF029FD01993E
:109DA00081F8C800019A02F1580002F1B001503266
:109DB0000CF0C0FD019981F8C800FFE702B080BD3A
:109DC00080B582B00190019890F82900A8BBFFE708
:109DD000019901F1600068310CF002FE019981F8EF
:109DE000C800019A02F1600002F1500158320CF0F3
:109DF000FFFC019981F8C8000199B1F85800A1F859
:109E0000A8000199B1F86A00A1F8AA00019A02F12C
:109E1000580002F16801A8320CF0EAFC019981F8BF
:109E2000C800019A02F1A80002F1880158320CF032
:109E300079F9019981F8C800FFE702B080BD000000
:109E400080B582B00190019890F82A00002872D164
:109E5000FFE7019901F1780080310CF0C1FD019913
:109E600081F8C8000199B1F87800A1F8A80001991B
:109E7000B1F85A00A1F8AA00019A02F1780002F1A3
:109E80005801A8320CF0B4FC019981F8C80001997E
:109E9000B1F8A800A1F8B0000199B1F88200A1F8CA
:109EA000B200019A02F1A80002F18001B0320CF078
:109EB0009FFC019981F8C8000199B1F89000A1F8C0
:109EC000A0000199B1F89200A1F8A200019A02F154
:109ED000B00002F19001A0320CF024F9019981F850
:109EE000C800019901F1A000B0310CF085F9019989
:109EF00081F8C8000199B1F85800A1F8A8000199AB
:109F0000B1F88200A1F8AA00019A02F1580002F10A
:109F10008001A8320CF06CFC019981F8C800019A0C
:109F200002F1A80002F1B00198320CF061FC019935
:109F300081F8C800FFE702B080BD000080B584B0A2
:109F400003900398FFF7CAFE0398D0F8CC0028B11D
:109F5000FFE70398D0F8CC108847FFE7039800F09C
:109F6000B5F80398D0F8D00028B1FFE70398D0F8EF
:109F7000D0108847FFE70398FFF722FF0398D0F837
:109F8000D40028B1FFE70398D0F8D4108847FFE742
:109F90000398007C20B9FFE70398C07BF0B9FFE786
:109FA0000398FFF74DFF0398D0F8D80028B1FFE7DA
:109FB0000398D0F8D8108847FFE7039800F0D8F846
:109FC0000398D0F8DC0028B1FFE70398D0F8DC1044
:109FD0008847FFE70398FFF7B3FE1BE0039BD3F826
:109FE000E800D3F8EC1044F28A72C2F20002019247
:109FF00012881B7B5A43F6F791FA019A039BD3F818
:10A00000F800D3F8FC1012881B7B5A435A43F6F72A
:10A0100085FAFFE70398D0F8E00028B1FFE703983E
:10A02000D0F8E0108847FFE700208DF80B00FFE72D
:10A030009DF80B000399097B88422CDAFFE703980F
:10A04000D0F8F8209DF80B10037B11FB031302EBF3
:10A05000830292ED000A006A00EB810090ED001A85
:10A06000B4EE410AF1EE10FA0EDAFFE7039B186A2C
:10A070009DF80B2050F82200D3F8F8101B7B12FB40
:10A08000032241F82200FFE7FFE79DF80B000130B3
:10A090008DF80B00CCE7039B1868D3F8E81044F266
:10A0A0008A72C2F2000212881B7B5A43F6F736FA14
:10A0B0000398D0F8E40028B1FFE70398D0F8E41043
:10A0C0008847FFE70398006804B080BD80B582B080
:10A0D0000190019890F82800002846D1FFE70198E8
:10A0E000407B012834DBFFE70199087BA1F8B80029
:10A0F000019901200090A1F8BA00019A02F16000D4
:10A1000002F13001B8320CF073FB01460098019A5D
:10A1100082F8C810019A117BA2F8C0100199A1F829
:10A12000C200019A02F1700002F14001C0320CF04D
:10A130005FFB019981F8C800019A02F1B80002F1B1
:10A14000C00138320BF0EEFF019981F8C8000BE036
:10A15000019A02F1600002F1300138320CF048FB44
:10A16000019981F8C800FFE7FFE702B080BD000059
:10A1700080B582B00190019890F82B0000284BD157
:10A18000FFE70199B1F87800A1F8B8000199012022
:10A190000090A1F8BA00019A02F1780002F13801AA
:10A1A000B8320CF025FB01460098019A82F8C810DD
:10A1B000019AB2F84810A2F8C0100199A1F8C200A3
:10A1C000019A02F1480002F1B801C0320CF0B2FB72
:10A1D00001460098019A82F8C810019AB2F89810C6
:10A1E000A2F8B8100199A1F8BA00019A02F19800FA
:10A1F00002F1C001B8320CF0FBFA019981F8C800F5
:10A20000019A02F1380002F1B80130320BF08AFFF6
:10A21000019981F8C800FFE702B080BD80B582B027
:10A220000190019809F08EFC0198B02104F016FA13
:10A23000019804F0F5F98DF80300019809F06AFC23
:10A240009DF8030002B080BD80B584B002900298F2
:10A2500009F060FC0A208DF80700FFE70298FBF781
:10A2600063FE012804D1FFE701208DF80F000EE006
:10A270009DF8070001388DF80700FFE79DF80700FB
:10A280000028EBDCFFE700208DF80F00FFE79DF8CA
:10A290000F0004B080BD000080B584B0DDF818C0A8
:10A2A00003908DF80B1001928DF80330039809F09C
:10A2B00049FC03989DF80B1004F0D0F9039801991C
:10A2C000042204F0D9F903989DF8031004F0C6F9AC
:10A2D000039806999DF8032004F0CEF9039809F03D
:10A2E00019FC04B080BD000080B582B001908DF8EB
:10A2F0000310019809F026FC0198032104F0AEF93F
:10A3000001989DF8031004F0A9F9019804F088F968
:10A310008DF80200019809F0FDFB9DF8020002B0E3
:10A3200080BD000080B584B003908DF80B100192C1
:10A330008DF80330039809F005FC03989DF80B1085
:10A3400004F08CF9039801999DF8032004F076F944
:10A35000039809F0DFFB04B080BD000080B582B037
:10A360000190019809F0EEFB0198A02104F076F924
:10A37000019804F055F98DF80300019809F0CAFB23
:10A380009DF8030002B080BD80B582B001908DF8C9
:10A390000310019809F0D6FB01989DF8031004F012
:10A3A0005DF9019809F0B6FB02B080BD80B584B0BC
:10A3B000029002980F21802200F050F80A208DF8B8
:10A3C0000700FFE702980E21FFF78EFF00F0E00084
:10A3D000802804D1FFE701208DF80F000EE09DF8E2
:10A3E000070001388DF80700FFE79DF807000028F7
:10A3F000E8DCFFE700208DF80F00FFE79DF80F0075
:10A4000004B080BD80B584B0029002980F21002274
:10A4100000F024F80A208DF80700FFE702980E21CB
:10A42000FFF762FF10F0E00F04D1FFE701208DF885
:10A430000F000EE09DF8070001388DF80700FFE7D8
:10A440009DF807000028E9DCFFE700208DF80F00E9
:10A45000FFE79DF80F0004B080BD000080B582B01A
:10A4600001908DF803108DF80220019809F06AFB25
:10A470000198022104F0F2F801989DF8031004F00D
:10A48000EDF801989DF8021004F0E8F8019809F041
:10A4900041FB02B080BD000080B584B003908DF810
:10A4A0000B108DF80A200193039809F04BFB0398D9
:10A4B000022104F0D3F803989DF80B1004F0CEF8B5
:10A4C000039801999DF80A209DF80B30D21A0132A9
:10A4D000D2B204F0D1F8039809F01CFB04B080BD9F
:10A4E00080B59EB01D90002203921C921B921A927E
:10A4F0004BF21863C0F60103186859689B681993FA
:10A50000189117901692159214924BF22463C0F68C
:10A510000103186859689B68139312911190109267
:10A520000F920E924BF23063C0F60103186859681F
:10A530009B680D930C910B900A92099208924BF232
:10A540003C63C0F60103186859689B68079306913D
:10A5500005901D9800F642409FED2B0A8DED000AF4
:10A56000DFED2A0ACDED010A17A9DFED292ACDED8D
:10A57000022A81230493B0EE621AF0EE621AB0EE62
:10A58000622A01F00DFB9DED000ADDED010ADDED13
:10A59000022A039A049B1D9800F66A6011A9B0EE86
:10A5A000621AF0EE621AB0EE622A01F0F9FA9DED3D
:10A5B000000ADDED010ADDED022A039A049B1D98D5
:10A5C00041F2920108440BA9B0EE621AF0EE621A51
:10A5D000B0EE622A01F0E4FA9DED000ADDED010A19
:10A5E000DDED022A039A049B1D9841F2BA2108442A
:10A5F00005A9B0EE621AF0EE621AB0EE622A01F01E
:10A60000CFFA01201EB080BD0000804600007A44D1
:10A610000000000080B598B01790002203921692B7
:10A62000159214924BF24863C0F6010318685968FA
:10A630009B681393129111904BF26063C0F6010373
:10A64000186859689B6810930F910E901798D03036
:10A650009FED3A0A8DED000ADFED390ACDED010AD2
:10A6600011A9DFED382ACDED022A81230493B0EE43
:10A67000621AF0EE621AB0EE622A01F091FA9DEDD4
:10A68000000ADDED010ADDED022A039A049B17980A
:10A6900000F5BD700EA9B0EE621AF0EE621AB0EECF
:10A6A000622A01F07DFA9DED000ADDED010ADDED83
:10A6B000022A039A049B0D920C920B924BF2546C5B
:10A6C000C0F6010CDCF80000DCF80410DCF808C06F
:10A6D000CDF828C0099108904BF26C6CC0F6010CC3
:10A6E000DCF80000DCF80410DCF808C0CDF81CC071
:10A6F00006910590179800F53E7008A9B0EE621A11
:10A70000F0EE621AB0EE622A01F04AFA9DED000AFC
:10A71000DDED010ADDED022A039A049B179800F291
:10A72000A23005A9B0EE621AF0EE621AB0EE622A0B
:10A7300001F036FA012018B080BD00BF0060EA4683
:10A740000000FA440000000080B586B000220092AC
:10A75000059204920392029243F66810C2F200003E
:10A76000019042F20001C4F2010101604FF4803116
:10A77000416082600261027680F82020C26201217D
:10A78000C0F600718162C2600121C16180F8302091
:10A790004161F7F7D9FB18B1FFE7F7F77FF9FFE75A
:10A7A00010200290012003900020049043F66810CE
:10A7B000C2F2000002A9F7F7B3FA18B1FFE7F7F702
:10A7C0006DF9FFE706B080BD80B586B0002200922B
:10A7D000059204920392029243F6B010C2F2000076
:10A7E000019042F20021C4F2010101604FF4803176
:10A7F000416082600261027680F82020C2620121FD
:10A80000C0F600718162C2600121C16180F8302010
:10A810004161F7F799FB18B1FFE7F7F73FF9FFE759
:10A8200008200290012003900020049043F6B0100D
:10A83000C2F2000002A9F7F773FA18B1FFE7F7F7C1
:10A840002DF9FFE706B080BD80B582B043F6F81061
:10A85000C2F20000019046F20041C4F20001016022
:10A860000321416000218160C1604FF41022026128
:10A870004FF4001242610176012242768176C2765F
:10A8800001774177F8F73EFA18B1FFE7F7F706F9D5
:10A89000FFE702B080BD000080B582B043F6202003
:10A8A000C2F20000019046F60001C4F2000101600E
:10A8B0000321416000218160C1604FF410220261D8
:10A8C0004FF4001242610176012242768176C2760F
:10A8D00001774177F8F716FA18B1FFE7F7F7DEF8D6
:10A8E000FFE702B080BD000080B543F64820C2F209
:10A8F000000043F20001C4F202010160F8F7B8FC65
:10A9000018B1FFE7F7F7CAF8FFE780BD80B58CB054
:10A91000FFE700200B9043F63000C4F2020001680C
:10A9200041F480010160006800F480000B900B98F6
:10A93000FFE7FFE700200A9043F63000C4F2020070
:10A94000016841F400110160006800F400100A90F1
:10A950000A98FFE70C200090052107910022089239
:10A96000F9F79EFB0098F9F791FB0799089A2F20B9
:10A970000190F9F795FB0198F9F788FB0799089A78
:10A9800039200290F9F78CFB0298F9F77FFB0799C1
:10A99000089A3A200390F9F783FB0398F9F776FBBE
:10A9A0000799089A3B200490F9F77AFB0498F9F785
:10A9B0006DFB0799089A44200590F9F771FB0598FB
:10A9C000F9F764FB0799089A45200690F9F768FBA8
:10A9D0000698F9F75BFB0799089A46200990F9F762
:10A9E0005FFB0998F9F752FB0CB080BDB0B5ACB075
:10A9F0004BF20470C0F60100016842688368D0F829
:10AA00000CC0D0F810E044692A94CDF8A4E0CDF849
:10AA1000A0C027932692259180692B9025A800211C
:10AA200001910DF09FFA019943F27462C2F20002A3
:10AA300010604BF2CC60C0F6010002684368D0F8A9
:10AA400008C0D0F80CE00469456923952294CDF83C
:10AA500084E0CDF880C01F931E92806924901EA8C8
:10AA60000DF080FA019941F6F432C2F20002106052
:10AA70004BF2B060C0F6010002684368D0F808C02D
:10AA8000D0F80CE0046945691C951B94CDF868E08A
:10AA9000CDF864C01893179280691D9017A80DF027
:10AAA00061FA019941F64412C2F2000210604BF2C1
:10AAB0007860C0F6010002684368D0F808C0D0F89A
:10AAC0000CE00469456915951494CDF84CE0CDF877
:10AAD00048C0119310928069169010A80DF042FAA8
:10AAE000019941F64002C2F2000210604BF29460FC
:10AAF000C0F6010002684368D0F808C0D0F80CE046
:10AB0000046945690E950D94CDF830E0CDF82CC060
:10AB10000A93099280690F9009A80DF023FA019910
:10AB200041F64802C2F2000210604BF2E860C0F643
:10AB3000010002684368D0F808C0D0F80CE004694E
:10AB4000456907950694CDF814E0CDF810C003933D
:10AB500002928069089002A80DF004FA41F6F831DB
:10AB6000C2F2000108602CB0B0BD000080B598B002
:10AB7000002017901690159014901390FFE7002076
:10AB8000129043F63000C4F20200016841F0020165
:10AB90000160006800F0020012901298FFE7FFE7E2
:10ABA0000020119043F63000C4F20200016841F029
:10ABB00040010160006800F0400011901198FFE72B
:10ABC000FFE70020109043F63000C4F20200016855
:10ABD00041F001010160006800F001001090109840
:10ABE000FFE7FFE700200F9043F63000C4F20200B9
:10ABF000016841F008010160006800F008000F9052
:10AC00000F98FFE7FFE700200E9043F63000C4F2F4
:10AC10000200016841F004010160006800F00400D6
:10AC20000E900E98FFE7FFE700200D9043F63000EE
:10AC3000C4F20200016841F080010160006800F088
:10AC400080000D900D98FFE7FFE700200C9043F681
:10AC50003000C4F20200016841F020010160006888
:10AC600000F020000C900C98FFE741F60040C4F281
:10AC7000020002904FF4E051019100220A92F9F78C
:10AC80001BF90020C4F2020004901021039101225C
:10AC90000692F9F711F90A9A40F20040C4F2020054
:10ACA00008904FF480510591F9F706F9069A089833
:10ACB0001146F9F701F906980221079113914FF413
:10ACC00004111491159041F20040C4F2020013A93E
:10ACD0000991F8F715FFDDF804C00298069B099961
:10ACE0000A9ACDF84CC0149315921692F8F708FF03
:10ACF0000498069A09990A9B139214931592F8F7EF
:10AD0000FFFEDDF80CC00498069B079A0999CDF860
:10AD10004CC0149315931692F8F7F2FE0698099911
:10AD2000302213924FF488121492159040F60000CE
:10AD3000C4F20200F8F7E4FE059B069A0898099908
:10AD40001393149215921692F8F7DAFE069B079A5F
:10AD5000089809991393149315931692F8F7D0FE57
:10AD60000A9A07200B900521F9F79AF90B98F9F741
:10AD70008DF918B080BD000080B582B044F25C202F
:10AD8000C2F20000019043F20001C4F2010101602F
:10AD90004FF48271416000218160C1600222026132
:10ADA000012242614FF4007282611022C26101628D
:10ADB000416281620A21C162FBF7BEF818B1FFE768
:10ADC000F6F76CFEFFE702B080BD000080B582B0F0
:10ADD00044F2B420C2F20000019043F60001C4F234
:10ADE000000101604FF48271416000218160C16007
:10ADF000016141614FF4007282611022C2610162FF
:10AE0000416281620A21C162FBF796F818B1FFE73F
:10AE1000F6F744FEFFE702B080BD000080B588B0C1
:10AE200000210091079106910591049103910291EF
:10AE3000019144F20C30C2F2000044F20042C4F22C
:10AE40000102026053224260816040F2CF72C26010
:10AE500001618161FBF7A2FE18B1FFE7F6F71EFE64
:10AE6000FFE744F20C30C2F20000FCF707FB18B118
:10AE7000FFE7F6F713FEFFE7602001900022029241
:10AE80000392059244F20C30C2F2000001A9FCF7D3
:10AE900053FA18B1FFE7F6F701FEFFE744F20C3072
:10AEA000C2F20000FCF7E0F908B080BD80B58EB0BA
:10AEB000002100910D910C910B910A91099108913B
:10AEC000079106910591049103910291019144F239
:10AED0009C30C2F2000040F60002C4F200020260A0
:10AEE0004160816045F20722C26001618161FBF728
:10AEF00055FE18B1FFE7F6F7D1FDFFE74FF480509C
:10AF00000A9044F29C30C2F200000AA9FBF7A8FFA5
:10AF100018B1FFE7F6F7C2FDFFE744F29C30C2F23A
:10AF20000000FCF7ABFA18B1FFE7F6F7B7FDFFE753
:10AF300000200890099044F29C30C2F2000008A959
:10AF4000FBF79AFD18B1FFE7F6F7A8FDFFE76020D1
:10AF50000190002002900390059044F29C30C2F2D0
:10AF6000000001A90822FCF7E7F918B1FFE7F6F79E
:10AF700095FDFFE744F29C30C2F20000FCF774F943
:10AF80000EB080BD80B582B000210191009144F2E5
:10AF9000E430C2F2000041F20042C4F2000202605A
:10AFA00053224260816041F28732C2608161FBF7C7
:10AFB000F5FD18B1FFE7F6F771FDFFE700200090FF
:10AFC000019044F2E430C2F200006946FBF754FD00
:10AFD00018B1FFE7F6F762FDFFE702B080BD0000A1
:10AFE00080B582B044F22C40C2F20000019041F2E0
:10AFF0000001C4F2010101604FF4E1314160002120
:10B000008160C16001610C2242618161C161FCF714
:10B0100003FE18B1FFE7F6F741FDFFE702B080BD80
:10B0200080B582B044F27040C2F20000019044F654
:10B030000001C4F20001016048F2A061C0F2010108
:10B0400041604FF4805181600021C1604FF4806203
:10B0500002610C2242618161C161FCF7DDFD18B122
:10B06000FFE7F6F71BFDFFE702B080BD80B582B0B9
:10B0700044F2B440C2F20000019041F20041C4F237
:10B08000010101604FF4E131416000218160C16044
:10B0900001610C2242618161C161FCF7BDFD18B103
:10B0A000FFE7F6F7FBFCFFE702B080BD80B543F297
:10B0B0008C60C2F2000040F21001C2F200010022D6
:10B0C00005F064FF18B1FFE7F6F7E8FCFFE743F28D
:10B0D0008C60C2F2000040F2D001C2F2000106F022
:10B0E00055FC18B1FFE7F6F7D9FCFFE743F28C6097
:10B0F000C2F2000040F26C11C2F2000105F080F9CA
:10B1000018B1FFE7F6F7CAFCFFE743F28C60C2F222
:10B11000000006F0C5FD18B1FFE7F6F7BFFCFFE73A
:10B1200080BD0000FFE7FEE7FFE7FEE788B007907D
:10B1300006910592079800F0070004900498C0F16A
:10B140000700052803D3FFE70420019004E00498DA
:10B15000C0F107000190FFE70198039004980430C4
:10B16000062803D8FFE70020009003E00498033886
:10B170000090FFE70098029006980399012202FAD6
:10B1800001F101390840029B984005999A40013A23
:10B190001140084308B0704786B003A900910146EA
:10B1A0000098059180ED010AC0ED000A0598D0F8DD
:10B1B0000600406841F64811C2F200010860002014
:10B1C000ADF80A00FFE7BDF80A00059909880139C2
:10B1D000884224DAFFE70598D0F80600BDF80A1087
:10B1E00000EB810090ED010A41F64811C2F2000126
:10B1F00091ED001A30EE410A80ED000A0598D0F872
:10B200000A10BDF80A2001EB8200406841F82200D4
:10B21000FFE7BDF80A000130ADF80A00D3E7009956
:10B22000059AD2F80600128800EB820010ED020A9F
:10B2300091ED011A30EE010A00ED010A0398059A1A
:10B24000D2F80A10128801EB820141F8040C05992A
:10B25000D1F802000988884207D2FFE70599D1F8A2
:10B2600002000130C1F80200FFE705990020C1F893
:10B270002600C1F82200C1F81E00C1F81A00059985
:10B280000888D1F80210401AADF80800FFE7BDF8B1
:10B2900008000599098888425DDAFFE70599BDF83D
:10B2A0000830D1F80620D1F81A0002EB830292EDA3
:10B2B000000A01EE100A20EE000A30EE010A10EE3C
:10B2C000100AC1F81A000599BDF80830D1F8062017
:10B2D000D1F81E0002EB830292ED001A00EE100A74
:10B2E00030EE010A10EE100AC1F81E000599BDF8F3
:10B2F0000830D1F806C0D1F80A20D1F822000CEBB2
:10B30000830C9CED000A02EB830292ED002A01EE11
:10B31000100A20EE020A30EE010A10EE100AC1F8FF
:10B3200022000599BDF80830D1F80A20D1F826008E
:10B3300002EB830292ED001A00EE100A30EE010AD1
:10B3400010EE100AC1F82600FFE7BDF80800013032
:10B35000ADF808009BE705990A4652F81A0F5368A2
:10B36000D2F808C0D26802EE10CAB1F800C000EEF0
:10B3700010CAB8EEC03A01EE103A00EE102A21EEE3
:10B38000000A22EE032A30EE420A02EE100A21EEF3
:10B39000011A22EE032A31EE421A80EE010A10EE63
:10B3A000100AC1F80E0005990020C1F81600059991
:10B3B0000888D1F80210401AADF80600FFE7BDF882
:10B3C000060005990988884230DAFFE70599D1F827
:10B3D00006C0D1F80A00D1F80E20D1F8123000EEE4
:10B3E000102ABDF806200CEB820C9CED002A01EE21
:10B3F000103A20EE020A30EE010A00EB820090EDD6
:10B40000001A30EE410AB0EEC01AD1F8160000EE74
:10B41000100A30EE010A10EE100AC1F81600FFE71C
:10B42000BDF806000130ADF80600C8E705990888A8
:10B4300000EE100AB8EEC01AD1F8160000EE100A9D
:10B4400080EE010A10EE100AC1F816000598D0F837
:10B450000E0000EE100A06B07047000080B584B000
:10B460000390ADF80A10BDF80A000399088003990B
:10B4700000200190C1F80200BDF80A0080000DF024
:10B4800021FD0399C1F80600BDF80A0080000DF007
:10B4900019FD01460198039AC2F80A100399C1F8F0
:10B4A0000E000399C1F812000398D0F80600BDF809
:10B4B0000A108900F5F76CF80398D0F80A00BDF877
:10B4C0000A108900F5F764F801980399C1F826007D
:10B4D000C1F82200C1F81E00C1F81A0004B080BDF6
:10B4E00080B543F65050C2F20000F9F7FFF880BD76
:10B4F00080B586B005900491059800680390039884
:10B5000002900398006C01900298049900EB41109E
:10B51000D0F8080B0090019843F20B01C4F6547167
:10B5200088420FD3FFE79DF801000006002809D5E7
:10B53000FFE70298049900EB41114FF40040C1F875
:10B54000080BFFE70598F9F72BFF019843F20B0171
:10B55000C4F6547188420DD3FFE7059800690128AD
:10B5600008D1FFE70599086801F2C442012107F0FC
:10B57000D7FAFFE7002006B080BD000080B588B094
:10B580000790069107980068049004980390049827
:10B59000006C02900398069900EB4110D0F8080B5C
:10B5A000019007980069012840F08180FFE79DF82D
:10B5B00004000007002818D5FFE7029843F20B01AA
:10B5C000C4F6547188420FD3FFE79DF805000006CA
:10B5D000002809D5FFE70398069900EB41114FF4C5
:10B5E0000040C1F8080BFFE760E09DF8040080060A
:10B5F000002808D5FFE70398069900EB41112020A9
:10B60000C1F8080B51E09DF8040010F0280F4AD152
:10B61000FFE7029843F20B01C4F6547188420FD33E
:10B62000FFE79DF805000006002809D5FFE703980D
:10B63000069900EB41114FF40040C1F8080B31E0CE
:10B640000798069901EBC10100EB810000F51F701E
:10B6500005900598C0690399069A01EB4211D1F84B
:10B66000101B6FF3DF41401A05990862069898B9DC
:10B67000FFE70598806940B9FFE70799086801F27C
:10B68000C442012107F04CFA05E0059908690A6AED
:10B6900010440861FFE7FFE707989DF81810F8F7D6
:10B6A0009FFDFFE700E0FFE7FFE7FFE747E00298C5
:10B6B00043F20A11C4F65471884224D1FFE79DF881
:10B6C00005000006002809D5FFE70398069900EB5E
:10B6D00041114FF40040C1F8080B13E09DF804003D
:10B6E0008006002808D5FFE70398069900EB411172
:10B6F0002020C1F8080BFFE707989DF81810F8F70D
:10B700006FFDFFE71AE0069890B9FFE707980699E2
:10B7100001EBC10100EB8100D0F8940240B9FFE7D2
:10B720000799086801F2C442002107F0F9F9FFE720
:10B7300007989DF81810F8F753FDFFE7FFE7002082
:10B7400008B080BD80B58CB00A9009910A98006855
:10B750000890089807900A98099901EBC10100EB3D
:10B7600081003C30069006988169006A884204D9BD
:10B77000FFE701208DF82F0079E006998869096AB2
:10B78000401A059005980699C968884204D9FFE7D0
:10B790000698C0680590FFE705980330800804907C
:10B7A000FFE70798099900EB4110D0F8180981B21A
:10B7B000049A0020914202900FD3FFE70698826915
:10B7C000016A00209142029007D2FFE70698806943
:10B7D000002818BF01200290FFE70298C00770B34D
:10B7E000FFE706998869096A401A05900598069945
:10B7F000C968884204D9FFE70698C0680590FFE74A
:10B8000005980330800804900898069909699DF806
:10B810002420BDF81430DDF828C09CF810C0EE4696
:10B82000CEF800C007F0B6FF059A069908691044E3
:10B830000861059A0699086A10440862B1E70699FA
:10B840008869096A88420ED8FFE7099800F00F015D
:10B85000012088400390039A0799D1F83408904357
:10B86000C1F83408FFE700208DF82F00FFE79DF8AE
:10B870002F000CB080BD000080B586B005908DED26
:10B88000040ACDED030A059890F8980000060028F8
:10B8900004D5FFE705980CF01DF9FFE70598D0F8EF
:10B8A0008C00029002A8F5F7D1FF059910EE100A5E
:10B8B000C1F89000049805990861039805990860FB
:10B8C00005990A68086900EE102A01EE100A30EEA8
:10B8D000410A10EE100A88610598D0F8A20028B13C
:10B8E000FFE70598D0F8A2108847FFE70598D0F841
:10B8F0009400002859D1FFE705994A68886900EE4D
:10B90000102A01EE100A20EE010A10EE100A486219
:10B9100005998B688A69D1F8900000EE103A01EE23
:10B92000102A20EE010A01EE100A20EE010A10EEA4
:10B93000100A08630598B0F8600003281BDBFFE7D6
:10B940000598C3688169D0F8902000EE103A8DED1B
:10B95000010A623000EE102A00EE901AFFF71CFC7C
:10B96000B0EE401A9DED010A20EE010A059910EE95
:10B97000100AC86218E00599D1F80CC08B69CA6931
:10B98000D1F8900000EE10CA01EE103A02EE102A33
:10B9900031EE421A20EE010A01EE100A80EE010A91
:10B9A00010EE100AC862FFE777E005994B688869D6
:10B9B000D1F8942000EE103A126801EE102A30EE11
:10B9C000010A01EE100A20EE010A10EE100A486288
:10B9D0000599D1F808C08A69D1F89000D1F894305F
:10B9E00000EE10CA5B6801EE103A30EE010A01EE7B
:10B9F000102A20EE010A01EE100A20EE010A10EED4
:10BA0000100A08630598B0F86000032823DBFFE7FD
:10BA10000598D0F80CC08169D0F89020D0F8943007
:10BA200000EE10CA9B6801EE103A30EE010A8DED6F
:10BA3000000A623000EE102A00EE901AFFF7ACFB0D
:10BA4000B0EE401A9DED000A20EE010A059910EEB5
:10BA5000100AC86220E00599D1F80CC08B69CA6948
:10BA6000D1F8900000EE10CAD1F894C0DCF808C0FC
:10BA700001EE10CA30EE010A01EE103A02EE102A71
:10BA800031EE421A20EE010A01EE100A80EE010AA0
:10BA900010EE100AC862FFE7FFE70598D0F8A6008D
:10BAA00028B1FFE70598D0F8A6108847FFE705986A
:10BAB00090F898004007002804D5FFE705980CF09F
:10BAC00099F8FFE7059890F898008006002804D5BB
:10BAD000FFE705980BF0C2FDFFE7059890F8980086
:10BAE0008007002804D5FFE705980BF07DFEFFE7EF
:10BAF000059890F898004006002804D5FFE70598BF
:10BB00000BF050FEFFE7059890F89800C00720B1B1
:10BB1000FFE705980BF0FCFEFFE70599886A0A6BC2
:10BB200001EE102A00EE100A30EE010A10EE100AA3
:10BB3000886205994B6A8A6AC86A00EE103A01EE7B
:10BB4000102A30EE010A01EE100A30EE010A10EE62
:10BB5000100A4863059890F89800C006002804D59C
:10BB6000FFE705980BF06AFFFFE705980BF088FFE9
:10BB700005980CF015F80599086948610599486B16
:10BB800088630599C86AC86305998869C861059979
:10BB9000086B08620598406B00EE100A06B080BD85
:10BBA00080B58CB00DF1100CCDF804C0844601981E
:10BBB000CDF82CC080ED060AC0ED050A089180ED95
:10BBC000031AC0ED021A80ED012AC0ED002AADF87B
:10BBD0000E208DF80D3009980B9948640A980B993E
:10BBE00008640B99002002900860089909680B9A74
:10BBF0005160089949680B9A9160089989680B9A75
:10BC0000D1600B99086307980B99086506980B9902
:10BC1000486505980B99886504980B99C865BDF827
:10BC20000E000B99A1F860000B986230BDF80E1061
:10BC3000FFF714FC02980B99C1F88C009DF80D10C9
:10BC40000B9A82F898100B99C1F89D00C1F89900E1
:10BC50000B9981F8A1000B9948630CB080BD0000DE
:10BC600080B584B003908DED020ACDED010A9DED03
:10BC7000010A9DED021A30EE410A039880ED050A93
:10BC8000039890ED001A90ED050A20EE010A80ED70
:10BC9000070A039890ED012A90ED050A90ED081A25
:10BCA00020EE020A30EE010A80ED080A039890EDBA
:10BCB000030A90ED081AF1EE400A02F0B7FD03986E
:10BCC00080ED080A039890ED021A90ED052A90ED98
:10BCD000060A30EE420A20EE010A80ED090A0399B5
:10BCE00048698861039890ED070A90ED082A90ED65
:10BCF000091A30EE020A30EE010A80ED0A0A0398B2
:10BD000090ED040A90ED0A1AF1EE400A02F08EFD61
:10BD1000039880ED0A0A04B080BD000084B0029050
:10BD20008DED010ACDED000A029818B9FFE7002059
:10BD3000039015E10299086C48640299C86B086485
:10BD400000980299886101980299C8619DED000AE6
:10BD50009DED011A30EE410A029880ED0F0A02981B
:10BD60000078002840F08780FFE7029890ED010AF4
:10BD700090ED0F1A20EE010A80ED090A029890ED6D
:10BD8000020A90ED0A1A90ED0F2A20EE020A30EE18
:10BD9000010A80ED0A0A0299486B88630299086BD0
:10BDA0004863029890ED0F0A90ED101A30EE410AA8
:10BDB00080ED0C0A029890ED030A90ED0C1A20EE2B
:10BDC000010A80ED0B0A029890ED051A90ED0A0A1F
:10BDD000B4EE410AF1EE10FA04DDFFE7029948697A
:10BDE000886215E0029890ED051A90ED0A0AB1EE0E
:10BDF000411AB4EE410AF1EE10FA08DAFFE70298B0
:10BE000090ED050AB1EE400A80ED0A0AFFE7FFE770
:10BE1000029890ED090A90ED0A2A90ED0B1A30EE87
:10BE2000020A30EE010A80ED080A029890ED041A29
:10BE300090ED080AB4EE410AF1EE10FA04DDFFE7D6
:10BE400002990869086215E0029890ED041A90EDD5
:10BE5000080AB1EE411AB4EE410AF1EE10FA08DA1E
:10BE6000FFE7029890ED040AB1EE400A80ED080A5F
:10BE7000FFE7FFE770E00298007801286BD1FFE749
:10BE8000029890ED010A90ED0F1A90ED102A31EE14
:10BE9000421A20EE010A80ED090A029890ED020A8A
:10BEA00090ED0F1A20EE010A80ED0A0A0299486B04
:10BEB00088630299086B4863029890ED0F0A90ED31
:10BEC000102A90ED111A32EE022A30EE420A30EEBC
:10BED000010A80ED0C0A029890ED030A90ED0C1A0D
:10BEE00020EE010A80ED0B0A029890ED080A90ED11
:10BEF000091A90ED0A3A90ED0B2A31EE031A31EE51
:10BF0000021A30EE010A80ED080A029890ED041A38
:10BF100090ED080AB4EE410AF1EE10FA04DDFFE7F5
:10BF200002990869086215E0029890ED041A90EDF4
:10BF3000080AB1EE411AB4EE410AF1EE10FA08DA3D
:10BF4000FFE7029890ED040AB1EE400A80ED080A7E
:10BF5000FFE7FFE7FFE7FFE70298006A0390FFE7CC
:10BF60009DED030A04B0704786B005908DF813105C
:10BF700003928DED020ACDED010A059818B1FFE795
:10BF8000039808B9FFE72CE09DF8130005990870A5
:10BF9000039800680599486003984068059988608F
:10BFA000039880680599C86002980599086101980E
:10BFB00005994861059900200090886305994863B8
:10BFC00005990863059908620599C8620599886210
:10BFD0000599486205994864059908640599C863FC
:10BFE000FFE706B0704700000000000000000000FE
:10BFF000EFF30980BFF36F8F154B1A681EF0100F17
:10C0000008BF20ED108A20E9F04F10602DE90900EB
:10C010004FF0500080F31188BFF34F8FBFF36F8F45
:10C020000DF050FD4FF0000080F31188BDE80900CD
:10C0300019680868B0E8F04F1EF0100F08BFB0ECA8
:10C04000108A80F30988BFF36F8F704700BF00BF6D
:10C05000C046002083B002900191019800780299B7
:10C0600008720198407802994872019880788DF89A
:10C0700000000198C0788DF80100019800798DF8D2
:10C080000200019840798DF80300009802994861F8
:10C0900001988079029908770198C07900EE100A1A
:10C0A000B8EE400A029880ED040A0298407A38B14E
:10C0B000FFE744F2CC51C2F2000100200860FFE724
:10C0C00003B0704780B584B00390ADF80A100192B8
:10C0D000009344F2CC50C2F200000068019908704D
:10C0E000009890F8300001994870009890F83B0053
:10C0F0000199887001990120C8700199AA200871DE
:10C100000398BDF80A10019A0AF008FF04B080BD38
:10C1100081B00090009949F69A10C3F699600860C2
:10C12000009900204860009988600099C8600099D3
:10C130000020C4F2C8200861009940F24F20C3F2E9
:10C140000660C863009941F2FC10C3F20440086421
:10C15000009940F2C330C3F21C404864009949F290
:10C160008D70C4F282008864009941F20E30C3F6EB
:10C170008140C864009944F2A900C3F6ED500865F7
:10C18000009941F25840C3F2A1704865009944F209
:10C190007B30C4F208008865009947F24F70C3F6FF
:10C1A000D650C86501B0704782B08DED000A9DED94
:10C1B000000A9FED601AB4EE410AF1EE10FA09D1BF
:10C1C000FFE79DED000A9FED6D1A20EE010A8DED4F
:10C1D000010AABE09DED000A9FED571AB4EE410A4B
:10C1E000F1EE10FA0AD0FFE79DED000A9FED531A19
:10C1F000B4EE410AF1EE10FA09D1FFE79DED000A15
:10C200009FED5D1A20EE010A8DED010A8EE09DED95
:10C21000000A9FED4B1AB4EE410AF1EE10FA09D173
:10C22000FFE79DED000A9FED531A20EE010A8DED08
:10C23000010A7BE09DED000A9FED421AB4EE410A2F
:10C24000F1EE10FA0AD0FFE79DED000A9FED3E1ACD
:10C25000B4EE410AF1EE10FA09D1FFE79DED000AB4
:10C260009FED431A20EE010A8DED010A5EE09DED7F
:10C27000000A9FED361AB4EE410AF1EE10FA09D128
:10C28000FFE79DED000A9FED361A20EE010A8DEDC5
:10C29000010A4BE09DED000A9FED2D1AB4EE410A14
:10C2A000F1EE10FA09D1FFE79DED000A9FED2F1A7C
:10C2B00020EE010A8DED010A38E09DED000A9FEDA8
:10C2C000251AB4EE410AF1EE10FA09D1FFE79DED0F
:10C2D000000A9FED251A20EE010A8DED010A25E0E6
:10C2E0009DED000A9FED1C1AB4EE410AF1EE10FA22
:10C2F0000AD0FFE79DED000A9FED181AB4EE410A3F
:10C30000F1EE10FA09D1FFE79DED000A9FED151A35
:10C3100020EE010A8DED010A08E09DED000A9FED77
:10C32000101A20EE010A8DED010AFFE79DED010ACA
:10C3300002B0704700003442000048420000484309
:10C3400000005C4200007042000096420000824201
:10C3500000008C420000A0420000B4420000C8422D
:10C36000CDCCCC3DB81E853D295C8F3DEC51B83D10
:10C370000AD7A33D8FC2753D0AD7233D8FC2F53C36
:10C3800080B58AB0ADF826008DED080ACDED070A1C
:10C390008DED061A002005900490BDF9260000EEF0
:10C3A000100AB8EEC00A8DED050A9DED050A9DED57
:10C3B000072A41F63030C2F20000019090ED001AD9
:10C3C00020EE020A30EE010A80ED000A90ED001A1C
:10C3D0009FED180ADFED180A00F0ACF9019880ED26
:10C3E000000A9DED041A9DED050A30EE410A9DED0F
:10C3F000061A20EE010A8DED030A059904919DEDC0
:10C40000080A9DED052A90ED001A20EE020A30EE92
:10C41000010A9DED031A30EE011A9FED080ADFEDC7
:10C42000080A00F087F98DED020A9DED020A0AB0B4
:10C4300080BD00BF0000C8420000C8C200803B456C
:10C4400000803BC580B588B007900691059207999A
:10C45000087B91F83410013840EA11108DF8130070
:10C460009DF8130080B9FFE741F64031C2F20001A8
:10C47000002008700698C26DD01741F63831C2F21C
:10C4800000010A6048607CE09DF81300012851D14A
:10C49000FFE741F64030C2F200000078002849D1A1
:10C4A000FFE741F64031C2F2000101200870069812
:10C4B000026C436CC06DC117F3F76EFF104619464E
:10C4C00000F012F9039102900298009003980190F5
:10C4D0000699086C496C00F007F9009B0246084673
:10C4E00001995FEA60004FEA3202D21A88410EDAFF
:10C4F000FFE70698C26DD017029B0399D21A8841B4
:10C5000041F63831C2F200010A60486011E0069835
:10C51000036C416CC26DD017D2184841029B03993D
:10C52000D218484141F63831C2F200010A60486031
:10C53000FFE7FFE79DF81300022821D1FFE70599E7
:10C54000C88DB1F83D10401A09280ADCFFE70698AB
:10C55000C26DD01741F63831C2F200010A6048605E
:10C560000DE00698036C416CC26DD017D21848419B
:10C5700041F63831C2F200010A604860FFE7FFE788
:10C58000FFE741F63831C2F200010868496808B097
:10C5900080BD000080B584B00390029101920093A9
:10C5A0000299487B91F83410013840EA111041F6A5
:10C5B0004831C2F200010978014341F64930C2F224
:10C5C00000000170007848B1FFE70298407B022824
:10C5D00004D0FFE70098007860B9FFE741F64431E6
:10C5E000C2F200010020086041F64831C2F20001A9
:10C5F00008705CE041F64831C2F200010120087089
:10C6000041F65031C2F20001086841F64C32C2F2E4
:10C61000000210600198D0F8590008600399C86EB4
:10C62000096F401A88B3FFE741F65030C2F20000AC
:10C6300090ED000A41F64C30C2F2000090ED001A75
:10C6400030EE410A00F042F89FED1D1AB4EE410AA7
:10C65000F1EE10FA15DDFFE741F65030C2F20000AE
:10C66000D0ED000AB1EE040A9FED161ADFED161A9E
:10C6700002F034F941F65430C2F2000080ED000AB5
:10C68000FFE70399C86E0867FFE7039890ED0F0A6C
:10C6900041F65430C2F2000090ED001A30EE010A6B
:10C6A00041F64430C2F2000080ED000AFFE741F697
:10C6B0004430C2F2000090ED000A04B080BD00BF1B
:10C6C000CDCCCC3D0000EC410000484282B08DED65
:10C6D000010A01980090009820F0004000909DED24
:10C6E000000A02B07047000084B0019100900198E8
:10C6F000B0F1FF3F09DCFFE70098019A41424FF09B
:10C7000000009041029103900FE0009901980139D7
:10C7100070F1000005DBFFE700980199039102909A
:10C7200003E0002003900290FFE70298039904B011
:10C730007047000085B08DED040ACDED030A8DED44
:10C74000021A9DED020A9DED041AB4EE410AF1EEC3
:10C7500010FA05DDFFE79DED040A8DED010A18E0F2
:10C760009DED020A9DED031AB4EE410AF1EE10FAB6
:10C7700005DAFFE79DED030A8DED000A04E09DED6B
:10C78000020A8DED000AFFE79DED000A8DED010A1A
:10C79000FFE79DED010A05B07047000082B00190EF
:10C7A000009101998888488000980178407840EA93
:10C7B00001200199888001990889C88000988178B2
:10C7C000C07840EA012001990881009801794079F8
:10C7D00040EA0120019988810198B0F90210B0F96E
:10C7E0000400401A10F57A6F05DAFFE70199888C8A
:10C7F000013088840FE00198B0F90210B0F904000C
:10C80000401AB0F57A6F05DDFFE70199888C013891
:10C810008884FFE7FFE70198B0F9242047F6F46029
:10C82000002182420846C8BF012048F20C13CFF60F
:10C83000FF739A42B8BF0121084368B1FFE701992D
:10C84000002088840198B0F9041000EE101AB8EEA8
:10C85000C00A80ED0B0AFFE70199B1F90400B1F9B4
:10C86000242000EB4230086101990F20087002B0CB
:10C870007047000082B0019000910199888848803B
:10C8800000980178407840EA012001998880019958
:10C890000889C88000988178C07840EA0120019911
:10C8A000088100980179407940EA01200199888146
:10C8B00000988079019988730198B0F90210B0F955
:10C8C0000400401A10F57A6F05DAFFE70199888CA9
:10C8D000013088840FE00198B0F90210B0F904002B
:10C8E000401AB0F57A6F05DDFFE70199888C0138B1
:10C8F0008884FFE7FFE70198B0F9242047F6F46049
:10C90000002182420846C8BF012048F20C13CFF62E
:10C91000FF739A42B8BF0121084368B1FFE701994C
:10C92000002088840198B0F9041000EE101AB8EEC7
:10C93000C00A80ED0B0AFFE701990F2008700199EA
:10C94000B1F90400B1F9242000EB4230086102B0D3
:10C950007047000080B5ADF5027D81908091ADF803
:10C96000FE210020ADF8FA01ADF8FC01FFE7BDF8AB
:10C97000FC01BDF8FE11884233DAFFE78198BDF86B
:10C98000FC11405CA52825D1FFE78198BDF8FC117A
:10C99000014401A800909622F3F77BFD009880994E
:10C9A00000F022F8ADF8F801BDF8F8014EF65F216D
:10C9B00088420EDCFFE7BDF8FA010130ADF8FA015C
:10C9C000BDF8F801BDF8FC1108440830ADF8FC01D1
:10C9D000FFE7FFE7FFE7BDF8FC010130ADF8FC0120
:10C9E000C5E70DF5027D80BD80B584B00290019150
:10C9F00002980078A52840F06686FFE70298052196
:10CA000006F04AFF012840F05E86FFE70298B0F882
:10CA100005000146009101287ED0FFE7009802281A
:10CA200000F0A780FFE70098032800F0B080FFE740
:10CA3000009840F20111884200F0D680FFE700988C
:10CA4000B0F5827F00F05781FFE7009840F20511B2
:10CA5000884200F06981FFE7009840F20121884296
:10CA600000F09481FFE7009840F20221884200F034
:10CA7000DE81FFE7009840F20321884200F0F38155
:10CA8000FFE70098B0F5017F00F00982FFE700980A
:10CA900040F20621884200F02482FFE7009840F22D
:10CAA0000721884200F03E82FFE70098B0F5027F40
:10CAB00000F05682FFE7009840F20921884200F01A
:10CAC0006A82FFE7009840F20A21884200F035842C
:10CAD000FFE7009840F20B21884200F04D84FFE709
:10CAE0000098B0F5037F00F07C84FFE7009840F2E7
:10CAF0000D21884200F01B85FFE7009840F20E21CF
:10CB0000884200F09185FFE7009840F203318842A7
:10CB100000F0AB8500F0CDBD02981D2106F07EFE31
:10CB2000012824D1FFE70298C07900F00F02019993
:10CB3000087800F0F000104408700298C07900F006
:10CB4000F0020199087800F00F0010440870029874
:10CB500000890199A1F801000299D1F80A00D1F8E1
:10CB60000E200199C1F80720C1F80300FFE700F08B
:10CB7000A5BD02980A2106F051FE012805D1FFE764
:10CB80000298C0790199C872FFE700F097BD02983A
:10CB9000192106F043FE012824D1FFE70298B0F8DE
:10CBA0000700019988810298B0F809000199C881AD
:10CBB0000298B0F80B00019908820298B0F80D00B5
:10CBC000019948820298B0F811000199C882029830
:10CBD000B0F81300019908830298B0F81500019984
:10CBE0004883FFE700F06ABD02980D2106F016FEAB
:10CBF00001287ED1FFE70298D0F807200199C86983
:10CC000062F30000C8610298D0F807200199C86952
:10CC1000520862F34100C8610298D0F807200199D8
:10CC2000C869920862F38200C8610298D0F80720B0
:10CC30000199C869D20862F3C400C8610298D0F8AB
:10CC400007200199C869520962F34610C861029829
:10CC5000D0F807200199C869D20962F3C810C861E9
:10CC60000298D0F807200199C869520A62F34A2055
:10CC7000C8610298D0F807200199C869D20A62F306
:10CC8000D320C8610298D0F807200199C869120D15
:10CC900062F31650C8610298D0F807200199C8695C
:10CCA000D20D62F3D850C8610298D0F807200199DC
:10CCB000C869520E62F35A60C8610298D0F8072022
:10CCC0000199C869D20E62F3DC60C8610298D0F89D
:10CCD00007200199C869520F62F35D70C86102981C
:10CCE000D0F807200199C869920F62F39F70C8615C
:10CCF000FFE700F0E3BC02980C2106F08FFD01284D
:10CD000010D1FFE70298C079019981F820000298BC
:10CD1000007A019981F821000298407A019981F8FE
:10CD20002200FFE700F0CABC02980C2106F076FD55
:10CD3000012829D1FFE70298C079019981F82300E1
:10CD4000029802890199888C62F302008884029813
:10CD500002890199888CD20862F3C5008884029800
:10CD600002890199888C02F4E07220F4E07010448A
:10CD700088840298008900F47E420199888C6FF3C0
:10CD80005F2010448884FFE700F098BC02981621C9
:10CD900006F044FD012848D1FFE70298C0790199C7
:10CDA00081F826000298007A019981F827000298FC
:10CDB000B0F80900019908850298B0F80B000199B4
:10CDC00048850298B0F80D00019988850298B0F85E
:10CDD0000F000199C8850298B0F8110001990886E2
:10CDE0000298C07C00F00102019991F8320000F035
:10CDF000FE00104481F832000298C27C019991F83B
:10CE0000320002F0020200F0FD00104481F832000E
:10CE10000298C27C019991F8320002F0040200F0FD
:10CE2000FB00104481F83200FFE700F047BC029895
:10CE3000172106F0F3FC012813D1FFE70298B0F8A0
:10CE40000F000199A1F83B000298B0F81100019978
:10CE5000A1F83D000298B0F813000199A1F83F0035
:10CE6000FFE700F02BBC0298152106F0D7FC012843
:10CE700013D1FFE70298D0F807000199C1F84100EB
:10CE80000298D0F80B000199C1F845000298D0F83B
:10CE90000F000199C1F84900FFE700F00FBC0298AC
:10CEA000112106F0BBFC01281AD1FFE70298C079D6
:10CEB000019981F84D00029800890199A1F84E006E
:10CEC0000298807A019981F850000298C07A0199FD
:10CED00081F85100029880890199A1F85200FFE77A
:10CEE000ECE302980A2106F099FC012819D1FFE72A
:10CEF0000298C07900F00F02019991F8550000F0F6
:10CF0000F000104481F855000298C07900F0F0025A
:10CF1000019991F8550000F00F00104481F8550078
:10CF2000FFE7CBE30298102106F078FC012816D128
:10CF3000FFE70298C079019981F856000298007ABB
:10CF4000019981F857000298407A019981F85800B8
:10CF50000298D0F80A000199C1F85900FFE7ADE343
:10CF60000298112106F05AFC012813D1FFE702981C
:10CF7000B0F807000199A1F85D000298B0F8090027
:10CF80000199A1F85F000298B0F80B000199A1F88F
:10CF90006100FFE792E302980E2106F03FFC0128B2
:10CFA00040F0CA81FFE70298C07900F001020199C0
:10CFB00091F8650000F0FE00104481F865000298C9
:10CFC000C279019991F8650002F0020200F0FD00BB
:10CFD000104481F865000298C279019991F86500C2
:10CFE00002F0040200F0FB00104481F86500029892
:10CFF000C279019991F8650002F0080200F0F7008B
:10D00000104481F865000298C279019991F8650091
:10D0100002F0100200F0EF00104481F86500029861
:10D02000C279019991F8650002F0200200F0DF005A
:10D03000104481F865000298C279019991F8650061
:10D0400002F0400200F0BF00104481F86500029831
:10D05000C07900F08002019991F8650000F07F002E
:10D06000104481F865000298007A00F001020199ED
:10D0700091F8660000F0FE00104481F86600029806
:10D08000027A019991F8660002F0020200F0FD00B8
:10D09000104481F866000298027A019991F86600BE
:10D0A00002F0040200F0FB00104481F866000298D0
:10D0B000027A019991F8660002F0080200F0F70088
:10D0C000104481F866000298027A019991F866008E
:10D0D00002F0100200F0EF00104481F866000298A0
:10D0E000027A019991F8660002F0200200F0DF0058
:10D0F000104481F866000298027A019991F866005E
:10D1000002F0400200F0BF00104481F8660002986F
:10D11000007A00F08002019991F8660000F07F002B
:10D12000104481F866000298407A00F001020199EB
:10D1300091F8670000F0FE00104481F86700029843
:10D14000427A019991F8670002F0020200F0FD00B6
:10D15000104481F867000298427A019991F86700BB
:10D1600002F0040200F0FB00104481F8670002980E
:10D17000427A019991F8670002F0080200F0F70086
:10D18000104481F867000298427A019991F867008B
:10D1900002F0100200F0EF00104481F867000298DE
:10D1A000427A019991F8670002F0200200F0DF0056
:10D1B000104481F867000298427A019991F867005B
:10D1C00002F0400200F0BF00104481F867000298AE
:10D1D000407A00F08002019991F8670000F07F002A
:10D1E000104481F867000298807A00F001020199EA
:10D1F00091F8680000F0FE00104481F86800029881
:10D20000827A019991F8680002F0020200F0FD00B4
:10D21000104481F868000298827A019991F86800B8
:10D2200002F0040200F0FB00104481F8680002984C
:10D23000827A019991F8680002F0080200F0F70084
:10D24000104481F868000298827A019991F8680088
:10D2500002F0100200F0EF00104481F8680002981C
:10D26000827A019991F8680002F0200200F0DF0054
:10D27000104481F868000298827A019991F8680058
:10D2800002F0400200F0BF00104481F868000298EC
:10D29000807A00F08002019991F8680000F07F0028
:10D2A000104481F868000298C07A00F001020199E8
:10D2B00091F8690000F0FE00104481F869000298BE
:10D2C000C27A019991F8690002F0020200F0FD00B3
:10D2D000104481F869000298C27A019991F86900B6
:10D2E00002F0040200F0FB00104481F8690002988B
:10D2F000C27A019991F8690002F0080200F0F70083
:10D30000104481F869000298C27A019991F8690085
:10D3100002F0100200F0EF00104481F8690002985A
:10D32000C27A019991F8690002F0200200F0DF0052
:10D33000104481F86900FFE7C0E102980F2106F070
:10D340006DFA012817D1FFE70298C079019981F899
:10D350006A000298007A019981F86B000298B0F88F
:10D3600009000199A1F86C000298B0F80B0001992E
:10D37000A1F86E00FFE7A1E10298312106F04EFA14
:10D3800001282DD1FFE70298D0F80700019908671E
:10D390000298D0F80B00019948670298D0F80F0066
:10D3A000019988670298D0F813000199C86702981C
:10D3B000D0F817000199C1F880000298D0F81B003E
:10D3C0000199C1F884000298D0F81F000199C1F8B2
:10D3D00088000298D0F823000199C1F88C00FFE77B
:10D3E0006CE102980B2106F019FA012840F09E80AA
:10D3F000FFE70298C07900F00102019991F89800C6
:10D4000000F0FE00104481F898000298C27901995A
:10D4100091F8980002F0020200F0FD00104481F83B
:10D4200098000298C279019991F8980002F00402DC
:10D4300000F0FB00104481F898000298C27901992D
:10D4400091F8980002F0080200F0F700104481F80B
:10D4500098000298C279019991F8980002F01002A0
:10D4600000F0EF00104481F898000298C279019909
:10D4700091F8980002F0200200F0DF00104481F8DB
:10D4800098000298C279019991F8980002F0400240
:10D4900000F0BF00104481F898000298C07900F0B5
:10D4A0008002019991F8980000F07F00104481F803
:10D4B00098000298007A00F00102019991F8990011
:10D4C00000F0FE00104481F899000298027A019958
:10D4D00091F8990002F0020200F0FD00104481F87A
:10D4E00099000298027A019991F8990002F00402D9
:10D4F00000F0FB00104481F899000298027A01992B
:10D5000091F8990002F0080200F0F700104481F849
:10D5100099000298007A00F0F002019991F89900C0
:10D5200000F00F00104481F89900FFE7C6E0029870
:10D530000F2106F073F9012875D1FFE70298D0F8A2
:10D5400007200199D1F89A0062F30A00C1F89A0005
:10D550000298D0F807200199D1F89A00D20A62F314
:10D56000CE20C1F89A000298D0F807200199D1F88E
:10D570009A00D20B62F3D230C1F89A000298D0F828
:10D5800007200199D1F89A00D20C62F3D340C1F878
:10D590009A000298D0F807200199D1F89A00120D4C
:10D5A00062F31450C1F89A000298D0F8072001994C
:10D5B000D1F89A00520D62F35E50C1F89A000298B9
:10D5C000B0F80B200199B1F89E0062F30000A1F8B9
:10D5D0009E000298B0F80B200199B1F89E0040F629
:10D5E000FE731A404FF2010318401044A1F89E0048
:10D5F0000298B0F80B200199B1F89E0002F4405255
:10D6000020F440501044A1F89E000298B0F80B207E
:10D610000199B1F89E0002F4804220F48040104449
:10D62000A1F89E00FFE749E002980A2106F0F6F80B
:10D63000012819D1FFE70298C07900F0030201998F
:10D6400091F8A00000F0FC00104481F8A0000298BE
:10D65000C279019991F8A00002F0040200F0FB00E9
:10D66000104481F8A000FFE728E00298142106F09A
:10D67000D5F801281CD1FFE70298D0F807000199DE
:10D68000C1F8A1000298D0F80B000199C1F8A500DB
:10D690000298C07B019981F8A9000298007C019949
:10D6A00081F8AA000298407C019981F8AB00FFE75D
:10D6B00004E04FF6FE70ADF80E000FE00299087816
:10D6C0000130087004E04FF6FD70ADF80E0005E083
:10D6D0000298B0F80100ADF80E00FFE7BDF80E00AB
:10D6E00004B080BD0000000080B5CAB0DDF840C1C4
:10D6F000DDF83CC1DDF838C1DDF834C1DDF830C1FA
:10D700008DF827014891479246939DF827010138EB
:10D7100001463B91032800F250843B99DFE811F069
:10D720000400B703B803B9034F99B1F8D80AB1F8A8
:10D73000D62A801AA1F8DA0A4F99B1F8000DB1F88B
:10D74000FE2C801AA1F8020D4F99B1F8280FB1F8FC
:10D75000262F801AA1F82A0F4F9941F25010085A2B
:10D7600041F24E128A5A801A41F252128852489857
:10D7700090F845008008C007A0B1FFE74C9890EDF5
:10D78000040A9FEDA11AB4EE410AF1EE10FA04DC8E
:10D79000FFE74E98C07A28B9FFE70020C4F27A303C
:10D7A000459016E04698008E48B1FFE74698008EF7
:10D7B00000EE100AB8EE400A8DED3A0A04E09FED43
:10D7C000930A8DED3A0AFFE79DED3A0A8DED450A81
:10D7D000FFE74898B0F90200404200EE100AB8EEA8
:10D7E000C00A479880ED010A4898B0F9040000EE9D
:10D7F000100AB8EEC00A479880ED000A4898B0F9C0
:10D800000A000DF051FC41EC100B9FED811B53EC15
:10D81000112B51EC100B0DF05FFC41EC100B51EC97
:10D82000100B0DF067FB47998860479890ED000A50
:10D83000B5EE400AF1EE10FA13D1FFE7479890EDEC
:10D84000010AB5EE400AF1EE10FA0AD1FFE7479857
:10D8500090ED020AB5EE400AF1EE10FA00F09F805A
:10D86000FFE741F6F030C2F20000399090ED000A77
:10D870009FED691A30EE010A80ED000A9DED450A20
:10D88000FEF792FC39988DED440A90ED000A9DED6B
:10D89000441AB4EE410AF1EE10FA07DDFFE74498AE
:10D8A00041F6F031C2F200010860FFE741F6E030D6
:10D8B000C2F20000359090ED000AFEF707FFB0EECF
:10D8C000401A9FED560A8DED370ADFED550ACDED72
:10D8D000360AFEF72FFF35989DED371A80EE011AB4
:10D8E000B7EE000A8DED380A30EE411A479991EDF6
:10D8F000000A20EE010A81ED000A90ED000AFEF711
:10D90000E5FEDDED360AB0EE401A9DED370AFEF772
:10D9100011FF9DED372AB0EE401A9DED380A81EED9
:10D92000021A30EE411A479890ED010A20EE010AE2
:10D9300080ED010A41F6F030C2F2000090ED001ACD
:10D94000479991ED000A20EE010A81ED000A90ED61
:10D95000001A479991ED010A20EE010A81ED010AB2
:10D9600090ED001A479890ED020A20EE010A80ED32
:10D97000020A4798006844F2C051C2F200010860F0
:10D980004798406844F2C451C2F2000108604798C9
:10D99000806844F2BC51C2F200010860FFE747987A
:10D9A00090ED020AB5EE400AF1EE10FA08D0FFE75A
:10D9B0004BF2F411C2F200014FF07E500860FFE715
:10D9C000489890F83F00000750B1FFE7479890ED66
:10D9D000020A9FED141A20EE010A80ED020AFFE709
:10D9E000479890ED020AB5EE400AF1EE10FA04D124
:10D9F000FFE74E98007838BBFFE741F6E031C2F20E
:10DA000000010020086084E000003443000034423C
:10DA1000000000000000F83F6F12833A00E02B4541
:10DA200000000000CDCCCC3E00002544000025C401
:10DA300000005CC3AE47E13D00008045E84F493A35
:10DA4000A4703D0AD7A3C03F4898B0F9061000EE75
:10DA5000101AB8EEC00A8DED310A90ED041A1FEDD0
:10DA60000E0A8DED330A5FED0F0ACDED320AFEF797
:10DA700061FEB0EE401A9DED310A30EE010A1FED55
:10DA8000141A80EE010AB6EE001A30EE010A8DED8E
:10DA9000430A9DED431AB7EE000A5FED1A0AFEF73E
:10DAA00049FE8DED430A4798B0F94C009DED430ABD
:10DAB0001FED251AF0EE410AFEF762FCDDED320A99
:10DAC000B0EE401A9DED330A41F6E030C2F200009C
:10DAD00080ED001A4898B0F90610890001EE101A7E
:10DAE000B8EEC11A8DED341A90ED041AB2EE082A80
:10DAF00021EE021AFEF71EFEB0EE401A9DED340A2A
:10DB000030EE010A41F6E830C2F2000080ED000A72
:10DB1000FFE74798B0F94C0000EE100AB8EEC00AD3
:10DB20001FED3B1A30EE010A8DED420A9DED420ACF
:10DB30001FED3E1A20EE010A8DED410A9DED410ACE
:10DB400008F06CFA8DED400A9DED410A08F0A0FF47
:10DB50008DED3F0A47989DED402A90ED000A90ED2B
:10DB6000011A9DED3F3A21EE031A20EE020A30EE33
:10DB7000410A8DED3E0A47989DED3F2A90ED000A3F
:10DB800090ED011A9DED403A21EE031A20EE020AB3
:10DB900030EE010A8DED3D0A9DED3E1A9DED3D0AE8
:10DBA00030EE410A10EE100A0DF082FC41EC100B31
:10DBB0008DED060B4798089080680DF079FC41ECDC
:10DBC000100B8DED000B41F6E030C2F20000229008
:10DBD00000680DF06DFC9DED000B41EC110B8DED1F
:10DBE000021B51EC100B1FED6A0B53EC102B27930B
:10DBF00026920DF071FA9DED020B41EC110B51ECE8
:10DC0000110B53EC102B0DF0A7F941EC100B8DED1F
:10DC1000040B41F6E830C2F200002A9000680DF0D3
:10DC200047FC9DED041B41EC100B51EC110B53EC28
:10DC3000102B0DF091F99DED061B41EC100B53ECF0
:10DC4000112B51EC100B0DF087F941EC100B51EC3E
:10DC5000100B0DF04FF9089948619DED3E0A9DEDBE
:10DC60003D1A30EE010A10EE100A0DF021FC41ECD5
:10DC7000100B8DED120B4798149080680DF018FC76
:10DC80000246229809920A46099942EC101B8DED32
:10DC90000A0B00680DF00CFC9DED0A0B269A279BE1
:10DCA00041EC110B8DED0C1B51EC100B0DF014FA27
:10DCB0009DED0C0B41EC110B51EC110B53EC102BA7
:10DCC0000DF04AF902462A980F920A460F9942EC43
:10DCD000101B8DED100B00680DF0EAFB9DED101B85
:10DCE00041EC100B51EC110B53EC102B0DF034F9EF
:10DCF0009DED121B41EC100B51EC110B53EC102B52
:10DD00000DF02AF941EC100B51EC100B0DF0F2F86C
:10DD1000149988619DED3E0A9DED3D1A30EE410A51
:10DD200010EE100A0DF0C4FB41EC100B8DED1E0B34
:10DD30004798219080680DF0BBFB0246229815920F
:10DD40000A46159942EC101B8DED160B00680DF07C
:10DD5000AFFB9DED160B269A279B41EC110B8DED29
:10DD6000181B51EC100B0DF0B7F99DED180B41ECA1
:10DD7000110B51EC110B53EC102B0DF0EDF802468A
:10DD80002A981B920A461B9942EC101B8DED1C0B26
:10DD900000680DF08DFB9DED1C1B41EC100B51EC50
:10DDA000110B53EC102B0DF0D7F89DED1E1B41EC21
:10DDB000100B51EC110B53EC102B0DF0CDF841EC86
:10DDC000100B51EC100B0DF095F82199C8609DEDEA
:10DDD0003E0AB1EE400A9DED3D1A30EE410A10EECA
:10DDE000100A0DF065FB41EC100B8DED2E0B4798E2
:10DDF000309080680DF05CFB0246229823920A4620
:10DE0000239942EC101B8DED240B00680DF050FBA4
:10DE10009DED240B269A279B41EC110B8DED281BC1
:10DE200051EC100B0DF058F99DED280B41EC110B46
:10DE300051EC110B53EC102B0DF08EF802462A9882
:10DE40002B920A462B9942EC101B8DED2C0B00688F
:10DE50000DF02EFB9DED2C1B41EC100B51EC110B2A
:10DE600053EC102B0DF078F89DED2E1B41EC100BB0
:10DE700051EC110B53EC102B0DF06EF841EC100B24
:10DE800051EC100B0DF036F83099086195E094E0F4
:10DE900093E047984899469A4E9BFEF77BFB8DEDA1
:10DEA0003C0A3C98479908639DED3C0AB1EE400A54
:10DEB000479880ED0D0A479890ED150AFEF706FC8D
:10DEC0009FED3F1AB4EE410AF1EE10FA09DCFFE7CC
:10DED000479890ED180AB5EE400AF1EE10FA08D115
:10DEE000FFE7479890ED170AB8EEC00A80ED0E0ADA
:10DEF00062E0479890F8680040BBFFE741F6E430E5
:10DF0000C2F20000B0F9000000BBFFE7479890EDB7
:10DF1000170AB8EEC00A80ED0E0A479890ED151A60
:10DF200090ED180A30EE410A80ED0C0A479890ED0A
:10DF3000161A90ED190A30EE410A80ED0D0A41F6ED
:10DF4000E431C2F200010120088036E041F6EC31F4
:10DF5000C2F200010888013008804898007B02283E
:10DF60000AD0FFE741F6EC30C2F20000B0F9000041
:10DF7000B0F57A7F0CDDFFE741F6EC31C2F200012B
:10DF80000020088041F6E431C2F200010880FFE77A
:10DF900041F6E430C2F20000B0F9000001280AD0D6
:10DFA000FFE748984799469AFEF74CFA0DF0AEFA0B
:10DFB00047998863FFE7FFE7FFE74AB080BD00BFEE
:10DFC00000401C4580B541F2F870C2F200000089A3
:10DFD000400538B1FFE740F2BC01C2F20001002069
:10DFE0000870FFE740F2BC00C2F200000078012890
:10DFF00008D0FFE700F00AF840F2BC01C2F20001CD
:10E000000870FFE70BF056F980BD000080B50BF0FB
:10E010007FF80A2009F074FF012080BD80B586B02A
:10E0200005900491039243F27010C2F20000019037
:10E03000FFE70198007818B9FFE705F0E3FDFFE777
:10E04000FFE7EFF311804FF0200181F3118800907A
:10E0500005980499039A00F007F80290009880F35D
:10E060001188029806B080BD80B58AB009900891E9
:10E07000079208980490099800EB400143F2701051
:10E08000C2F2000000EBC100183003900398406911
:10E09000029040B1FFE70298012819D0FFE70298EB
:10E0A00002282CD032E0039805F0FEFD059005987B
:10E0B0000799884203D2FFE70020069007E00798FF
:10E0C000069003980499079A06F078F8FFE720E095
:10E0D000039805F0E9FD059005980799884203D259
:10E0E000FFE70598019002E007980190FFE701988B
:10E0F000069003980499069A06F060F809E00398E0
:10E100000499079A05F0E8FF069002E000200690C7
:10E11000FFE706980AB080BD82B080B584B007934F
:10E1200006920390029106A80090039802996A460D
:10E1300000F008F80190019804B0BDE8804002B0FA
:10E140007047000080B5A4B023902291219207A8C7
:10E150001B9040201C9000201D9023991F911E9021
:10E16000FFE7229800788DF88300229801302290F2
:10E170009DF8830008B9FFE76DE19DF8830025282D
:10E1800040F05C81FFE70020189001201A90FFE723
:10E19000229800788DF883009DF88300233801468B
:10E1A00004910D2829D80499DFE801F01F272727BB
:10E1B0002727272717270727270F189840F0010040
:10E1C00018902298013022901AE0189840F002002E
:10E1D000189022980130229012E0189840F0040024
:10E1E00018902298013022900AE0189840F0080018
:10E1F000189022980130229002E000201A90FFE748
:10E20000FFE71A980028C3D1FFE700201790FFE727
:10E21000229800788DF883009DF88300302805DB74
:10E22000FFE79DF883003A2801DBFFE710E0229822
:10E2300001302290179800EB80019DF8830000EBDD
:10E24000410030381790FFE701200028E0D1FFE7B8
:10E2500000201990229800788DF883009DF88300A3
:10E260002E2825D1FFE7229801302290FFE722983F
:10E2700000788DF883009DF88300302805DBFFE7E8
:10E280009DF883003A2801DBFFE710E02298013077
:10E290002290199800EB80019DF8830000EB41006B
:10E2A00030381990FFE701200028E0D1FFE7FFE7B1
:10E2B000229800788DF88300FFE79DF883006C2892
:10E2C00005D0FFE79DF88300682808D1FFE7229872
:10E2D00001302290229800788DF8830000E004E05D
:10E2E000FFE701200028E8D1FFE79DF88300014601
:10E2F0000391252800F09880FFE7039858284FD015
:10E30000FFE70398632814D0FFE7039864281FD021
:10E31000FFE70398702876D0FFE70398732853D05F
:10E32000FFE70398752827D0FFE70398782837D0B0
:10E330007FE0219A1068011D116000681A901A98F8
:10E340008DF81B009DF81B101BA805F089FE71E0DD
:10E35000219A1068011D116000681A901A99199B82
:10E360001798DDF860C06A46C2F804C010601BA8A8
:10E370000A2205F0B9FC5DE0219A1068011D1160C8
:10E3800000681A901A99199B1798DDF860C06A46C0
:10E39000C2F804C010601BA80A2205F08BFD49E0FA
:10E3A000219A1068011D116000681A901A99199B32
:10E3B0001798DDF860C06A46C2F804C010601BA858
:10E3C000102205F077FD35E0219A1068011D1160DB
:10E3D00000680590FFE7059800788DF883000598A0
:10E3E000013005909DF8830008B9FFE70AE09DF829
:10E3F00083101BA805F034FEFFE71E98B0F1FF3F25
:10E40000E9DCFFE716E0219A1068011D1160006841
:10E410001A901A99684600224260082303601BA8DC
:10E42000102205F047FD05E01BA8252105F018FE88
:10E4300000E0FFE722980130229005E09DF883106C
:10E440001BA805F00DFEFFE7FFE71E98B0F1FF3FA8
:10E450003FF787AEFFE71E9801280EDBFFE71D9808
:10E4600030B1FFE723981D9A07A9FFF7D7FDFFE713
:10E470001D991E9808441E90FFE71E9824B080BD89
:10E4800081B0ADF80200BDF8020044F23441C4F29C
:10E490000101086001B0704780B586B00490039117
:10E4A000029204984068B0F5827F13D1FFE7049888
:10E4B0008068B0F5004F06D0FFE704988068B0F59B
:10E4C000806F07D1FFE704980168086820F04000DA
:10E4D0000860FFE704984068B0F5827F31D1FFE71C
:10E4E00004988068B0F5806F15D0FFE70498039B0F
:10E4F00002996A4611608021002200F0CDF848B1EF
:10E50000FFE70499486D40F02000486503208DF82E
:10E5100017002FE014E00498039B02996A461160EB
:10E520000121002200F0B8F848B1FFE70499486DD6
:10E5300040F02000486503208DF817001AE0FFE73F
:10E5400014E00498039B02996A461160012100229D
:10E5500000F0A2F848B1FFE70499486D40F02000B0
:10E56000486503208DF8170004E0FFE700208DF8D0
:10E570001700FFE79DF8170006B080BD80B586B094
:10E5800004900391029240F2C000C2F200000068C1
:10E590004AF6AB21CAF6AA21A0FB011000094DF6EC
:10E5A0008361C4F21B31A0FB0110800C4FF47A711F
:10E5B0004843019004984068B0F5827F15D1FFE789
:10E5C0000498039B02996A4611608021002200F0A2
:10E5D00063F848B1FFE70499486D40F020004865B2
:10E5E00003208DF8170017E012E0FFE7019808B943
:10E5F000FFE70CE0019801380190FFE704980068FC
:10E600008068C1B20020B0EBD11FEFD1FFE7FFE778
:10E6100000208DF81700FFE79DF8170006B080BDB9
:10E6200080B582B0019001980DF1030101220A2307
:10E63000F7F70CFE9DF8030002B080BD80B584B0F2
:10E64000039002918DF80720039802999DF8072006
:10E650000A23F7F7FBFD04B080BD000080B582B04F
:10E6600001908DF8031001980DF1030101220A2396
:10E67000F7F704FF02B080BD80B584B0039002912B
:10E680008DF80720039802999DF807200A23F7F7D1
:10E69000F5FE04B080BD000080B58AB0DDF830C062
:10E6A000089007918DF81B20059305980190F5F7C8
:10E6B0001BFC024601980C99891A08440390F5F74F
:10E6C00013FC0290039840F2C001C2F200010968F5
:10E6D000C1F3CB3148430490FFE708980068806895
:10E6E00007990840401AB0FA80F040099DF81B10C5
:10E6F00088425ED0FFE705980130002858D0FFE738
:10E70000F5F7F2FB0299401A0399884204D2FFE719
:10E710000398002842D1FFE708980168486820F074
:10E72000E000486008984068B0F5827F13D1FFE7A9
:10E7300008988068B0F5004F06D0FFE70898806819
:10E74000B0F5806F07D1FFE708980168086820F0EE
:10E7500040000860FFE70898806AB0F5005F0FD1BD
:10E76000FFE7FFE708980168086820F40050086098
:10E7700008980168086840F400500860FFE7FFE768
:10E780000899012081F85100FFE70899002081F8DD
:10E790005000FFE703208DF827000EE0049818B919
:10E7A000FFE700200390FFE7049801380490FFE79B
:10E7B00093E700208DF82700FFE79DF827000AB0B7
:10E7C00080BD00000000000000000000000000000C
:10E7D000074B19680868B0E8F04F80F30988BFF369
:10E7E0006F8F4FF0000080F31188704700BF00BFAB
:10E7F000C046002084B003900398009000980078F1
:10E80000ADF8080000980130009000980078ADF84D
:10E810000600BDF80610BDF8080040EA0120ADF87A
:10E820000A00BDF80A0004B07047000085B08DED05
:10E83000030ACDED020A8DED011A002000909DED36
:10E84000030A9DED021AB4EE410AF1EE10FA1DDB47
:10E85000FFE79DED010A9DED031AB4EE410AF1EECA
:10E8600010FA03DBFFE70398049032E09DED010A04
:10E870009DED021AB4EE410AF1EE10FA03DCFFE757
:10E880000298049025E00198049022E002980090FC
:10E8900003980290009803909DED010A9DED031AE4
:10E8A000B4EE410AF1EE10FA03DBFFE7039804909F
:10E8B0000FE09DED010A9DED021AB4EE410AF1EE62
:10E8C00010FA03DCFFE70298049002E0019804903C
:10E8D000FFE79DED040A05B07047000080B586B0E3
:10E8E0008DED050ACDED040A8DED031ACDED021A6A
:10E8F0009DED030A9DED041A30EE410A8DED010AEB
:10E900009DED010A9DED051A20EE010A8DED000A2C
:10E910009DED020AF1EE400A9DED001AFDF70AFF97
:10E920008DED000A9DED000A06B080BD86B08DED2C
:10E93000040A9DED040AB5EE400AF1EE10FA03DC7C
:10E94000FFE7002005904AE09DED040AB0EE001AB2
:10E9500080EE010A8DED030A9DED040A9FED221A57
:10E9600020EE010A8DED010AFFE79DED030A9DED02
:10E97000041A20EE000A30EE410A8DED020A9DEDE8
:10E98000021A9DED030A30EE002A81EE021A30EEE3
:10E99000410A8DED030AFFE79DED020A9DED011A84
:10E9A0000120B4EE410AF1EE10FA00900FDCFFE70F
:10E9B0009DED020A9DED011AB1EE411A0020B4EE60
:10E9C000410AF1EE10FAB8BF01200090FFE700986D
:10E9D000C0070028C9D1FFE703980590FFE79DED28
:10E9E000050A06B0704700BF6F12833A80B586B043
:10E9F0000590F3F75BF800200490FFE704980130DE
:10EA0000049004984CF23822C0F601020292694642
:10EA10004A6008604CF29E21C0F601014CF245228A
:10EA2000C0F601024CF23023C0F60103002003902F
:10EA3000FFF772FB029903986A4611604CF27A2143
:10EA4000C0F601014CF23D22C0F601024CF22C232B
:10EA5000C0F60103FFF760FB029903986A46116054
:10EA60004CF25521C0F601014CF24D22C0F60102D4
:10EA70004CF23423C0F60103FFF74EFB012009F0EE
:10EA80003FFABBE780B582B001900BF007FE009023
:10EA900041F66831C2F200010020C4F2E150C863BF
:10EAA0004FF0FF30486447F20000CFF6FF70086473
:10EAB000FFE743F6F810C2F2000043F23862C2F2F8
:10EAC000000243F23003C2F2000340F25221FDF78C
:10EAD000F9FA6846012109F027FAEAE780B58CB017
:10EAE0000B900BF0DBFD0A904BF22072C0F6010296
:10EAF00010685168926809920891079044F2FC40AE
:10EB0000C2F200000021069107AA9FED3B0ADFED4B
:10EB10003B0AFDF729FAB2EE040A9FED391AF7EE27
:10EB2000001A9FED382ADFED382AF0EE420AF9F795
:10EB300059FD069944F20C30C2F20000F8F7F4FCDB
:10EB4000FFE7F1F709FF08B1FFE7FAE7FFE741F652
:10EB5000FC30C2F20000F2F779FEBCEEC00A41F6CA
:10EB60000040C2F2000080ED000A41F64C00C2F203
:10EB7000000003906946486043F22810C2F200008A
:10EB8000086043F2DC00C2F20000103044F27271FF
:10EB9000C2F2000143F23003C2F2000301220592E7
:10EBA000F2F7B0FCF2F778FE039844F28C71C2F2EF
:10EBB0000001049181ED000A44F2FC41C2F200011F
:10EBC000FAF76AFCF2F768FE0498059944F290722D
:10EBD000C2F2000282ED000A92ED000A90ED001AE6
:10EBE00030EE410A43F27860C2F2000080ED000A84
:10EBF0000AA809F099F9AAE700A08C45000016447C
:10EC00008096184B6F12833A0000000070B590B0E8
:10EC10000F900BF043FD0E9044F25C50C2F20000E6
:10EC2000FDF776FA41F66831C2F2000141F628306C
:10EC3000A1F848000020C4F29630486248F2000073
:10EC4000CCF209408862FFE741F64C06C2F20006AA
:10EC50000C9669460E6140F28025C2F200050B95C4
:10EC6000CD6041F65834C2F200040A948C6043F23D
:10EC7000DC00C2F200000890486043F23860C2F243
:10EC800000000990086043F22811C2F200010691C9
:10EC900041F66832C2F200020D9243F23003C2F232
:10ECA000000307930120FEF71FFD0999079A0D98AD
:10ECB0006B465D600831196044F25C53C2F2000398
:10ECC000214608F06BFB0146079844F2C852C2F295
:10ECD00000021170F2F7FAFB0699079B0D9ADDF816
:10ECE00020E00998EC46CCF81060CCF80C50CCF839
:10ECF0000840CCF804E0CCF800000220FEF7F4FC59
:10ED00000A990B9A0C9B0D9809F03EF801460D9854
:10ED100044F2C952C2F200021170B0F94C00B0F5D1
:10ED2000805F0BDDFFE741F66831C2F20001B1F808
:10ED30004C00A0F50050A1F84C0015E041F66830F9
:10ED4000C2F20000B0F94C0010F5805F0BDAFFE76B
:10ED500041F66831C2F20001B1F84C0000F50050F4
:10ED6000A1F84C00FFE7FFE70EA8012109F0DCF84D
:10ED70006AE7000080B582B001900BF08FFC009034
:10ED8000FFF744F9FFE7FFF71DF90A2009F0B8F88B
:10ED9000F9E7000080B582B001900BF07FFC009095
:10EDA00009F024F8FFE708F071FF4AF63C20C2F2B0
:10EDB000000080ED000A6846052109F0B5F8F2E789
:10EDC00080B582B04FF0500080F31188BFF36F8F91
:10EDD000BFF34F8F00900BF06BFC40B1FFE74EF696
:10EDE0000451CEF200014FF080500860FFE7002090
:10EDF0000190019880F3118802B080BD80B594B075
:10EE000008A83021F1F7E6FB002007900690059056
:10EE100004900390FFE70020029043F64000C4F204
:10EE20000200016841F080510160006800F08050EC
:10EE300002900298FFE7FFE70020019047F20000F0
:10EE4000C4F20000016841F480410160006800F4F0
:10EE5000804001900198FFE7012008904FF4803036
:10EE6000099002200E904FF480010F91062110911D
:10EE7000A821119112900720139008A8F6F7F4FC2E
:10EE800018B1FFE7F2F70AFEFFE70F200390022018
:10EE90000490002005904FF4A05006904FF480504D
:10EEA000079003A80521F6F7E5FA18B1FFE7F2F796
:10EEB000F5FDFFE714B080BD4EF68851CEF200019B
:10EEC000086840F4700008607047000080B544F2A4
:10EED0000C30C2F20000F8F789F880BD80B544F22A
:10EEE0005430C2F20000F8F781F880BD80B582B0DE
:10EEF00044F2E430C2F200000190F8F777F801988C
:10EF0000F1F784FE02B080BD83B0029001910298B7
:10EF10000068009002980021C4F20101884225D0C7
:10EF2000FFE70298B0F1804F20D0FFE7029840F24F
:10EF30000041C4F20001884218D0FFE7029840F671
:10EF40000001C4F20001884210D0FFE7029840F6A9
:10EF50000041C4F20001884208D0FFE7029840F265
:10EF60000041C4F2010188420AD1FFE7009820F075
:10EF70007000009001984168009808430090FFE7F6
:10EF800002980021C4F20101884255D0FFE702989F
:10EF9000B0F1804F50D0FFE7029840F20041C4F238
:10EFA0000001884248D0FFE7029840F60001C4F211
:10EFB0000001884240D0FFE7029840F60041C4F2C9
:10EFC0000001884238D0FFE7029840F20041C4F2C5
:10EFD0000101884230D0FFE7029844F20001C4F2F8
:10EFE0000101884228D0FFE7029844F20041C4F2B0
:10EFF0000101884220D0FFE7029844F60001C4F2E4
:10F000000101884218D0FFE7029841F60001C4F2DE
:10F010000001884210D0FFE7029841F60041C4F297
:10F020000001884208D0FFE7029842F20001C4F2D2
:10F03000000188420AD1FFE7009820F44070009058
:10F040000198C168009808430090FFE7009820F0FD
:10F05000800001994969084300900098029908606E
:10F06000019880680299C8620198006802998862D4
:10F0700002980021C4F20101884208D0FFE70298FB
:10F0800040F20041C4F20101884205D1FFE7019836
:10F09000006902990863FFE702990120486103B003
:10F0A0007047000084B0039002910192029800F032
:10F0B0001F01012088400090009A0399086A90433C
:10F0C00008620198029901F01F0100FA01F2039908
:10F0D000086A1043086204B07047000085B00490CD
:10F0E000039102920193049880680090009820F4A4
:10F0F0007F40009003980299019A41EA022101435E
:10F1000000980843009000980499886005B0704703
:10F1100083B002900191029880680090009820F0DE
:10F120007000009001980099084340F0070000909B
:10F1300000980299886003B07047000085B0049081
:10F1400003910499086A20F0010008620498006A9B
:10F150000190049840680090049880690290029899
:10F1600020F070000290029820F0030002900398B3
:10F170000168029808430290019820F00200019073
:10F180000398816801980843019004980021C4F213
:10F190000101884208D0FFE7049840F20041C4F220
:10F1A000010188420ED1FFE7019820F0080001908C
:10F1B0000398C168019808430190019820F0040069
:10F1C0000190FFE704980021C4F20101884208D0B1
:10F1D000FFE7049840F20041C4F20101884213D1D4
:10F1E000FFE7009820F480700090009820F40070F1
:10F1F0000090039841690098084300900398816942
:10F20000009808430090FFE700980499486002982E
:10F2100004998861039840680499486301980499A7
:10F22000086205B07047000085B00490039104990E
:10F23000086A20F0100008620498006A019004989F
:10F2400040680090049880690290029820F4E040A1
:10F250000290029820F4407002900398016802988E
:10F2600040EA01200290019820F0200001900398CC
:10F270008168019840EA0110019004980021C4F2CD
:10F280000101884208D0FFE7049840F20041C4F22F
:10F29000010188420FD1FFE7019820F08000019022
:10F2A0000398C168019840EA01100190019820F08C
:10F2B00040000190FFE704980021C4F20101884258
:10F2C00008D0FFE7049840F20041C4F201018842EF
:10F2D00015D1FFE7009820F480600090009820F49A
:10F2E0000060009003984169009840EA8100009016
:10F2F00003988169009840EA81000090FFE7009838
:10F3000004994860029804998861039840680499B8
:10F31000886301980499086205B0704785B004902D
:10F3200003910499086A20F4807008620498006AC6
:10F3300001900498406800900498C0690290029877
:10F3400020F070000290029820F0030002900398D1
:10F350000168029808430290019820F4007001901F
:10F3600003988168019840EA0120019004980021E7
:10F37000C4F20101884208D0FFE7049840F200413E
:10F38000C4F2010188420FD1FFE7019820F4006028
:10F3900001900398C168019840EA0120019001980A
:10F3A00020F480600190FFE704980021C4F201017D
:10F3B000884208D0FFE7049840F20041C4F20101FE
:10F3C000884215D1FFE7009820F480500090009803
:10F3D00020F40050009003984169009840EA011021
:10F3E000009003988169009840EA01100090FFE7BF
:10F3F00000980499486002980499C861039840688D
:10F400000499C86301980499086205B07047000028
:10F4100085B0049003910499086A20F48050086232
:10F420000498006A01900498406800900498C069AC
:10F430000290029820F4E0400290029820F440707C
:10F44000029003980168029840EA01200290019816
:10F4500020F40050019003988168019840EA01303F
:10F46000019004980021C4F20101884208D0FFE70E
:10F47000049840F20041C4F2010188420BD1FFE739
:10F48000009820F48040009003984169009840EA79
:10F4900081100090FFE70098049948600298049951
:10F4A000C861039840680499086401980499086247
:10F4B00005B0704785B00490039102920498006AE9
:10F4C00000900499086A20F001000862049880699D
:10F4D0000190019820F0F00001900299019840EA13
:10F4E00001100190009820F00A0000900399009804
:10F4F0000843009001980499886100980499086273
:10F5000005B0704785B00490039102920499086A8F
:10F5100020F0100008620498806901900498006A45
:10F520000090019820F4704001900299019840EAFF
:10F5300001300190009820F0A000009003990098FD
:10F5400040EA01100090019804998861009804999C
:10F55000086205B07047000080B582B00190019844
:10F56000806B009000990020C8850099C88400989D
:10F57000F8F73EF902B080BD80B584B0039000205A
:10F5800002900398806B0190019800684069C0B2B6
:10F59000C0090290019890F83D0021280AD1FFE7A8
:10F5A000029838B1FFE701990020C884019800F063
:10F5B00059F9FFE7019800684069C0F38010029094
:10F5C000019890F83E0022280AD1FFE7029838B14E
:10F5D000FFE701990020C885019800F0E5F8FFE7F2
:10F5E0000199086C40F0100008640198F8F700F9E0
:10F5F00004B080BD80B586B005900598806B0490FE
:10F60000059800680068C00500285AD4FFE70499EF
:10F610000020C885FFE7FFE70498006850E8030F63
:10F6200020F480700390FFE703990498026842E891
:10F6300003100028F0D1FFE7FFE7FFE7FFE704989A
:10F64000006850E8050F20F001000290FFE70299E2
:10F650000498026842E805100028F0D1FFE7FFE7B0
:10F66000FFE7FFE70498006850E8050F20F040002E
:10F670000190FFE701990498026842E8051000280C
:10F68000F0D1FFE7FFE70499202081F83E000498BD
:10F69000006B012814D1FFE7FFE7FFE7049800683B
:10F6A00050E8030F20F010000090FFE70099049845
:10F6B000026842E803100028F0D1FFE7FFE7FFE708
:10F6C000FFE70498006B012805D1FFE70498818DBE
:10F6D000F8F722F803E00498F8F70AFDFFE706B010
:10F6E00080BD000080B582B001900198806B0090D1
:10F6F0000098006B012806D1FFE70098818D49082A
:10F70000F8F70AF803E00098F8F7F6FCFFE702B014
:10F7100080BD000080B584B003900398806B029098
:10F72000039800680068C00500282AD4FFE7029902
:10F730000020C884FFE7FFE70298006850E8050F43
:10F7400020F080000190FFE701990298026842E8EA
:10F7500005100028F0D1FFE7FFE7FFE7FFE7029879
:10F76000006850E8030F40F040000090FFE7009968
:10F770000298026842E803100028F0D1FFE7FFE793
:10F7800003E00298F8F744FDFFE704B080BD0000F5
:10F7900080B582B001900198806B00900098F8F7D6
:10F7A0003BFD02B080BD000084B00390FFE7FFE79F
:10F7B0000398006850E8030F20F490700290FFE770
:10F7C00002990398026842E803100028F0D1FFE78D
:10F7D000FFE7FFE7FFE70398006850E8050F20F018
:10F7E00001000190FFE701990398026842E80510C3
:10F7F0000028F0D1FFE7FFE70398006B012814D140
:10F80000FFE7FFE7FFE70398006850E8030F20F0E9
:10F8100010000090FFE700990398026842E8031087
:10F820000028F0D1FFE7FFE7FFE70399202081F8E8
:10F830003E0003990020086304B0704780B582B091
:10F84000019001980168C86820F04000C8600199E3
:10F85000202081F83D000198F8F7DAFC002002B082
:10F8600080BD000082B00190FFE7FFE701980068CB
:10F8700050E8030F20F0C0000090FFE700990198C6
:10F88000026842E803100028F0D1FFE7FFE7019982
:10F89000202081F83D0002B07047000080B586B09E
:10F8A0000490049890F83E00222840F0A180FFE7E1
:10F8B00004988068B0F5805F15D1FFE7049800696F
:10F8C00088B9FFE7002003900498806A02900498AA
:10F8D000006840686FF35F20029908800499886A85
:10F8E0000230886225E00498806A0390002002902C
:10F8F00004988068B0F5805F08D0FFE704988068BE
:10F9000050B9FFE70498006930B9FFE70498006830
:10F9100040680399087007E004980068406800F0A8
:10F920007F0003990870FFE70499886A01308862B4
:10F93000FFE70499C88D0138C8850004002853D119
:10F94000FFE704980168C86820F02000C8600498A8
:10F950000168C86820F48070C8600498016848692C
:10F9600020F0010048610499202081F83E000498AD
:10F97000006B012830D1FFE7049900200863FFE7FE
:10F98000FFE70498006850E8030F20F01000019092
:10F99000FFE701990498026842E803100028F0D1BB
:10F9A000FFE7FFE7049800680068C00600280ED54E
:10F9B000FFE7FFE7002000900498006800680090CF
:10F9C00004980068406800900098FFE7FFE70498FB
:10F9D000818DF7F7A1FE03E00498F8F789FBFFE7B4
:10F9E00000208DF8170007E000208DF8170003E0D5
:10F9F00002208DF81700FFE79DF8170006B080BDC4
:10FA000080B586B0059005980068006920F44050E4
:10FA1000059A1168D26810430861059988680B69D6
:10FA20004A69C9691843104308430490059800685F
:10FA3000C06849F20C618843049908430599096834
:10FA4000C86005980068406920F44070059A116804
:10FA50009269104348610598006841F20001C4F2C0
:10FA60000101884209D0FFE70598006841F2004192
:10FA7000C4F20101884204D1FFE7F5F76FFE03905D
:10FA800003E0F5F759FE0390FFE70598C069B0F56C
:10FA9000004F29D1FFE703981921A0FB0101059A26
:10FAA0001368029353685A00DB0FF0F7FDFB0299CD
:10FAB000864648F21F53C5F2EB13AEFB0320420902
:10FAC00010014FF0640C02FB1CEC322202EBCC0262
:10FAD000A2FB0332F82303EA521300EB4300C2F304
:10FAE00042121044886026E003981921A0FB01010E
:10FAF000059A1368019353689A009B0FF0F7D4FBA3
:10FB00000199844648F21F52C5F2EB12ACFB023059
:10FB10004309642003FB10CC322000EB0C10A0FB47
:10FB20000202F02000EA521000EB0310C2F343126D
:10FB300010448860FFE706B080BD000080B588B043
:10FB400007900691ADF81620069807998862BDF8CF
:10FB5000160007998885079900200864079A2221D2
:10FB600082F83E1007998A6B4FF2F551C0F60001FA
:10FB7000D16307998A6B4FF2E561C0F60001116409
:10FB800007998A6B4FF27951C0F60001D164079949
:10FB9000896B086506A8049007980168806B04319A
:10FBA000049A1268BDF81630F3F7DCFEFFE7002078
:10FBB0000390079800680068039007980068406801
:10FBC00003900398FFE7FFE70799002081F83C00C6
:10FBD000FFE707980069A0B1FFE7FFE7FFE7079895
:10FBE000006850E8030F40F480700290FFE702992C
:10FBF0000798026842E803100028F0D1FFE7FFE70A
:10FC0000FFE7FFE7FFE70798006850E8050F40F0BF
:10FC100001000190FFE701990798026842E805108A
:10FC20000028F0D1FFE7FFE7FFE7FFE7079800684C
:10FC300050E8050F40F040000090FFE7009907985A
:10FC4000026842E805100028F0D1FFE7FFE7002036
:10FC500008B080BD83B00190019890F83D00212844
:10FC60003AD1FFE701988068B0F5805F13D1FFE7D4
:10FC70000198006978B9FFE70198006A0090009840
:10FC800000886FF35F200199096848600199086A4C
:10FC90000230086208E0019A106A411C1162007883
:10FCA000019909684860FFE70199C88C0138C88448
:10FCB000000468B9FFE701980168C86820F0800077
:10FCC000C86001980168C86840F04000C860FFE75C
:10FCD00000208DF80B0003E002208DF80B00FFE7F9
:10FCE0009DF80B0003B0704780B582B044F22C4001
:10FCF000C2F200000190F7F77FFD0198F0F7A4FF32
:10FD000002B080BD80B582B044F27040C2F2000003
:10FD10000190F7F771FD0198F0F796FF02B080BDF2
:10FD200080B582B044F2B440C2F200000190F7F70F
:10FD300063FD0198F0F788FF02B080BD80B586B002
:10FD400004908DF80F100498D0F8C8020190049820
:10FD5000D0F8D41200EB8100D0F8C00220B9FFE740
:10FD600003208DF817005FE00498D0F8D41200EB60
:10FD70008100D0F8C002029004989DF80F1001F0A5
:10FD80000F0101EB810100EB8100806940B3FFE7C7
:10FD900004989DF80F1001F00F0101EB810200EBB8
:10FDA00082008269019801EBC10100EB8100816C46
:10FDB000B2FBF1F000FB112090B9FFE704989DF829
:10FDC0000F1001F00F0101EB810100EB8100002316
:10FDD000836104989DF80F101A4601F083FD1FE01F
:10FDE00002990020C1F814020498D0F8D41200EB54
:10FDF0008100D0F8C402006988B1FFE70498D0F808
:10FE0000D41200EB8100D0F8C40203690299D1F842
:10FE1000080201F504719DF80F209847FFE7FFE7FE
:10FE200000208DF81700FFE79DF8170006B080BD91
:10FE300080B584B002908DF807100298D0F8D412E3
:10FE400000EB8100D0F8C00200900298D0F8D412E4
:10FE500000EB8100D0F8C00220B9FFE703208DF845
:10FE60000F0019E002989DF8071001F0CBFA0099F5
:10FE7000C1F80C020298D0F8D41200EB8100D0F83F
:10FE8000C402C2680099D1F8040201F503719047D9
:10FE900000208DF80F00FFE79DF80F0004B080BD33
:10FEA00080B586B005908DF81310059840F20901D1
:10FEB000C2F200010091097801F0BCF800990598A0
:10FEC000097801F00F0101EB810100EB81010020B5
:10FED00003908884059840F20A01C2F20001019162
:10FEE000097801F0A7F8019A03980599127802F0B1
:10FEF0000F0202EB820201EB8201A1F86401059876
:10FF000040F20801C2F200010291097801F092F872
:10FF1000029A03980599137803F00F0303EB830308
:10FF200001EB830188840599127802F00F0202EB3D
:10FF3000820201EB8201C8840598D0F8D41200EB4C
:10FF40008100D0F8C002F0B1FFE70598D0F8D412D4
:10FF500000EB8100D0F8C402406880470598D0F8D3
:10FF6000D41200EB8100D0F8C00202F057F90598D6
:10FF7000D0F8D41200EB81010020C1F8C00205992D
:10FF8000C1F8BC02FFE7002006B080BD80B584B098
:10FF900002900298D0F8D41200EB8100D0F8C00291
:10FFA0000190019820B9FFE703208DF80F0025E0AC
:10FFB0000298D0F8D41200EB8100D0F8C402C8B186
:10FFC000FFE7019890F80002FF2813D0FFE702989E
:10FFD000D0F8D41200EB8100D0F8C40283680199F4
:10FFE00091F8000291F8012298470199FF2081F8C9
:10FFF0000002FFE700208DF80F00FFE79DF80F00DB
:020000040801F1
:1000000004B080BD81B0009000990A20088040F2C1
:100010004C10C2F2000001B07047000080B586B0FD
:10002000059040F20810C2F200000190822100F019
:100030009BFE014601980491012100F095FE0146C6
:1000400001980391812100F08FFE0290049820B165
:10005000FFE7049910208871FFE7039820B1FFE7BC
:10006000039940208880FFE7029820B1FFE70299BA
:1000700040208880FFE705994320088040F208105F
:10008000C2F2000006B080BD80B586B0059040F297
:100090000810C2F200000190822100F065FE0146C6
:1000A00001980491012100F05FFE0146019803913F
:1000B000812100F059FE0290049820B1FFE70499D5
:1000C00010208871FFE7039828B1FFE703994FF4E8
:1000D00000708880FFE7029828B1FFE702994FF48B
:1000E00000708880FFE705994320088040F20810DF
:1000F000C2F2000006B080BD80B586B0059040F227
:100100000810C2F200000190822100F02DFE01468D
:1001100001980491012100F027FE01460198039106
:10012000812100F021FE0290049820B1FFE704999C
:1001300010208871FFE7039820B1FFE70399402062
:100140008880FFE7029820B1FFE70299402088806D
:10015000FFE705994320088040F20810C2F2000032
:1001600006B080BD80B590B00E908DF837104FF47A
:10017000077002F057F80C900C9860B9FFE70E98E2
:10018000D0F8D41200EB81010020C1F8C002022097
:100190008DF83F00F0E00C984FF40771F0F71AFA71
:1001A0000C980E99D1F8D42201EB8201C1F8C0025B
:1001B0000E99D1F8D40201EB8000D0F8C002C1F84A
:1001C000BC020E98007C002840D1FFE70E9840F258
:1001D0000901C2F2000107910978022208924FF446
:1001E0000073099301F0FAF90799089A099B0E9890
:1001F000097801F00F0101EB810100EB8101012081
:100200000B9088840E9840F20A01C2F200010A9114
:10021000097801F0E3F90A9A0B980E99127802F026
:100220000F0202EB820201EB8201A1F864010E9839
:1002300040F20801C2F20001097801F00F0101EB60
:10024000810100EB81011020C8843EE00E9840F24D
:100250000901C2F2000102910978022203924023AF
:10026000049301F0BBF90299039A049B0E98097854
:1002700001F00F0101EB810100EB810101200690EB
:1002800088840E9840F20A01C2F2000105910978B3
:1002900001F0A4F9059A06980E99127802F00F025F
:1002A00002EB820201EB8201A1F864010E9840F298
:1002B0000801C2F20001097801F00F0101EB810190
:1002C00000EB81011020C884FFE70E9840F208017E
:1002D000C2F20001009109780322082301F07EF99F
:1002E00000990E98097801F00F0101EB810100EBF4
:1002F0008101012088840C9900200190C1F804023A
:100300000E98D0F8D41200EB8100D0F8C402006837
:10031000804701980C99C1F814020C99C1F8180291
:100320000C98D0F8040220B9FFE702208DF83F00B6
:1003300022E00E98007C70B9FFE70E9840F20A01A7
:10034000C2F2000109780C9AD2F804224FF400732B
:1003500001F06AF90CE00E9840F20A01C2F20001C5
:1003600009780C9AD2F80422402301F05DF9FFE7E6
:1003700000208DF83F00FFE79DF83F0010B080BDE2
:1003800080B584B002900298D0F8D41200EB8100BE
:10039000D0F8C00201900298D0F8D41200EB81008E
:1003A000D0F8C00220B9FFE703208DF80F0022E04B
:1003B0000298007C70B9FFE7029840F20A01C2F28D
:1003C00000010978019AD2F804224FF4007301F079
:1003D0002BF90CE0029840F20A01C2F20001097800
:1003E000019AD2F80422402301F01EF9FFE7002011
:1003F0008DF80F00FFE79DF80F0004B080BD0000EE
:1004000083B001900091009820B9FFE703208DF898
:100410000B000BE000980199D1F8D42201EB820186
:10042000C1F8C40200208DF80B00FFE79DF80B0017
:1004300003B0704784B0029001910298D0F8D412B2
:1004400000EB8100D0F8C0020090009820B9FFE7CF
:1004500003208DF80F0007E001980099C1F804020D
:1004600000208DF80F00FFE79DF80F0004B07047E3
:1004700085B00390029101920398D0F8D41200EB5A
:100480008100D0F8C0020090009820B9FFE7032057
:100490008DF813000BE002980099C1F8080201984A
:1004A0000099C1F8100200208DF81300FFE79DF8B5
:1004B000130005B07047000080B58AB0089007911E
:1004C0000898D0F8D41200EB8100D0F8C002069052
:1004D00000208DF81500ADF812008DF81100069877
:1004E00020B9FFE703208DF82700C7E007980078C0
:1004F00000F060000146039100285ED0FFE70398FA
:10050000202840F0AE80FFE70798C088002846D03A
:10051000FFE7079800780006002823D5FFE7089832
:10052000D0F8D41200EB8100D0F8C4028368079A97
:1005300050780699D28898470798C088082803D32E
:10054000FFE70720029003E00798C0880290FFE7CA
:100550000298ADF8160008980699BDF8162000F02C
:1005600081F91BE007984078069981F80002079806
:10057000C0883F2804D8FFE70798C088019002E0B0
:1005800040200190FFE70198069981F80102089840
:10059000069991F8012200F037F9FFE70CE008987E
:1005A000D0F8D41200EB8100D0F8C4028368079918
:1005B000487800229847FFE75BE0079840780146BB
:1005C00000910B2844D80099DFE801F0064142422F
:1005D0004242424242421C32089890F89C02032850
:1005E00007D1FFE708980DF11201022200F03AF955
:1005F00007E00898079900F0F9F803208DF811003A
:10060000FFE72DE0089890F89C02032807D1FFE748
:1006100008980DF11501012200F024F907E008986F
:10062000079900F0E3F803208DF81100FFE717E0C9
:10063000089890F89C02032808D0FFE708980799CB
:1006400000F0D4F803208DF81100FFE708E007E080
:100650000898079900F0CAF803208DF81100FFE709
:1006600007E00898079900F0C1F803208DF8110001
:10067000FFE79DF811008DF82700FFE79DF82700A0
:100680000AB080BD80B584B002900298D0F8D41230
:1006900000EB8100D0F8C002019001208DF803002A
:1006A0000298D0F8D41200EB8100D0F8C00220B933
:1006B000FFE703208DF80F002AE00198D0F814021C
:1006C00008BBFFE701990120C1F814020198D0F896
:1006D0001002029A40F20901C2F200010B7803F005
:1006E0000F0303EB830302EB830290610298097806
:1006F000019BD3F80822D3F8103201F0F3F8002060
:100700008DF80300FFE79DF803008DF80F00FFE769
:100710009DF80F0004B080BD80B582B001908DF8C7
:10072000031000208DF802000198D0F8B8124A6832
:100730009DF80310904720B1FFE703208DF80200D9
:10074000FFE79DF8020002B080BD000080B582B0D6
:1007500001900091019890F89C02013802280ED86F
:10076000FFE700984088012808D1FFE701990020A1
:10077000C1F8A402019800F08FF8FFE704E00198A7
:10078000009900F033F8FFE702B080BD82B001901D
:100790008DF80310002002B07047000082B0019075
:1007A0008DF80310002002B07047000080B584B0BF
:1007B0000390029101920398029A019B00210091FB
:1007C00000F032FF009804B080BD000080B584B016
:1007D0000390029101920398029A019B00210091DB
:1007E00001F080F8009804B080BD000080B582B0B0
:1007F000019000910198802101F02CF801980021CE
:1008000001F028F802B080BD80B584B00390029159
:10081000019203990320C1F8940201980399C1F849
:10082000580101980399C1F85C010398029A019B51
:100830000021009100F0F8FE009804B080BD000097
:1008400080B582B0019001990520C1F89402019809
:100850000023009319461A4600F0E6FE009802B005
:1008600080BD000080B584B003900291019203998D
:100870000220C1F8940201980399886101980399B4
:10088000C8610398029A019B0021009101F02AF8A7
:10089000009804B080BD000080B582B0019001993D
:1008A0000420C1F8940201980023009319461A46C7
:1008B00001F018F8009802B080BD000080B582B049
:1008C0008DF8070000919DF8070060B9FFE7009AD6
:1008D0004CF20430C0F6010041F61041C2F20001B2
:1008E00000F0DEFA0BE0009A4CF20430C0F6010092
:1008F00041F61041C2F2000100F0D2FAFFE741F6E2
:100900001040C2F2000002B080BD000082B08DF83D
:100910000700009100991220088040F25810C2F29E
:10092000000002B07047000080B582B08DF807006B
:1009300000919DF8070060B9FFE7009A4CF2F6209D
:10094000C0F6010041F61041C2F2000100F0A8FA21
:100950000BE0009A4CF2F620C0F6010041F610417F
:10096000C2F2000100F09CFAFFE741F61040C2F22B
:10097000000002B080BD000082B08DF80700009139
:1009800000990420088040F28010C2F2000002B0FA
:100990007047000080B584B08DF80F000291029A74
:1009A0004CF20F30C0F6010041F61041C2F20001D6
:1009B000019100F075FA019804B080BD80B582B055
:1009C0008DF8070000919DF8070060B9FFE7009AD5
:1009D0004CF22230C0F6010041F61041C2F2000193
:1009E00000F05EFA0BE0009A4CF22230C0F60100F3
:1009F00041F61041C2F2000100F052FAFFE741F661
:100A00001040C2F2000002B080BD000080B582B08C
:100A10008DF80700009100991A200880F1F742F93B
:100A200040F28410C2F2000002B080BD80B584B0F4
:100A3000039002910298C088012805D0FFE703982F
:100A40000299FFF7D3FE21E0039890F89C12481E0C
:100A50000191022804D3FFE7019803280AD00FE090
:100A6000039900208860039800F108010122FFF734
:100A7000F9FE0AE00398011D0122FFF7F3FE04E0EE
:100A800003980299FFF7B2FEFFE7FFE704B080BDCD
:100A900080B588B0079006910020ADF8160004904C
:100AA0008DF80F000698C07801380146029106289B
:100AB00000F21E810299DFE811F0070011002E00FC
:100AC0001B011B01E80000010798D0F8B4120A6866
:100AD000007C0DF116019047049013E10798007C0B
:100AE00060B9FFE70798D0F8B802816A0DF11600E7
:100AF000884704900499022048700BE00798D0F8CA
:100B0000B802C16A0DF116008847049004990220CA
:100B10004870FFE7F6E006988078014601910528C5
:100B200000F2A8800199DFE801F0031E39546F8AB2
:100B30000798D0F8B402406850B1FFE70798D0F8A2
:100B4000B4124A68007C0DF116019047049009E048
:100B500007980699FFF74AFE9DF80F0001308DF8BF
:100B60000F00FFE790E00798D0F8B402806850B11A
:100B7000FFE70798D0F8B4128A68007C0DF11601DF
:100B80009047049009E007980699FFF72FFE9DF81B
:100B90000F0001308DF80F00FFE775E00798D0F8DF
:100BA000B402C06850B1FFE70798D0F8B412CA6821
:100BB000007C0DF116019047049009E00798069912
:100BC000FFF714FE9DF80F0001308DF80F00FFE7CE
:100BD0005AE00798D0F8B402006950B1FFE70798CF
:100BE000D0F8B4120A69007C0DF116019047049008
:100BF00009E007980699FFF7F9FD9DF80F0001300D
:100C00008DF80F00FFE73FE00798D0F8B402406985
:100C100050B1FFE70798D0F8B4124A69007C0DF193
:100C200016019047049009E007980699FFF7DEFD4A
:100C30009DF80F0001308DF80F00FFE724E00798C2
:100C4000D0F8B402806950B1FFE70798D0F8B41229
:100C50008A69007C0DF116019047049009E007981D
:100C60000699FFF7C3FD9DF80F0001308DF80F00C6
:100C7000FFE709E007980699FFF7B8FD9DF80F0018
:100C800001308DF80F00FFE73CE00798007C48B981
:100C9000FFE70798D0F8B802416B0DF116008847BE
:100CA000049009E007980699FFF7A0FD9DF80F0052
:100CB00001308DF80F00FFE724E00798007C60B951
:100CC000FFE70798D0F8B802016B0DF116008847CE
:100CD000049004990720487009E007980699FFF7E7
:100CE00085FD9DF80F0001308DF80F00FFE709E04A
:100CF00007980699FFF77AFD9DF80F0001308DF8EF
:100D00000F00FFE79DF80F0008B1FFE72AE0069803
:100D1000C08818B3FFE7BDF81600C8B1FFE7BDF8FB
:100D200016000699C988884204DAFFE7BDF8160064
:100D3000009003E00698C0880090FFE70098ADF8A7
:100D4000160007980499BDF81620FFF78BFD04E004
:100D500007980699FFF74AFDFFE703E00798FFF7BA
:100D60009BFDFFE708B080BD80B586B005908DF88B
:100D700013100598039005980290002001900299A5
:100D800048880978884227DDFFE702980078ADF8A7
:100D90000200FFE7BDF802000299498888421ADA8A
:100DA000FFE703980DF1020100F034F80390039877
:100DB000407805280ED1FFE70398019001988078CC
:100DC0009DF81310884201D1FFE704E00020019054
:100DD000FFE7FFE7DEE7FFE7019806B080BD000010
:100DE00083B0029000208DF8070002980090FFE782
:100DF0000098007848B1FFE79DF8070001308DF8B2
:100E00000700009801300090F2E79DF8070003B05A
:100E10007047000083B00290019102980090009802
:100E2000027801990888104408800298009909788E
:100E300008440090009803B07047000080B582B06D
:100E400001900091019890F89C02013802281FD867
:100E5000FFE70098C088022805D0FFE701980099B5
:100E6000FFF7C4FC19E001990120C8600198D0F88F
:100E7000A40230B1FFE70199C86840F00200C860E1
:100E8000FFE7019800F10C010222FFF7EBFC04E000
:100E900001980099FFF7AAFCFFE702B080BD0000AF
:100EA00080B586B005900491039200208DF80B0068
:100EB000059808B9FFE73DE0059801900198FFF714
:100EC0008FFF0146022000EB410003990880039840
:100ED000007804999DF80B2088549DF80B00013090
:100EE0008DF80B0004999DF80B20032088549DF881
:100EF0000B0001308DF80B00FFE701980078C8B1B6
:100F0000FFE70198007804999DF80B208854019818
:100F1000013001909DF80B0001308DF80B00049911
:100F20009DF80B20002088549DF80B0001308DF8AF
:100F30000B00E2E706B080BD82B08DF8070000200C
:100F40008DF806009DF8070001460091032814D88B
:100F50000099DFE801F002060A0E00208DF8060075
:100F60000FE003208DF806000BE001208DF806004D
:100F700007E003208DF8060003E003208DF806004B
:100F8000FFE79DF8060002B07047000080B584B00E
:100F9000029001918DF80320029820B9FFE7032009
:100FA0008DF80F0023E002990020C1F8B8020299E1
:100FB000C1F8C4020299C1F8D002019828B1FFE734
:100FC00001980299C1F8B402FFE70299012081F863
:100FD0009C029DF8030002990870029800F020FA24
:100FE0008DF802009DF802008DF80F00FFE79DF8D4
:100FF0000F0004B080BD000080B582B001908DF874
:10100000031000208DF802008DF801000198D0F83F
:10101000C8029DF80310F3F785F98DF802009DF8DA
:101020000200FFF789FF8DF801009DF8010002B072
:1010300080BD000080B582B001908DF803100020C3
:101040008DF802008DF801000198D0F8C8029DF8D3
:101050000310F3F713F98DF802009DF80200FFF773
:101060006BFF8DF801009DF8010002B080BD00000B
:1010700080B588B006908DF8171004929DF817007F
:10108000002875D1FFE70698143003900698D0F831
:10109000940202285DD1FFE703998868C9688842F5
:1010A00012D9FFE703998868CA68801A8860069891
:1010B0000499039A9268FFF789FB06980023194662
:1010C0001A4600F0B1FA43E003988168C06888428C
:1010D0001ED1FFE703994868C968884218D3FFE723
:1010E000039840680699D1F89812884210D2FFE719
:1010F0000698002201921146FFF768FB019B0698B3
:10110000C0F89832069819461A4600F08DFA1EE08B
:10111000069890F89C02032811D1FFE70698D0F8B2
:10112000B802C06850B1FFE706990020C1F8D402A8
:101130000698D0F8B812C9688847FFE7FFE7069815
:10114000802100F087FB0698FFF77AFBFFE7FFE7B7
:1011500000E0FFE7069890F8A00240B1FFE706988C
:1011600000F04EFC0699002081F8A002FFE740E065
:1011700006989DF8171041F08001FFF707FB8DF8E6
:101180000A009DF80A00FF2832D0FFE79DF80A0008
:1011900070BBFFE7069890F89C02032827D1FFE771
:1011A00006989DF80A1000EB8100D0F8B80240695B
:1011B000E0B1FFE79DF80A000699C1F8D40206984D
:1011C0009DF80A1000EB8101D1F8B8124A699DF828
:1011D000171090478DF80B009DF80B0028B1FFE722
:1011E0009DF80B008DF81F0007E0FFE7FFE7FFE722
:1011F000FFE700208DF81F00FFE79DF81F0008B0F3
:1012000080BD000080B58AB008908DF81F1006924E
:1012100000208DF813009DF81F00002840F0838007
:10122000FFE7089800F5AA7005900898D0F8940296
:10123000032876D1FFE705998868C96888421DD9D7
:10124000FFE705998868CA68801A88600898029044
:101250000698039005998868C968884204D2FFE718
:1012600005988068019003E00598C0680190FFE749
:1012700003990298019AFFF799FA51E0089890F8BB
:10128000AA0200F01F000146009140B1FFE700985C
:10129000012808D0FFE7009802280CD013E00020B6
:1012A0008DF8120013E0089890F8AE12FFF776FA66
:1012B0008DF812000BE0089890F8AE12FFF766FA6E
:1012C0008DF8120003E000208DF81200FFE79DF872
:1012D000120008BBFFE7089890F89C0203281AD177
:1012E000FFE708989DF8121000EB8100D0F8B802D3
:1012F000006978B1FFE79DF812000899C1F8D4029F
:1013000008989DF8121000EB8101D1F8B812096914
:101310008847FFE7FFE7FFE70898FFF7BDFAFFE719
:1013200000E0FFE740E008989DF81F1001F07F0102
:10133000FFF72CFA8DF812009DF81200FF2832D02A
:10134000FFE79DF8120070BBFFE7089890F89C0239
:1013500003281ED1FFE708989DF8121000EB8100CA
:10136000D0F8B802806998B1FFE79DF8120008999B
:10137000C1F8D40208989DF8121000EB8101D1F851
:10138000B8128A699DF81F1090478DF81300FFE787
:10139000FFE79DF8130028B1FFE79DF813008DF8D3
:1013A000270005E0FFE7FFE700208DF82700FFE7B3
:1013B0009DF827000AB080BD81B00090002001B0E8
:1013C0007047000080B582B0019000208DF80300C6
:1013D0000199012081F89C020198D0F8B80268B107
:1013E000FFE70198D0F8B8124A680179904720B118
:1013F000FFE703208DF80300FFE7FFE79DF80300F8
:1014000002B080BD80B582B001908DF803100198C4
:10141000D0F8C8029DF80310F2F7E8FF02B080BDD3
:1014200080B584B0039003980078A8BBFFE70399C8
:1014300043F65050C2F200000290C0F8081503991C
:10144000C1F8C8024FF0A0410160042141600222AE
:10145000C260002101618261C16101624162C162B9
:101460000163F3F77DFD18B1FFE7F0F717FBFFE726
:1014700043F65050C2F20000019080210091F2F733
:1014800037FE019800214022F2F73EFE009A0198B3
:101490000121F2F739FEFFE7002004B080BD000013
:1014A00084B002908DF807100298D0F8C80200901E
:1014B0009DF80700000600280ED5FFE700989DF86C
:1014C000071001F07F0101EBC10100EB810090F8F2
:1014D0003E008DF80F000DE000989DF8071001F018
:1014E0007F0101EBC10100EB810090F87E028DF8D5
:1014F0000F00FFE79DF80F0004B0704780B584B07F
:1015000002908DF807100298D0F8D41200EB8100F9
:10151000D0F8B80220B9FFE703208DF80F0020E0D3
:10152000029890F89C02032817D1FFE70298D0F8A0
:10153000D41200EB8100D0F8B802006A60B1FFE776
:101540000298D0F8D41200EB8101D1F8B8120A6ADF
:101550009DF807109047FFE7FFE700208DF80F0088
:10156000FFE79DF80F0004B080BD000080B584B097
:1015700002908DF807100298D0F8D41200EB810089
:10158000D0F8B80220B9FFE703208DF80F0020E063
:10159000029890F89C02032817D1FFE70298D0F830
:1015A000D41200EB8100D0F8B802406A60B1FFE7C6
:1015B0000298D0F8D41200EB8101D1F8B8124A6A2F
:1015C0009DF807109047FFE7FFE700208DF80F0018
:1015D000FFE79DF80F0004B080BD000080B584B027
:1015E00003908DF80B108DF80A20ADF8083000201C
:1015F0008DF807008DF806000398D0F8C8029DF812
:101600000B10BDF808209DF80A30F2F701FF8DF8A5
:1016100007009DF80700FFF78FFC8DF806009DF886
:10162000060004B080BD000080B586B005908DF83E
:1016300013100392029300208DF807008DF8060026
:101640000598D0F8C8029DF81310039A029BF2F790
:1016500055FF8DF807009DF80700FFF76DFC8DF82A
:1016600006009DF8060006B080BD000080B586B07B
:10167000059000208DF81300059A012182F89C1234
:101680000599C1F89402059948600599C1F8A4022A
:10169000059981F8A0020598D0F8B802A0B1FFE73B
:1016A0000598D0F8B802406868B1FFE70598D0F80F
:1016B000B8124A680179904720B1FFE703208DF8FE
:1016C0001300FFE7FFE7FFE70598002201924023A0
:1016D00003931146FFF782FF019A039B05990120AE
:1016E0000290A1F864010598C0F860310598802146
:1016F000FFF774FF02990398059A9184059908628F
:101700009DF8130006B080BD81B00090009890F85D
:101710009C02042807D1FFE7009890F89D020099E9
:1017200081F89C02FFE7002001B0704780B582B0CD
:101730000190019890F89C02032813D1FFE70198CB
:10174000D0F8B80268B1FFE70198D0F8B802C069D4
:1017500030B1FFE70198D0F8B812C9698847FFE7B0
:10176000FFE7FFE7002002B080BD000082B00190DB
:101770008DF803109DF8030001990874002002B051
:101780007047000080B582B001908DF803100020F2
:101790008DF802008DF801000198D0F8C8029DF87C
:1017A0000310F3F7CDFD8DF802009DF80200FFF75E
:1017B000C3FB8DF801009DF8010002B080BD000060
:1017C00080B584B003900291039800F2AA20029998
:1017D00000F0AAF803990120C1F894020399B1F826
:1017E000B002C1F89802039890F8AA0200F01F0016
:1017F0000146009140B1FFE7009801280CD0FFE7B7
:101800000098022810D017E0039800F2AA2100F0F7
:101810004FFA8DF8070019E0039800F2AA2100F0B2
:1018200083FC8DF8070011E0039800F2AA2100F074
:10183000A5FA8DF8070009E0039890F8AA1201F0C4
:10184000800100F007F88DF80700FFE79DF807001A
:1018500004B080BD80B582B001908DF803100020E7
:101860008DF802008DF801000198D0F8C8029DF8AB
:101870000310F2F787FE8DF802009DF80200FFF7D3
:101880005BFB8DF801009DF8010002B080BD0000F7
:1018900080B582B0019000208DF803008DF8020021
:1018A0000198D0F8C802F3F787FD8DF803009DF882
:1018B0000300FFF741FB8DF802009DF8020002B023
:1018C00080BD000081B00090009890F89C020099C3
:1018D00081F89D020099042081F89C02002001B04B
:1018E0007047000080B586B005908DF81310039204
:1018F000029300208DF807008DF806000598D0F8B7
:10190000C8029DF81310039A029BF2F7ABFE8DF804
:1019100007009DF80700FFF70FFB8DF806009DF804
:10192000060006B080BD000080B584B0039002912F
:10193000029801900198007803990870019801308D
:101940000190019800780399487001980130019046
:101950000198FCF74FFF03994880019801300190EE
:101960000198013001900198FCF744FF03998880A9
:101970000198013001900198013001900198FCF725
:1019800039FF0399C88004B080BD000080B584B0E1
:10199000029001910020ADF80200019820B9FFE704
:1019A00003208DF80F0026E001980299C1F8B802D3
:1019B0000298D0F8D41200EB8100D0F8B802C06AC7
:1019C00078B1FFE70298D0F8D41200EB8100D0F88C
:1019D000B802C16A0DF1020088470299C1F8D0022D
:1019E000FFE70299D1F8D8020130C1F8D8020020EF
:1019F0008DF80F00FFE79DF80F0004B080BD0000D8
:101A000081B00090002001B07047000080B584B024
:101A10000390029102988088B8BBFFE70298C088C3
:101A200098BBFFE7029840887F282ED8FFE70298EE
:101A3000807800F07F008DF80700039890F89C02F2
:101A4000032805D1FFE703980299FEF7CFFE1BE0BC
:101A50009DF80700039981F89E0203989DF80710EE
:101A6000FFF790FE0398FEF717FF9DF8070028B1D7
:101A7000FFE70399022081F89C0204E0039901200A
:101A800081F89C02FFE7FFE704E003980299FEF764
:101A9000ADFEFFE704B080BD80B582B001908DF847
:101AA000031000208DF802000198D0F8B80250B160
:101AB000FFE70198D0F8B8120A689DF80310904724
:101AC0008DF80200FFE79DF8020002B080BD000023
:101AD00080B586B00490039100208DF80B00039828
:101AE000817841F60C40C2F20000017000780228B3
:101AF00008D3FFE704980399FEF778FE03208DF8DA
:101B00001700A0E0049890F89C0201460191022879
:101B100004D0FFE7019803282FD07FE041F60C4066
:101B2000C2F20000007818B3FFE741F60C41C2F2A0
:101B300000010878049A506004980978FFF7ACFF18
:101B40008DF80B009DF80B0048B1FFE7049803994E
:101B5000FEF74CFE0499022081F89C0207E00498ED
:101B6000FEF79AFE0499032081F89C02FFE703E048
:101B70000498FEF791FEFFE760E041F60C40C2F2E8
:101B80000000007898B9FFE70499022081F89C02D0
:101B900041F60C41C2F200010878049A50600498A2
:101BA0000978FEF7B9FD0498FEF776FE35E041F6B8
:101BB0000C40C2F20000007804994968884227D09E
:101BC000FFE704980179FEF7A7FD41F60C41C2F248
:101BD00000010878049A506004980978FFF75CFFC8
:101BE0008DF80B009DF80B0068B1FFE7049803998E
:101BF000FEF7FCFD04980179FEF78EFD04990220A2
:101C000081F89C0203E00498FEF746FEFFE703E03C
:101C10000498FEF741FEFFE7FFE70FE00498039901
:101C2000FEF7E4FD049841F60C41C2F20001097888
:101C3000FEF772FD03208DF80B00FFE79DF80B0007
:101C40008DF81700FFE79DF8170006B080BD000073
:101C500080B582B00190009100984088012808D199
:101C6000FFE701990120C1F8A4020198FEF714FED4
:101C700013E000984088022809D1FFE700984079D6
:101C8000019981F8A0020198FEF706FE04E0019890
:101C90000099FEF7ABFDFFE7FFE702B080BD000053
:101CA00080B582B001900198FFF7F2FD02B080BDCF
:101CB00080B586B00590049100208DF80F0004983F
:101CC000007800F0600001460291A8B1FFE7029899
:101CD000202804D0FFE70298402846D1FFE7059866
:101CE000D0F8D41200EB8101D1F8B8128A680499B7
:101CF00090478DF80F003DE004984078014601912F
:101D000009282CD80199DFE801F01B252A202A0A8E
:101D1000052A160F05980499FEF7BAFE24E00598E7
:101D20000499FFF773FE1FE005980499FFF7D0FEB2
:101D30008DF80F0018E005980499FEF777FE13E080
:101D400005980499FFF77AF80EE005980499FFF7D3
:101D50007FFF09E005980499FEF7F8FC04E0059878
:101D60000499FEF743FDFFE704E005980499FEF7A8
:101D70003DFDFFE79DF80F0006B080BD80B58CB03B
:101D80000B900A9100208DF821000A9880888DF828
:101D900023000A98007800F0600001460791B8B36C
:101DA000FFE70798202805D0FFE70798402840F074
:101DB000B281FFE70B989DF82310FEF7E7FC8DF842
:101DC00022009DF82200FF2821D0FFE79DF8220085
:101DD000E8B9FFE79DF822000B99C1F8D4020B98EF
:101DE0009DF8221000EB8100D0F8B802806868B13D
:101DF000FFE70B989DF8221000EB8101D1F8B81293
:101E00008A680A9990478DF82100FFE7FFE787E18C
:101E10000A98407801460691002800F0BD80FFE74F
:101E2000069801284CD0FFE70698032840F06D8102
:101E3000FFE70B9890F89C0201460591022804D018
:101E4000FFE70598032819D034E09DF8230078B106
:101E5000FFE79DF8230080280AD0FFE70B989DF844
:101E60002310FFF7F7FC0B988021FFF7F3FC04E049
:101E70000B980A99FEF7BAFCFFE720E00A98408821
:101E8000A0B9FFE79DF8230078B1FFE79DF8230094
:101E900080280AD0FFE70A98C08830B9FFE70B987E
:101EA0009DF82310FFF7D6FCFFE7FFE70B98FEF73E
:101EB000F3FC04E00B980A99FEF798FCFFE729E190
:101EC0000B9890F89C0201460491022804D0FFE789
:101ED0000498032819D059E09DF8230078B1FFE752
:101EE0009DF8230080280AD0FFE70B989DF8231067
:101EF000FFF7B0FC0B988021FFF7ACFC04E00B98D7
:101F00000A99FEF773FCFFE745E00A984088E0BBBA
:101F1000FFE79DF82300400630B1FFE70B989DF8DE
:101F20002310FFF769F8FFE70B98FEF7B5FC0B9855
:101F30009DF82310FEF72AFC8DF822009DF8220060
:101F4000FF2821D0FFE79DF82200E8B9FFE79DF8C0
:101F500022000B99C1F8D4020B989DF8221000EBD7
:101F60008100D0F8B802806868B1FFE70B989DF84F
:101F7000221000EB8101D1F8B8128A680A999047C3
:101F80008DF82100FFE7FFE7FFE704E00B980A99CF
:101F9000FEF72CFCFFE7BDE00B9890F89C02014691
:101FA0000391022804D0FFE70398032838D0A6E065
:101FB0009DF8230050B1FFE79DF82300802805D04D
:101FC000FFE70B980A99FEF711FC9DE09DF82300AE
:101FD000000600280CD5FFE70B989DF8231001F0B0
:101FE0007F0101EB810100EB8100143002900CE0D5
:101FF0000B989DF8231001F07F0101EB810100EBAC
:10200000810000F5AA700290FFE7029809900999F3
:10201000002008600B9809990222FEF723FC73E068
:102020009DF823000006002812D5FFE70B989DF8C5
:10203000231001F00F0101EB810100EB8100808C86
:1020400028B9FFE70B980A99FEF7D0FB5CE012E095
:102050000B989DF8231001F00F0101EB810100EBBB
:102060008100B0F8640128B9FFE70B980A99FEF7E0
:10207000BDFB49E0FFE79DF82300000600280CD5D2
:10208000FFE70B989DF8231001F07F0101EB810120
:1020900000EB8100143001900CE00B989DF82310A8
:1020A00001F07F0101EB810100EB810000F5AA70D6
:1020B0000190FFE7019809909DF8230028B1FFE700
:1020C0009DF82300802804D1FFE7099900200860CB
:1020D0000FE00B989DF82310FFF7E2F920B1FFE71E
:1020E00009990120086003E0099900200860FFE7D2
:1020F000FFE70B9809990222FEF7B4FB04E00B9866
:102100000A99FEF773FBFFE704E00B980A99FEF7C4
:102110006DFBFFE704E00B980A99FEF767FBFFE70A
:102120009DF821000CB080BD80B584B00390029171
:1021300000208DF807000298007800F0600001464A
:10214000009140B1FFE70098202804D0FFE70098F5
:1021500040285AD1FFE7039890F89C0201380228E2
:102160004DD8FFE702980079012842D8FFE703988D
:1021700002990979FEF712FB8DF806009DF806001A
:10218000FF2825D0FFE79DF8060008BBFFE703986E
:102190009DF8061000EB8100D0F8B802806890B17D
:1021A000FFE79DF806000399C1F8D40203989DF853
:1021B000061000EB8101D1F8B8128A6802999047A5
:1021C0008DF8070003E003208DF80700FFE703E028
:1021D00003208DF80700FFE70298C08840B9FFE7A9
:1021E0009DF8070020B9FFE70398FEF755FBFFE7CE
:1021F00004E003980299FEF7F9FAFFE704E0039878
:102200000299FEF7F3FAFFE704E003980299FEF75C
:10221000EDFAFFE79DF8070004B080BD81B00090A3
:1022200001B0704781B0009041F61060C2F200002A
:1022300001B0704784B00390029103980190029816
:102240000078009002984078012830D1FFE702988A
:10225000007800F00F01012000FA01F20199D1F895
:102260001C081043C1F81C080198009900EB4110AC
:10227000D0F800090004002818D4FFE70299C868C4
:102280006FF3DF20097940EA8140009A40EA8250EA
:10229000019901EB4211D1F80029104348F20002E4
:1022A000C1F200021043C1F80009FFE72EE00298D6
:1022B000007800F00F01012000FA01F20199D1F835
:1022C0001C0840EA0240C1F81C080198009900EB84
:1022D0004110D0F8000B0004002816D4FFE7029943
:1022E000C8686FF3DF20097940EA81400199009ABC
:1022F00001EB4211D1F8002B104348F20002C1F269
:1023000000021043C1F8000BFFE7FFE7002004B014
:102310007047000082B00190019800900099D1F8B8
:10232000000940F2FF729043C1F800090099D1F80A
:10233000040840F48070C1F80408002002B070471F
:102340002DE9F04F91B00191DDF88CB0DDF888A057
:10235000DDF88490DDF880801F9F1E9E1D9D1C9CD3
:10236000DDF86CE0DDF868C001990199CDF840B066
:10237000CDF83CA0CDF83890CDF834800C970B9672
:102380000A950994CDF820E0CDF81CC0069305927B
:10239000049103900998012822D1FFE70399886BE3
:1023A00020F4803088630399C8684FF6BF72CFF677
:1023B000BD721040C8600399C86820F44010C8601E
:1023C0001098012806D1FFE70399C86840F48010EF
:1023D000C860FFE7039800F031F88DF80B0019E0B2
:1023E0000399C86840F04000C860039800F026F8E0
:1023F0008DF80B000D9830B9FFE70399886B40F416
:102400008030886305E00399886B20F4803088630E
:10241000FFE7FFE7079801280BD1FFE703998868DA
:1024200040F0060088600399886840F020008860CA
:10243000FFE79DF80B0011B0BDE8F08F83B001906D
:1024400000200090FFE7009801300090009840F6CF
:102450004151C0F20301884204D3FFE703208DF805
:102460000B0028E0FFE701980069C00F0028EAD0C0
:10247000FFE7002000900199086940F00100086121
:10248000FFE7009801300090009840F64151C0F2FB
:102490000301884204D3FFE703208DF80B000AE014
:1024A000FFE701980069C0070028EAD1FFE7002094
:1024B0008DF80B00FFE79DF80B0003B0704700009C
:1024C00084B00390029103980190029800780090E4
:1024D00002984078012845D1FFE70198009900EB68
:1024E0004110D0F80009C00FA8B1FFE7019800998A
:1024F00000EB4111D1F8000940F00060C1F800097B
:102500000198009900EB4111D1F8000940F080409A
:10251000C1F80009FFE70298007800F00F010120E0
:1025200000FA01F3019AD2F83C189943C2F83C181A
:102530000299097801F00F0100FA01F20199D1F82E
:102540001C089043C1F81C080198009900EB411148
:10255000D1F8000947F60002CEF633421040C1F828
:10256000000946E00198009900EB4110D0F8000BFB
:10257000C00FA8B1FFE70198009900EB4111D1F815
:10258000000B40F00060C1F8000B0198009900EBCF
:102590004111D1F8000B40F08040C1F8000BFFE77B
:1025A0000298007800F00F01012000FA01F3019A6F
:1025B000D2F83C1821EA0341C2F83C180299097884
:1025C00001F00F0100FA01F20199D1F81C0820EA8C
:1025D0000240C1F81C080198009900EB4111D1F8A4
:1025E000000B47F60002CEF6F3721040C1F8000B64
:1025F000FFE7002004B0704782B00190019800907E
:102600000099D1F8000E20F00300C1F8000E0099E7
:10261000D1F8040820F00200C1F80408002002B03C
:102620007047000082B00190019800900099D1F8A5
:10263000000E20F00300C1F8000E0099D1F8040844
:1026400040F00200C1F80408002002B0704700000A
:102650002DE9F04F93B00191DDF894B0DDF890A032
:10266000DDF88C90DDF88880219F209E1F9D1E9CA8
:10267000DDF874E0DDF870C001990199CDF848B03B
:10268000CDF844A0CDF84090CDF83C800E970D9643
:102690000C950B94CDF828E0CDF824C00893079250
:1026A0000691059000208DF8130005990391029082
:1026B000FFE702980E280CD8FFE70598029900EB77
:1026C00081010020C1F80401FFE702980130029067
:1026D000EFE71098B8B9FFE70399D1F8040840F084
:1026E0000200C1F804080599886B40F40010886363
:1026F0000599886B20F4002088630599886B20F485
:10270000802088630AE00599886B20F400108863B4
:102710000599886B40F400208863FFE70399002047
:10272000C1F8000E0399D1F80008C1F800080B9811
:1027300001280ED1FFE7089828B9FFE70598002186
:1027400000F038FF04E00598012100F033FFFFE7B7
:1027500004E00598032100F02DFFFFE70598102104
:1027600000F05EFD20B1FFE701208DF81300FFE7C8
:10277000059800F015FD20B1FFE701208DF813004A
:10278000FFE703990020C1F810080399C1F8140865
:102790000399C1F81C080290FFE702980699884245
:1027A0003BD2FFE70398029900EB4110D0F80009F3
:1027B000C00FB0B1FFE7029848B9FFE7039802994C
:1027C00000EB41114FF00060C1F8000908E00398E8
:1027D000029900EB41114FF09040C1F80009FFE76A
:1027E00007E00398029900EB41110020C1F80009AD
:1027F000FFE70398029900EB41110020C1F810098E
:102800000398029900EB41114FF67F30C1F8080997
:10281000FFE7029801300290BFE700200290FFE737
:102820000298069988423BD2FFE70398029900EB91
:102830004110D0F8000BC00FB0B1FFE7029848B9C3
:10284000FFE70398029900EB41114FF00060C1F8D7
:10285000000B08E00398029900EB41114FF0904003
:10286000C1F8000BFFE707E00398029900EB411164
:102870000020C1F8000BFFE70398029900EB41111B
:102880000020C1F8100B0398029900EB41114FF69C
:102890007F30C1F8080BFFE7029801300290BFE7D4
:1028A0000399D1F8100820F48070C1F81008059938
:1028B0000020886105996FF080404861099830B91F
:1028C000FFE70599886940F010008861FFE70599E6
:1028D000886943F60002C8F23C02104388610C98F4
:1028E00030B1FFE70599886940F008008861FFE78B
:1028F0001098012808D1FFE7059988690422C4F2DD
:10290000000210438861FFE79DF8130013B0BDE893
:10291000F08F000081B000900099886820F00100DD
:102920008860002001B0704785B0049003918DF855
:102930000B20049801900398007800900398407849
:10294000012840F09580FFE703988069F8B9FFE718
:102950000198009900EB4111D1F810096FF3DC40A8
:10296000C1F810090198009900EB4111D1F8100944
:1029700040F40020C1F810090198009900EB4111C2
:10298000D1F810096FF31200C1F8100935E0019871
:10299000009900EB4111D1F810096FF31200C1F852
:1029A00010090198009900EB4111D1F810096FF35B
:1029B000DC40C1F810090398C1688069884204D9D5
:1029C000FFE70399C8688861FFE70198009900EB69
:1029D0004111D1F8100940F40020C1F81009039802
:1029E00082696FF3DF420198009900EB4111D1F841
:1029F00010091043C1F81009FFE79DF80B000128EA
:102A000018D1FFE70398406948B1FFE70398406990
:102A10000199009A01EB4211C1F81409FFE70198EE
:102A2000009900EB4111D1F8000940F00440C1F8D1
:102A300000091CE00198009900EB4111D1F8000950
:102A400040F00440C1F800090398806970B1FFE7C5
:102A50000398007800F00F01012000FA01F20199BB
:102A6000D1F834081043C1F83408FFE7FFE753E01A
:102A70000198009900EB4111D1F8100B6FF312008F
:102A8000C1F8100B0198009900EB4111D1F8100B1F
:102A90006FF3DC40C1F8100B0398806920B1FFE7A9
:102AA0000399C8688861FFE70399C868C8610198FD
:102AB000009900EB4111D1F8100B40F40020C1F84F
:102AC000100B0398C2696FF3DF420198009900EB85
:102AD0004111D1F8100B1043C1F8100B9DF80B00F9
:102AE00001280ED1FFE70398006948B1FFE703987A
:102AF00000690199009A01EB4211C1F8140BFFE73C
:102B0000FFE70198009900EB4111D1F8000B40F06C
:102B10000440C1F8000BFFE7002005B0704700003B
:102B200086B004908DF80F100292049801900498DA
:102B3000006C0090009843F20B01C4F65471884277
:102B40000BD3FFE70198D0F8000BC00F20B1FFE7CF
:102B500000208DF817002EE0FFE701990020C1F852
:102B6000100B0199D1F8100B40F40020C1F8100BA4
:102B70000199D1F8100B40F01800C1F8100B019921
:102B8000D1F8100B40F0C040C1F8100B9DF80F00B9
:102B900001280CD1FFE702980199C1F8140B0199A3
:102BA000D1F8000B40F08020C1F8000BFFE70020B7
:102BB0008DF81700FFE79DF8170006B0704700007A
:102BC00084B00390029103980190029800780090DD
:102BD00002984078012820D1FFE70198009900EB86
:102BE0004111D1F8000920F40010C1F80009029841
:102BF0000079032805D0FFE70298007902280BD15D
:102C0000FFE70198009900EB4111D1F8000940F06D
:102C10008050C1F80009FFE71FE00198009900EB20
:102C20004111D1F8000B20F40010C1F8000B0298FC
:102C30000079032805D0FFE70298007902280BD11C
:102C4000FFE70198009900EB4111D1F8000B40F02B
:102C50008050C1F8000BFFE7FFE7002004B0704789
:102C600084B003900291039801900298007800903C
:102C700002984078012822D1FFE70198009900EBE3
:102C80004110D0F80009C00F70B9FFE7009858B1A3
:102C9000FFE70198009900EB4111D1F8000920F0FD
:102CA0008040C1F80009FFE70198009900EB41114D
:102CB000D1F8000940F40010C1F8000921E00198A2
:102CC000009900EB4110D0F8000BC00F70B9FFE77E
:102CD000009858B1FFE70198009900EB4111D1F835
:102CE000000B20F08040C1F8000BFFE7019800992D
:102CF00000EB4111D1F8000B40F40010C1F8000BBB
:102D0000FFE7002004B0704780B588B007900691B7
:102D10008DF817200798049006980078039006987D
:102D20004078012840F00381FFE706988069F8B9F0
:102D3000FFE70498039900EB4111D1F810096FF3F4
:102D4000DC40C1F810090498039900EB4111D1F857
:102D5000100940F40020C1F810090498039900EB11
:102D60004111D1F810096FF31200C1F8100950E0B9
:102D70000498039900EB4111D1F810096FF3120088
:102D8000C1F810090498039900EB4111D1F810091A
:102D90006FF3DC40C1F810090698C16880690844E7
:102DA0000138B0FBF1F10020C1F6F87000EAC14231
:102DB0000498039900EB4111D1F810091043C1F8B0
:102DC0001009069882696FF3DF420498039900EBBB
:102DD0004111D1F810091043C1F810090698007983
:102DE000012815D1FFE70498039900EB4111D1F8B0
:102DF000100920F0C040C1F810090498039900EBB5
:102E00004111D1F8100940F00050C1F81009FFE756
:102E1000FFE79DF8170001283BD1FFE706984069BE
:102E200048B1FFE7069840690499039A01EB421103
:102E3000C1F81409FFE70698007901281ED1FFE7C1
:102E40000498D0F80808C00500280BD4FFE70498C0
:102E5000039900EB4111D1F8000940F00050C1F88E
:102E600000090AE00498039900EB4111D1F8000928
:102E700040F08050C1F80009FFE7FFE7049803998C
:102E800000EB4111D1F8000940F00440C1F80009FD
:102E90004CE00498039900EB4111D1F8000940F08F
:102EA0000440C1F8000906980079012813D0FFE713
:102EB0000698806970B1FFE70698007800F00F016E
:102EC000012000FA01F20499D1F834081043C1F846
:102ED0003408FFE729E00498D0F80808C005002866
:102EE0000BD4FFE70498039900EB4111D1F80009D6
:102EF00040F00050C1F800090AE00498039900EB83
:102F00004111D1F8000940F08050C1F80009FFE7F5
:102F10000798069B19691A781B8B9DF817C0EE4617
:102F2000CEF800C000F036FCFFE7FFE79DE0049814
:102F3000039900EB4111D1F8100B6FF31200C1F8A7
:102F4000100B0498039900EB4111D1F8100B6FF3AB
:102F5000DC40C1F8100B06988069C0B9FFE70698FD
:102F6000C2686FF3DF420498039900EB4111D1F876
:102F7000100B1043C1F8100B0498039900EB41119A
:102F8000D1F8100B40F40020C1F8100B2CE006988B
:102F9000C168806908440138B0FBF1F0ADF80A005F
:102FA0000699C868BDF80A205043C861BDF80A10E8
:102FB0000020C1F6F87000EAC1420498039900EBC2
:102FC0004111D1F8100B1043C1F8100B0698C269DB
:102FD0006FF3DF420498039900EB4111D1F8100B15
:102FE0001043C1F8100BFFE79DF8170001280ED120
:102FF000FFE70698006948B1FFE706980069049961
:10300000039A01EB4211C1F8140BFFE7FFE70698A2
:10301000007901281ED1FFE70498D0F80808C00500
:1030200000280BD4FFE70498039900EB4111D1F875
:10303000000B40F00050C1F8000B0AE0049803991F
:1030400000EB4111D1F8000B40F08050C1F8000BAB
:10305000FFE7FFE70498039900EB4111D1F8000B5B
:1030600040F00440C1F8000BFFE7002008B080BD2D
:1030700085B004900391002002908DF80700049819
:1030800000900398407801283ED1FFE7009803990B
:10309000097800EB4110D0F80009C00F98B3FFE7A2
:1030A00000980399097800EB4111D1F8000940F02C
:1030B0000060C1F8000900980399097800EB4111FC
:1030C000D1F8000940F08040C1F80009FFE70298FC
:1030D00001300290029842F21171884204D3FFE756
:1030E00001208DF807000DE0FFE7009803990978AB
:1030F00000EB4110D0F8000900F00040B0F1004FA3
:10310000E5D0FFE7FFE73DE000980399097800EB81
:103110004110D0F8000BC00F98B3FFE70098039957
:10312000097800EB4111D1F8000B40F00060C1F8C4
:10313000000B00980399097800EB4111D1F8000BBE
:1031400040F08040C1F8000BFFE702980130029088
:10315000029842F21171884204D3FFE701208DF8F2
:1031600007000DE0FFE700980399097800EB411094
:10317000D0F8000B00F00040B0F1004FE5D0FFE7C1
:10318000FFE7FFE79DF8070005B0704781B00090AA
:103190000099886840F001008860002001B0704705
:1031A00083B0019000200090FFE70098013000906C
:1031B000009840F64151C0F20301884204D3FFE772
:1031C00003208DF80B0027E0FFE701980069C00F8E
:1031D0000028EAD0FFE70020009001991020086144
:1031E000FFE7009801300090009840F64151C0F28E
:1031F0000301884204D3FFE703208DF80B000BE0A6
:10320000FFE70198006900F010001028E9D0FFE7FF
:1032100000208DF80B00FFE79DF80B0003B070470E
:1032200084B00290019100200090FFE700980130E7
:103230000090009840F64151C0F20301884204D347
:10324000FFE703208DF80F0029E0FFE702980069EF
:10325000C00F0028EAD0FFE700200090019880010D
:10326000203002990861FFE7009801300090009833
:1032700040F64151C0F20301884204D3FFE7032026
:103280008DF80F000BE0FFE70298006900F02000C6
:103290002028E9D0FFE700208DF80F00FFE79DF818
:1032A0000F0004B07047000084B0039003980290B0
:1032B0000298D0F8080800F006000090009820B9A5
:1032C000FFE700208DF8070010E00098022804D0E6
:1032D000FFE70098062804D1FFE702208DF80700D9
:1032E00003E00F208DF80700FFE7FFE79DF80700D8
:1032F00004B0704781B000900098406900F0010070
:1033000001B0704783B00290029801900198D0F804
:10331000180800900198D0F81C18009808400090F8
:10332000BDF8000003B0704783B00290029801908E
:103330000198D0F8180800900198D0F81C1800984F
:1033400008400090BDF8020003B0704786B00590B9
:103350008DF81310059803900398D0F81008019089
:103360000398D0F83408009000989DF8131001F0ED
:103370000F01C84000F00101019840EAC11001901E
:1033800003989DF8131000EB4110D0F8080901993B
:1033900008400290029806B07047000084B0039085
:1033A0008DF80B100398019001989DF80B1000EB1D
:1033B0004110D0F8080B00900198D0F8141800982C
:1033C00008400090009804B07047000082B001905F
:1033D0000198406900900198816900980840009028
:1033E000009802B07047000089B008900791ADF8CE
:1033F0001A200898059007980490BDF81A008008D4
:103400000190BDF81A0000F00300ADF802000020A2
:103410000290FFE702980199884217D2FFE70598CA
:103420004FF480514058049908600498013004908A
:1034300004980130049004980130049004980130FD
:103440000490FFE7029801300290E3E7BDF8020024
:1034500008B3FFE70020029005984FF480514058D0
:103460000390FFE703989DF80810C900C84004992D
:103470000870029801300290049801300490BDF861
:1034800002000138ADF80200FFE7BDF80200002895
:10349000E8D1FFE7FFE7049809B0704780B586B030
:1034A00004908DF80F10002002900499C86820F055
:1034B000C040C8609DF80F00012823D1FFE70499A0
:1034C000C86840F00050C860FFE70120F0F7ACFA90
:1034D000029801300290FFE70498FFF70BFF0146C6
:1034E00000200129019007D0FFE70299002032292E
:1034F00038BF01200190FFE70198C0070028E4D100
:10350000FFE72AE09DF80F0010BBFFE70499C868A9
:1035100040F08040C860FFE70120F0F785FA02988C
:1035200001300290FFE70498FFF7E4FE0146002017
:10353000009039B1FFE702990020322938BF0120FD
:103540000090FFE70098C0070028E5D1FFE703E0FF
:1035500001208DF817000CE0FFE70298322804D113
:10356000FFE701208DF8170003E000208DF8170019
:10357000FFE79DF8170006B080BD000083B0029001
:103580008DF80710029800900099D1F8000820F4F7
:10359000FE60C1F800089DF8070000F07F02009966
:1035A000D1F8000840EA0210C1F80008002003B07A
:1035B0007047000083B002908DF8071002980090C9
:1035C0009DF807200099D1F800081043C1F80008C1
:1035D000002003B07047000084B0039002918DF882
:1035E00007209DF80700022840F0B880FFE7029806
:1035F0004AF6C041C0F2D80188420BD3FFE70298D7
:103600004EF2BF11C0F2E401884203D8FFE70F2059
:103610000090A2E002984EF2C011C0F2E40188428C
:103620000BD3FFE7029842F2FF31C0F2F401884267
:1036300003D8FFE70E2000908EE0029842F200418E
:10364000C0F2F40188420BD3FFE7029847F27F31C2
:10365000C0F20611884203D8FFE70D2000907AE0FF
:10366000029847F28031C0F2061188420BD3FFE77F
:10367000029844F69F11C0F21A11884203D8FFE75E
:103680000C20009066E0029844F6A011C0F21A11D6
:1036900088420BD3FFE7029842F6FF41C0F2311196
:1036A000884203D8FFE70B20009052E0029842F6D0
:1036B0000051C0F2311188420BD3FFE702984AF261
:1036C0003F41C0F24C11884203D8FFE70A20009026
:1036D0003EE002984AF24041C0F24C1188420BD3BE
:1036E000FFE7029843F2FF51C0F26E11884203D8FF
:1036F000FFE7092000902AE0029843F20061C0F23F
:103700006E1188420BD3FFE702984AF61F31C0F2D0
:10371000A611884203D8FFE70820009016E002981F
:103720004AF62031C0F2A61188420BD3FFE7029877
:1037300044F2FF71C0F2E811884203D8FFE7072086
:10374000009002E006200090FFE7FFE7FFE7FFE7B9
:10375000FFE7FFE7FFE7FFE7FFE70AE09DF8070065
:1037600018B9FFE70920009002E009200090FFE768
:10377000FFE70399C86820F47050C860009800F013
:103780000F020399C86840EA8220C860002004B094
:103790007047000080B588B084460A98CDF81CC0F8
:1037A00006918DF81720ADF814308DF813000798A6
:1037B0000390069802909DF8130048BBFFE7BDF800
:1037C000140003308008019000200090FFE700986B
:1037D000019988421BD2FFE70298006803999DF87F
:1037E000172001EB02314FF48052885002980130CB
:1037F00002900298013002900298013002900298E3
:1038000001300290FFE7009801300090DFE7FFE70A
:10381000002008B080BD0000FFE7FEE780B586B05D
:10382000049003910020ADF80A00049820B1FFE74E
:103830000398022803D8FFE70020059029E00498A8
:103840000399023940F20C02C2F200021288EEF72C
:10385000BFF9ADF80A009DF80A10049A03981044C5
:1038600010F8022C0020914201900DD1FFE79DF845
:103870000B00049A0399114411F8011C401AB0FA84
:1038800080F040090190FFE7019800F001000590E9
:10389000FFE7059806B080BD80B584B00290ADF812
:1038A000061000208DF80500029828B1FFE7BDF84A
:1038B0000600022803DCFFE70020039017E00298CF
:1038C000BDF80610013989B2FF22EEF7B5F98DF87F
:1038D00005009DF80500029ABDF80610114411F884
:1038E000011C401AB0FA80F040090390FFE70398EA
:1038F00004B080BD84B0DDF810C003900291019245
:103900000093049890ED0E0AB1EE400A039880ED02
:10391000000A049890ED100AB1EE400A039880ED79
:10392000010A0198D0F85900039988600298C0698B
:103930000399C860029890F82000039900F00100F4
:1039400008740298406A039948610198D0F85900B8
:1039500000EE100ABDEEC00A10EE100A03990876B8
:10396000009890F83F100020B0EB111F11D0FFE736
:10397000009890F84500C008C00750B9FFE743F22F
:103980002411C2F200010878B0FA80F040090870F2
:10399000FFE7009991F83F3091F84500082202EACC
:1039A000530200F0F700104481F8450043F2241060
:1039B000C2F2000000780399487604B07047000016
:1039C00080B584B00290019102982C21F6F78CFC0E
:1039D0008DF803009DF80300C00758B1FFE7029877
:1039E0000199EDF79FFA8DF802009DF802008DF81D
:1039F0000F0003E000208DF80F00FFE79DF80F0097
:103A000004B080BD82B001900091019988884880FF
:103A100000980178407840EA012001998880019956
:103A20000889C88000988178C07840EA012000B2F7
:103A300046F26761C6F2666150FB01F1880800EB4F
:103A4000D1700199088100980179407940EA0120FC
:103A500000B200EE100AB8EEC00A9FED2D1A80EEFB
:103A6000010ABDEEC00A10EE100A01998881009883
:103A70008079019988730198B0F90210B0F90400B7
:103A8000401A10F57A6F05DAFFE70199888C01304A
:103A900088840FE00198B0F90210B0F90400401AD0
:103AA000B0F57A6F05DDFFE70199888C01388884CD
:103AB000FFE7FFE70198B0F9242047F6F460002102
:103AC00082420846C8BF012048F20C13CFF6FF73AC
:103AD0009A42B8BF0121084368B1FFE7019900206D
:103AE00088840198B0F9041000EE101AB8EEC00AEC
:103AF00080ED0B0AFFE701990F2008700199B1F9D9
:103B00000400B1F9242000EB4230086102B0704794
:103B1000CDCC4C4480B582B00190019844F2B421E0
:103B2000C2F2000188420AD1FFE740F20040C4F22D
:103B300002004FF480510122F0F7BEF9FFE702B016
:103B400080BD000080B582B00190019844F2B4219C
:103B5000C2F2000188420AD1FFE740F20040C4F2FD
:103B600002004FF480510022F0F7A6F9FFE702B0FF
:103B700080BD000084B0039002910398006843F672
:103B80000001C4F20001884211D1FFE70299D1F887
:103B90000600D1F80A10019100900298D0F80100B7
:103BA00040F20121884201D1FFE7FFE7FFE704B0BF
:103BB0007047000080B582B0019001982C21F6F783
:103BC00093FB8DF803009DF8030090B1FFE79DF88B
:103BD0000300C00730B1FFE701982C210022F6F75F
:103BE0003DFC05E09DF8030001388DF80300FFE778
:103BF00005E09DF8030001388DF80300FFE702B0EF
:103C000080BD000080B582B043F27010C2F20000A7
:103C100001900198A821ECF7DDFC019903200861CF
:103C20000199486101984CF24A31C0F60101816165
:103C3000019A43F22820C2F20000D061019A4FF4A9
:103C400080601062019A00209062019A5062019A8D
:103C5000D062019A1166019A43F21821C2F2000162
:103C60005166019A10219166019908670199C86609
:103C700001994867BFF35F8F0090FFE700980F2816
:103C80000ED8FFE7009A4BF6DC10C0F60100801A50
:103C9000C07B01998854FFE7009801300090EDE760
:103CA000BFF35F8F02B080BD84B0039003980069BA
:103CB00002900398C068019002980199884209D83F
:103CC000FFE7039880680199401A02990844013877
:103CD000009005E002990198C04308440090FFE776
:103CE000009804B07047000010B58CB0DDF83CC0FF
:103CF000DDF838C00B900A91099208930A98B0F148
:103D0000FF3F04DCFFE70A984042059002E00A9872
:103D10000590FFE70598069001200790FFE70698B9
:103D20000999884209DBFFE70698099990FBF1F0B1
:103D30000690079801300790F1E7089807998842A4
:103D400003D9FFE708980790FFE70E9870B1FFE7E7
:103D50000A98002806D4FFE79DF83C004007002899
:103D600004D5FFE70E9801380E90FFE79DF83C0060
:103D70008007002803D5FFE7089858B3FFE79DF8B0
:103D80003C00C00730BBFFE70E9810B3FFE7FFE72A
:103D90000E990020049041B1FFE707990E9A002088
:103DA000914238BF01200490FFE70498C00778B122
:103DB000FFE70E9801380E900B98202100F050F983
:103DC0000B98C068B0F1FF3F01DCFFE700E0DFE7E0
:103DD000FFE7FFE70B98C068002869D4FFE70A985F
:103DE000B0F1FF3F08DCFFE70A9840420A900B98C9
:103DF0002D2100F035F90CE09DF83C00400700282B
:103E000005D5FFE70B982B2100F02AF900E0FFE72A
:103E1000FFE70B98C068002849D4FFE79DF83C00F5
:103E2000800700282ED5FFE79DF83C00C00748BB5F
:103E3000FFE7089830BBFFE70E9810B3FFE7FFE7F6
:103E40000E990020039041B1FFE707990E9A0020D8
:103E5000914238BF01200390FFE70398C00778B173
:103E6000FFE70E9801380E900B98302100F0F8F81B
:103E70000B98C068B0F1FF3F01DCFFE700E0DFE72F
:103E8000FFE7FFE70B98C06800280FD4FFE70B9807
:103E90000A99099A089BDDF838C00F9CEE46CEF8C7
:103EA0000440CEF800C000F005F8FFE7FFE7FFE7A9
:103EB0000CB010BD80B58CB0DDF83CC0DDF838C06A
:103EC0000B900A91099208930A9805900120069098
:103ED0000490FFE705980999884209D3FFE7059800
:103EE0000999B0FBF1F00590049801300490F1E7D6
:103EF00008980499884203D9FFE708980490FFE7DF
:103F00009DF83C00C007C0BBFFE70E98A0B3FFE7D9
:103F10009DF83C008007002807D5FFE7089820B9E6
:103F2000FFE730208DF80F0003E020208DF80F0010
:103F3000FFE7FFE70E990020029041B1FFE70499E7
:103F40000E9A0020914238BF01200290FFE70298AC
:103F5000C00780B1FFE70E9801380E900B989DF8CE
:103F60000F1000F07DF80B98C068B0F1FF3F01DC46
:103F7000FFE700E0DEE7FFE7FFE70B98C0680028F7
:103F80006CD4FFE7FFE70898022804D3FFE70898FE
:103F9000013808900BE00A980699B0FBF1F0079001
:103FA00007980999884201D2FFE705E0FFE70999E0
:103FB000069848430690E6E7FFE70A980699B0FBA3
:103FC000F1F00790079806990A9A00FB11200A90D1
:103FD0000B98079A4BF6ED11C0F60101895C00F0D1
:103FE0003FF80B98C068B0F1FF3F01DCFFE709E044
:103FF00009990698B0FBF1F00690FFE706980028B3
:10400000DBD1FFE79DF83C00C00730B3FFE70E9817
:1040100010B3FFE7FFE70E990020019041B1FFE7E1
:1040200004990E9A0020914238BF01200190FFE7C9
:104030000198C00778B1FFE70E9801380E900B98F1
:10404000202100F00DF80B98C068B0F1FF3F01DCB3
:10405000FFE700E0DFE7FFE7FFE7FFE70CB080BD29
:1040600080B584B003908DF80B10039880680190A0
:10407000019801300399496888420FD8FFE79DF8FD
:104080000B0003990968019A88540198013003993B
:1040900088600399C8680130C860FFE703984168E9
:1040A0008068884215D1FFE703980168826800693B
:1040B000F9F7B4FF03998968884205D0FFE70399AF
:1040C0004FF0FF30C86003E0039900208860FFE7ED
:1040D000FFE704B080BD000080B58AB00990089168
:1040E0000792002005900998C0680390FFE709989F
:1040F0000069049004980399884206D9FFE704995F
:104100000398C0430844069008E009988168039822
:10411000049A801AC04308440690FFE7069809995C
:104120008968039A891A884203D2FFE706980190AA
:1041300005E0099880680399401A0190FFE701980B
:10414000069006980799884203D2FFE706980090E8
:1041500002E007980090FFE70098069009984068F1
:1041600003990844029002980899069AECF791F98D
:1041700006990598084405900699089808440890FF
:1041800006990798401A07900699039808440390E7
:10419000039809998968884203D1FFE700200390BA
:1041A000FFE7BFF35F8F03980999C860FFE707989F
:1041B00000289CD1FFE705980AB080BD80B588B083
:1041C0000790069105920798C06803900798806849
:1041D0000399401A029002980599884212D9FFE784
:1041E0000798406803990844019001980699059A38
:1041F000ECF74FF9BFF35F8F0398059908440799CF
:10420000C8601FE00298049007984068039908442A
:10421000019001980699049AECF73BF905980299E8
:10422000401A049007984068019001980699029AF4
:104230001144049AECF72DF9BFF35F8F04980799A6
:10424000C860FFE708B080BD82B041EC100B8DED77
:10425000000B0198C00F02B07047000081B000EE63
:10426000100A00900098C00F01B0704781B08DF81F
:1042700003009DF9030000280ED4FFE79DF9031009
:1042800001F01F02012090404A094EF20011CEF2C7
:10429000000141F82200FFE701B070474EF60C50D4
:1042A000CEF200000068C0F30220704782B08DF8A3
:1042B000070000919DF9070000280AD4FFE7009845
:1042C00000019DF907104EF20042CEF20002885420
:1042D0000BE0009800019DF8071001F00F014EF669
:1042E0001452CEF200028854FFE702B0704700007B
:1042F00083B00290029800F0070000904EF60C5137
:10430000CEF200010868019001984FF6FF021040BC
:1043100001900198009A40EA02200022C0F2FA526D
:10432000104301900198086003B070472DE9F043F5
:1043300083B000200290FFE7029806282DDCFFE7FB
:104340000298C0EB00124AF2A470C2F200000D30D5
:1043500000218154029AC2EB021202445170029968
:10436000C1EB0112024491700299C1EB01110144A9
:10437000D1F80320D1F80730D1F80B004FF0010C31
:104380006CF30202C1F80730C1F80320C1F80B003A
:10439000FFE7029801300290CEE707200190FFE787
:1043A0000198062815DCFFE70198C0EB00114AF2DE
:1043B000A470C2F2000001440A694B69886922F0C6
:1043C00007024B610A618861FFE7019801300190A3
:1043D000E6E740F2C411C2F200010A68D2F8030015
:1043E000D2F807304FF0050E6EF3C500C2F8073063
:1043F000C2F803000A68D2F80300D2F8073001259A
:1044000065F30200C2F80730C2F803000A68D2F868
:104410000300D2F8073020F47070C2F80730C2F8F9
:1044200003000A68D2F80300D2F80730042666F3C6
:104430008D20C2F80730C2F803000A68D2F80330B2
:10444000D2F807004FF03A0C6CF39420C2F8033016
:10445000C2F807000A68D2F80330D2F8070040F229
:10446000EE2C6CF35F50C2F80330C2F807000A6804
:10447000D2F80330D2F8070066F30900C2F803301F
:10448000C2F807000A68D2F80300D2F807304FF0EC
:10449000280C6CF39630C2F80730C2F8030044F2DF
:1044A000D050C2F2000090ED000ABDEEC00A10EE3E
:1044B000100A0968C1F80B0040F2A811C2F200010D
:1044C0000A68D2F80300D2F807304FF0060C6CF3FC
:1044D000C500C2F80730C2F803000A68D2F803002A
:1044E000D2F8073065F30200C2F80730C2F80300C3
:1044F0000A68D2F80300D2F8073020F47070C2F8CE
:104500000730C2F803000A68D2F80300D2F8073077
:1045100065F38D20C2F80730C2F803000A68D2F8AC
:104520000330D2F807004FF4C77464F39420C2F844
:104530000330C2F807000A68D2F80330D2F8070047
:104540004FF4F97464F35F50C2F80330C2F8070007
:104550000A68D2F80330D2F8070066F30900C2F8FF
:104560000330C2F807000A68D2F80300D2F8073017
:10457000232464F39630C2F80730C2F8030043F2F4
:104580008460C2F2000090ED000ABDEEC00A10EE99
:10459000100A0968C1F80B0040F2CC11C2F2000108
:1045A0000A68D2F80300D2F807306CF3C500C2F8ED
:1045B0000730C2F803000A68D2F80300D2F80730C7
:1045C00065F30200C2F80730C2F803000A68D2F8A7
:1045D0000300D2F8073020F47070C2F80730C2F838
:1045E00003000A68D2F80300D2F807306CF38D207C
:1045F000C2F80730C2F803000A68D2F80330D2F8D4
:104600000700F02767F39420C2F80330C2F80700D0
:104610000A68D2F80330D2F807004FF4C97767F37D
:104620005F50C2F80330C2F807000A68D2F80330BE
:10463000D2F8070066F30900C2F80330C2F8070099
:104640000A68D2F80300D2F8073064F39630C2F853
:104650000730C2F8030044F28470C2F2000090ED0B
:10466000000ABDEEC00A10EE100A0968C1F80B007E
:1046700040F2D811C2F200010A68D2F80300D2F861
:1046800007306CF3C500C2F80730C2F803000A68AF
:10469000D2F80300D2F8073065F30200C2F8073001
:1046A000C2F803000A68D2F80300D2F8073020F4F9
:1046B0007070C2F80730C2F803000A68D2F803002D
:1046C000D2F80730022767F38D20C2F80730C2F80E
:1046D00003000A68D2F80330D2F807004FF4867757
:1046E00067F39420C2F80330C2F807000A68D2F8D2
:1046F0000330D2F807004FF4977767F35F50C2F8A2
:104700000330C2F807000A68D2F80330D2F8070075
:1047100066F30900C2F80330C2F807000A68D2F84D
:104720000300D2F8073064F39630C2F80730C2F8BD
:1047300003004AF63820C2F2000090ED000ABDEEF8
:10474000C00A10EE100A0968C1F80B0040F2BC1252
:10475000C2F200021168D1F80300D1F807306CF3FF
:10476000C500C1F80730C1F803001168D1F8030093
:10477000D1F8073065F30200C1F80730C1F8030033
:104780001168D1F80300D1F8073020F47070C1F837
:104790000730C1F803001168D1F80300D1F80730E1
:1047A000072464F38D20C1F80730C1F803001168B5
:1047B000D1F80330D1F807004FF48A7C6CF39420D1
:1047C000C1F80330C1F807001168D1F80330D1F8FF
:1047D00007004FF4127868F35F50C1F80330C1F856
:1047E00007001168D1F80330D1F80700032767F3F9
:1047F0000900C1F80330C1F807001168D1F80300BF
:10480000D1F807301E2666F39630C1F80730C1F89C
:10481000030043F23000C2F20000C18D1268C2F8FA
:104820000B1040F2C011C2F200010B68D3F8032054
:10483000D3F807C06EF3C502C3F807C0C3F803205E
:104840000B68D3F80320D3F807C065F30202C3F85E
:1048500007C0C3F803200B68D3F80320D3F807C0C0
:1048600022F47072C3F807C0C3F803200B68D3F8B2
:104870000320D3F807C064F38D22C3F807C0C3F840
:1048800003200B68D3F803C0D3F807204FF00909C1
:1048900069F39422C3F803C0C3F807200B68D3F868
:1048A00003C0D3F8072068F35F52C3F803C0C3F80E
:1048B00007200B68D3F803C0D3F8072067F3090279
:1048C000C3F803C0C3F807200B68D3F80320D3F85C
:1048D00007C066F39632C3F807C0C3F80320B0F8E8
:1048E0003D000968C1F80B0040F2B410C2F20000AC
:1048F0000268D2F80330D2F807C0D2F80B1023F0C8
:104900003803C2F807C0C2F80330C2F80B100268BF
:10491000D2F80330D2F807C0D2F80B1065F30203C7
:10492000C2F807C0C2F80330C2F80B100268D2F810
:104930000330D2F807C0D2F80B1023F47073C2F81A
:1049400007C0C2F80330C2F80B100268D2F8033077
:10495000D2F807C0D2F80B106EF38D23C2F807C04F
:10496000C2F80330C2F80B100268D2F803C0D2F8C4
:104970000730D2F80B1040F2923E6EF39423C2F847
:1049800003C0C2F80730C2F80B100268D2F803E087
:10499000D2F80730D2F80B1040F21A2C6CF35F53A8
:1049A000C2F803E0C2F80730C2F80B100268D2F870
:1049B00003E0D2F80730D2F80B1064F30903C2F811
:1049C00003E0C2F80730C2F80B100268D2F80330D7
:1049D000D2F807E0D2F80B104FF47B7464F3942103
:1049E000C2F807E0C2F80330C2F80B100168D1F832
:1049F0000320D1F80730D1F80B006CF35F50C1F8F9
:104A00000730C1F80320C1F80B004AF2A470C2F2CB
:104A10000000009004F0CAFB009944F2B440C2F2D6
:104A200000007822F3F76CFB03B0BDE8F0830000D0
:104A3000F0B583B000200290FFE7029802282EDC38
:104A4000FFE70298C0EB00124AF61C00C2F2000019
:104A50000D3000218154029AC2EB021202445170BF
:104A6000029AD11DC2EB0212024491700299C1EB6D
:104A700001110144D1F80320D1F80730D1F80B001F
:104A80004FF0010C6CF30202C1F80730C1F80320AB
:104A9000C1F80B00FFE7029801300290CDE7032038
:104AA0000190FFE70198042815DCFFE70198C0EBAF
:104AB00000114AF61C00C2F2000001440A694B6969
:104AC000886922F007024B610A618861FFE701985B
:104AD00001300190E6E740F2D010C2F20000026817
:104AE000D2F80330D2F807C0D2F80B1023F0380305
:104AF000C2F807C0C2F80330C2F80B100268D2F83F
:104B00000330D2F807C0D2F80B10012565F3020379
:104B1000C2F807C0C2F80330C2F80B100268D2F81E
:104B20000330D2F807C0D2F80B1023F47073C2F828
:104B300007C0C2F80330C2F80B100268D2F8033085
:104B4000D2F807C0D2F80B10052464F38D23C2F805
:104B500007C0C2F80330C2F80B100268D2F803C0D5
:104B6000D2F80730D2F80B1040F2BD3666F394232A
:104B7000C2F803C0C2F80730C2F80B100268D2F8BE
:104B800003C0D2F80730D2F80B1040F2F51E6EF3D6
:104B90005F53C2F803C0C2F80730C2F80B100268B6
:104BA000D2F803C0D2F80730D2F80B104FF0070E3E
:104BB0006EF30903C2F803C0C2F80730C2F80B1045
:104BC0000268D2F80330D2F807C0D2F80B1066F3AF
:104BD0009421C2F807C0C2F80330C2F80B10016874
:104BE000D1F80320D1F80730D1F80B004FF4117C35
:104BF0006CF35F50C1F80730C1F80320C1F80B0017
:104C000040F2E010C2F200000268D2F80330D2F89D
:104C100007C0D2F80B10022666F3C503C2F807C01E
:104C2000C2F80330C2F80B100268D2F80330D2F891
:104C300007C0D2F80B1065F30203C2F807C0C2F830
:104C40000330C2F80B100268D2F80330D2F807C064
:104C5000D2F80B1023F47073C2F807C0C2F8033007
:104C6000C2F80B100268D2F80330D2F807C0D2F8AD
:104C70000B1064F38D23C2F807C0C2F80330C2F8EA
:104C80000B100268D2F803C0D2F80730D2F80B102C
:104C900040F2BF3767F39423C2F803C0C2F807306D
:104CA000C2F80B100268D2F803C0D2F80730D2F86D
:104CB0000B1040F21A2767F35F53C2F803C0C2F823
:104CC0000730C2F80B100268D2F803C0D2F80730E0
:104CD000D2F80B1066F30903C2F803C0C2F807301C
:104CE000C2F80B100168D1F80320D1F80730D1F8D1
:104CF0000B004FF04C0C6CF30900C1F80730C1F801
:104D00000320C1F80B0040F2B810C2F200000268A4
:104D1000D2F80330D2F807C0D2F80B1065F3C50300
:104D2000C2F807C0C2F80330C2F80B100268D2F80C
:104D30000330D2F807C0D2F80B1065F30203C2F8B3
:104D400007C0C2F80330C2F80B100268D2F8033073
:104D5000D2F807C0D2F80B1023F47073C2F807C062
:104D6000C2F80330C2F80B100268D2F80330D2F850
:104D700007C0D2F80B1064F38D23C2F807C0C2F845
:104D80000330C2F80B100268D2F803C0D2F8073023
:104D9000D2F80B1040F2292464F39423C2F803C024
:104DA000C2F80730C2F80B100268D2F803C0D2F87C
:104DB0000730D2F80B104FF4847464F35F53C2F8D9
:104DC00003C0C2F80730C2F80B100268D2F803C063
:104DD000D2F80730D2F80B106EF30903C2F803C003
:104DE000C2F80730C2F80B100268D2F80330D2F8CC
:104DF00007C0D2F80B1040F2525E6EF39421C2F855
:104E000007C0C2F80330C2F80B100168D1F80320C4
:104E1000D1F80730D1F80B0040F2353C6CF35F500D
:104E2000C1F80730C1F80320C1F80B004AF61C0096
:104E3000C2F20000009004F07FF9009944F2B440FF
:104E4000C2F200005A22F3F75BF903B0F0BD000094
:104E500080B582B04AF67601C2F2000101910020CD
:104E6000487388730A20C87308694A694FF0010EB5
:104E70006EF302004A61086140F2D410C2F20000F1
:104E80000268D2F80330D2F807C0D2F80B1043F012
:104E90003803C2F807C0C2F80330C2F80B1002682A
:104EA000D2F80330D2F807C0D2F80B106EF3020329
:104EB000C2F807C0C2F80330C2F80B100268D2F87B
:104EC0000330D2F807C0D2F80B1023F47073C2F885
:104ED00007C0C2F80330C2F80B100268D2F80330E2
:104EE000D2F807C0D2F80B104FF0020E6EF38D23EC
:104EF000C2F807C0C2F80330C2F80B100268D2F83B
:104F000003C0D2F80730D2F80B104FF0130E6EF337
:104F10009423C2F803C0C2F80730C2F80B1002682D
:104F2000D2F803C0D2F80730D2F80B1040F22D1E91
:104F30006EF35F53C2F803C0C2F80730C2F80B101B
:104F40000268D2F803C0D2F80730D2F80B104FF045
:104F5000040E6EF30903C2F803C0C2F80730C2F8AA
:104F60000B100268D2F80330D2F807C0D2F80B1049
:104F70004FF0230E6EF39633C2F807C0C2F8033029
:104F8000C2F80B100268D2F80330D2F807C0D2F88A
:104F90000B104FF0070E6EF3DF53C2F807C0C2F8D4
:104FA0000330C2F80B1000680F304CF26831C0F6C5
:104FB0000101EBF72BFA019804F032F9019944F260
:104FC000B440C2F200003C22F3F79AF802B080BD70
:104FD00080B582B04AF6B201C2F200010191002010
:104FE000487388730B20C87308694A694FF0010E33
:104FF0006EF302004A61086140F2B010C2F2000094
:105000000268D2F80330D2F807C0D2F80B1043F090
:105010003803C2F807C0C2F80330C2F80B100268A8
:10502000D2F80330D2F807C0D2F80B106EF30203A7
:10503000C2F807C0C2F80330C2F80B100268D2F8F9
:105040000330D2F807C0D2F80B1023F47073C2F803
:1050500007C0C2F80330C2F80B100268D2F8033060
:10506000D2F807C0D2F80B104FF0070E6EF38D2365
:10507000C2F807C0C2F80330C2F80B100268D2F8B9
:1050800003C0D2F80730D2F80B104FF0470E6EF382
:105090009423C2F803C0C2F80730C2F80B100268AC
:1050A000D2F803C0D2F80730D2F80B1040F29F2E8E
:1050B0006EF35F53C2F803C0C2F80730C2F80B109A
:1050C0000268D2F803C0D2F80730D2F80B104FF0C4
:1050D000040E6EF30903C2F803C0C2F80730C2F829
:1050E0000B100268D2F80330D2F807C0D2F80B10C8
:1050F0004FF0280E6EF39633C2F807C0C2F80330A3
:10510000C2F80B100268D2F80330D2F807C0D2F808
:105110000B104FF0050E6EF3DF53C2F807C0C2F854
:105120000330C2F80B1000680F304CF27031C0F63B
:105130000101EBF76BF9019804F072F8019944F260
:10514000B440C2F200003C22F2F7DAFF02B080BDA8
:1051500010B582B04AF6EE01C2F2000101910020C2
:10516000487388730C20C87308694A694FF0010EB0
:105170006EF302004A61086140F2A010C2F2000022
:105180000268D2F80330D2F807C0D2F80B1043F00F
:105190003803C2F807C0C2F80330C2F80B10026827
:1051A000D2F80330D2F807C0D2F80B106EF3020326
:1051B000C2F807C0C2F80330C2F80B100268D2F878
:1051C0000330D2F807C0D2F80B1023F47073C2F882
:1051D00007C0C2F80330C2F80B100268D2F80330DF
:1051E000D2F807C0D2F80B10072464F38D23C2F85D
:1051F00007C0C2F80330C2F80B100268D2F803C02F
:10520000D2F80730D2F80B10D82464F39423C2F8F4
:1052100003C0C2F80730C2F80B100268D2F803C00E
:10522000D2F80730D2F80B1040F24E2464F35F53EB
:10523000C2F803C0C2F80730C2F80B100268D2F8F7
:1052400003C0D2F80730D2F80B10042464F309032A
:10525000C2F803C0C2F80730C2F80B100268D2F8D7
:105260000330D2F807C0D2F80B10282464F3963329
:10527000C2F807C0C2F80330C2F80B100268D2F8B7
:105280000330D2F807C0D2F80B106EF3DF53C2F828
:1052900007C0C2F80330C2F80B1000680F304CF2A0
:1052A0005331C0F60101EBF7B1F8019803F0B8FFF4
:1052B000019944F2B440C2F200003C22F2F720FF10
:1052C00002B010BD80B582B04AF62A11C2F20001C8
:1052D00001910020487388730D20C87308694A69DA
:1052E0004FF0010E6EF302004A61086140F2AC100B
:1052F000C2F200000268D2F80330D2F807C0D2F838
:105300000B1043F03803C2F807C0C2F80330C2F8EC
:105310000B100268D2F80330D2F807C0D2F80B1095
:105320006EF30203C2F807C0C2F80330C2F80B10D4
:105330000268D2F80330D2F807C0D2F80B1023F479
:105340007073C2F807C0C2F80330C2F80B100268CD
:10535000D2F80330D2F807C0D2F80B106EF38D23C9
:10536000C2F807C0C2F80330C2F80B100268D2F8C6
:1053700003C0D2F80730D2F80B104FF00E0E6EF3C8
:105380009423C2F803C0C2F80730C2F80B100268B9
:10539000D2F803C0D2F80730D2F80B1040F2F31E57
:1053A0006EF35F53C2F803C0C2F80730C2F80B10A7
:1053B0000268D2F803C0D2F80730D2F80B104FF0D1
:1053C000040E6EF30903C2F803C0C2F80730C2F836
:1053D0000B100268D2F80330D2F807C0D2F80B10D5
:1053E0004FF0230E6EF39633C2F807C0C2F80330B5
:1053F000C2F80B100268D2F80330D2F807C0D2F816
:105400000B104FF00B0E6EF3DF53C2F807C0C2F85B
:105410000330C2F80B1000680F304CF25C31C0F65C
:105420000101EAF7F3FF019803F0FAFE019944F253
:10543000B440C2F200003C22F2F762FE02B080BD2E
:1054400010B582B04AF66611C2F200010191002047
:10545000487388730E24CC7308694A694FF0010EB3
:105460006EF302004A61086140F2C810C2F2000007
:105470000268D2F80330D2F807C0D2F80B1043F01C
:105480003803C2F807C0C2F80330C2F80B10026834
:10549000D2F80330D2F807C0D2F80B106EF3020333
:1054A000C2F807C0C2F80330C2F80B100268D2F885
:1054B0000330D2F807C0D2F80B1023F47073C2F88F
:1054C00007C0C2F80330C2F80B100268D2F80330EC
:1054D000D2F807C0D2F80B104FF0060E6EF38D23F2
:1054E000C2F807C0C2F80330C2F80B100268D2F845
:1054F00003C0D2F80730D2F80B1064F39423C2F83B
:1055000003C0C2F80730C2F80B100268D2F803C01B
:10551000D2F80730D2F80B104FF4C87464F35F531D
:10552000C2F803C0C2F80730C2F80B100268D2F804
:1055300003C0D2F80730D2F80B10042464F3090337
:10554000C2F803C0C2F80730C2F80B100268D2F8E4
:105550000330D2F807C0D2F80B10232464F396333B
:10556000C2F807C0C2F80330C2F80B100268D2F8C4
:105570000330D2F807C0D2F80B106EF3DF53C2F835
:1055800007C0C2F80330C2F80B1000680F304CF2AD
:105590007631C0F60101EAF739FF019803F040FEC9
:1055A000019944F2B440C2F200003C22F2F7A8FD97
:1055B00002B010BD10B582B04AF6A211C2F20001CD
:1055C00001910020487388730F20C87308694A69E5
:1055D0004FF0010E6EF302004A61086140F2A41020
:1055E000C2F200000268D2F80330D2F807C0D2F845
:1055F0000B1043F03803C2F807C0C2F80330C2F8FA
:105600000B100268D2F80330D2F807C0D2F80B10A2
:105610006EF30203C2F807C0C2F80330C2F80B10E1
:105620000268D2F80330D2F807C0D2F80B1023F486
:105630007073C2F807C0C2F80330C2F80B100268DA
:10564000D2F80330D2F807C0D2F80B104FF0040E96
:105650006EF38D23C2F807C0C2F80330C2F80B10F6
:105660000268D2F803C0D2F80730D2F80B104FF01E
:10567000320E6EF39423C2F803C0C2F80730C2F8AA
:105680000B100268D2F803C0D2F80730D2F80B1022
:1056900040F2433464F35F53C2F803C0C2F80730EA
:1056A000C2F80B100268D2F803C0D2F80730D2F863
:1056B0000B10052464F30903C2F803C0C2F80730D5
:1056C000C2F80B100268D2F80330D2F807C0D2F843
:1056D0000B106EF39633C2F807C0C2F80330C2F85D
:1056E0000B100268D2F80330D2F807C0D2F80B10C2
:1056F0004FF0060E6EF3DF53C2F807C0C2F8033056
:10570000C2F80B1000680F304CF25531C0F60101A1
:10571000EAF77CFE019803F083FD019944F2B4405E
:10572000C2F200003C22F2F7EBFC02B010BD000018
:1057300080B582B04AF6DE11C2F20001019100206C
:10574000487388731020C87308694A694FF0010EC6
:105750006EF302004A61086140F2DC10C2F2000000
:105760000268D2F80330D2F807C0D2F80B1043F029
:105770003803C2F807C0C2F80330C2F80B10026841
:10578000D2F80330D2F807C0D2F80B106EF3020340
:10579000C2F807C0C2F80330C2F80B100268D2F892
:1057A0000330D2F807C0D2F80B1023F47073C2F89C
:1057B00007C0C2F80330C2F80B100268D2F80330F9
:1057C000D2F807C0D2F80B104FF0020E6EF38D2303
:1057D000C2F807C0C2F80330C2F80B100268D2F852
:1057E00003C0D2F80730D2F80B1040F22A3E6EF315
:1057F0009423C2F803C0C2F80730C2F80B10026845
:10580000D2F803C0D2F80730D2F80B104FF0470E91
:105810006EF35F53C2F803C0C2F80730C2F80B1032
:105820000268D2F803C0D2F80730D2F80B104FF05C
:10583000040E6EF30903C2F803C0C2F80730C2F8C1
:105840000B100268D2F80330D2F807C0D2F80B1060
:105850004FF0280E6EF39633C2F807C0C2F803303B
:10586000C2F80B100268D2F80330D2F807C0D2F8A1
:105870000B104FF0170E6EF3DF53C2F807C0C2F8DB
:105880000330C2F80B1000680F304CF27D31C0F6C7
:105890000101EAF7BBFD019803F0C2FC019944F253
:1058A000B440C2F200003C22F2F72AFC02B080BDF4
:1058B00080B582B000200190FFE70198062817DC30
:1058C000FFE70198C0EB00114AF2A470C2F2000099
:1058D00001440A694B6988694FF0020C6CF30202BB
:1058E0004B610A618861FFE7019801300190E4E7AC
:1058F0004AF2A470C2F20000009003F057FC009935
:1059000044F2B440C2F200007822F2F7F9FB02B090
:1059100080BD000080B582B000200190FFE70198B3
:10592000022817DCFFE70198C0EB00114AF61C00C3
:10593000C2F2000001440A694B6988694FF0020C09
:105940006CF302024B610A618861FFE70198013044
:105950000190E4E74AF61C00C2F20000009003F058
:10596000EBFB009944F2B440C2F200005A22F2F775
:10597000C7FB02B080BD000080B582B04AF6760059
:10598000C2F20000019001694269022363F302013F
:105990004261016103F044FC019944F2B440C2F257
:1059A00000003C22F2F7ACFB02B080BD80B582B0B3
:1059B0004AF6B200C2F20000019001694269022376
:1059C00063F302014261016103F02AFC019944F290
:1059D000B440C2F200003C22F2F792FB02B080BD5C
:1059E00080B582B04AF6EE00C2F200000190016973
:1059F0004269022363F302014261016103F010FC7A
:105A0000019944F2B440C2F200003C22F2F778FB64
:105A100002B080BD80B582B04AF62A10C2F2000002
:105A2000019001694269022363F30201426101614D
:105A300003F0F6FB019944F2B440C2F200003C22AC
:105A4000F2F75EFB02B080BD80B582B04AF6661008
:105A5000C2F20000019001694269022363F302016E
:105A60004261016103F0DCFB019944F2B440C2F2EF
:105A700000003C22F2F744FB02B080BD80B582B04A
:105A80004AF6A210C2F200000190016942690223A5
:105A900063F302014261016103F0C2FB019944F228
:105AA000B440C2F200003C22F2F72AFB02B080BDF3
:105AB00080B582B04AF6DE10C2F2000001900169A2
:105AC0004269022363F302014261016103F0A8FB12
:105AD000019944F2B440C2F200003C22F2F710FBFC
:105AE00002B080BD80B582B001900091009843F271
:105AF0002861C2F20001086001204860002088602F
:105B00000198ECF70DF918B1FFE7EBF7C7FFFFE7D6
:105B10000198ECF765FB01980A21ECF7CBFA0198A4
:105B2000ECF70AFA80B202B080BD000080B5A0B0E8
:105B30008DED030ACDED020A01909DED020AB5EE4E
:105B4000400AF1EE10FA40F3A280FFE79DED030A50
:105B50009DED021A80EE010A8DED0D0A00200C90D9
:105B60000B909DED0D0AB5EE400AF1EE10FA09DA40
:105B7000FFE701200C909DED0D0AB1EE400A8DED7E
:105B80000D0AFFE79DED0D0AB7EE001AB4EE410ACB
:105B9000F1EE10FA39DDFFE79DED0D1AB7EE000AC0
:105BA00080EE010A8DED0D0A0D98109049F2A520A6
:105BB000CBF604500F9001200E900E90FFE70E9848
:105BC000092819DCFFE79DED100A9DED0F2A0E98BC
:105BD000C0F109014BF60020C0F6010000EB810086
:105BE00090ED001A20EE020A30EE010A8DED0F0A48
:105BF0000E9801300E90E2E79DED0F1A9FEDD90A45
:105C000030EE410A8DED0B0A30E00D98139049F209
:105C1000A520CBF604501290012011901190FFE7BF
:105C20001198092819DCFFE79DED130A9DED122A52
:105C30001198C0F109014BF60020C0F6010000EBFD
:105C4000810090ED001A20EE020A30EE010A8DED7F
:105C5000120A119801301190E2E79DED121A9DEDA4
:105C60000B0A30EE010A8DED0B0AFFE70C9838B1F4
:105C7000FFE79DED0B0AB1EE400A8DED0B0AFFE741
:105C80000B980199086000208DF81300BCE19DED90
:105C9000020AB5EE400AF1EE10FA80F28481FFE7C5
:105CA0009DED030AB5EE400AF1EE10FA40F3A5802F
:105CB000FFE79DED030A9DED021A80EE010A8DEDCE
:105CC0000A0A0020099008909DED0A0AB5EE400AE4
:105CD000F1EE10FA09DAFFE7012009909DED0A0ABA
:105CE000B1EE400A8DED0A0AFFE79DED0A0AB7EE14
:105CF000001AB4EE410AF1EE10FA39DDFFE79DED2E
:105D00000A1AB7EE000A80EE010A8DED0A0A0A9817
:105D1000169049F2A520CBF604501590012014905E
:105D20001490FFE71498092819DCFFE79DED160A87
:105D30009DED152A1498C0F109014BF60020C0F61C
:105D4000010000EB810090ED001A20EE020A30EE17
:105D5000010A8DED150A149801301490E2E79DEDCB
:105D6000151A9FEDAB0A30EE410A8DED080A30E0BE
:105D70000A98199049F2A520CBF6045018900120FA
:105D800017901790FFE71798092819DCFFE79DED9A
:105D9000190A9DED182A1798C0F109014BF6002049
:105DA000C0F6010000EB810090ED001A20EE020A1F
:105DB00030EE010A8DED180A179801301790E2E7CE
:105DC0009DED181A9DED080A30EE010A8DED080AC6
:105DD000FFE7099838B1FFE79DED080AB1EE400AE8
:105DE0008DED080AFFE79DED080A9FED8B1A30EE56
:105DF000010A019880ED000AD1E09DED030AB5EE9D
:105E0000400AF1EE10FA80F2A580FFE79DED030A4B
:105E10009DED021A80EE010A8DED070A0020069022
:105E200005909DED070AB5EE400AF1EE10FA09DA89
:105E3000FFE7012006909DED070AB1EE400A8DEDC7
:105E4000070AFFE79DED070AB7EE001AB4EE410A14
:105E5000F1EE10FA39DDFFE79DED071AB7EE000A03
:105E600080EE010A8DED070A07981C9049F2A520E3
:105E7000CBF604501B9001201A901A90FFE71A9855
:105E8000092819DCFFE79DED1C0A9DED1B2A1A98D5
:105E9000C0F109014BF60020C0F6010000EB8100C3
:105EA00090ED001A20EE020A30EE010A8DED1B0A79
:105EB0001A9801301A90E2E79DED1B1A9FED540AE3
:105EC00030EE410A8DED050A30E007981F9049F247
:105ED000A520CBF604501E9001201D901D90FFE7D9
:105EE0001D98092819DCFFE79DED1F0A9DED1E2A6C
:105EF0001D98C0F109014BF60020C0F6010000EB2F
:105F0000810090ED001A20EE020A30EE010A8DEDBC
:105F10001E0A1D9801301D90E2E79DED1E1A9DEDB1
:105F2000050A30EE010A8DED050AFFE7069838B143
:105F3000FFE79DED050AB1EE400A8DED050AFFE78A
:105F40009DED050A9FED331A30EE010A019880EDB0
:105F5000000A23E0002038B9FFE70398FEF77EF936
:105F600068B913E0DB0FC93F039805F0A1FA41ECD3
:105F7000100B51EC100BFEF767F938B1FFE70199F0
:105F800040F6DB70CCF24900086006E0019940F66B
:105F9000DB70C4F249000860FFE7FFE7FFE700207D
:105FA0008DF8130030E09DED020AB5EE400AF1EEE7
:105FB00010FA25D1FFE79DED030AB5EE400AF1EE98
:105FC00010FA0ADDFFE7019940F6DB70C3F6C970ED
:105FD000086000208DF8130016E09DED030AB5EE71
:105FE000400AF1EE10FA0ADAFFE7019940F6DB7099
:105FF000CBF6C970086000208DF8130004E0FFE7BD
:10600000FC208DF81300FFE79DF9130020B080BD40
:10601000DB0FC93FDB0F49C0DB0F494089B08DED75
:10602000080A9DED080A9FED3C1A20EE010AB5EE24
:10603000001A30EE010A8DED050A9DED050ABDEE50
:10604000C00A8DED010A9DED050AB5EE400AF1EE9C
:1060500010FA04DAFFE7019801380190FFE79DED9F
:10606000050A9DED011AB8EEC11A30EE410A8DED18
:10607000050A9DED050A9FED291A20EE010A8DED16
:10608000000A9DED000ABDEEC00A10EE100AADF840
:106090001200BDF81200B0F5007F0CDBFFE7002016
:1060A000ADF812009DED000A9FED1D1A30EE010AB9
:1060B0008DED000AFFE79DED000ABDF8120001EE2C
:1060C000100AB8EE411A30EE410A8DED060ABDF80D
:1060D00012104BF62820C0F6010050F82110039151
:1060E000BDF8121000EB8100406802909DED061A89
:1060F000B7EE000A30EE410A9DED032A9DED023A0B
:1061000021EE031A20EE020A30EE010A8DED070A95
:106110009DED070A09B0704783F9223E0000004454
:10612000000000C489B00890079106920898406862
:106130000590079840680490069840680390089876
:10614000008807990988884215D1FFE70898408898
:106150000799498888420ED1FFE708980088069978
:106160000988884207D1FFE708984088069949883E
:10617000884204D0FFE7FD208DF8030023E0089952
:10618000088849884843029002980190FFE70198E7
:10619000A8B1FFE70598011D059190ED000A04984C
:1061A000011D049190ED001A30EE010A0398011DC3
:1061B000039180ED000A019801380190E7E7002083
:1061C0008DF80300FFE79DF9030009B07047000058
:1061D00083B00290ADF80610ADF804200093BDF82E
:1061E000060002990880BDF80400029948800098D2
:1061F0000299486003B07047BBB039903891399824
:1062000040683790389840683690399800883490C4
:106210003998408833900020329031902B903999F2
:106220000888498888420DD1FFE73899088849884D
:10623000884207D1FFE73998008838990988884251
:1062400004D0FFE7FD208DF8A300C8E23698359012
:1062500034982C90FFE72C9858B3FFE734982C998A
:10626000401A2A90FFE72A9848B1FFE73599081DA0
:106270003590002008602A9801382A90F3E7359974
:10628000081D35904FF07E5008602C9801382A90F8
:10629000FFE72A9848B1FFE73599081D359000209F
:1062A00008602A9801382A90F3E72C9801382C903E
:1062B000D1E700202990FFE729983399884280F0A0
:1062C0005382FFE729982F90399948684988299A7D
:1062D00001FB022100EB8100359035980068329077
:1062E00029983090299801302D90FFE72D98349906
:1062F000884225D2FFE73999486849882D9A299B19
:1063000001FB023100EB8100359035980068319037
:106310009DED310AB0EEC00A9DED321AB0EEC11A01
:10632000B4EE410AF1EE10FA05DDFFE72D9830904A
:1063300031983290FFE7FFE72D9801302D90D5E797
:106340009DED320AB5EE400AF1EE10FA76D0FFE785
:1063500030982999884271D0FFE739984068259094
:106360003998406824903998408823902398299937
:10637000401A22902F982399299A00FB01212598F1
:1063800000EB8100259030982399299A00FB012188
:10639000249800EB8100249000202790FFE72798A5
:1063A0002299884213DAFFE72598006826902498FE
:1063B000006825990A1D25920860269824990A1DCF
:1063C00024920860FFE7279801302790E7E7389884
:1063D00040681F90389840681E90389840881D90FB
:1063E0001D981C902F981D9941431F9800EB810028
:1063F0001F9030981D9941431E9800EB81001E901C
:1064000000202190FFE721981C99884213DAFFE7CA
:106410001F98006820901E9800681F990A1D1F92FF
:10642000086020981E990A1D1E920860FFE72198B7
:1064300001302190E7E701202B90FFE72B980128FE
:106440000CD0FFE79DED320AB5EE400AF1EE10FAEE
:1064500004D1FFE7FB208DF8EB00C5E19DED321A7A
:10646000B7EE000A80EE010A8DED320A39984068D5
:106470001A9039984088199019982999401A1890BB
:106480002F981999299A00FB01211A9800EB810095
:106490001A9000201B90FFE71B981899884210DA89
:1064A000FFE79DED321A1A98011D1A9190ED000A2E
:1064B00020EE010A80ED000AFFE71B9801301B90D7
:1064C000EAE73898406816903898408815901598F3
:1064D00014902F9815994143169800EB810016905F
:1064E00000201790FFE717981499884210DAFFE709
:1064F0009DED321A1698011D169190ED000A20EEBE
:10650000010A80ED000AFFE7179801301790EAE7CB
:1065100000202D90FFE72D982F99884280F08B80E6
:10652000FFE73999486849882D9A299B01FB023178
:1065300000EB8100359035980068329039984068BA
:1065400012903998406811903998408810901098AE
:106550002999401A0F9012982D99109A514300EBE7
:106560008100299900EB8100129011982F99109ABF
:10657000514300EB8100299900EB8100119000202C
:106580001390FFE713980F99884217DAFFE79DED04
:10659000321A1198011D119190ED002A1298011DD7
:1065A000129190ED000A21EE021A30EE410A80EDC0
:1065B000000AFFE7139801301390E3E7389840682A
:1065C0000D90389840680C90389840880B900B9844
:1065D0000A900D982D990B9A514300EB81000D9074
:1065E0000C982F990B9A514300EB81000C900020DE
:1065F0000E90FFE70E980A99884217DAFFE79DEDA3
:10660000321A0C98011D0C9190ED002A0D98011D75
:106610000D9190ED000A21EE021A30EE410A80ED54
:10662000000AFFE70E9801300E90E3E7FFE72D9890
:1066300001302D906FE72F9801302D90FFE72D98B6
:106640003499884280F08B80FFE7399948684988FF
:106650002D9A299B01FB023100EB81003590359882
:1066600000683290399840680890399840680790DF
:1066700039984088069006982999401A05900898FC
:106680002D99069A514300EB8100299900EB810076
:10669000089007982F99069A514300EB8100299999
:1066A00000EB8100079000200990FFE70998059909
:1066B000884217DAFFE79DED321A0798011D07910E
:1066C00090ED002A0898011D089190ED000A21EE36
:1066D000021A30EE410A80ED000AFFE70998013006
:1066E0000990E3E738984068039038984068029032
:1066F0003898408801900198009003982D99019A4C
:10670000514300EB8100039002982F99019A514365
:1067100000EB8100029000200490FFE704980099AC
:10672000884217DAFFE79DED321A0298011D0291A7
:1067300090ED002A0398011D039190ED000A21EECF
:10674000021A30EE410A80ED000AFFE7049801309A
:106750000490E3E7FFE72D9801302D906FE7FFE706
:10676000299801302990A7E500208DF8A3002B98E7
:10677000012833D0FFE79DED320AB5EE400AF1EE75
:1067800010FA2BD1FFE739984068379000202E90FF
:10679000FFE72E983499339A5143884212D2FFE78B
:1067A00037982E9900EB810090ED000AB5EE400A73
:1067B000F1EE10FA01D0FFE704E0FFE72E98013078
:1067C0002E90E6E72E983499339A5143884204D1AB
:1067D000FFE7FB208DF8A300FFE7FFE7FFE79DF849
:1067E000A3008DF8EB00FFE79DF9EB003BB070478D
:1067F00092B008AB0093119010910F9211984068DD
:106800000E90109840680D90119840680C90109868
:1068100040680B900F9840680A9011980088ADF876
:106820001E0010984088ADF81C0011984088ADF803
:106830001A0000200490BDF81E00039011984088B3
:106840001099098888420ED1FFE7119800880F99A6
:106850000988884207D1FFE7109840880F99498836
:10686000884204D0FFE7FD208DF807005EE0FFE7D7
:106870000A98049900EB81000990BDF81C0005906E
:10688000109840680D90FFE7002008900C980E903B
:10689000BDF81A000290FFE70298D8B1FFE7009810
:1068A0000E990A1D0E9291ED000A0D9991ED002AA4
:1068B00090ED001A20EE020A30EE010A80ED000A87
:1068C000BDF81C100D9800EB81000D900298013866
:1068D0000290E1E7089809990A1D09920860059855
:1068E000013805900B98BDF81C10059A891A00EB29
:1068F00081000D90FFE705980028C5D1FFE70498B7
:10690000BDF81C10084404900C98BDF81A1000EB58
:1069100081000C90039801380390FFE7039800284A
:10692000A6D1FFE700208DF80700FFE79DF90700DB
:1069300012B0704789B00890079106920898406895
:10694000059007984068049006984068039008985E
:10695000008807990988884215D1FFE70898408880
:106960000799498888420ED1FFE708980088069960
:106970000988884207D1FFE7089840880699498826
:10698000884204D0FFE7FD208DF8030023E008993A
:10699000088849884843029002980190FFE70198CF
:1069A000A8B1FFE70598011D059190ED000A049834
:1069B000011D049190ED001A30EE410A0398011D6B
:1069C000039180ED000A019801380190E7E700206B
:1069D0008DF80300FFE79DF9030009B07047000040
:1069E0008AB0099008910998406807900898406813
:1069F000069009980088ADF8120009984088ADF813
:106A00001000BDF812000290002001900998008843
:106A100008994988884207D1FFE709984088089972
:106A20000988884204D0FFE7FD208DF803002BE0A1
:106A3000FFE70698019900EB81000590BDF8100072
:106A40000390FFE7039880B1FFE70798011D0791C6
:106A5000006805990860BDF81210059800EB8100E8
:106A60000590039801380390ECE7019801300190FC
:106A7000029801380290FFE702980028D9D1FFE779
:106A800000208DF80300FFE79DF903000AB070476E
:106A900089B08DED080A9DED080A9FED3A1A20EEA7
:106AA000010A8DED050A9DED050ABDEEC00A8DEDCA
:106AB000010A9DED050AB5EE400AF1EE10FA04DA7E
:106AC000FFE7019801380190FFE79DED050A9DED74
:106AD000011AB8EEC11A30EE410A8DED050A9DED9E
:106AE000050A9FED291A20EE010A8DED000A9DEDA1
:106AF000000ABDEEC00A10EE100AADF81200BDF893
:106B00001200B0F5007F0CDBFFE70020ADF81200AB
:106B10009DED000A9FED1D1A30EE010A8DED000A71
:106B2000FFE79DED000ABDF8120001EE100AB8EE75
:106B3000411A30EE410A8DED060ABDF812104BF6EF
:106B40002820C0F6010050F821100391BDF8121062
:106B500000EB8100406802909DED061AB7EE000A36
:106B600030EE410A9DED032A9DED023A21EE031A13
:106B700020EE020A30EE010A8DED070A9DED070AAC
:106B800009B0704783F9223E00000044000000C4B1
:106B900080B588B000208DF81E008DF81D00E9F743
:106BA0005DFE80200490EAF709F855200590EAF789
:106BB00005F80598EAF702F88DF81E00E9F744FE9B
:106BC00096200690E9F780FEE9F748FE0498E9F779
:106BD000F5FF0598E9F7F2FF0598E9F7EFFF8DF863
:106BE0001E00E9F731FE0698E9F76EFEE9F736FE7A
:106BF0007E20B621E9F7FAFFE9F726FE5020E9F7F3
:106C00004FFEE9F72BFE0498E9F7D8FF0598E9F75E
:106C1000D5FF0598E9F7D2FF8DF81E00E9F714FEBD
:106C20000698E9F751FEE9F719FE0498E9F7C6FF5F
:106C30000598E9F7C3FF0598E9F7C0FF8DF81E0036
:106C4000E9F702FE0698E9F73FFE9DF81E001E28B0
:106C500004D0FFE7FF208DF81F005CE000208DF8D6
:106C60001D00FFE79DF81D00052850DCFFE7E9F750
:106C7000F5FD9DF81D0000EB400240F2F810C2F255
:106C8000000003908118805C4978E9F7AFFFE9F7CD
:106C9000DBFD96200290E9F717FEE9F7DFFD039888
:106CA0009DF81D1001EB4101405C40F08000E9F7C8
:106CB00085FF55200190E9F781FF0198E9F77EFFF4
:106CC0008DF81E00E9F7C0FD0298E9F7FDFD039974
:106CD0009DF81E009DF81D2002EB420211444978E8
:106CE00088420DD0FFE79DF81D0000EB400140F207
:106CF000F810C2F20000084480788DF81F000AE006
:106D0000FFE79DF81D0001308DF81D00AAE7002067
:106D10008DF81F00FFE79DF81F0008B080BD000040
:106D200080B586B0002002908DF816008DF8150011
:106D3000E9F7AAFD02980DF115010391E9F72CFF7F
:106D4000E9F798FD96200490E9F7BEFDE9F79CFD70
:106D500002980399E9F720FFE9F78CFD0498E9F719
:106D6000B3FDE9F791FD1420B621E9F73FFFE9F7FC
:106D700081FD5020E9F794FDE9F786FD029803991B
:106D8000E9F70AFFE9F776FD0498E9F79DFDE9F7D1
:106D90007BFD02980399E9F7FFFEE9F76BFD049884
:106DA000E9F792FD9DF815000F2804D0FFE7FF20BA
:106DB0008DF8170053E000208DF81600FFE79DF8CE
:106DC0001600052847DCFFE7E9F75EFD9DF8160091
:106DD00000EB400240F20A20C2F20000019081184C
:106DE000805C4978E9F702FFE9F744FD96200090BE
:106DF000E9F76AFDE9F748FD01989DF8161001EBE7
:106E00004101405C0DF11501E9F7C6FEE9F732FDDD
:106E10000098E9F759FD01999DF815009DF8162095
:106E200002EB42021144497888420DD0FFE79DF8F9
:106E3000160000EB400140F20A20C2F200000844B4
:106E400080788DF817000AE0FFE79DF81600013002
:106E50008DF81600B3E700208DF81700FFE79DF8C6
:106E6000170006B080BD000084B0029001914FF67B
:106E7000FF70ADF80200029828B9FFE74FF6FF70E7
:106E8000ADF80E0021E0FFE70198411E0191B8B175
:106E9000FFE70298411C029100788DF80100BDF8CF
:106EA00002109DF801004840C2B24CF29630C0F684
:106EB000010030F8120080EA1120ADF80200E3E78B
:106EC000BDF80200ADF80E00FFE7BDF80E0004B0FB
:106ED0007047000083B002900191FF208DF80300FD
:106EE000FFE70198411E019198B1FFE79DF803006B
:106EF00002994A1C0292097848408DF802009DF8D8
:106F000002104BF24470C0F60100405C8DF80300A3
:106F1000E7E79DF8030003B07047000080B58AB032
:106F20000990ADF8221007920820059000200390E8
:106F30000490BDF8220001900998079A01A96B46B8
:106F4000EBF760FA0AB080BD80B590B0DDF848C0BC
:106F50000F900E910D920C930E98008E40B1FFE7AA
:106F60000E98008E40F29E11C2F200010880FFE7E9
:106F700041F64C10C2F2000000680B900E98B0F879
:106F80003B0000EE100AB8EE400A8DED0A0A0D989B
:106F90009DED0A0ADFED7D0AF4F762FE40F29E10D5
:106FA000C2F20000008800EE100AB8EE400A0D9808
:106FB00090ED0A1A30EE410A44F25850C2F2000035
:106FC00080ED000A0C9890ED020A9FED711AB4EE64
:106FD000410AF1EE10FA27DDFFE70F98007F88B92C
:106FE000FFE744F25850C2F2000090ED000AB2EE02
:106FF0000E1A30EE010A43F26060C2F2000080ED2A
:10700000000A10E044F25850C2F2000090ED000A6D
:107010009FED601A30EE010A43F26060C2F2000098
:1070200080ED000AFFE70AE044F25850C2F2000087
:10703000006843F26061C2F200010860FFE7129845
:1070400000F6C8200D9900F04DFE44F24450C2F203
:107050000000049080ED000A129800F54F600D9931
:1070600000F040FE049880ED010A129800F61870B6
:107070000D9900F037FE049880ED020A129800F591
:107080008A500D9900F02EFE049880ED030A00202E
:107090008DF82700FFE79DF8270003282CDCFFE789
:1070A0009DF8271044F24450C2F2000000EB81002A
:1070B00090ED000AB5EE400AF1EE10FA01DAFFE7B2
:1070C00014E09DF8271044F24450C2F2000000EB97
:1070D000810090ED001A44F25450C2F2000090ED8D
:1070E000000A30EE010A80ED000AFFE79DF8270054
:1070F00001308DF82700CEE71298D0F8760C41F6D3
:107100003411C2F20001029108601298D0F89E0E6C
:107110004860129841F2C602019280588860129825
:1071200041F2EE2203928058C860129800F6C820FF
:107130000590129800F54F600690129800F61870AE
:107140000790129800F58A50089043F26060C2F2EE
:10715000000090ED000A0D9A05A800F01DF8DDF87A
:1071600004C00298039A0168129BC3F8761C416818
:10717000129BC3F89E1E8168129B43F80C10C068D6
:1071800012998850012010B080BD00BF0000144249
:1071900000002A430000484380B590B00F900E9144
:1071A0008DED0D0A0C9200200B900A909DED0D1AAA
:1071B000B1EE000A30EE410A8DED090A0890FFE7B2
:1071C0000898032855DCFFE70F98089950F821002C
:1071D000B0F9100000EE100AB8EEC00A0C9890ED5D
:1071E000171A20EE010A8DED070A0E98089900EB98
:1071F000810090ED000AB3EE041A20EE010A9FED23
:10720000661A80EE010A8DED060A0C9890ED140ABC
:107210009DED062A20EE020A9DED0B1A20EE020AD1
:1072200030EE010A8DED0B0A0C9890ED130A9DEDDE
:10723000071A20EE010A9DED062A9DED0A1A20EE9E
:10724000020A30EE010A8DED0A0A0C9890ED150A3B
:107250009DED072A20EE020A9DED091A20EE020A92
:1072600030EE010A8DED090AFFE708980130089019
:10727000A6E79DED0B0A9DED0A1A30EE010A9DED81
:10728000091A30EE010A9DED0D1A30EE010A8DED5E
:10729000050A9DED050A9DED0D1AB4EE410AF1EEC9
:1072A00010FA01DCFFE773E04FF07E5004909DED93
:1072B0000B0A9FED381AB4EE410AF1EE10FA03DA28
:1072C000FFE70020049032E09DED0A0A9DED0B1AC5
:1072D000B9EE002A21EE021A9DED092A21EE021ACA
:1072E00020EE000A30EE010A8DED030A9DED030A3F
:1072F000B5EE400AF1EE10FA15DBFFE79DED0A0A44
:107300008DED010A9DED030A03F0A4FD9DED011A28
:1073100030EE410A9DED0B1A31EE011A80EE010AA2
:107320008DED040A02E000200490FFE7FFE79DEDE9
:10733000040AB7EE001AB4EE410AF1EE10FA04DDC9
:10734000FFE74FF07E500490FFE79DED040AB5EE95
:10735000400AF1EE10FA03DAFFE700200490FFE79D
:1073600000200290FFE70298032811DCFFE79DED63
:10737000041A0E98029900EB810090ED000A20EEAD
:10738000010A80ED000AFFE7029801300290EAE767
:1073900010B080BDBD3786350000804680B58AB00C
:1073A000DDF834C0DDF830C00890079106920593EF
:1073B00043F26460C2F20000007801280CD0FFE7BD
:1073C0000D98F3F78DF843F26461C2F20001087082
:1073D00000208DF8270099E0089890ED030AB1EE9F
:1073E000001A20EE010A0D9800F64C7080ED000A9C
:1073F000089890ED040A20EE010A0D9841F27411EC
:10740000084480ED000A089890ED050A20EE010A74
:107410000D9800F6FC2080ED000A089890ED060A11
:1074200020EE010A0D9800F6245080ED000A07981E
:10743000007850B9FFE708990020C86008990861F2
:107440000899486108998861FFE70D9901F6424063
:10745000B1F9D82A00EE102AB8EEC00A01F6FC21D4
:10746000D1ED000AF4F708FA0D9901F66A60B1F956
:10747000002D00EE102AB8EEC00A01F62451D1ED1D
:10748000000AF4F7F9F90D9941F292000844B1F9B4
:10749000282F00EE102AB8EEC00A01F64C71D1ED8B
:1074A000000AF4F7E9F90D9941F2BA20084441F2D3
:1074B00050128A5E00EE102AB8EEC00A41F2741231
:1074C0001144D1ED000AF4F7D7F908980699059A06
:1074D0000C9BDDF834C0EE46CEF800C0FFF734FD5B
:1074E0000D98D0F8760C01900D98D0F89E0E029071
:1074F0000D9841F2C601405803900D9841F2EE21DB
:107500004058049001208DF82700FFE79DF82700E0
:107510000AB080BD84B003908DF80B10019200205A
:107520008DF803009DF80B0002282ED1FFE7039889
:107530000199C8700398000A039003980199887014
:107540000398000A0390039800F003008DF80300ED
:107550000398C0000390039800F0E0009DF803102A
:1075600008448DF803009DF8030008308DF80300EF
:107570009DF8030000F0EB00019948700398000AA1
:10758000039003980199087011E001990020887018
:107590000199C870039840010390039801994870BD
:1075A0000398000A0390039801990870FFE704B05C
:1075B0007047000084B08DF80F008DF80E108DF824
:1075C0000D208DF80C300020029001909DF80C00E9
:1075D00000F003008DF803009DF80C0040098DF8C1
:1075E00002009DF80D00C000019001989DF8021066
:1075F0000844019001988000019001989DF80310C3
:107600000844019001980002019001989DF80F1024
:107610000844019001980002019001989DF80E1015
:107620000844019001980290029804B0704700004D
:1076300083B08DF80B008DF80A10002001909DF8A2
:107640000B00C000009000989DF80A1000EB51104C
:10765000009000980190019803B0704785B00490A5
:1076600004988169806A00EE101A01EE100A20EE7B
:10767000010AB5EE400AF1EE10FA40F39180FFE7FF
:107680000498806900EE100AB5EE400AF1EE10FA97
:1076900007DDFFE70498806900EE100A8DED030A0C
:1076A00008E00498806980F0004000EE100A8DED3B
:1076B000030AFFE79DED030A0498406D01EE100AEE
:1076C000B4EE410AF1EE10FA01DCFFE768E004983D
:1076D000806900EE100AB5EE400AF1EE10FA07DDFF
:1076E000FFE70498806900EE100A8DED020A08E0B9
:1076F0000498806980F0004000EE100A8DED020AC7
:10770000FFE79DED020A0498016D406D01EE101A2D
:1077100002EE100A31EE021AB4EE410AF1EE10FA4E
:1077200039DCFFE704998869096D00EE101A8DEDC8
:10773000010A00EE100AB5EE400AF1EE10FA07DD7C
:10774000FFE70498806900EE100A8DED000A08E05A
:107750000498806980F0004000EE100A8DED000A68
:10776000FFE79DED010A9DED001A30EE410A0499F4
:10777000086B0A6D4B6D01EE103A30EE010A01EE16
:10778000102A80EE011A00EE100A20EE010A10EE17
:10779000100A086303E0049900200863FFE7FFE78D
:1077A00005B0704781B000900099D1F82CC0C86B2B
:1077B000CA6DD1F8903000EE10CA01EE103A20EEFA
:1077C000010A03EE102A33EE012A80EE020A01EECE
:1077D000100A21EE031A81EE021A30EE010A10EEB1
:1077E000100AC86201B0704780B584B00390039856
:1077F000D0F89400E8BBFFE70398B0F860000328D6
:107800001DDBFFE70398C3680169D0F8902000EE04
:10781000103A8DED020A623000EE102A81F000412C
:1078200000EE901AF3F7B8FCB0EE401A9DED020A94
:1078300020EE010A039910EE100AC86218E00399BD
:10784000D1F80CC00A694B69D1F8900000EE10CA5B
:1078500001EE103A02EE102A31EE421A20EE010A31
:1078600001EE100A80EE010A10EE100AC862FFE76E
:107870004CE00398B0F86000032825DBFFE703988D
:10788000D0F80CC00169D0F89020D0F8943000EE08
:1078900010CA9B6801EE103A30EE010A8DED010A24
:1078A000623000EE102A81F0004100EE901AF3F7EA
:1078B00073FCB0EE401A9DED010A20EE010A039917
:1078C00010EE100AC86220E00399D1F80CC00A69D2
:1078D0004B69D1F8900000EE10CAD1F894C0DCF8E2
:1078E00008C001EE10CA30EE010A01EE103A02EEB5
:1078F000102A31EE421A20EE010A01EE100A80EE43
:10790000010A10EE100AC862FFE7FFE704B080BD6D
:1079100082B001900198816A006B00EE101A01EEAE
:10792000100A30EE010A43F27C60C2F2000080EDE2
:10793000000A0198426A816AC06A00EE102A01EECC
:10794000101A30EE010A01EE100A30EE010A43F27D
:107950008060C2F2000080ED000A90ED000AB5EEF2
:10796000400AF1EE10FA09DDFFE743F28060C2F24F
:10797000000090ED000A8DED000A0AE043F28060FD
:10798000C2F2000090ED000AB1EE400A8DED000A4F
:10799000FFE79DED000A0198006C01EE100AB4EEBD
:1079A000410AF1EE10FA14DDFFE701988169806A5F
:1079B00000EE101A01EE100A20EE010AB5EE400AA0
:1079C000F1EE10FA04DDFFE7019900200863FFE7FC
:1079D000FFE743F27C60C2F2000090ED000A0198DC
:1079E000406C01EE100AB4EE410AF1EE10FA07DD28
:1079F000FFE70199002008630199486C8862FFE75E
:107A000043F27C60C2F2000090ED000A0198406CE5
:107A100080F0004001EE100AB4EE410AF1EE10FAD7
:107A200009DAFFE70199002008630199486C80F0AA
:107A300000408862FFE702B07047000081B000900C
:107A40000099D1F834C0886B8A6DD1F8903000EE7F
:107A500010CA01EE103A20EE010A03EE102A33EEAE
:107A6000012A80EE020A01EE100A21EE031A81EECD
:107A7000021A30EE010A10EE100A486301B0704796
:107A800081B000900098416B006C00EE101A01EE7E
:107A9000100AB4EE410AF1EE10FA04DDFFE7009996
:107AA000086C4863FFE70098416B006C00EE101A09
:107AB00080F0004001EE100AB4EE410AF1EE10FA37
:107AC00006DAFFE70099086C80F000404863FFE7A2
:107AD00001B0704781B000900098416B006C00EEDF
:107AE000101A01EE100A9FED2B2A21EE021AB4EEB5
:107AF000410AF1EE10FA0EDBFFE70098006820F073
:107B0000004000EE100A9FED241AB4EE410AF1EE97
:107B100010FA01DAFFE73BE000980168006901EE26
:107B2000101A00EE100A31EE400AB0EEC00AB0EEB4
:107B3000C11A80EE010A9FED191AB4EE410AF1EE66
:107B400010FA0DDDFFE70099D1F89920D1F89D00DA
:107B5000013240F10000C1F89920C1F89D0006E013
:107B600000990020C1F89D00C1F89900FFE7009836
:107B7000D0F89910D0F89D0040F2F512891A70F1F2
:107B8000000005D3FFE70099012081F8A100FFE77D
:107B900001B070476F12833A17B7D1383333733F50
:107BA00081B000900098416A006C00EE101A01EE5E
:107BB000100AB4EE410AF1EE10FA04DDFFE7009975
:107BC000086C4862FFE70098416A006C00EE101AEA
:107BD00080F0004001EE100AB4EE410AF1EE10FA16
:107BE00006DAFFE70099086C80F000404862FFE782
:107BF00001B0704781B000900098D0F89400E8B9C7
:107C0000FFE70099D1F808C08B69CA69D1F89000E4
:107C100000EE10CA01EE103A02EE102A31EE021AFE
:107C2000B0EE002A81EE021A20EE010A01EE100ADF
:107C300020EE010A10EE100A086324E00099D1F842
:107C400008C08B69CA69D1F8900000EE10CAD1F85B
:107C500094C0DCF804C001EE10CA30EE010A01EE57
:107C6000103A02EE102A31EE021AB0EE002A81EE2E
:107C7000021A20EE010A01EE100A20EE010A10EEAF
:107C8000100A0863FFE701B07047000080B584B0B8
:107C900003A801900020ADF80A0043F6B010C2F22C
:107CA00000000821FDF71EFF01460198ADF80A10FB
:107CB000BDF80A1000EE101AB8EE400A40F2F411B6
:107CC000C2F2000191ED001A20EE010A9FED041AA4
:107CD00020EE010A80ED000A90ED000A04B080BD9C
:107CE0005D74214185B0049003910498B0F91000AF
:107CF00000EE100AB8EEC00A039890ED171A20EEB5
:107D0000010A8DED020A0498D0F8AE0100EE100AC7
:107D1000B3EE041A20EE010A9FED1A1A80EE010A52
:107D20008DED010A03989DED023A90ED132A90ED36
:107D3000144A90ED150A90ED161A22EE032A9DEDD5
:107D4000015A24EE054A24EE054A22EE052A32EEB7
:107D5000042A20EE030A20EE030A30EE020A30EE77
:107D6000010A8DED000A9DED000AB5EE400AF1EE24
:107D700010FA03DAFFE700200090FFE79DED000A0C
:107D800005B070470000804680B586B0049003912E
:107D90000292019343F28960C2F200000078012848
:107DA0000CD0FFE70298F2F735FC43F28961C2F28A
:107DB0000001087000208DF8170012E00499B1F856
:107DC00048200298B0F83402801AA1F84C000298BA
:107DD000B0F838020499A1F84E0001208DF8170080
:107DE000FFE79DF8170006B080BD000080B582B0A7
:107DF00000208DF8070000908DF80700FFE79DF840
:107E00000700C72812DCFFE743F66810C2F2000043
:107E10001121FDF767FE0146009808440090FFE736
:107E20009DF8070001308DF80700E8E79DED000A96
:107E3000B8EE401A9FED050A80EE010A40F2F410F8
:107E4000C2F2000080ED000A02B080BD0100704364
:107E500080B582B08DED010A4FF07E5000909DED0F
:107E6000010AF6F763FDB0EE401A9DED000A80EEC0
:107E7000010A8DED000A9DED000A02B080BD0000F0
:107E800080B582B000200190ECF742F8F6F7B6FF1B
:107E9000F2F76CFEF2F73AFDF2F7D6FCF2F7FCFCD3
:107EA000F2F76AFFF3F79CF8F3F7E0F8F2F71CFD3E
:107EB000F2F7B4FFF3F7B4F8F2F7F8FFF2F744FC87
:107EC000F2F782FCF3F75EF8F2F780FFF2F78EFD2F
:107ED00000F042F8FFE7FEE782B0ADF806000020B0
:107EE0000090BDF90600842807D0FFE7BDF9060021
:107EF0000099084403300090FFE7009802B07047F3
:107F000080B584B0039003980290029818B1FFE7FF
:107F10000298019002E001200190FFE7019801F032
:107F200031FC002004B080BD80B586B0059004917E
:107F30000498039005980290039818B1FFE70398FE
:107F4000019002E001200190FFE70298019901F001
:107F500051FC002006B080BD80B501F03BFD002043
:107F600080BD0000B0B590B00E900D910E984069A4
:107F700038B3FFE70E98806918B3FFE70E980168E1
:107F8000089141680B91016909910D990A91B0F925
:107F90000800FFF7A1FF0899099A0A9B84460B98ED
:107FA000DDF838E0DEF81440DEF81850EE46CEF882
:107FB0000850CEF80440CEF800C002F0EBFA0C9066
:107FC00020E00E980168049141680791018A0591AB
:107FD0000D990691B0F90800FFF77EFF0499059A04
:107FE000069B84460798EE460CACCEF80440CEF8CB
:107FF00000C002F07FFA012803D0FFE700200F90B5
:1080000003E0FFE70C980F90FFE70F9810B0B0BDAA
:1080100080B584B0039002914AF69050C2F20000FD
:108020000068009044F2C060C2F2000002680021C3
:1080300082F852100068043001F05CF988B9FFE75B
:1080400044F2C060C2F200000068C16A012000FA78
:1080500001F24AF63421C2F2000108689043086038
:1080600000E0FFE70398013080B9FFE7029868B1AC
:10807000FFE744F2C060C2F200000068011D4AF64A
:108080006850C2F2000001F0DBF93DE0009803996E
:1080900008440190019844F2C061C2F200010968ED
:1080A00048600198009988420ED2FFE744F2D06000
:1080B000C2F20000006844F2C061C2F20001096827
:1080C000043101F087F91EE044F2C860C2F20000FA
:1080D000006844F2C061C2F200010968043101F095
:1080E00079F901984AF6F441C2F200010968884220
:1080F00007D2FFE701984AF6F441C2F20001086096
:1081000000E0FFE7FFE7FFE704B080BD80B582B085
:10811000019001F0BDF94AF62421C2F2000108687D
:108120000130086044F2C060C2F20000006898B9F3
:10813000FFE7019844F2C061C2F2000108604AF60C
:108140002420C2F200000068012803D1FFE700F0FC
:10815000EBFA00E0FFE71CE04AF65C50C2F20000D8
:108160000068A0B9FFE744F2C060C2F200000068F6
:10817000C06A0199C96A884207D8FFE7019844F2AA
:10818000C061C2F20001086000E0FFE700E0FFE725
:10819000FFE74AF63021C2F20001086801300860AA
:1081A0000198C16A012000FA01F24AF63421C2F2B4
:1081B00000010868104308600199C86A00EB80025A
:1081C00044F2D860C2F2000000EB8200043101F0FA
:1081D00037F901F089F94AF65C50C2F200000068F4
:1081E000C8B1FFE744F2C060C2F200000068C06A94
:1081F0000199C96A88420CD2FFE74EF60451CEF2CB
:1082000000014FF080500860BFF34F8FBFF36F8FB6
:1082100000E0FFE700E0FFE702B080BD80B584B07A
:1082200001F036F94AF69450C2F2000000680028C6
:1082300040D1FFE74AF64020C2F20000029001F070
:10824000A9F84AF65420C2F20000039001F0A2F807
:108250000299039844F2C462C2F20002116044F22F
:10826000D461C2F20001086069460020086044F24F
:10827000D452C2F2000244F27463C2F200030A2034
:10828000102101F02BFD01464AF69450C2F2000085
:108290000160006860B1FFE74AF69450C2F2000046
:1082A00000684CF23D31C0F6010101F00FFA00E028
:1082B000FFE700E0FFE701F017F904B080BD000020
:1082C00080B582B0FFE74AF62820C2F200000068BD
:1082D00008B3FFE701F0DCF84AF67C50C2F2000078
:1082E000C068C06801900198043001F003F84AF6B4
:1082F0002421C2F200010868013808604AF62821EA
:10830000C2F2000108680138086001F0EDF8019838
:1083100000F08CF8D7E702B080BD000080B582B0D5
:10832000019000910198006CB8B1FFE70199C8680D
:108330000A6C1044C86001988168C068884204D300
:10834000FFE701990868C86000E0FFE70098019A1C
:10835000D168126CE8F79DF8FFE702B080BD00001D
:1083600080B586B005900491039200200290059894
:10837000806B01900598006C78B9FFE7059800685C
:1083800048B9FFE70598806802F06EFA02900599F7
:108390000020886000E0FFE741E00398B8B9FFE7FC
:1083A000059A04995068126CE8F773F805994868C3
:1083B0000A6C10444860059948688968884204D36B
:1083C000FFE705990868486000E0FFE726E0059AA6
:1083D0000499D068126CE8F75CF80599C8680A6CD3
:1083E000801AC86005980168C068884206D2FFE715
:1083F000059988680A6C801AC86000E0FFE7039856
:10840000022809D1FFE7019820B1FFE70198013860
:10841000019000E0FFE700E0FFE7FFE7FFE70198DA
:10842000013005998863029806B080BD80B582B09E
:108430000090009890F8510040B9FFE70098006B59
:1084400001F078F8009801F075F81CE0009890F8B9
:108450005100012804D1FFE7009801F06BF811E00A
:10846000009890F8510002280BD0FFE74FF0500021
:1084700080F31188BFF36F8FBFF34F8F0190FFE739
:10848000FEE7FFE7FFE702B080BD000082B0019089
:1084900044F2C460C2F2000000680068B0FA80F0E4
:1084A0004009019908600198006848B9FFE744F263
:1084B000C460C2F200000068C0680068009002E07A
:1084C00000200090FFE7009802B0704784B04FF49E
:1084D000C040009044F2A270C2F2000001909DF8EA
:1084E0000400400788B1FFE7019807300190019828
:1084F00020F007000190019A44F2A271C2F200013B
:108500000098891A08440090FFE7019802900299A8
:108510004AF66050C2F200000160002141600298FA
:10852000009A10440190019808380190019820F0B9
:1085300007000190019A44F2CC60C2F20000026090
:108540000268516002681160029903910199039ACF
:10855000891A5160006803990860039840684AF6D8
:10856000F041C2F200010860039840684AF6942185
:10857000C2F2000108604AF66821C2F200014FF021
:108580000040086004B0704780B582B00190FFE7FA
:10859000FFF796FE44F2D860C2F20000006802289D
:1085A0000CD3FFE74EF60451CEF200014FF080509D
:1085B0000860BFF34F8FBFF36F8F00E0FFE7E7E77F
:1085C00080B584B0DDF818C00390029101928DF857
:1085D0000330029818B9FFE70698006003E001989D
:1085E00006990860FFE703980699C8630298069900
:1085F00008640698012101F0F9FB04B080BD000079
:1086000080B588B0DDF834C0DDF830C0DDF82CC0AE
:10861000DDF828C006900591049203930C98006B36
:1086200004998900A522E7F7ABFF0C98006B049929
:1086300000EB810004380290029820F007000290BD
:108640009DF80800400758B1FFE74FF0500080F355
:108650001188BFF36F8FBFF34F8F0790FFE7FEE7DF
:108660000598F8B1FFE700200190FFE701980F2877
:1086700013D8FFE70598019A805C0C99114481F8A2
:10868000340005980199405C08B9FFE705E0FFE771
:10869000FFE7019801300190E8E70C99002081F88C
:1086A000430004E00C99002081F83400FFE70A98A9
:1086B000072803D3FFE706200A9000E0FFE70A98A7
:1086C0000C99C8620A980C9948640C990020009093
:1086D00088640C98043000F075FE0C98183000F097
:1086E00071FE00980C9909610A99C1F107010C9A71
:1086F00091610C9949620C99C8640C9981F85000F9
:108700000C9981F8520002980699039A00F0D0FC67
:108710000C9908600B9820B1FFE70C980B99086042
:1087200000E0FFE708B080BD80B584B00020039072
:10873000FFE70398062810D8FFE7039800EB8001B5
:1087400044F2D860C2F2000000EB810000F022FE8B
:10875000FFE7039801300390EBE74AF66C20C2F282
:108760000000019000F016FE4AF68020C2F20000E0
:10877000029000F00FFE4AF60850C2F2000000F02E
:1087800009FE4AF67C50C2F2000000F003FE4AF6F1
:108790006850C2F2000000F0FDFD0199029844F219
:1087A000C862C2F20002116044F2D061C2F200015C
:1087B000086004B080BD000083B002904AF66050AB
:1087C000C2F200000190FFE7019800680299884218
:1087D00005D2FFE7FFE7019800680190F4E70198F0
:1087E000009000980199496808440299884209D18B
:1087F000FFE7029842680199486810444860019870
:10880000029000E0FFE70298009000980299496802
:10881000084401990968884220D1FFE7019800685F
:1088200044F2CC61C2F20001096888420DD0FFE732
:1088300001980068426802994868104448600198AD
:10884000006800680299086007E044F2CC60C2F258
:108850000000006802990860FFE704E001980068E2
:1088600002990860FFE701980299884204D0FFE767
:1088700002980199086000E0FFE703B0704700002C
:1088800080B586B005900491039202930020019078
:1088900004980599486005980061049803998842F6
:1088A00016D8FFE703980299401A0599896988420A
:1088B00003D3FFE70120019009E044F2D460C2F243
:1088C000000000680599043100F084FDFFE717E01F
:1088D00003980299884208D2FFE7049802998842D7
:1088E00003D3FFE70120019009E044F2C460C2F223
:1088F000000000680599043100F06CFDFFE7FFE718
:10890000019806B080BD000080B582B0019000F0F3
:10891000BFFD0198806B18B9FFE70120009002E0CD
:1089200000200090FFE700F0DFFD009802B080BD5E
:1089300080B582B0019000F0ABFD0198806B019989
:10894000C96B884203D1FFE70120009002E00020BC
:108950000090FFE700F0C8FD009802B080BD000065
:1089600008480068006880F308884FF0000080F332
:10897000148862B661B6BFF34F8FBFF36F8F00DF0D
:1089800000BF000008ED00E080B586B004900391C0
:1089900044F2C460C2F200000068C068C068019080
:1089A0000198043000F0A6FC019890F824004007DC
:1089B000002823D5FFE70198049B81691944039A95
:1089C000FFF75EFFC0B1FFE70198049A69460023F4
:1089D0000B60194602F03CF90290029858B9FFE783
:1089E0004FF0500080F31188BFF36F8FBFF34F8FAC
:1089F0000590FFE7FEE700E0FFE707E0019991F847
:108A0000240000F0FE0081F82400FFE70198016ACD
:108A1000884706B080BD000080B58EB0FFE74AF6FB
:108A20009450C2F20000006807A9002201F0F8FB90
:108A3000002800F0B880FFE70798B0F1FF3F17DC8F
:108A4000FFE707A804300290029858B9FFE74FF0FB
:108A5000500080F31188BFF36F8FBFF34F8F0D90DD
:108A6000FFE7FEE702990A6848688968904700E0D6
:108A7000FFE70798002800F19580FFE70998069026
:108A80000698406928B1FFE70698043000F032FCF0
:108A900000E0FFE705A800F0FBF8039007980190BD
:108AA000092800F27D800199DFE801F00505053D08
:108AB000456605053D45069991F8240040F0010002
:108AC00081F824000698089B81691944039AFFF7EE
:108AD000D7FE30B3FFE70698016A8847069890F8FA
:108AE0002400400700281AD5FFE7069808998269F4
:108AF0000A44694600230B60194602F0A9F8049065
:108B0000049858B9FFE74FF0500080F31188BFF385
:108B10006F8FBFF34F8F0C90FFE7FEE700E0FFE79A
:108B200000E0FFE73DE0069991F8240000F0FE0028
:108B300081F8240035E0069991F8240040F0010006
:108B400081F824000898069988610698806958B9C8
:108B5000FFE74FF0500080F31188BFF36F8FBFF332
:108B60004F8F0B90FFE7FEE70698039B816919443E
:108B70001A46FFF785FE14E0069890F82400800757
:108B8000002804D4FFE7069800F0D4FC07E006991B
:108B900091F8240000F0FE0081F82400FFE700E0D7
:108BA000FFE7FFE73BE70EB080BD000080B584B073
:108BB0000390029100F07EFF684600F069F8019092
:108BC0000098D8BBFFE7029860B9FFE703980199C6
:108BD000884207D8FFE701F035FF03980199FFF7B6
:108BE000D3FE2AE0029858B1FFE744F2D460C2F203
:108BF000000000680068B0FA80F040090290FFE7CA
:108C00004AF69450C2F2000000680399019A891A4A
:108C1000029A00F085FD01F015FF60B9FFE74EF6FE
:108C20000451CEF200014FF080500860BFF34F8F27
:108C3000BFF36F8F00E0FFE7FFE702E001F002FF04
:108C4000FFE704B080BD000081B044F2C860C2F20A
:108C500000000068006840B9FFE74AF6F441C2F23C
:108C600000014FF0FF3008600FE044F2C860C2F22C
:108C700000000068C068C0680090009840684AF62C
:108C8000F441C2F200010860FFE701B07047000044
:108C900080B582B0019001F001FD0090009844F28F
:108CA000BC61C2F200010968884206D2FFE700F009
:108CB00011F801990120086003E001990020086083
:108CC000FFE7009844F2BC61C2F20001086000981E
:108CD00002B080BD80B588B0FFE744F2C460C2F244
:108CE00000000068006800284ED0FFE744F2C4602E
:108CF000C2F200000168C968096806910068C0688E
:108D0000C06803900398043000F0F4FA0398016AF5
:108D10008847039890F824004007002832D5FFE7E1
:108D20000698039989690844059005980699884230
:108D30000FD9FFE70598039948600398006144F252
:108D4000C460C2F2000000680399043100F042FBE5
:108D500017E00398069A694600230B60194601F054
:108D600077FF0290029858B9FFE74FF0500080F368
:108D70001188BFF36F8FBFF34F8F0790FFE7FEE7B8
:108D8000FFE700E0FFE7A8E744F2C462C2F2000296
:108D90001068049044F2D461C2F2000108681060C7
:108DA0000498086008B080BD83B00020009040F2B5
:108DB000F010C2F200000068013058B1FFE74FF038
:108DC000500080F31188BFF36F8FBFF34F8F029075
:108DD000FFE7FEE74FF0500080F31188BFF36F8F7D
:108DE000BFF34F8F0190FFE7009808B9FFE7FBE75B
:108DF00003B0704780B584B00390FFE701A8FFF788
:108E000045FB029002980199FFF7D0FEFFF704FEA0
:108E1000F4E7000080B582B0019000F039FB0198C2
:108E200090F845008DF80300FFE79DF90300012845
:108E300016DBFFE70198406A58B1FFE7019824303C
:108E400001F09EFD18B1FFE700F070FD00E0FFE7C4
:108E500000E005E09DF8030001388DF80300E4E729
:108E60000199FF2081F8450000F03EFB00F010FB67
:108E7000019890F844008DF80200FFE79DF9020088
:108E8000012816DBFFE70198006980B1FFE7019830
:108E9000103001F075FD18B1FFE700F047FD00E06C
:108EA000FFE79DF8020001388DF8020000E000E0C5
:108EB000E4E70199FF2081F8440000F015FB02B0BF
:108EC00080BD000080B58AB006900020029000F0BE
:108ED000F1FD44F2CC60C2F20000006818B9FFE76F
:108EE000FFF7F4FA00E0FFE706984AF66821C2F2BD
:108EF00000010968084240F0C580FFE7069800B30A
:108F0000FFE70698083006909DF818004007B0B1BA
:108F1000FFE7069820F00700083006909DF818003B
:108F2000400758B1FFE74FF0500080F31188BFF3BE
:108F30006F8FBFF34F8F0990FFE7FEE700E0FFE779
:108F400000E0FFE70698002800F09A80FFE7069807
:108F50004AF69421C2F200010968884200F290802A
:108F6000FFE74AF66050C2F20000049000680590E6
:108F7000FFE705984168069A00209142019007D2C8
:108F8000FFE705980068002818BF01200190FFE75F
:108F90000198C00730B1FFE7059804900598006874
:108FA0000590E6E7059844F2CC61C2F20001096839
:108FB000884263D0FFE70498006808300290059863
:108FC000006804990860059840680699401A1128BD
:108FD00021D3FFE705980699084403909DF80C00FB
:108FE000400758B1FFE74FF0500080F31188BFF3FE
:108FF0006F8FBFF34F8F0890FFE7FEE7059840683B
:109000000699401A039948600698059948600398A4
:10901000FFF7D2FB00E0FFE7059842684AF694208C
:10902000C2F200000168891A016000684AF6F04146
:10903000C2F20001096888420BD2FFE74AF6942089
:10904000C2F2000000684AF6F041C2F20001086076
:1090500000E0FFE74AF66820C2F2000002680599C6
:109060004868104348600599002008604AF6FC41B2
:10907000C2F2000108680130086000E0FFE700E08C
:10908000FFE700E0FFE701F0DDFC9DF80800400786
:1090900058B1FFE74FF0500080F31188BFF36F8F96
:1090A000BFF34F8F0790FFE7FEE702980AB080BD3D
:1090B00083B00290019100920298043802900299C4
:1090C0004FF080700860029804380290019820F0F8
:1090D000010002990860029804380290029948F64B
:1090E000A950C0F601000860029814380290009858
:1090F0000299086002980438029002996FF0020009
:109100000860029820380290029803B0704700006F
:1091100080B5FBF70BF9FBF78BFCFBF799FEFBF730
:1091200057FFFCF715F8FCF7CDF8FCF789F9FCF7C9
:1091300041FAFCF7FDFA80BD80B582B0019001993B
:10914000A520087001995120A1F8010044F2827213
:10915000C2F200021078411C11700199C870019888
:109160000421FDF7B7FE01990871019940F2013021
:10917000A1F80500019940F20310A1F8070040F2A0
:10918000E410C2F200000168019AA2F80910006818
:1091900000F580700199A1F80B0001985821FDF7A6
:1091A00063FE0199A1F8580002B080BD80B582B07D
:1091B00001900199A520087001996F20A1F8010084
:1091C00044F28272C2F200021078411C11700199BF
:1091D000C87001980421FDF77DFE0199087101997D
:1091E00040F20130A1F8050001994FF48270A1F816
:1091F000070040F2E410C2F200000168019AA2F8F0
:109200000910006800F580700199A1F80B00019821
:109210007621FDF729FE0199A1F8760002B080BD04
:1092200080B582B001900199A52008700199332082
:10923000A1F8010044F28272C2F200021078411CCF
:1092400011700199C87001980421FDF743FE01993E
:109250000871019940F20130A1F8050001994FF41D
:109260008870A1F8070040F2E410C2F20000016823
:10927000019AA2F80910006800F580700199A1F820
:109280000B0001981C30E7F7E5F8844601990A695C
:109290004B6988696FF3DF5242EACC524B610A6135
:1092A000886101983A21FDF7DFFD0199488702B0F6
:1092B00080BD000080B5FCF7FBFAFCF72BFBFCF748
:1092C0005BFBFCF773FBFCF78BFBFCF7A3FBFCF7EA
:1092D000BBFBFCF7D3FBFCF7EBFB80BD80B582B09A
:1092E0000190002000900198FFF7ECFD009000989D
:1092F00002B080BD82B00190019800690090019891
:109300004168806888600199486889684860009869
:1093100040680199884205D1FFE70198806800996B
:10932000486000E0FFE701990020086100990868A3
:10933000013808600098006802B0704783B002905E
:109340000191009202994AF69C40C2F20000086026
:1093500001994AF69820C2F2000008600099802026
:10936000086003B07047000083B002900191009242
:1093700002994BF29C10C2F20000086001994AF673
:109380009850C2F20000086000994FF480700860A5
:1093900003B0704781B00090009901F10800486067
:1093A00000994FF0FF308860009901F10800C86013
:1093B000009901F10800086100990020086001B0DF
:1093C0007047000081B0009000990020086101B052
:1093D0007047000084B003900291029800680090EA
:1093E0000098013020B9FFE703980069019010E070
:1093F000039808300190FFE70198406800680099E1
:10940000884205D8FFE7FFE7019840680190F3E73D
:10941000FFE70198406802994860029841688860B7
:10942000019802998860029801994860039802990E
:109430000861039908680130086004B070470000B3
:1094400083B00290019102984068009000980199C1
:10945000486000988068019988600198009989683F
:109460004860019800998860029801990861029902
:1094700008680130086003B070470000DFF80C0096
:10948000016841F4700101607047000088ED00E060
:1094900082B04FF0500080F31188BFF36F8FBFF39D
:1094A0004F8F019040F2F010C2F2000001680131CC
:1094B00001600068012814D1FFE74EF60450CEF297
:1094C00000000068000658B1FFE74FF0500080F33D
:1094D0001188BFF36F8FBFF34F8F0090FFE7FEE758
:1094E000FFE702B07047000082B040F2F010C2F215
:1094F0000000006858B9FFE74FF0500080F3118872
:10950000BFF36F8FBFF34F8F0090FFE7FEE740F28E
:10951000F010C2F20000016801390160006830B942
:10952000FFE700200190019880F31188FFE702B067
:109530007047000080B586B00390039802900398AE
:1095400000285CD0FFE7029808380290029801904A
:10955000019840684AF66821C2F200010968084291
:109560000BD1FFE74FF0500080F31188BFF36F8FEE
:10957000BFF34F8F0590FFE7FEE70198006858B1F1
:10958000FFE74FF0500080F31188BFF36F8FBFF3F8
:109590004F8F0490FFE7FEE7019840684AF6682184
:1095A000C2F200010968084227D0FFE7019800686D
:1095B00008BBFFE74AF66820C2F200000268019982
:1095C00048689043486000F075FA019842684AF68E
:1095D0009421C2F200010868104408600198FFF766
:1095E000EBF84AF60051C2F2000108680130086049
:1095F00001F028FA00E0FFE700E0FFE7FFE706B030
:1096000080BD00004EF21001CEF200010020086083
:109610004EF21802CEF20002106040F2C000C2F218
:109620000000006844F6D352C1F26202A0FB0202BD
:109630004FF0FF3000EB92104EF21402CEF2000217
:10964000106007200860704784B0EFF30580019038
:10965000019810281ED3FFE701984EF2F031CEF2A8
:109660000001405C8DF803009DF803004AF2A271EE
:10967000C2F20001097888420BDAFFE74FF0500090
:1096800080F31188BFF36F8FBFF34F8F0390FFE715
:10969000FEE7FFE74EF60C50CEF20000006800F443
:1096A000E0604AF61C21C2F20001096888420BD929
:1096B000FFE74FF0500080F31188BFF36F8FBFF3C7
:1096C0004F8F0290FFE7FEE704B0704783B002902F
:1096D000019100200090FFE7009807281DD8FFE7C0
:1096E00000994AF61C50C2F2000050F8310070B9DF
:1096F000FFE70198009A4AF61C51C2F2000141F8B6
:1097000032000298009A01EBC201486005E0FFE7D1
:10971000FFE7009801300090DEE703B070470000DB
:1097200080B584B003900291019203980090FFF7F6
:10973000AFFE009890F94400013028B9FFE7009986
:10974000002081F84400FFE7009890F945000130BF
:1097500028B9FFE70099002081F84500FFE7FFF7EF
:10976000C3FE0098806B38B9FFE700982430029957
:10977000019A00F005F900E0FFE70098FFF74AFBC7
:1097800004B080BD80B584B00290002001900298A2
:10979000E0B1FFE74AF62C20C2F20000006858B1A1
:1097A000FFE74FF0500080F31188BFF36F8FBFF3D6
:1097B0004F8F0390FFE7FEE700F07CF9029800214D
:1097C000FEF726FC01F03EF9019000E0FFE701986A
:1097D00060B9FFE74EF60451CEF200014FF0805021
:1097E0000860BFF34F8FBFF36F8F00E0FFE704B057
:1097F00080BD000080B58AB00690059100200290DF
:10980000069858B9FFE74FF0500080F31188BFF376
:109810006F8FBFF34F8F0990FFE7FEE7059858B9A8
:10982000FFE74FF0500080F31188BFF36F8FBFF355
:109830004F8F0890FFE7FEE74AF62C20C2F20000A7
:10984000006858B1FFE74FF0500080F31188BFF374
:109850006F8FBFF34F8F0790FFE7FEE700F02AF905
:109860004AF69050C2F20000006801900698006825
:10987000059908440490019806990968884210D215
:10988000FFE7049806990968884208D2FFE7049820
:109890000199884203D9FFE70120029000E0FFE729
:1098A0000FE0049806990968884205D3FFE70498F9
:1098B0000199884203D9FFE70120029000E0FFE709
:1098C000FFE7049806990860029838B1FFE704980A
:1098D0000199401A0021FEF79BFB00E0FFE701F031
:1098E000B1F80390039860B9FFE74EF60451CEF249
:1098F00000014FF080500860BFF34F8FBFF36F8FB0
:1099000000E0FFE70AB080BD81B000904AF6F84061
:10991000C2F200000068009908604AF69050C2F256
:10992000000000680099486001B070474BF2F011E8
:10993000C2F20001012008607047000080B584B0C9
:1099400002900191029858B9FFE74FF0500080F360
:109950001188BFF36F8FBFF34F8F0390FFE7FEE7D0
:10996000029844F2C061C2F2000109681831FFF7A1
:1099700031FD01980121FEF74BFB04B080BD0000D2
:1099800080B584B0029001910092029858B9FFE727
:109990004FF0500080F31188BFF36F8FBFF34F8FEC
:1099A0000390FFE7FEE7029844F2C061C2F20001B3
:1099B00009681831FFF744FD009820B1FFE74FF028
:1099C000FF300190FFE701980099FEF721FB04B0FA
:1099D00080BD000080B58AB00020039006900590FD
:1099E00006A805A904AAFFF7A9FC039B049A0599F8
:1099F000DDF818C06846C0F808C04160036048F24E
:109A00008950C0F601004CF23831C0F6010100F077
:109A1000C1FD01464AF69840C2F2000001600068AC
:109A200018B1FFE70120079002E000200790FFE750
:109A30000798012804D1FFE701F0C0F8079000E083
:109A4000FFE70798012823D1FFE74FF0500080F38C
:109A50001188BFF36F8FBFF34F8F09904AF6F4411F
:109A6000C2F200014FF0FF3008604AF65C51C2F2CA
:109A70000001012008604AF69051C2F20001002066
:109A8000086000F07FF808B1FFE700E0FFE70FE0B3
:109A90000798013058B9FFE74FF0500080F3118864
:109AA000BFF36F8FBFF34F8F0890FFE7FEE7FFE72D
:109AB0000AB080BD4AF62C21C2F2000108680130CC
:109AC0000860704785B04AF62C20C2F2000000689A
:109AD00038B1FFE74BF2F011C2F20001012008603B
:109AE0004DE04BF2F011C2F20001002008604AF68E
:109AF0003420C2F20000006804900498B0FA80F0AC
:109B00008DF80F009DF80F00C0F11F000190019823
:109B100000EB800144F2D860C2F2000050F821004E
:109B200058B9FFE74FF0500080F31188BFF36F8FF3
:109B3000BFF34F8F0290FFE7FEE7019800EB800133
:109B400044F2D860C2F2000000EB8100009000995E
:109B5000486840684860009948680831884205D1E3
:109B6000FFE70099486840684860FFE70098406850
:109B7000C06844F2C061C2F200010860FFE705B0AE
:109B80007047000080B588B04EF60050CEF200005D
:109B900000684CF27121C4F20F1188420BD1FFE72B
:109BA0004FF0500080F31188BFF36F8FBFF34F8FDA
:109BB0000790FFE7FEE74EF60050CEF20000006887
:109BC0004CF27021C4F20F1188420BD1FFE74FF025
:109BD000500080F31188BFF36F8FBFF34F8F069053
:109BE000FFE7FEE74EF20040CEF20000039001785E
:109BF0000491FF21017000788DF80B009DF80B0097
:109C000000F050004AF2A271C2F2000108704AF658
:109C10001C21C2F2000107200860FFE79DF80B003D
:109C2000000600280DD5FFE74AF61C21C2F200010C
:109C30000868013808609DF80B0040008DF80B00A3
:109C4000ECE74AF61C20C2F20000006803280BD0A3
:109C5000FFE74FF0500080F31188BFF36F8FBFF321
:109C60004F8F0590FFE7FEE74AF61C21C2F2000184
:109C7000086800020860086800F4E0600860049862
:109C80004EF20041CEF2000108704EF62051CEF2A5
:109C90000001086840F470000860086840F07040F7
:109CA0000860FFF7AFFC40F2F011C2F200010020A3
:109CB00001900860FFF7E2FB4EF63471CEF200012E
:109CC000086840F040400860FEF74AFEFFF7FAFEE1
:109CD000FFF76AF8019808B080BD000080B590B029
:109CE00084461298CDF828C00991089207938DF800
:109CF0001B000A9858B9FFE74FF0500080F3118815
:109D0000BFF36F8FBFF34F8F0F90FFE7FEE707980A
:109D100058B9FFE74FF0500080F31188BFF36F8F01
:109D2000BFF34F8F0E90FFE7FEE7089900200390E6
:109D300031B1FFE70998B0FA80F040090390FFE7DE
:109D40000398C00758B1FFE74FF0500080F3118827
:109D5000BFF36F8FBFF34F8F0D90FFE7FEE70899BA
:109D60000020029031B9FFE70998002818BF0120B0
:109D70000290FFE70298C00758B1FFE74FF050008C
:109D800080F31188BFF36F8FBFF34F8F0C90FFE705
:109D9000FEE748200490049848280BD0FFE74FF0D6
:109DA000500080F31188BFF36F8FBFF34F8F0B907C
:109DB000FFE7FEE7049807980590059888B1FFE74C
:109DC0000599012081F846000A980999089A9DF89A
:109DD0001B30DDF814C0EE46CEF800C0FEF7F0FBF5
:109DE00000E0FFE7059810B080BD000080B584B0AA
:109DF0000290019102980090009858B9FFE74FF047
:109E0000500080F31188BFF36F8FBFF34F8F039023
:109E1000FFE7FEE7FFF73CFB00990B68C86B0A6C95
:109E200000FB023088600099002088630099086870
:109E3000486000990B68C86B0A6C013800FB02305F
:109E4000C8600099FF2081F84400009981F845001E
:109E50000198D0B9FFE700980069A0B1FFE700982A
:109E6000103000F08DFD60B1FFE74EF60451CEF2E8
:109E700000014FF080500860BFF34F8FBFF36F8F2A
:109E800000E0FFE700E0FFE708E000981030FFF790
:109E900081FA00982430FFF77DFAFFE7FFF724FBF3
:109EA000012004B080BD000080B592B00C900B91F1
:109EB0000A920993002008900C980490049858B9CD
:109EC000FFE74FF0500080F31188BFF36F8FBFF3AF
:109ED0004F8F1190FFE7FEE70B990020039039B9EF
:109EE000FFE70498006C002818BF01200390FFE7EB
:109EF0000398C00758B1FFE74FF0500080F3118876
:109F0000BFF36F8FBFF34F8F1090FFE7FEE7099904
:109F100000200229029007D1FFE70498C06B0138A6
:109F200018BF01200290FFE70298C00758B1FFE771
:109F30004FF0500080F31188BFF36F8FBFF34F8F46
:109F40000F90FFE7FEE700F08DFB01460020019037
:109F500031B9FFE70A98002818BF01200190FFE7F8
:109F60000198C00758B1FFE74FF0500080F3118807
:109F7000BFF36F8FBFF34F8F0E90FFE7FEE7FFE752
:109F8000FFF786FA0498806B0499C96B884204D362
:109F9000FFE70998022834D1FFE704980B99099A42
:109FA000FEF7DEF907900498406AA0B1FFE7049835
:109FB000243000F0E5FC60B1FFE74EF60451CEF22C
:109FC00000014FF080500860BFF34F8FBFF36F8FD9
:109FD00000E0FFE710E0079860B1FFE74EF604519C
:109FE000CEF200014FF080500860BFF34F8FBFF3F7
:109FF0006F8F00E0FFE7FFE7FFF776FA01200D9093
:10A0000065E00A9828B9FFE7FFF76EFA00200D9087
:10A010005DE0089830B9FFE705A8FFF775FC01205F
:10A02000089000E0FFE7FFE7FFE7FFF75DFAFFF7C3
:10A0300041FDFFF72DFA049890F94400013028B94A
:10A04000FFE70499002081F84400FFE7049890F9A5
:10A050004500013028B9FFE70499002081F8450048
:10A06000FFE7FFF741FA05A80AA900F0C7F928BBE6
:10A07000FFE70498FEF75CFCC8B1FFE704981030D6
:10A080000A99FFF75BFC0498FEF7C4FE00F0DAFCC7
:10A0900060B9FFE74EF60451CEF200014FF0805058
:10A0A0000860BFF34F8FBFF36F8FFFE705E00498A1
:10A0B000FEF7B0FE00F0C6FCFFE707E00498FEF7ED
:10A0C000A9FE00F0BFFC00200D9000E058E70D98BD
:10A0D00012B080BD80B592B00B900A91099208939E
:10A0E0000B980590059858B9FFE74FF0500080F3A2
:10A0F0001188BFF36F8FBFF34F8F0E90FFE7FEE71E
:10A100000A990020029039B9FFE70598006C0028F1
:10A1100018BF01200290FFE70298C00758B1FFE77F
:10A120004FF0500080F31188BFF36F8FBFF34F8F54
:10A130000D90FFE7FEE7089900200229019007D162
:10A14000FFE70598C06B013818BF01200190FFE7B9
:10A150000198C00758B1FFE74FF0500080F3118815
:10A16000BFF36F8FBFF34F8F0C90FFE7FEE7FFF752
:10A170006BFAEFF311814FF0500080F31188BFF3B9
:10A180006F8FBFF34F8F10910F9010980690059826
:10A19000806B0599C96B884204D3FFE708980228B1
:10A1A00033D1FFE7059890F845008DF81300059826
:10A1B000806B039005980A99089AFEF7D1F89DF9EB
:10A1C00013000130B8B9FFE70598406A88B1FFE78E
:10A1D0000598243000F0D4FB48B1FFE7099820B17E
:10A1E000FFE709990120086000E0FFE700E0FFE7D2
:10A1F00000E0FFE706E09DF813000130059981F8C3
:10A200004500FFE70120079002E000200790FFE7EC
:10A2100006981190119880F31188079812B080BDAC
:10A2200080B58EB009900891079200200690099899
:10A230000390039858B9FFE74FF0500080F311885E
:10A24000BFF36F8FBFF34F8F0D90FFE7FEE70899C5
:10A250000020019039B9FFE70398006C002818BF6F
:10A2600001200190FFE70198C00758B1FFE74FF0C8
:10A27000500080F31188BFF36F8FBFF34F8F0C90A6
:10A28000FFE7FEE700F0EEF901460020009031B94B
:10A29000FFE70798002818BF01200090FFE700980B
:10A2A000C00758B1FFE74FF0500080F31188BFF3AB
:10A2B0006F8FBFF34F8F0B90FFE7FEE7FFE7FFF7CE
:10A2C000E7F80398806B0290029830B3FFE7039899
:10A2D0000899FEF723F802980138039988630398D8
:10A2E0000069A0B1FFE70398103000F049FB60B1AE
:10A2F000FFE74EF60451CEF200014FF080500860A7
:10A30000BFF34F8FBFF36F8F00E0FFE700E0FFE781
:10A31000FFF7EAF801200A906DE0079828B9FFE7F7
:10A32000FFF7E2F800200A9065E0069830B9FFE7F1
:10A3300004A8FFF7E9FA0120069000E0FFE7FFE735
:10A34000FFE7FFF7D1F8FFF7B5FBFFF7A1F8039898
:10A3500090F94400013028B9FFE70399002081F803
:10A360004400FFE7039890F94500013028B9FFE762
:10A370000399002081F84500FFE7FFF7B5F804A82E
:10A3800007A900F03BF830BBFFE70398FEF7BCFAE3
:10A39000D0B1FFE7039824300799FFF7CFFA03986D
:10A3A000FEF738FD00F04EFB60B9FFE74EF60451B2
:10A3B000CEF200014FF080500860BFF34F8FBFF323
:10A3C0006F8F00E0FFE705E00398FEF723FD00F044
:10A3D00039FBFFE70EE00398FEF71CFD00F032FBAF
:10A3E0000398FEF791FA18B1FFE700200A9002E007
:10A3F000FFE7FFE763E70A980EB080BD80B588B03D
:10A4000005900491059858B9FFE74FF0500080F38C
:10A410001188BFF36F8FBFF34F8F0790FFE7FEE701
:10A42000049858B9FFE74FF0500080F31188BFF34C
:10A430006F8FBFF34F8F0690FFE7FEE7FFF728F817
:10A440004AF69050C2F20000006802900298059906
:10A450004968401A019044F2C060C2F200000068EE
:10A4600090F8520058B1FFE744F2C060C2F2000019
:10A470000168002081F852000120039034E0049824
:10A480000068013018B9FFE7002003902BE04AF67E
:10A49000F840C2F20000006805990968884209D0B6
:10A4A000FFE7029805994968884203D3FFE7012036
:10A4B000039017E001980499096888420BD2FFE7DE
:10A4C000019A04990868801A08600598FFF71CFA39
:10A4D0000020039005E0049900200860012003900B
:10A4E000FFE7FFE7FFE7FFE7FEF7FEFF039808B08F
:10A4F00080BD000070B58CB0DDF844C0DDF840C010
:10A500000B900A91ADF826200893BDF82600800034
:10A51000FEF7D8FC0590059880B1FFE75420FEF7C0
:10A52000D1FC0790079820B1FFE7059807990863C9
:10A5300003E00598FEF7FEFFFFE702E0002007902A
:10A54000FFE70798F0B1FFE70798002680F8516011
:10A550000B980A99BDF82620089BDDF840C0119C95
:10A56000079DEE46CEF80C60CEF80850CEF80440B9
:10A57000CEF800C0FEF744F80798FDF7C7FD0120AC
:10A58000069003E04FF0FF300690FFE706980CB00E
:10A5900070BD0000B0B58EB0DDF850C0DDF84CC025
:10A5A000DDF848C00A90099108920793139858B9AA
:10A5B000FFE74FF0500080F31188BFF36F8FBFF3B8
:10A5C0004F8F0D90FFE7FEE7149858B9FFE74FF063
:10A5D000500080F31188BFF36F8FBFF34F8F0C9043
:10A5E000FFE7FEE754200490049854280BD0FFE7BF
:10A5F0004FF0500080F31188BFF36F8FBFF34F8F80
:10A600000B90FFE7FEE70498149820B3FFE7139838
:10A6100008B3FFE714980690139806990863069903
:10A62000022081F851000A980999089A079BDDF8E1
:10A6300048C0069CEE460025CEF80C50CEF80840E7
:10A6400005ACCEF80440CEF800C0FDF7D9FF06985F
:10A65000FDF75CFD02E000200590FFE705980EB0D5
:10A66000B0BD000081B04AF65C50C2F20000006844
:10A6700018B9FFE7012000900DE04AF62C20C2F245
:10A680000000006818B9FFE70220009002E00020F7
:10A690000090FFE7FFE7009801B0704781B04AF6ED
:10A6A0009050C2F2000000680090009801B070471E
:10A6B00080B586B0002002904AF62C20C2F200003D
:10A6C0000068002840F0C580FFE74AF69051C2F2CA
:10A6D000000108680130019001980860019858BB9A
:10A6E000FFE744F2C860C2F200000068006858B199
:10A6F000FFE74FF0500080F31188BFF36F8FBFF377
:10A700004F8F0590FFE7FEE744F2C862C2F20002F5
:10A710001068009044F2D061C2F200010868106035
:10A72000009808604AF6F841C2F20001086801305A
:10A730000860FEF789FA00E0FFE701984AF6F44165
:10A74000C2F200010968884262D3FFE7FFE744F2E2
:10A75000C860C2F200000068006840B9FFE74AF62E
:10A76000F441C2F200014FF0FF3008604FE044F2C4
:10A77000C860C2F200000068C068C0680490049815
:10A780004068039001980399884207D2FFE7039835
:10A790004AF6F441C2F20001086038E0FFE704988D
:10A7A0000430FEF7A7FD0498806A28B1FFE70498FB
:10A7B0001830FEF79FFD00E0FFE70498C16A012012
:10A7C00000FA01F24AF63421C2F20001086810438F
:10A7D00008600499C86A00EB800244F2D860C2F2B3
:10A7E000000000EB82000431FEF72AFE0498C06AE4
:10A7F00044F2C061C2F200010968C96A884203D309
:10A80000FFE70120029000E0FFE7FFE79FE7FFE797
:10A8100044F2C060C2F200000068C06A00EB800130
:10A8200044F2D860C2F2000050F82100022803D39D
:10A83000FFE70120029000E0FFE74BF2F010C2F2C8
:10A840000000006818B1FFE70120029000E0FFE778
:10A8500007E04AF60451C2F20001086801300860BE
:10A86000FFE7029806B080BD80B586B003900398DC
:10A870000290002001900398002800F07D80FFE7FF
:10A88000029844F2C061C2F20001096888420BD00C
:10A89000FFE74FF0500080F31188BFF36F8FBFF3D5
:10A8A0004F8F0590FFE7FEE70298806C58B9FFE7ED
:10A8B0004FF0500080F31188BFF36F8FBFF34F8FBD
:10A8C0000490FFE7FEE70299886C013888640299DA
:10A8D000C86A496C88424DD0FFE70298806C002816
:10A8E00046D1FFE702980430FEF704FDD0B9FFE738
:10A8F0000298C06A00EB800144F2D860C2F2000006
:10A9000050F8210068B9FFE70298C16A012000FAF7
:10A9100001F24AF63421C2F200010868904308604F
:10A92000FFE700E0FFE70299486CC8620299C86A35
:10A93000C0F1070088610298C16A0120009000FA06
:10A9400001F24AF63421C2F200010868104308609F
:10A950000299C86A00EB800244F2D860C2F200009B
:10A9600000EB82000431FEF76BFD0098019000E0DF
:10A97000FFE700E0FFE700E0FFE7019806B080BDD9
:10A9800080B584B002900298C068C06801900198B8
:10A9900058B9FFE74FF0500080F31188BFF36F8F75
:10A9A000BFF34F8F0390FFE7FEE701981830FEF7E3
:10A9B000A1FC4AF62C20C2F200000068F0B9FFE7C3
:10A9C00001980430FEF796FC0198C16A012000FA54
:10A9D00001F24AF63421C2F200010868104308600F
:10A9E0000199C86A00EB800244F2D860C2F200000C
:10A9F00000EB82000431FEF723FD09E0019800F12D
:10AA000018014AF60850C2F20000FEF719FDFFE7F0
:10AA10000198C06A44F2C061C2F200010968C96AC3
:10AA2000884208D9FFE7012000904BF2F011C2F2F2
:10AA30000001086002E000200090FFE7009804B0E9
:10AA400080BD000080B584B00020029001904AF6DD
:10AA50002C20C2F20000006858B9FFE74FF0500008
:10AA600080F31188BFF36F8FBFF34F8F0390FFE721
:10AA7000FEE7FEF70DFD4AF62C20C2F20000016849
:10AA8000013901600068002840F09280FFE74AF633
:10AA90002420C2F200000068002800F08880FFE750
:10AAA000FFE74AF60850C2F200000068E0B3FFE793
:10AAB0004AF60850C2F20000C068C06802900298CE
:10AAC0001830FEF717FC02980430FEF713FC0298CA
:10AAD000C16A012000FA01F24AF63421C2F20001F3
:10AAE0000868104308600299C86A00EB800244F2CB
:10AAF000D860C2F2000000EB82000431FEF7A0FC37
:10AB00000298C06A44F2C061C2F200010968C96AD1
:10AB1000884207D3FFE74BF2F011C2F20001012097
:10AB2000086000E0FFE7BCE7029818B1FFE7FEF716
:10AB30008BF8FFE74AF60450C2F20000006800906C
:10AB40000098E0B1FFE7FFE7FFF7B2FD38B1FFE79C
:10AB50004BF2F011C2F200010120086000E0FFE7B3
:10AB6000009801380090FFE700980028ECD1FFE73B
:10AB70004AF60451C2F200010020086000E0FFE73D
:10AB80004BF2F010C2F20000006870B1FFE7012044
:10AB900001904EF60451CEF200014FF08050086053
:10ABA000BFF34F8FBFF36F8F00E0FFE7FFE700E0D9
:10ABB000FFE7FEF799FC019804B080BD80B58AB02C
:10ABC00000200890FDF72AFB4AF69450C2F20000DC
:10ABD000006858B3FFE7002004900790069007A88C
:10ABE00006A905AAFEF7C0FB049B059A0698DDF8A6
:10ABF0001CC06946C1F808C048600220086048F6D9
:10AC0000F550C0F601004CF24231C0F60101FFF7E9
:10AC1000C1FC01464BF29810C2F2000001600068CE
:10AC200018B1FFE701200890FFE700E0FFE7089870
:10AC300058B9FFE74FF0500080F31188BFF36F8FD2
:10AC4000BFF34F8F0990FFE7FEE708980AB080BD79
:10AC500080B58AB0DDF830C0089007910692059360
:10AC600000200490089858B9FFE74FF0500080F397
:10AC70001188BFF36F8FBFF34F8F0990FFE7FEE797
:10AC80004AF69450C2F200000068A8B3FFE70798A4
:10AC900000900698019008980290079805281EDCFD
:10ACA000FFE7FFF7DFFC02280CD1FFE74AF69450DC
:10ACB000C2F2000000680C9A69460023FFF7F4F81E
:10ACC00004900BE04AF69450C2F200000068694616
:10ACD00000231A46FFF7E8F80490FFE70BE04AF676
:10ACE0009450C2F200000068059A69460023FFF7FD
:10ACF000F1F90490FFE700E0FFE704980AB080BD97
:10AD00004100080218BF04200A0E18BF40F00100DD
:10AD10004FF07F4232EA010108BF40F002000128F3
:10AD200008BF05207047000010B54FF00E402DED14
:10AD3000028BB0EE408A18EE104A00EB4400B0F1EE
:10AD4000506F4AD84FF0FC40B0EB440F22D2B0EE27
:10AD5000C80AF7EE000A30EEC00AF6EE000A60EE0E
:10AD6000208A18EE900A00F0A5F801EE100A14F0FF
:10AD7000004F1DBFDFED2D0A9FED2D0AB1EE411AE8
:10AD8000DFED2C0A08BF9FED2C0AF8EE001A21EE29
:10AD9000218A05E0DFED290A68EE088AB0EE600A34
:10ADA0009FED271ADFED271A30EE080A48EE811AC8
:10ADB0009FED251A08EEA11ADFED241A48EE811A3C
:10ADC0009FED231A08EEA11A68EE281ABDEC028B3B
:10ADD00001EE810A30EE200A10BD4FF0E440B0EBE6
:10ADE000440F0CD918EE100AFFF78AFF042808BF99
:10ADF00000F058F8B0EE480ABDEC028B10BD4FF0E1
:10AE00007F40B0EB440F07D2B0EE480ABDEC028B96
:10AE1000BDE8104000F03BB80120E5F70AFCBDECAE
:10AE2000028BBDE8104000F035B800000000C9BF3B
:10AE300022AAFDB90000C93F22AAFD390000000086
:10AE400024FE1C3DC78AD83C1E67383D1B93993DA4
:10AE5000AFAA2A3E10B52DED028BB1EEC08A18EED6
:10AE6000100A20F00040C0F1FF40C00F0AD010EEE1
:10AE7000100A20F00040C0F1FF40C00F04BF0120C5
:10AE8000E5F7D7FBB0EE480ABDEC028B10BD30EE03
:10AE9000000A7047DFED020A80EEA00A704700004A
:10AEA000000000009FED020A20EE000A704700003B
:10AEB0000000001010B500EE100A2DED028BB1EE6F
:10AEC000C08A18EE100A20F00040C0F1FF40C00F09
:10AED0000AD010EE100A20F00040C0F1FF40C00F71
:10AEE00004BF0120E5F7A5FB18EE100ABDEC028BAC
:10AEF00010BD000021F0004201F00043A2F16052B9
:10AF0000B2F5801F28BFD2F17F6C0BD95FEA001C1D
:10AF100043EAC20242EB507018BF704728BF20F0CE
:10AF200001007047B2F5801FBCBF184670474FEA5A
:10AF3000410C1CF5001F02D2084600F067BB70B53B
:10AF400000F074F900000089FFF7F6BF4FF00040F1
:10AF5000A0F580007047000010B591EA030F48BFCC
:10AF600083F0004300F1BE81841A71EB030C05D21B
:10AF7000121943EB0C03001B61EB0C014FEA115457
:10AF8000A4EB135CDFF81CE11EEA430F18BF9EEA36
:10AF9000445F00F0748021EA045123EA0E0343F475
:10AFA0008013DCF1200E32D322FA0CFE10EB0E00DF
:10AFB00023FA0CFE41EB0E01CCF1200E03FA0EFE3B
:10AFC00010EB0E00CCF1200E51F10001B1F5801F05
:10AFD00032D201EB045112FA0EF2BDE8104058BF14
:10AFE0007047401C38BF5FEA420218BF7047002814
:10AFF00014BF20F0010041F100014FEA410313F5B5
:10B00000001F38BF7047A1F1C04100F05DB9012AAF
:10B0100043EB0302ACF1200CDCF11F0E32BF4FF00A
:10B02000000E23FA0CF310EB030041EB0451B4EBD8
:10B03000115FD0D0A1EB045101F58011490801EB5B
:10B0400004515FEA30000ED350F1000038BF12FA0D
:10B050000EFE08D1BDE81040C9E7401C38BF5FEACA
:10B060004202CAD1C3E7BDE810404FEA410313F5DD
:10B07000001F38BF7047A1F1C04100F025B99EEA1A
:10B08000445F08D011EA5E0FBDE8104004BF01F034
:10B09000004100207047BDE8104070B500F0C6F8D0
:10B0A00064FBBE3E0000E0FF10F0004248BF40429B
:10B0B000B0FA80F310FA03F10AD0C3F11D0303F5CF
:10B0C000806302EB03524FEA415002EBD1217047FB
:10B0D0004FF000007047000070B5DFF848C11CEA6F
:10B0E000111E1EBF1CEA13159EEA0C0F95EA0C0FE9
:10B0F00000F06F8081EA03044EEAD47EAE4421EA78
:10B100004C1123EA4C1341F4801143F48013AEF147
:10B110007F7EA1FB024CA0FB0365361955EB0C05A5
:10B12000A1FB034C4CF10003A0FB021C16EB0C0628
:10B13000654153F10003094218BF46F0010613F4BC
:10B14000007F0BD14FEA03314FEA053041EA155138
:10B1500040EA165034036FF003020AE04FEAC321BD
:10B160004FEAC52041EA555140EA5650F4026FF0CB
:10B17000020202EB2E4201EB025585EACE710AD0A3
:10B180005FEA440C18BF24F0004450F1000041F184
:10B19000000120EAD47040F2FE7C624500D270BD0E
:10B1A000A84214BF4FF080444FF04044002E08BF27
:10B1B0000024BEF1806FA8BFA1F1C041BDE870407E
:10B1C00080F2828001F1C04101F000414FF00000A7
:10B1D00070470CEA13159EEA0C0F18BF95EA0C0F86
:10B1E00006D081EA030E4FF000000EF0004170BD62
:10B1F00000F01CF88900013E00F007B800F009B823
:10B200004FEA430C5FEA5C5C08D081EA030100F07E
:10B210005BB84FEA410C5FEA5C5CF6D102494FF043
:10B22000000070470000FF070000F87F0EF1020EDB
:10B230002EF0030E5EF8046B364205D4012A43EB70
:10B24000030515F5001F12D8012841EB010C1CF570
:10B25000001F0CD80ED14FEAD17C0CEB4C0C0CF13A
:10B26000020C15F5001F08BF4CEBD37C04E04FF037
:10B27000080C01E04FEAD37C0CEB4C0526FA05F6EE
:10B2800006F00706B6F1040C06D20EEB860CBDE8FC
:10B2900070404CF0010C6047DFE80CF0090B020233
:10B2A0004FF00041A1F500214FF0000070BD19469C
:10B2B0001046012851EB010418BFD4F5001484BFD7
:10B2C000002001F0004170BD0808A0F500114FEA10
:10B2D0003101704710B591EA030F48BF83F0004376
:10B2E0003FF542AE841A71EB030C07D28CF0004C90
:10B2F000121943EB0C03001B61EB0C014FEA1154D4
:10B30000A4EB135CDFF8A4E11EEA430F18BF9EEA2A
:10B31000445F00F0B48021EA045123EA6E035242F4
:10B32000C3EB6E0338BF5B1EDCF1200E25D322FA7F
:10B330000CFE10EB0E0043FA0CFE41EB0E01CCF1BB
:10B34000200E03FA0EFE10EB0E00CCF1200E51F190
:10B35000000129D401EB045112FA0EF2BDE81040AD
:10B3600058BF7047401C1CBFB2F1004F7047002807
:10B370000CBF491C20F00100704712EB020E43EB9A
:10B38000030218BF4FF0010E4EEA4202ACF1200C4E
:10B39000DCF11E0E56D943FA0CFE10EB0E00CCF178
:10B3A0001E0E51F1FF31D5D50EF1010E12FA0EFE2F
:10B3B000404141EB010101EB445C5FEA5C5C10D968
:10B3C00001EB045110EBDE7038BFBEF1004FBDE859
:10B3D000104018BF704700280CBF491C20F0010026
:10B3E000704734D24FEAD42C24F4006411F50011D4
:10B3F0001BD0B1FA81F20B3AA41AA41ED2F1200399
:10B40000914030FA03F31943904001EBCC7101EB0A
:10B410000451002CBDE81040A8BF704701F1C041A5
:10B4200001F000414FF000007047B0FA80F310FACD
:10B4300003F102D1BDE810407047E41A173C4805FB
:10B44000C90AE2E701EB0451BDE81040704749101A
:10B450004FEA300001EB0451BDE8104002E04FF02C
:10B46000000170474A0008BF0042F8D0B2F5001F43
:10B4700028BF704701F000414FF0000070479EEA7E
:10B48000445F07D011EA5E0FBDE8104004BF002101
:10B4900000207047BDE8104070B5FFF7C7FE00BF41
:10B4A00040DFF63E104683F0004170470000E0FFA9
:10B4B00043004FEAD30C4FEA3C0C43401FBF400708
:10B4C0000CF1605113F0FE4F70471CF0006F03D178
:10B4D0000CF00041002070470CF0004343EA50702C
:10B4E00040EACC0010B500F03EF800BF000000922A
:10B4F0004FEA0001FFF7E8BE4FF00041A1F500213F
:10B500004FF0000070474FF07E5209E011F000420A
:10B5100004D54042C1F1000138BF491E42F07E52BD
:10B5200002F170620B0012BF20235FEA0001704736
:10B53000B1FA81FC01FA0CF1A3EB0C0320FA03FC35
:10B5400041EA0C0102EBC352C3F1200310FA03FCE1
:10B550005CEA416C42EB112018BF5FF0806C28BFA1
:10B5600020F0010070470EF1020E2EF0030E5EF87F
:10B57000044B244204D44FEA4102B2F17F4F11D868
:10B580004FEA4003B3F17F4F0CD80ED14FEAD07C85
:10B590000CEB4C0C0CF1020CB2F17F4F08BF4CEBE2
:10B5A000D17C04E04FF0080C01E04FEAD17C0CEBB9
:10B5B0004C0324FA03F404F00704B4F1040C06D29B
:10B5C0000EEB840CBDE810404CF0010C6047DFE846
:10B5D0000CF0070802024FF00040A0F5800010BDFB
:10B5E0000846420018BFD2F1807288BF00F00040C8
:10B5F00010BDF1EE100A4FF6FF71C0F2C03120EA23
:10B60000010040F04070E1EE100A7047FF2141EA6E
:10B61000D050C0057047000000004040000000000E
:10B62000000000000000404000000000000000009A
:10B63000000040400000000000000000000040400A
:10B6400000000000000000000000803F000000003B
:10B65000000000000000803F00000000000000002B
:10B6600000003443000000000000000000003443EC
:10B670000000000000000000E1C2010885EA0008A7
:10B6800000000000000000000001000000000000B9
:10B6900000000000C4C20108DDEA00080300000049
:10B6A0000000000000020000000000000000000098
:10B6B000CCC201080DEC00080000000000000000F2
:10B6C000000100000000000000000000B8C20108F6
:10B6D00075ED0008FEFF0000000000000001000002
:10B6E0000000000000000000EDC2010895ED000818
:10B6F00000000000000000008000000000000000CA
:10B7000000000000D5C20108EDE9000800000000BB
:10B7100000000000800000000000000000000000A9
:10B720000000C8440AD7A33C0000A040000000006D
:10B7300000000000010203040607080900000000E1
:10B7400001020304005EBCE2613FDD83C29C7E20F7
:10B75000A3FD1F419DC3217FFCA2401E5F01E3BDED
:10B760003E6082DC237D9FC1421CFEA0E1BF5D03E1
:10B7700080DE3C62BEE0025CDF81633D7C22C09ED5
:10B780001D43A1FF4618FAA427799BC584DA3866C1
:10B79000E5BB5907DB856739BAE406581947A5FBAD
:10B7A0007826C49A653BD987045AB8E6A7F91B45A1
:10B7B000C6987A24F8A6441A99C7257B3A6486D895
:10B7C0005B05E7B98CD2306EEDB3510F4E10F2AC81
:10B7D0002F7193CD114FADF3702ECC92D38D6F316D
:10B7E000B2EC0E50AFF1134DCE90722C6D33D18F61
:10B7F0000C52B0EE326C8ED0530DEFB1F0AE4C1255
:10B8000091CF2D73CA947628ABF517490856B4EA40
:10B810006937D58B5709EBB536688AD495CB29772C
:10B82000F4AA4816E9B7550B88D6346A2B7597C920
:10B830004A14F6A8742AC896154BA9F7B6E80A5414
:10B84000D7896B35005EBCE2613FDD83C29C7E2000
:10B85000A3FD1F419DC3217FFCA2401E5F01E3BDEC
:10B860003E6082DC237D9FC1421CFEA0E1BF5D03E0
:10B8700080DE3C62BEE0025CDF81633D7C22C09ED4
:10B880001D43A1FF4618FAA427799BC584DA3866C0
:10B89000E5BB5907DB856739BAE406581947A5FBAC
:10B8A0007826C49A653BD987045AB8E6A7F91B45A0
:10B8B000C6987A24F8A6441A99C7257B3A6486D894
:10B8C0005B05E7B98CD2306EEDB3510F4E10F2AC80
:10B8D0002F7193CD114FADF3702ECC92D38D6F316C
:10B8E000B2EC0E50AFF1134DCE90722C6D33D18F60
:10B8F0000C52B0EE326C8ED0530DEFB1F0AE4C1254
:10B9000091CF2D73CA947628ABF517490856B4EA3F
:10B910006937D58B5709EBB536688AD495CB29772B
:10B92000F4AA4816E9B7550B88D6346A2B7597C91F
:10B930004A14F6A8742AC896154BA9F7B6E80A5413
:10B94000D7896B3500061016000610160000803FE0
:10B9500000000000000000000000000000000000E7
:10B9600000000000000000000000803F0000000018
:10B9700000000000000000000000000000000000C7
:10B98000000000000000803F0000000000000000F8
:10B9900000000000000000000000000000000000A7
:10B9A0000000803F000000000000000000000000D8
:10B9B0000000000000000000000000000000803FC8
:10B9C0000000000000000000000000000000000077
:10B9D00000000000000000000000803F00000000A8
:10B9E00000005454522052454747455300303132ED
:10B9F0003334353637383941424344454600000038
:10BA0000000000000100803FC90CC0B7E565AABE78
:10BA1000435690BB3C695D3EEBFCA9BC08B732BE07
:10BA2000E745093EA59204BD00000000920E493C86
:10BA3000B10AC93C2BC3163D2EFB483D752B7B3DFF
:10BA400004A9963D80B6AF3D36BDC83D2FBCE13D53
:10BA500073B2FA3D87CF093E8340163EB5AB223E16
:10BA6000A2102F3ECF6E3B3EC2C5473E0115543E4D
:10BA7000135C603E7F9A6C3ECCCF783EC07D823EA8
:10BA8000938E883E229A8E3E32A0943E86A09A3EA5
:10BA9000E59AA03E128FA63ED47CAC3EEF63B23E48
:10BAA0002A44B83E491DBE3E15EFC33E53B9C93EB8
:10BAB000CA7BCF3E4136D53E80E8DA3E4F92E03E2B
:10BAC0007533E63EBBCBEB3EEA5AF13ECBE0F63EA9
:10BAD000275DFC3EE4E7003F3D9C033F824B063F71
:10BAE0009BF5083F6B9A0B3FDA390E3FCDD3103FE1
:10BAF0002A68133FD9F6153FC07F183FC6021B3F87
:10BB0000D17F1D3FCBF61F3F9967223F25D2243FAF
:10BB10005636273F1594293F4AEB2B3FDE3B2E3FFD
:10BB2000BB85303FC9C8323FF304353F233A373F26
:10BB30004268393F3B8F3B3FF9AE3D3F67C73F3FD0
:10BB400070D8413F01E2433F03E4453F65DE473F94
:10BB500012D1493FF8BB4B3F029F4D3F207A4F3FE8
:10BB60003D4D513F4918533F31DB543FE595563F1A
:10BB70005348583F6AF2593F1A945B3F532D5D3F3B
:10BB800005BE5E3F2146603F97C5613F5A3C633F1B
:10BB900059AA643F880F663FD86B673F3CBF683F38
:10BBA000A7096A3F0C4B6B3F5E836C3F93B26D3FBE
:10BBB0009ED86E3F73F56F3F0809713F5213723F75
:10BBC0004714733FDD0B743F0BFA743FC6DE753FBD
:10BBD00007BA763FC58B773FF853783F9812793F85
:10BBE0009DC7793F02737A3FBE147B3FCDAC7B3F4C
:10BBF000283B7C3FC9BF7C3FAC3A7D3FCCAB7D3F0F
:10BC000023137E3FB0707E3F6DC47E3F580E7F3F52
:10BC10006D4E7F3FAB847F3F0FB17F3F97D37F3F18
:10BC200043EC7F3F11FB7F3F0000803F11FB7F3FD4
:10BC300043EC7F3F97D37F3F0FB17F3FAB847F3F84
:10BC40006D4E7F3F580E7F3F6DC47E3FB0707E3F8C
:10BC500023137E3FCCAB7D3FAC3A7D3FC9BF7C3FD9
:10BC6000283B7C3FCDAC7B3FBE147B3F02737A3FC9
:10BC70009DC7793F9812793FF853783FC58B773F3E
:10BC800007BA763FC6DE753F0BFA743FDD0B743F93
:10BC90004714733F5213723F0809713F73F56F3FAA
:10BCA0009ED86E3F93B26D3F5E836C3F0C4B6B3FF3
:10BCB000A7096A3F3CBF683FD86B673F880F663F64
:10BCC00059AA643F5A3C633F97C5613F2146603F94
:10BCD00005BE5E3F532D5D3F1A945B3F6AF2593FAC
:10BCE0005348583FE595563F31DB543F4918533F81
:10BCF0003D4D513F207A4F3F029F4D3FF8BB4B3F98
:10BD000012D1493F65DE473F03E4453F01E2433F2F
:10BD100070D8413F67C73F3FF9AE3D3F3B8F3B3F48
:10BD20004268393F233A373FF304353FC9C8323FB1
:10BD3000BB85303FDE3B2E3F4AEB2B3F1594293F1E
:10BD40005636273F25D2243F9967223FCBF61F3F27
:10BD5000D17F1D3FC6021B3FC07F183FD9F6153F5C
:10BD60002A68133FCDD3103FDA390E3F6B9A0B3F51
:10BD70009BF5083F824B063F3D9C033FE4E7003FB5
:10BD8000275DFC3ECBE0F63EEA5AF13EBBCBEB3EF4
:10BD90007533E63E4F92E03E80E8DA3E4136D53ECE
:10BDA000CA7BCF3E53B9C93E15EFC33E491DBE3EC7
:10BDB0002A44B83EEF63B23ED47CAC3E128FA63E1E
:10BDC000E59AA03E86A09A3E32A0943E229A8E3EEC
:10BDD000938E883EC07D823ECCCF783E7F9A6C3E6B
:10BDE000135C603E0115543EC2C5473ECF6E3B3EDC
:10BDF000A2102F3EB5AB223E8340163E87CF093EB0
:10BE000073B2FA3D2FBCE13D36BDC83D80B6AF3DB3
:10BE100004A9963D752B7B3D2EFB483D2BC3163D5B
:10BE2000B10AC93C920E493C00000000920E49BC88
:10BE3000B10AC9BC2BC316BD2EFB48BD752B7BBDFB
:10BE400004A996BD80B6AFBD36BDC8BD2FBCE1BD4F
:10BE500073B2FABD87CF09BE834016BEB5AB22BE12
:10BE6000A2102FBECF6E3BBEC2C547BE011554BE49
:10BE7000135C60BE7F9A6CBECCCF78BEC07D82BEA4
:10BE8000938E88BE229A8EBE32A094BE86A09ABEA1
:10BE9000E59AA0BE128FA6BED47CACBEEF63B2BE44
:10BEA0002A44B8BE491DBEBE15EFC3BE53B9C9BEB4
:10BEB000CA7BCFBE4136D5BE80E8DABE4F92E0BE27
:10BEC0007533E6BEBBCBEBBEEA5AF1BECBE0F6BEA5
:10BED000275DFCBEE4E700BF3D9C03BF824B06BF6D
:10BEE0009BF508BF6B9A0BBFDA390EBFCDD310BFDD
:10BEF0002A6813BFD9F615BFC07F18BFC6021BBF83
:10BF0000D17F1DBFCBF61FBF996722BF25D224BFAB
:10BF1000563627BF159429BF4AEB2BBFDE3B2EBFF9
:10BF2000BB8530BFC9C832BFF30435BF233A37BF22
:10BF3000426839BF3B8F3BBFF9AE3DBF67C73FBFCC
:10BF400070D841BF01E243BF03E445BF65DE47BF90
:10BF500012D149BFF8BB4BBF029F4DBF207A4FBFE4
:10BF60003D4D51BF491853BF31DB54BFE59556BF16
:10BF7000534858BF6AF259BF1A945BBF532D5DBF37
:10BF800005BE5EBF214660BF97C561BF5A3C63BF17
:10BF900059AA64BF880F66BFD86B67BF3CBF68BF34
:10BFA000A7096ABF0C4B6BBF5E836CBF93B26DBFBA
:10BFB0009ED86EBF73F56FBF080971BF521372BF71
:10BFC000471473BFDD0B74BF0BFA74BFC6DE75BFB9
:10BFD00007BA76BFC58B77BFF85378BF981279BF81
:10BFE0009DC779BF02737ABFBE147BBFCDAC7BBF48
:10BFF000283B7CBFC9BF7CBFAC3A7DBFCCAB7DBF0B
:10C0000023137EBFB0707EBF6DC47EBF580E7FBF4E
:10C010006D4E7FBFAB847FBF0FB17FBF97D37FBF14
:10C0200043EC7FBF11FB7FBF000080BF11FB7FBFD0
:10C0300043EC7FBF97D37FBF0FB17FBFAB847FBF80
:10C040006D4E7FBF580E7FBF6DC47EBFB0707EBF88
:10C0500023137EBFCCAB7DBFAC3A7DBFC9BF7CBFD5
:10C06000283B7CBFCDAC7BBFBE147BBF02737ABFC5
:10C070009DC779BF981279BFF85378BFC58B77BF3A
:10C0800007BA76BFC6DE75BF0BFA74BFDD0B74BF8F
:10C09000471473BF521372BF080971BF73F56FBFA6
:10C0A0009ED86EBF93B26DBF5E836CBF0C4B6BBFEF
:10C0B000A7096ABF3CBF68BFD86B67BF880F66BF60
:10C0C00059AA64BF5A3C63BF97C561BF214660BF90
:10C0D00005BE5EBF532D5DBF1A945BBF6AF259BFA8
:10C0E000534858BFE59556BF31DB54BF491853BF7D
:10C0F0003D4D51BF207A4FBF029F4DBFF8BB4BBF94
:10C1000012D149BF65DE47BF03E445BF01E243BF2B
:10C1100070D841BF67C73FBFF9AE3DBF3B8F3BBF44
:10C12000426839BF233A37BFF30435BFC9C832BFAD
:10C13000BB8530BFDE3B2EBF4AEB2BBF159429BF1A
:10C14000563627BF25D224BF996722BFCBF61FBF23
:10C15000D17F1DBFC6021BBFC07F18BFD9F615BF58
:10C160002A6813BFCDD310BFDA390EBF6B9A0BBF4D
:10C170009BF508BF824B06BF3D9C03BFE4E700BFB1
:10C18000275DFCBECBE0F6BEEA5AF1BEBBCBEBBEF0
:10C190007533E6BE4F92E0BE80E8DABE4136D5BECA
:10C1A000CA7BCFBE53B9C9BE15EFC3BE491DBEBEC3
:10C1B0002A44B8BEEF63B2BED47CACBE128FA6BE1A
:10C1C000E59AA0BE86A09ABE32A094BE229A8EBEE8
:10C1D000938E88BEC07D82BECCCF78BE7F9A6CBE67
:10C1E000135C60BE011554BEC2C547BECF6E3BBED8
:10C1F000A2102FBEB5AB22BE834016BE87CF09BEAC
:10C2000073B2FABD2FBCE1BD36BDC8BD80B6AFBDAF
:10C2100004A996BD752B7BBD2EFB48BD2BC316BD57
:10C22000B10AC9BC920E49BC00000080453A20000A
:10C23000493A2000573A20001B5B306D001B5B31F0
:10C240003B33316D001B5B313B33326D001B5B3187
:10C250003B33336D002020257325735468697320A8
:10C2600069732061207761726E696E67206D6573F6
:10C2700073616765210D0A257300202025732573DE
:10C280005468697320697320616E206572726F72E1
:10C29000206D657373616765210D0A257300202089
:10C2A0002573257348656C6C6F20776F726C643AE8
:10C2B0002025640D0A257300526F626F745549542E
:10C2C00061736B00494D555461736B004D6F76651A
:10C2D0005461736B0064656661756C745461736B53
:10C2E0000044656669616E745461736B00526F6FD0
:10C2F000745461736B0043444320496E74657266E5
:10C300006163650043444320436F6E666967005371
:10C31000544D6963726F656C656374726F6E6963A7
:10C32000730053544D3332205669727475616C201A
:10C33000436F6D506F72740049444C4500546D72E8
:10C340005100546D7220537663005465726D696EAE
:10C35000616C002F0050697463683A006669726509
:10C360005F776865656C3A00766973696F6E3A004D
:10C37000686561743A0073686F6F743A0028E0B9B9
:10C3800091E280A2CC80E38582E280A2CC8129D98F
:10C3900088E29CA700000000891112239B322446EA
:10C3A000AD573665BF74488CC19D5AAFD3BE6CCAB9
:10C3B000E5DB7EE9F7F88110080193331A22A556D0
:10C3C0002C47B7753E64C99C408DDBBF52AEEDDA99
:10C3D00064CBFFF976E802218B30100299132667AF
:10C3E000AF763444BD554AADC3BC588ED19F6EEB79
:10C3F000E7FA7CC8F5D983310A2091121803A77790
:10C400002E66B5543C45CBBD42ACD99E508FEFFB58
:10C4100066EAFDD874C904428D5316619F702004EA
:10C42000A9153227BB364CCEC5DF5EEDD7FC688838
:10C43000E1997AABF3BA85520C4397711E60A1144F
:10C440002805B3373A26CDDE44CFDFFD56ECE99818
:10C450006089FBBB72AA06638F7214409D5122252E
:10C46000AB343006B9174EEFC7FE5CCCD5DD6AA9F8
:10C47000E3B8788AF19B87730E6295501C41A3350F
:10C480002A24B1163807CFFF46EEDDDC54CDEBB9D8
:10C4900062A8F99A708B088481951AA793B62CC26A
:10C4A000A5D33EE1B7F04008C919522BDB3A644EE0
:10C4B000ED5F766DFF7C899400859BB712A6ADD2A7
:10C4C00024C3BFF136E0C1184809D33B5A2AE55EC0
:10C4D0006C4FF77D7E6C0AA583B4188691972EE386
:10C4E000A7F23CC0B5D14229CB38500AD91B666FA0
:10C4F000EF7E744CFD5D8BB502A499961087AFF367
:10C5000026E2BDD034C1C3394A28D11A580BE77F7F
:10C510006E6EF55C7C4D0CC685D71EE597F42880C1
:10C52000A1913AA3B3B2444ACD5B5669DF78600C5F
:10C53000E91D722FFB3E8DD604C79FF516E4A99026
:10C540002081BBB332A2C55A4C4BD7795E68E11C3F
:10C55000680DF33F7A2E0EE787F61CC495D52AA105
:10C56000A3B03882B193466BCF7A5448DD59622D1F
:10C57000EB3C700EF91F8FF706E69DD414C5ABB1E6
:10C5800022A0B9923083C77B4E6AD5585C49E33DFF
:10C590006A2CF11E780F0000891112239B32244669
:10C5A000AD573665BF74488CC19D5AAFD3BE6CCAB7
:10C5B000E5DB7EE9F7F88110080193331A22A556CE
:10C5C0002C47B7753E64C99C408DDBBF52AEEDDA97
:10C5D00064CBFFF976E802218B30100299132667AD
:10C5E000AF763444BD554AADC3BC588ED19F6EEB77
:10C5F000E7FA7CC8F5D983310A2091121803A7778E
:10C600002E66B5543C45CBBD42ACD99E508FEFFB56
:10C6100066EAFDD874C904428D5316619F702004E8
:10C62000A9153227BB364CCEC5DF5EEDD7FC688836
:10C63000E1997AABF3BA85520C4397711E60A1144D
:10C640002805B3373A26CDDE44CFDFFD56ECE99816
:10C650006089FBBB72AA06638F7214409D5122252C
:10C66000AB343006B9174EEFC7FE5CCCD5DD6AA9F6
:10C67000E3B8788AF19B87730E6295501C41A3350D
:10C680002A24B1163807CFFF46EEDDDC54CDEBB9D6
:10C6900062A8F99A708B088481951AA793B62CC268
:10C6A000A5D33EE1B7F04008C919522BDB3A644EDE
:10C6B000ED5F766DFF7C899400859BB712A6ADD2A5
:10C6C00024C3BFF136E0C1184809D33B5A2AE55EBE
:10C6D0006C4FF77D7E6C0AA583B4188691972EE384
:10C6E000A7F23CC0B5D14229CB38500AD91B666F9E
:10C6F000EF7E744CFD5D8BB502A499961087AFF365
:10C7000026E2BDD034C1C3394A28D11A580BE77F7D
:10C710006E6EF55C7C4D0CC685D71EE597F42880BF
:10C72000A1913AA3B3B2444ACD5B5669DF78600C5D
:10C73000E91D722FFB3E8DD604C79FF516E4A99024
:10C740002081BBB332A2C55A4C4BD7795E68E11C3D
:10C75000680DF33F7A2E0EE787F61CC495D52AA103
:10C76000A3B03882B193466BCF7A5448DD59622D1D
:10C77000EB3C700EF91F8FF706E69DD414C5ABB1E4
:10C7800022A0B9923083C77B4E6AD5585C49E33DFD
:10C790006A2CF11E780F0000B8C7010800000020C5
:10C7A00020020000C401000808C90108200200207E
:10C7B000D8EF000020020008100CE7416B3A58A0A7
:10C7C0008B3A82810123FFFF1E0D09010879041AAB
:10C7D00095041ABD041B0D0A081D080108290C1137
:10C7E00008081250C347CDCCCC3D0409531C110B93
:10C7F0001AC8421C42011324F44FFFF1FD9086A792
:10C80000061765010108A1FE1C08B904B031138D9B
:10C81000FF14083DFD1B083114C112891C01081DBD
:10C82000041AF9041A05041409024313020125C06D
:10C830003209041B01020B13052416100105240103
:10C8400010090104240202052406170107058203CA
:10C8500008151009040133020A2E070501024007DA
:10C860002A810711130A0632022A40981A1223134A
:10C8700002021E4083044057591B02031513651220
:10C880001B0861041A05041A99041ABD0407180448
:10C890000309041A03123213FBA81420AFA91420B1
:10C8A000C0A71B2037081ABF101A0B041A47041A16
:10C8B000ED141AFC041AB1041A731C1ACF081A29B1
:10C8C000181A83041ADE0C1AEB141A380C295F2983
:10C8D0009432101AAA0110096740533A7D04017C72
:10C8E000160240AB03411009055308065804070F10
:10C8F000160810820911160A15800B16450C18012E
:08C900000D0000000000000022
:040000050800018965
:00000001FF
