:020000040800F2
:1000000020F500206902000819BA00086989000873
:1000100015BA000819100008D138010800000000C6
:10002000000000000000000000000000C1EA00081D
:10003000191B00080000000031C80008E1EE0008AC
:10004000830200088302000883020008830200087C
:100050008302000883020008830200081D1B0008B9
:10006000830200088302000883020008830200085C
:100070004916000883020008830200088302000872
:100080005916000869160008830200088302000858
:100090001D10000883020008830200088302000884
:1000A00083020008EDEF00088302000883020008C5
:1000B00009F0000819F00008830200088302000814
:1000C00083020008830200088302000883020008FC
:1000D0008302000825FE000841FE000851FE0008CA
:1000E00083020008830200088302000883020008DC
:1000F00083020008830200088302000879160008C2
:1001000083020008830200088302000883020008BB
:1001100083020008830200088302000829F0000817
:10012000830200088916000899160008A91600081D
:10013000830200088302000883020008830200088B
:100140002D1000088302000883020008D1BD0008BA
:10015000B9160008C9160008D91600086DFE000877
:10016000830200088302000883020008830200085B
:1001700083020008830200088302000800000000D8
:10018000830200088302000800F002F800F05CF827
:100190000AA090E8000C82448344AAF10107DA45E2
:1001A00001D100F051F8AFF2090EBAE80F0013F0D8
:1001B000010F18BFFB1A43F00103184794B3010065
:1001C000B4B301000A444FF0000C10F8013B13F0E7
:1001D000070408BF10F8014B1D1108BF10F8015BA0
:1001E000641E05D010F8016B641E01F8016BF9D193
:1001F00013F0080F1EBF10F8014BAD1C0C1B09D1EA
:100200006D1E58BF01F801CBFAD505E014F8016B5B
:1002100001F8016B6D1EF9D59142D6D370470000ED
:100220000023002400250026103A28BF78C1FBD8FF
:10023000520728BF30C148BF0B6070471FB51AF086
:100240002EFB1FBD10B510BD00F084F91146FFF75D
:10025000F5FF16F0A7F800F0A2F903B4FFF7F2FFDC
:1002600003BC00F0A5F90000094880470948004791
:10027000FEE7FEE7FEE7FEE7FEE7FEE7FEE7FEE756
:10028000FEE7FEE704480549054A064B70470000B3
:10029000D9EF00088901000820B5002020F50020D2
:1002A00020D5002020D5002053EA020C00F0698000
:1002B0002DE9F04B4FF00006002B1FBFB3FA83F57A
:1002C00003FA05F424FA05F65E4012BF1643B2FAAB
:1002D00082F502FA05F4C5F120051EBF22FA05FCDD
:1002E00044EA0C04203556EA044C4FEA144418BF83
:1002F000641C4FF000084FF00009904271EB030CB2
:1003000039D3002919BFB1FA81F701FA07F6B0FA1B
:1003100080F700FA07F6C7F120071EBF20FA07FC96
:1003200046EA0C062037B6FBF4FCA7EB0507103FA6
:1003300007F01F0BCBF120062CFA06F60CFA0BFB8C
:1003400044BFB3460026202FA4BF5E464FF0000BEB
:100350005BEA060C08BF4FF0010B19EB0B0948EBE9
:100360000608ABFB027C06FB02CC0BFB03CCC01BDC
:1003700071EB0C01C1E70B46024641464846BDE819
:10038000F08B13B5084318BF4FF0FF300146AFF3B1
:100390000080BDE81C407047032A40F2308010F016
:1003A000030C00F0158011F8013BBCF1020F624410
:1003B00098BF11F801CB00F8013B38BF11F8013BA1
:1003C000A2F1040298BF00F801CB38BF00F8013B4E
:1003D00011F0030300F02580083AC0F0088051F8BE
:1003E000043B083A51F804CBA0E80810F5E7121DC9
:1003F0005CBF51F8043B40F8043BAFF30080D207E8
:1004000024BF11F8013B11F801CB48BF11F8012BB3
:1004100024BF00F8013B00F801CB48BF00F8012BD6
:10042000704710B5203AC0F00B80B1E81850A0E832
:100430001850B1E81850A0E81850203ABFF4F5AFB2
:100440005FEA027C24BFB1E81850A0E8185044BF0E
:1004500018C918C0BDE810405FEA827C24BF51F87B
:10046000043B40F8043B08BF7047D20728BF31F86F
:10047000023B48BF11F8012B28BF20F8023B48BFC0
:1004800000F8012B704702F0FF0343EA032242EA1F
:10049000024200F024B84FF000020429C0F012809C
:1004A00010F0030C00F01B80CCF1040CBCF1020F27
:1004B00018BF00F8012BA8BF20F8022BA1EB0C01FC
:1004C00000F00DB85FEAC17C24BF00F8012B00F8F2
:1004D000012B48BF00F8012B70474FF0000200B518
:1004E000134694469646203922BFA0E80C50A0E857
:1004F0000C50B1F12001BFF4F7AF090728BFA0E805
:100500000C5048BF0CC05DF804EB890028BF40F8D0
:10051000042B08BF704748BF20F8022B11F0804F12
:1005200018BF00F8012B704770477047704710B52F
:1005300000F008F8006810BD10B5044600F002F89D
:10054000046010BD00487047F80100200048704763
:10055000F80100207546FFF7F9FFAE460500694631
:10056000534620F00700854618B020B5FFF78AFEF5
:10057000BDE820404FF000064FF000074FF00008A4
:100580004FF0000BAC46ACE8C009ACE8C009ACE8E1
:10059000C009ACE8C00921F007018D46704710B5CD
:1005A0000446AFF300802046BDE81040FFF755BE7B
:1005B00001491820ABBEFEE726000200704700008C
:1005C00082B0019042F20030C4F201000090009924
:1005D000486820F4403048600198426800994868B3
:1005E0001043486001980168486820F480704860B2
:1005F000019801680269486840EA02204860019851
:100600000168486820F0407048600198016882687D
:1006100048681043486001980168886820F40060C9
:10062000886001980168C2688868104388600198F2
:10063000806A0121C0F60071884219D0FFE7019855
:100640000168886820F07060886001980168826A9B
:1006500088681043886001980168886820F04050DD
:10066000886001980168C26A8868104388600CE05D
:1006700001980168886820F07060886001980168BE
:10068000886820F040508860FFE70198016888681A
:1006900020F0020088600198027E0168886840EAC4
:1006A00042008860019890F82000C8B1FFE70198E7
:1006B0000168486840F40060486001980168486833
:1006C00020F46040486001980168426A4EF20000E0
:1006D000CFF6FF7000EB423248681043486006E0F6
:1006E00001980168486820F400604860FFE70198BD
:1006F0000168C86A20F47000C86201980168C26984
:100700000020CFF6F07000EB0252C86A1043C862B6
:1007100001980168886820F400708860019890F85A
:1007200030200168886840EA4220886001980168AA
:10073000886820F480608860019801684269886850
:1007400040EA8220886002B07047000080B58CB01B
:100750000B900A9140F25820C2F20000049043F23C
:100760008851C2F2000103910022059200F020F9A5
:100770000399049800F080F804980A99B1F9A0242C
:1007800000EE102AB8EEC00A01F2C44191ED001A41
:10079000F1EE410A00F20A600BF09EFD04980A99FE
:1007A000B1F9E82600EE102AB8EEC00A01F20C7189
:1007B00091ED001AF1EE410A00F652000BF08CFDAB
:1007C00004980A9901F63C1292ED000AB8EEC00AAC
:1007D00001F65411D1ED000A00F51F600BF07CFD0D
:1007E00004980A99B1F9302900EE102AB8EEC00A2F
:1007F00001F62421D1ED000A00F69A200BF06CFDE1
:10080000059B0A98D0F83E0607900A98D0F886080B
:1008100008900A98D0F8CE0A09909DED090ABDEE1D
:10082000C00A10EE100A69464B60086043F6786013
:10083000C2F200004FF4007106911A4600F0AEFEBD
:10084000059806999DED071A9DED080ABDEEC11A9F
:1008500011EE102ABDEEC00A10EE103AEC46CCF8AC
:100860000400CCF8000043F6A060C2F2000000F0E3
:1008700095FE0CB080BD000082B00190009141F661
:10088000C431C2F200010020C4F2E150C8600098F7
:10089000007B022814D1FFE741F6C431C2F2000107
:1008A00091ED030AB1EE400A019800F2C44080EDD8
:1008B000000AC868019AC2F80C07012008760CE00B
:1008C00001990020C1F8C4040199C1F80C0741F650
:1008D000C431C2F200010876FFE702B070470000A1
:1008E00080B582B0019041F6C130C2F200000078BC
:1008F000012809D0FFE701980AF0BCF941F6C1319F
:10090000C2F200010870FFE741F65470C2F2000025
:10091000007840BBFFE70198B0F9A01400EE101A70
:10092000B8EEC00A00F2C44080ED000A0198B0F9A8
:10093000E81600EE101AB8EEC00A00F20C7080ED56
:10094000000A0198B0F92C1900EE101AB8EEC00A8E
:1009500000F6541080ED000A41F6C031C2F20001E9
:1009600000200870FFE741F6C431C2F20001002008
:10097000C4F2A07088604CF20000C4F2DA50C86083
:1009800001200871087501990020C1F8C40401997B
:10099000C1F80C07019800F63C1191ED000AB8EE81
:1009A000C00A00F6541080ED000A02B080BD0000BD
:1009B00083B0029001918DF803200198407B0228BA
:1009C00010D1FFE740F20000C2F2000000780228D8
:1009D00007D0FFE741F6C431C2F2000101200861EF
:1009E000FFE719E00198407B012807D1FFE741F6B6
:1009F000C431C2F20001012008610CE00198407B83
:100A0000032807D1FFE741F6C431C2F200010020FC
:100A10000861FFE7FFE7FFE741F6C430C2F20000DC
:100A20000069012837DBFFE741F6C430C2F200005D
:100A3000007E80B3FFE70298D0F83C1944F62062AC
:100A4000891A00EE101AB8EEC00A00F6541080EDB4
:100A5000000A0198407B02281CD1FFE7029800F6AB
:100A60003C1191ED000AB8EEC00A41F6C431C2F261
:100A7000000191ED021A91ED042AB8EEC22A21EE8E
:100A8000021A30EE410A00F6541080ED000A0020F0
:100A90000861FFE7FFE70198407B40F20001C2F2E6
:100AA0000001087003B0704780B50020C4F2020056
:100AB0001021012203F076FB80BD000080B50020EC
:100AC000C4F202001021002203F06CFB80BD000084
:100AD0007047000080B540F20040C4F202000122DD
:100AE000114603F05FFB80BD80B540F20040C4F2C8
:100AF00002000121002203F055FB80BD7047000079
:100B000080B582B0ADF80600FFE7BDF80600411ED3
:100B1000ADF8061028B1FFE74FF47A7000F004F842
:100B2000F3E702B080BD000086B0ADF816000020EB
:100B3000049003900290019000904EF21400CEF2C7
:100B4000000000680090BDF81600C0EB00104001E6
:100B500004904EF21800CEF2000000680390FFE708
:100B60004EF21800CEF2000000680290029803993D
:100B700088421ED0FFE702980399884207D2FFE718
:100B800003980299411A01980844019008E00098DE
:100B90000299401A03990144019808440190FFE723
:100BA0000298039001980499884201D3FFE701E07D
:100BB000FFE7D5E706B0704780B582B000208DF81A
:100BC0000700FFF785FFFFF799FF14F023FD0146AB
:100BD0009DF8070008438DF8070014F0E3FD014677
:100BE0009DF8070008438DF807009DF8070002B044
:100BF00080BD000080B588B0079006910592002066
:100C0000009004900390FFF759FF922000F006F93E
:100C1000122003A90191062200F0CCF8FFF744FF4F
:100C20009DF80C009DF80D1040EA0120ADF80A0077
:100C3000BDF90A0000EE100AB8EEC00A40F2040046
:100C4000C2F2000090ED001A20EE010A069981ED33
:100C5000000A9DF80E109DF80F2041EA0221ADF820
:100C60000A10BDF90A1000EE101AB8EEC00A90ED95
:100C7000001A20EE010A069981ED010A9DF8101074
:100C80009DF8112041EA0221ADF80A10BDF90A10C1
:100C900000EE101AB8EEC00A90ED001A20EE010A1C
:100CA000069880ED020AFFF71FFF009801990822BD
:100CB00000F080F8FFF70EFF9DF80C000F2844D1DC
:100CC000FFE79DF80E009DF80F1040EA0120ADF8F7
:100CD0000A00BDF90A0000EE100AB8EEC00A40F2A0
:100CE0000800C2F2000090ED001A20EE010A0799F8
:100CF00081ED000A9DF810109DF8112041EA0221B3
:100D0000ADF80A10BDF90A1000EE101AB8EEC00ACC
:100D100090ED001A20EE010A079981ED010A9DF875
:100D200012109DF8132041EA0221ADF80A10BDF916
:100D30000A1000EE101AB8EEC00A90ED001A20EE6C
:100D4000010A079880ED020AFFE7FFF7B7FEA2202D
:100D500000F064F8222003A9022200F02BF8FFF72C
:100D6000A3FE9DF80C009DF80D10C00040EA511044
:100D7000ADF80A00BDF90A00B0F5806F07DBFFE7A8
:100D8000BDF80A00A0F50060ADF80A00FFE7BDF964
:100D90000A0000EE100AB8EEC00AB4EE001A20EE07
:100DA000010AB3EE071A30EE010A059880ED000A39
:100DB00008B080BD80B584B08DF80F0002918DF829
:100DC00007209DF80F0040F0800000F027F8FFE7B3
:100DD0009DF8070070B1FFE7552000F01FF8029959
:100DE00008700298013002909DF8070001388DF8D4
:100DF0000700EDE704B080BD80B582B08DF8070034
:100E000000919DF8070040F0800000F007F85520A1
:100E100000F004F80099087002B080BD80B582B07F
:100E20008DF8070069464FF47A70086044F29C70B0
:100E3000C2F200000DF107010DF10602012305F0D9
:100E4000D5FD9DF8060002B080BD000080B582B0DF
:100E50008DF807008DF806109DF80700FFF7DEFFFC
:100E60009DF80600FFF7DAFF02B080BD80B582B0C2
:100E700001900198006841F20041C4F200018842EB
:100E800028D1FFE740F2E801C2F2000100910878A2
:100E90000130087041F64C50C2F2000000F02EFD07
:100EA00043F6E420C2F2000080ED000A40F2582030
:100EB000C2F2000041F66C41C2F2000112F0A6FE3F
:100EC000009A44F2F470C2F2000040F2012100F0F6
:100ED00019FAFFE702B080BD80B586B0059005988D
:100EE000006844F60001C4F20001884252D1FFE7D5
:100EF00044F68420C2F200000068006800F010018F
:100F00000020B0EB111F44D0FFE70020ADF8120025
:100F1000FFE70020039044F68420C2F2000001683D
:100F2000096803910068406803900398FFE744F65E
:100F30008420C2F2000001680968ADF8121001684F
:100F40004968ADF8121006F031FE44F27010C2F29A
:100F500000000068406813280FD1FFE741F63040D9
:100F6000C2F2000043F28851C2F2000142F20802CC
:100F7000C2F200020BF0AEFFFFE744F68420C2F29B
:100F8000000041F63041C2F20001252207F050FB7B
:100F9000FFE7FFE70598006841F20041C4F2010154
:100FA00088420FD1FFE744F6C820C2F20000006873
:100FB000006800F010010020B0EB111F01D0FFE726
:100FC000FFE7FFE70598006841F20001C4F2010164
:100FD00088421FD1FFE744F6FC10C2F2000000680F
:100FE000006800F010010020B0EB111F11D0FFE7E6
:100FF00043F22051C2F200010191084612F0F4FCC4
:10100000019944F6FC10C2F20000152207F010FB13
:10101000FFE7FFE706B080BDFFE7FEE780B543F6D8
:101020007860C2F2000001F0E9FD80BD80B543F6B2
:10103000A060C2F2000001F0E1FD80BD80B582B089
:101040000190019800F086FE41F62040C2F20000B7
:1010500000F1080243F67860C2F2000040F231214C
:1010600014F044FC012002B080BD000080B58EB0B9
:101070000C90002003908DF814008DF815008DF869
:1010800016008DF817008DF810008DF811008DF8FE
:1010900012008DF813008DF82C008DF82D008DF8BE
:1010A0002E008DF82F008DF8280008218DF82910CA
:1010B0008DF82A008DF82B008DF824008DF825007E
:1010C0008DF826008DF827008DF820008DF821007E
:1010D0008DF822008DF823008DF81C008DF81D007E
:1010E0008DF81E008DF81F008DF818008DF819106E
:1010F0008DF81A008DF81B000C9809F0CFFB20B971
:10110000FFE700208DF837006BE00C9809F078FCC1
:1011100020B9FFE700208DF8370062E00C9820210D
:10112000232205AB09F0E2FC0C982421272204AB12
:1011300009F0DCFC0C980021019103220BAB09F0B3
:10114000D5FC0C980421009107220AAB09F0CEFCD3
:101150000C9808210B2209AB09F0C8FC0C9810214F
:10116000132208AB09F0C2FC0C981421172207AB1C
:1011700009F0BCFC0C9818211B2206AB09F0B6FC48
:10118000009A0C98602109F093FC0C9870210122C0
:10119000029209F08DFC019A0C982A2109F088FC32
:1011A0000C982921912209F083FC029A0C9828219D
:1011B00009F07EFC019A0C982C2109F079FC029A26
:1011C0000C982B2109F074FC0C9809F045FC20B90F
:1011D000FFE700208DF8370003E001208DF837008D
:1011E000FFE79DF837000EB080BD000080B588B0E5
:1011F00007900691002000908DF817008DF81400DC
:10120000049003900290079809F032FB0146009881
:101210008DF804109DF80410B0EB911F6ED0FFE71D
:101220009DF804104FF0FF3000EB91106FF00201B9
:10123000084207D1FFE70798902102AA0D2309F081
:101240009BFB0EE09DF804100220B0EB911F07D12C
:10125000FFE70798942102AA0D2309F08DFBFFE711
:10126000FFE79DF80400C0F3C100022811D1FFE799
:101270000699022008709DF808209DF809309DF815
:101280000A009DF80B1014F099FB0699C1F80100B3
:101290000CE00699012008709DF808009DF80910DF
:1012A00014F0CAFB0699C1F80100FFE79DF80C0095
:1012B000069948719DF80D00069988719DF80E00F9
:1012C0000699C8719DF80F00069908729DF81000E4
:1012D000069948729DF81100069988729DF81200CF
:1012E0000699C8729DF81300069908739DF81400BA
:1012F0000699487301208DF81700FFE79DF8170045
:1013000008B080BD80B584B00390ADF80A1001929A
:1013100044F63851C2F2000101200870BDF90A00FC
:10132000C1F8010008204871019A10685268C1F89C
:101330000A20C1F80600039800F002F804B080BD4E
:1013400080B588B00790069100208DF8170044F60C
:101350000C31C2F20001087048708870C87007989C
:1013600009F026FB014643F6A420C2F200000170FA
:1013700000788008C007F0B9FFE70699D1F80100AE
:10138000097844F60C32C2F20002049214F0C6FA54
:10139000049A079806994B790631EC46CCF8001070
:1013A000402109F0A3FA0798812109F017FB0120D9
:1013B0008DF817004FE043F6A420C2F20000007839
:1013C0000009C007F0B9FFE70699D1F801000978D4
:1013D00044F60C32C2F20002039214F09FFA039A10
:1013E000079806994B790631EC46CCF8001042215B
:1013F00009F07CFA0798822109F0F0FA01208DF8B3
:10140000170027E043F6A420C2F20000007880090C
:10141000C007F0B9FFE70699D1F80100097844F652
:101420000C32C2F20002029214F078FA029A079883
:1014300006994B790631EC46CCF80010442109F0AE
:1014400055FA0798842109F0C9FA01208DF8170090
:10145000FFE7FFE7FFE79DF8170008B080BD000039
:1014600080B590B00E2003900F900B9001210E914B
:1014700000200C900D9106900790089009900B9019
:101480000A9043F67860C2F20000019006A902912A
:1014900001F0E6F9019801F0FFFF019802210491A3
:1014A00001F0FCF8029903980F900B9043F6A060AE
:1014B000C2F20000059001F0D3F9059801F0ECFFAD
:1014C0000499059801F0EAF810B080BD84B08DF859
:1014D0000F000291ADF806209DF80F000146009123
:1014E00023281DD80099DFE801F012131415161BEC
:1014F0001B1B1B1B1B1B1B1B1B1B1B1B1B1B1B1B3C
:101500001B1B1B1B1B1B1B1B1B1B1718191A08E083
:1015100007E006E005E004E003E002E001E000E0AF
:10152000FFE7002004B070470020704780B582B00C
:1015300043F60C30C2F20000009042F66441C2F261
:101540000001002201920FF039F8009842F2644144
:10155000C2F200010FF014F8019802B080BD000043
:1015600080B584B003900291039943F60C30C2F227
:10157000000001900FF004F801980EF0A7FF002082
:1015800004B080BD83B0029001918DF8032000204B
:101590008DF802009DF9020003B0704710B586B0C7
:1015A0008C46864609980899CDF814E0ADF812C02B
:1015B000ADF81020ADF80E30ADF80C10ADF80A0003
:1015C0009DF811008DF802009DF810008DF80300C1
:1015D0009DF80F008DF804009DF80E008DF80500B1
:1015E0009DF80D008DF806009DF80C008DF80700A1
:1015F0009DF80B008DF808009DF80A008DF8090091
:101600000598BDF812100DF1020214F06FF906B042
:1016100010BD000082B00090009908780138087071
:10162000009890F90000042806DCFFE700990020EC
:1016300008708DF8070003E001208DF80700FFE730
:101640009DF8070002B0704780B544F27010C2F2F6
:10165000000002F0B5F880BD80B544F2B000C2F2DF
:10166000000002F0ADF880BD80B544F21010C2F267
:10167000000002F0A5F880BD80B543F69070C2F27C
:10168000000002F09DF880BD80B544F2D010C2F297
:10169000000002F095F880BD80B543F6D060C2F23C
:1016A000000002F08DF880BD80B543F63070C2F2C4
:1016B000000002F085F880BD80B543F6F070C2F2FC
:1016C000000002F07DF880BD80B544F23020C2F207
:1016D000000002F075F880BD80B544F25000C2F2FF
:1016E000000002F06DF880BD82B001900198007892
:1016F00010384AF6AB21CAF6AA21A0FB0110000956
:10170000009000994AF64030C0F60100405C019913
:10171000C8650098042807D3FFE7019908680422E8
:1017200062F30900886506E00199086840F2FF321B
:1017300090438865FFE70198806D02B07047000014
:1017400086B0059000208DF813000598806A0390FC
:101750000598806910BBFFE70398029003281BD807
:101760000299DFE801F0020D0218059890F82F00A9
:10177000C00720B1FFE701208DF81300FFE70CE060
:101780000598C06AB0F1C07F04D1FFE701208DF851
:101790001300FFE701E000E0FFE745E005988069FE
:1017A000B0F5005F25D1FFE70398019003281ED80C
:1017B0000199DFE801F00206021101208DF8130003
:1017C00016E0059890F82F00C00720B1FFE7012030
:1017D0008DF81300FFE70BE00598C06AB0F1C07FF9
:1017E00004D1FFE701208DF81300FFE700E0FFE7D9
:1017F00019E003980090032804D3FFE7009803281A
:1018000004D00EE001208DF813000BE0059890F84D
:101810002F00C00720B1FFE701208DF81300FFE77C
:1018200000E0FFE7FFE7FFE79DF8130006B0704711
:1018300084B00390029101920093039801680868B4
:1018400020F4802008600098039909684860039894
:101850008068402809D1FFE70198039909688860EA
:10186000029803990968C86008E00298039909681A
:101870008860019803990968C860FFE704B0704761
:1018800082B00090009991F87000013881F87000E2
:10189000009890F97000042807DCFFE70099002009
:1018A00081F870008DF8070003E001208DF8070033
:1018B000FFE79DF8070002B07047000081B041F2D9
:1018C0000400CEF2000000680090009841F6184134
:1018D000C2F200010968884208D2FFE741F61C41C4
:1018E000C2F20001086801300860FFE7009841F685
:1018F0001841C2F20001086001B0704780B584B0A1
:10190000039041F20400CEF20000006802900298B9
:1019100003990968401A00EE100AB8EE400A41F631
:101920000040C2F2000090ED001AB8EE411A80EEBD
:10193000010A8DED010A029803990860FFF7BEFFC6
:101940009DED010A04B080BD80B582B000F066F85C
:1019500042F23800C2F20000016883884FF47A72C4
:1019600001FB023100EE101AB8EE401AC08800EEFA
:10197000100AB8EEC00A9FED062A20EE020A30EEE9
:10198000010A8DED010A9DED010A02B080BD00BF84
:101990006F12833A81B000904EF6FC51CEF20001F6
:1019A000086840F08070086041F20401CEF2000146
:1019B0000020086041F20002CEF20002116841F0FE
:1019C00001011160009944F24022C0F20F024A4323
:1019D00041F60041C2F200010A600A6844F6D3539E
:1019E000C1F26203A2FB0332920941F60443C2F240
:1019F00000031A6009684DF68362C4F21B32A1FB32
:101A00000221890C41F60842C2F20002116041F63F
:101A10001C41C2F20001086001B07047B0B586B049
:101A200041F20400CEF2000000680590FFF746FF87
:101A300041F61C40C2F200000168059800230293A1
:101A40004FF0FF3C1A46E1FB0C0241F61041C2F296
:101A5000000100914A6008600868496841F6004446
:101A6000C2F200042268FEF71FFC029B02468C466D
:101A7000009941F64840C2F20000C0F804C002607C
:101A8000D1F800C04968D0F800E042682468AEFB95
:101A900004E502FB0452BCEB0E0C61EB020241F6C2
:101AA0005041C2F200010391C1F800C04A600068D1
:101AB00042F23802C2F200020492106008684968DB
:101AC00041F60442C2F2000201921268FEF7ECFBFA
:101AD000DDF804C0029B049A0146039891800168D6
:101AE00040689288DCF800C002FB0CF28A1A60F1B0
:101AF000000041F65841C2F200010A6048600868DF
:101B0000496841F60842C2F200021268FEF7CCFBB7
:101B10000499C88006B0B0BD7047000080B582B09F
:101B200044F2F470C2F20000009044F6F841C2F2B0
:101B3000000112F06BF98DF80700022002F03AF96B
:101B4000009812F0D5F902B080BD000081B0EFF32B
:101B5000108072B60090FFE7FEE7000080B588B005
:101B6000A820FFF717FFFFF77BFC44F2F470C2F2E6
:101B70000000FFF77BFA43F6F021C2F20001087083
:101B800044F62410C2F2000005F006FB44F6B4103F
:101B9000C2F2000005F000FB44F66C10C2F2000037
:101BA000082105F005FF43F6F070C2F20000019035
:101BB00001F0ACFD44F25000C2F20000029001F0CE
:101BC000A5FD019801F08CFF029801F089FF44F611
:101BD000FC10C2F2000005F0E9FF44F27010C2F2FE
:101BE0000000039001F092FD039801F079FF44F6A4
:101BF0008420C2F20000049005F0D8FF0498026827
:101C0000D16841F01001D16041F63041C2F20001CB
:101C1000252206F00DFD44F2D010C2F2000005901E
:101C200001F074FD44F23020C2F20000069001F091
:101C30006DFD059801F054FF069801F051FF44F640
:101C4000C820C2F2000005F0B1FF09F0A7FE40F67F
:101C50003C01C4F200010791322008604FF4FA7091
:101C600002F058F807990020086008B080BD000015
:101C700041F66050C2F2000090ED690A7047000022
:101C800041F66050C2F2000090ED680A7047000013
:101C900080B584B047F61020C1F6FF70006803904D
:101CA00047F61420C1F6FF700068029047F618202E
:101CB000C1F6FF70006801900199039808440390F1
:101CC000039888B1FFE7039840F2A811C2F200011F
:101CD00000910231082207F0C7FF009902981231E3
:101CE000042207F0C1FFFFE704B080BD41F6605059
:101CF000C2F2000090ED6A0A7047000041F66050A1
:101D0000C2F2000090ED6B0A7047000082B00190B3
:101D1000ADF802100198007841F62041C2F20001AE
:101D20000870019840784870019880788870019810
:101D3000C078C8700198007908710198407948719D
:101D40000198807988710198C079C871002002B02B
:101D50007047000080B582B0019043F22050C2F27B
:101D6000000041F66C41C2F20001D1ED023A91ED62
:101D70000E0A91ED112AF1EE400A90ED070A90ED5E
:101D8000081AF1EE421A90F8331001F0010141EA0D
:101D90008101890002EE101AB8EEC22A90F83400D0
:101DA00000F0010040EA8000800003EE100AF8EE27
:101DB000C32A40F25820C2F2000041F27E6141582D
:101DC00004EE101A41F24471084490ED003A9FED80
:101DD0008E5A63EE054AB0EE443A11F07BFD01984D
:101DE000428841F62041C2F20001009108896FF358
:101DF000DF2200F478401044088143F6F120C2F25B
:101E00000000B0F813300A8913446FF3DF2302F4A3
:101E100078421A440A81019A93884A896FF3DF2332
:101E200002F478421A444A81B0F815304A891344C2
:101E30006FF3DF2302F478421A444A81019A5289EF
:101E400053428A896FF3DF2302F478421A448A816D
:101E5000B0F81720888902446FF3DF2200F478403D
:101E600010448881019890F844008009C00738B96F
:101E7000FFE7019890F84500C008C00788B1FFE768
:101E800041F62041C2F20001088900F4784008813F
:101E9000488900F478404881888900F47840888136
:101EA000FFE7019890F84500C007A8B1FFE741F6A9
:101EB0002041C2F20001088942426FF3DF2200F4A0
:101EC000784010440881488942426FF3DF2200F4D1
:101ED000784010444881FFE742F20800C2F2000057
:101EE000C168C1F3807341F62041C2F200018A7BD0
:101EF00002F0FD0242EA43028A73C268C2F38053D1
:101F00008A8922F4006242EAC3228A81C268C2F34B
:101F1000C0538A8922F4805242EA03328A81019AAC
:101F200092F844C08A7B202303EA5C0302F0DF02BC
:101F30001A448A73019A92F845308A896FF3DF3226
:101F400042EAC3328A81019A92F83E308A7B03F0DA
:101F5000010302F0EF0242EA03128A73019A92F837
:101F60004520C2F340038A7B02F0FE021A448A73C2
:101F7000019A92F84420C2F300138A8922F4005295
:101F800042EA43328A81C068C0F34052887B00F045
:101F9000F70040EAC2008873019890F83E30C87B91
:101FA000022202EAD30200F0FD001044C87341F699
:101FB0005470C2F200000278C87B00F07F0040EA53
:101FC000C210C8730198027B887B00F07F0040EA52
:101FD000C21088730198427BC87B02F0010200F0B6
:101FE000FE001044C87343F22050C2F2000090F883
:101FF000330000F00102C87B00F0BF0040EA82100D
:10200000C873012002B080BD00C04C4485B003906D
:10201000029100200190FFE7039890F83C0001280E
:1020200004D1FFE702208DF81300F7E003990120A7
:1020300081F83C00FFE7FFE7029800680A281CD3FC
:10204000FFE70298008800EB4000A0F11E01072086
:1020500000FA01F203980168C8689043C8600299C9
:102060008868098801EB41011E3900FA01F20398E2
:102070000168C8681043C86018E00298008800EB47
:102080004001072000FA01F20398016808699043B3
:10209000086102998868098801EB410100FA01F2A0
:1020A00003980168086910430861FFE702984068D7
:1020B00006281BD8FFE70298406800EB8000411F0C
:1020C0001F2000FA01F203980168486B90434863AF
:1020D00002990888496801EB8101053900FA01F28B
:1020E00003980168486B104348633DE002984068DC
:1020F0000C281CD8FFE70298406800EB8000A0F194
:1021000023011F2000FA01F203980168086B904335
:10211000086302990888496801EB8101233900FAB4
:1021200001F203980168086B104308631BE00298F2
:10213000406800EB8000A0F141011F2000FA01F28D
:1021400003980168C86A9043C86202990888496880
:1021500001EB8101413900FA01F203980168C86A74
:102160001043C862FFE7FFE742F20030C4F201000B
:1021700000900398006842F20001C4F20101884215
:102180000BD1FFE702980068122806D1FFE70099FB
:10219000486840F480004860FFE70398006842F216
:1021A0000001C4F2010188422ED1FFE702980068C5
:1021B000102805D0FFE702980068112824D1FFE716
:1021C0000099486840F400004860029800681028B0
:1021D00019D1FFE740F2E400C2F2000000684DF6BA
:1021E0008361C4F21B31A0FB0110800C00EB800066
:1021F00040000190FFE7019820B1FFE70198013806
:102200000190F8E7FFE7FFE7FFE70399002081F877
:102210003C00FFE700208DF81300FFE79DF8130056
:1022200005B0704781B0009000980068C06C01B0A4
:102230007047000080B584B0029000208DF8070040
:10224000029820B9FFE701208DF80F0042E00298C4
:10225000806A0121C0F60071884201D0FFE7FFE7E4
:102260000298006C50B9FFE7029800F037F8029925
:1022700000204864029981F83C00FFE70298006C56
:10228000C006002817D4FFE70298006C40F0020057
:1022900020F48850029908640298FEF791F9029997
:1022A000002048640298006C40F0010020F0020019
:1022B0000299086403E001208DF80700FFE7FFE7BB
:1022C0000299002081F83C00FFE79DF807008DF897
:1022D0000F00FFE79DF80F0004B080BD80B58AB005
:1022E00009900020089007900690059004900998A6
:1022F000006842F20001C4F20101884212D1FFE7F6
:10230000FFE70020039043F64400C4F20200016896
:1023100041F480710160006800F4807003900398BC
:10232000FFE73AE00998006842F20021C4F2010197
:10233000884231D1FFE7FFE70020029043F64400D6
:10234000C4F20200016841F480610160006800F499
:10235000806002900298FFE7FFE70020019043F6BB
:102360003000C4F20200016841F020010160006801
:1023700000F0200001900198FFE74FF48060049086
:10238000032005900020069041F20040C4F20200B4
:1023900004A901F02BFDFFE7FFE70AB080BD0000B4
:1023A00080B584B0029001910020009002980068EE
:1023B00080684005002816D5FFE70298006880680D
:1023C000C00500280FD5FFE70299086C40F02000F7
:1023D0000864FFE70299002081F83C00FFE7012034
:1023E0008DF80F006DE001F0F5FE0090FFE7029818
:1023F0000068006800F00200022829D0FFE7019879
:10240000013020B3FFE7019840B1FFE701F0E2FEA1
:102410000099401A0199884218D9FFE7029800688C
:10242000006800F0020002280FD0FFE70299086C54
:1024300040F004000864FFE70299002081F83C00A6
:10244000FFE703208DF80F003BE0FFE7FFE7CEE753
:10245000029801686FF0120008600299086C40F45D
:102460000070086402980068806810F0405F24D112
:10247000FFE70298007E00BBFFE702980068C06A91
:1024800010F4700F07D0FFE70298006880684005DD
:10249000002812D4FFE70299086C20F480700864C9
:1024A0000298006CC004002806D4FFE70299086C6B
:1024B00040F001000864FFE7FFE700208DF80F00FF
:1024C000FFE79DF80F0004B080BD000084B00290CB
:1024D00000200190FFE7029890F83C00012804D109
:1024E000FFE702208DF80F00D4E00299012081F867
:1024F0003C00FFE7FFE7029800688068C007F0B97A
:10250000FFE702980168886840F00100886040F2A7
:10251000E400C2F2000000684DF68361C4F21B3192
:10252000A0FB0110800C00EB40000190FFE7019838
:1025300020B1FFE7019801380190F8E7FFE7029822
:1025400000688068C007002800F09580FFE70298C7
:10255000006C40F4807040F2016188430299086485
:102560000298006840684005002809D5FFE70298F6
:10257000006C40F4805020F4005002990864FFE79A
:102580000298006CC004002806D5FFE70299486C49
:1025900020F00600486403E0029900204864FFE749
:1025A000FFE70299002081F83C00FFE742F200308B
:1025B000C4F201000090029801686FF022000860E8
:1025C00000984068C006E8BBFFE70298006842F246
:1025D0000001C4F20101884224D0FFE7029800689C
:1025E00042F20011C4F20101884208D1FFE742F231
:1025F0000430C4F201000068C00698B1FFE70298F9
:10260000006842F20021C4F20101884219D1FFE7BB
:1026100042F20430C4F20100006800F01F000F28ED
:102620000FD8FFE702980068806810F0405F07D17C
:10263000FFE702980168886840F080408860FFE703
:10264000FFE717E00298006842F20001C4F20101BE
:1026500088420ED1FFE702980068806810F0405F62
:1026600007D1FFE702980168886840F080408860E1
:10267000FFE7FFE70AE00299086C40F010000864E9
:102680000299486C40F001004864FFE700208DF893
:102690000F00FFE79DF80F0004B0704784B0029070
:1026A0000191029890F820008DF803009DF8030036
:1026B000012805D0FFE79DF8030002280AD1FFE7B3
:1026C000019A0298016848691043486100208DF81A
:1026D0000F0008E00299486A40F480204862012017
:1026E0008DF80F00FFE79DF80F0004B07047000061
:1026F00088B00690059104920393069890F8200004
:102700008DF807000698006880680090059880683A
:1027100008B9FFE700E0FFE79DF80700012806D0B1
:10272000FFE79DF80700022840F08D80FFE79DF845
:102730000300400700280CD4FFE79DF803000007C2
:10274000002806D4FFE79DF80300C006002871D5D5
:10275000FFE70098C0F3016002900298032809D3B4
:10276000FFE70699486A40F40000486201208DF8AE
:102770001F0071E0029901208840039908600598C4
:10278000806868B9FFE705980168C06840EA415071
:1027900006990968029A01EB0211C1F880010EE066
:1027A00005994A688868C96840EAC20008430699E2
:1027B0000968029A01EB0211C1F88001FFE7059850
:1027C000006906990968029A01EB0211C1F88401B7
:1027D0000598007D01280CD1FFE706980068029952
:1027E00000EB0111D1F8840140F48070C1F884013C
:1027F000FFE70498406806990968029A01EB021104
:10280000C1F88C010498006806990968029A01EBE6
:102810000211C1F8880106980068029900EB0111C5
:10282000D1F8800140F00100C1F8800100208DF84E
:102830001F0011E00699486A40F400104862012028
:102840008DF81F0008E00699486A40F4802048622D
:1028500001208DF81F00FFE79DF81F0008B07047AA
:1028600086B004900391049800680190049890F851
:1028700020008DF803009DF80300012806D0FFE733
:102880009DF80300022840F0B080FFE746F20040C8
:10289000C4F2000001900199D1F8000240F001005B
:1028A000C1F800020199D1F8000220F47C50C1F86F
:1028B00000020398426A0199D1F8000240EA02201E
:1028C000C1F800020398406900F01F010120884010
:1028D0000290029A0199D1F81C029043C1F81C029F
:1028E0000398C069F0B9FFE7029A0199D1F80C0288
:1028F0009043C1F80C02039A9088D168526940EA6B
:102900000140019901EBC201C1F84002039A10880D
:102910009168526940EA0140019901EBC201C1F896
:102920004402FFE70398C06901281ED1FFE7029A1D
:102930000199D1F80C021043C1F80C02039A908857
:102940001168526940EA0140019901EBC201C1F8E6
:102950004002039A90899168526940EA01400199C6
:1029600001EBC201C1F84402FFE70398806940B956
:10297000FFE7029A0199D1F804029043C1F80402DA
:1029800007E0029A0199D1F804021043C1F8040249
:10299000FFE70398006940B9FFE7029A0199D1F86F
:1029A00014029043C1F8140207E0029A0199D1F889
:1029B00014021043C1F81402FFE70398006A0128CB
:1029C00008D1FFE7029A0199D1F81C021043C1F81F
:1029D0001C02FFE70199D1F8000220F00100C1F8C4
:1029E000000200208DF8170008E00499486A40F4BE
:1029F0008020486201208DF81700FFE79DF817003E
:102A000006B0704781B0009001B0704786B0049066
:102A1000039102920193049890F820008DF803002E
:102A20009DF80300012806D0FFE79DF80300022867
:102A300040F0D780FFE7039880B9FFE7049800686B
:102A4000C068800748B9FFE70499486A40F400105D
:102A5000486201208DF81700CCE00FE00498006870
:102A60000069800748B9FFE70499486A40F40010FC
:102A7000486201208DF81700BCE0FFE70498006869
:102A8000039900EB0110D0F8B00100F004000299A6
:102A900088600298806858B9FFE704980068039935
:102AA00000EB0110D0F8B001400D029908600AE077
:102AB00004980068039900EB0110D0F8B001C00839
:102AC00002994860FFE704980068039900EB011041
:102AD000D0F8B00100F002000299C86004980068C4
:102AE000039900EB0110D0F8B40100F00F00029937
:102AF000086104980068039900EB0110D0F8B40154
:102B000080B2000A0299886104980068039900EB7A
:102B10000110D0F8B401000C0299486104980068D3
:102B2000039900EB0110D0F8B801019908700498DE
:102B30000068039900EB0110D0F8B801000A019970
:102B4000487004980068039900EB0110D0F8B801B0
:102B5000000C0199887004980068039900EB01103B
:102B6000D0F8B801000E0199C87004980068039964
:102B700000EB0110D0F8BC010199087104980068BD
:102B8000039900EB0110D0F8BC01000A01994871CB
:102B900004980068039900EB0110D0F8BC01000C08
:102BA0000199887104980068039900EB0110D0F82E
:102BB000BC01000E0199C871039838B9FFE7049869
:102BC0000168C86840F02000C86006E00498016809
:102BD000086940F020000861FFE700208DF8170029
:102BE00008E00499486A40F48020486201208DF88A
:102BF0001700FFE79DF8170006B0704780B58AB050
:102C00000990002008900998006840690790099889
:102C100000684068069009980068806805900998E7
:102C20000068C068049009980068006903900998DA
:102C30000068806902909DF81C00C007002800F021
:102C40009480FFE79DF81400C00758B3FFE7099888
:102C50000168012088609DF814008007002804D5D1
:102C6000FFE7099800F062FC1BE09DF814004007A4
:102C7000002805D5FFE7089840F4006008900FE0B1
:102C80009DF814000007002805D5FFE7089840F4D8
:102C90008050089003E0099800F044FCFFE7FFE74C
:102CA000FFE7FFE79DF81500C00760B3FFE709984D
:102CB00001684FF4807088609DF815008007002837
:102CC00004D5FFE7099800F039FC1BE09DF81500DA
:102CD0004007002805D5FFE7089840F40050089009
:102CE0000FE09DF815000007002805D5FFE70898BC
:102CF00040F48040089003E0099800F01BFCFFE7D7
:102D0000FFE7FFE7FFE79DF81600C00760B3FFE7A6
:102D1000099801684FF4803088609DF8160080079C
:102D2000002804D5FFE7099800F010FC1BE09DF88F
:102D300016004007002805D5FFE7089840F400403A
:102D400008900FE09DF816000007002805D5FFE762
:102D5000089840F48030089003E0099800F0F2FBF6
:102D6000FFE7FFE7FFE7FFE7FFE79DF81C0000072D
:102D7000002810D5FFE79DF81000C006002809D5EF
:102D8000FFE7089840F40070089009980168102047
:102D9000C860FFE7FFE79DF81C00400700280FD53B
:102DA000FFE79DF810000007002808D5FFE7099805
:102DB00001680820C860099800F0CCFAFFE7FFE737
:102DC0009DF81C00800700280BD5FFE709980068D4
:102DD000C068800720B1FFE7099800F0BFFAFFE75D
:102DE000FFE79DF81C004006002810D5FFE79DF87E
:102DF0000C00C006002809D5FFE7089840F4806061
:102E000008900998016810200861FFE7FFE79DF826
:102E10001C00800600280FD5FFE79DF80C00000776
:102E2000002808D5FFE7099801680820086109987B
:102E300000F026FBFFE7FFE79DF81C00C006002816
:102E40000BD5FFE7099800680069800720B1FFE70C
:102E5000099800F019FBFFE7FFE79DF81E008007C7
:102E600000280FD5FFE79DF81800C006002808D5F8
:102E7000FFE70998016810204860099800F008FBF6
:102E8000FFE7FFE79DF81E00C00778B1FFE79DF858
:102E900018000007002808D5FFE7099801680820F6
:102EA0004860099800F056FBFFE7FFE79DF81D001A
:102EB0000006002840F18D80FFE79DF818004007CC
:102EC000002840F18180FFE79DF81D00C00750B148
:102ED000FFE79DF80800C00728B1FFE7089840F019
:102EE00001000890FFE79DF81D00800700280BD522
:102EF000FFE79DF808008007002805D5FFE7089840
:102F000040F002000890FFE79DF81D0040070028F0
:102F10000BD5FFE79DF808004007002805D5FFE71F
:102F2000089840F004000890FFE79DF81D00000796
:102F3000002848D5FFE79DF8080010F0700F42D038
:102F4000FFE7029800F0700001460191102814D0AC
:102F5000FFE70198202815D0FFE70198302816D008
:102F6000FFE70198402817D0FFE70198502818D0B4
:102F7000FFE70198602819D01DE0089840F008008C
:102F8000089019E0089840F01000089014E00898A4
:102F900040F0200008900FE0089840F040000890B2
:102FA0000AE0089840F08000089005E0089840F496
:102FB0008070089000E0FFE709980168886920F0B8
:102FC00070008861FFE7FFE7099801680420486006
:102FD000FFE7089848B1FFE7089A0999486A104343
:102FE00048620998FFF70EFDFFE70AB080BD0000B8
:102FF00080B584B00290029820B9FFE701208DF8D7
:103000000F00E0E0029890F8200020B9FFE7029856
:1030100000F0DEF8FFE702980168086840F0010060
:10302000086001F0D7F80190FFE702980068406857
:10303000C007A8B9FFE701F0CDF80199401A0B28A5
:103040000DD3FFE70299486A40F4003048620299C4
:10305000052081F8200001208DF80F00B3E0E4E79F
:1030600002980168086820F00200086001F0B2F8D8
:103070000190FFE70298006840688007002815D596
:10308000FFE701F0A7F80199401A0B280DD3FFE7DD
:103090000299486A40F4003048620299052081F89C
:1030A000200001208DF80F008DE0E3E70298007EFC
:1030B000012807D1FFE702980168086840F0800006
:1030C000086006E002980168086820F08000086047
:1030D000FFE70298407E012807D1FFE702980168C8
:1030E000086840F04000086006E00298016808683F
:1030F00020F040000860FFE70298807E012807D199
:10310000FFE702980168086840F02000086006E0C8
:1031100002980168086820F020000860FFE7029824
:10312000C07E012807D1FFE702980168086820F0F7
:103130001000086006E002980168086840F010007E
:103140000860FFE70298007F012807D1FFE7029897
:103150000168086840F00800086006E0029801680D
:10316000086820F008000860FFE70298407F012807
:1031700007D1FFE702980168086840F00400086082
:1031800006E002980168086820F004000860FFE784
:10319000029B19685A689868D3F80CC040EA0C0082
:1031A000D3F810C040EA0C005B691843013A1043A1
:1031B000C861029900204862029A012182F8201019
:1031C0008DF80F00FFE79DF80F0004B080BD0000F0
:1031D00080B590B00F9000200E900D900C900B9049
:1031E0000A900F98006846F20041C4F2000188423C
:1031F00049D1FFE741F66440C2F2000001680131A5
:1032000001600068012812D1FFE7FFE70020099064
:1032100043F64000C4F20200016841F00071016011
:10322000006800F0007009900998FFE7FFE7FFE7EA
:103230000020089043F63000C4F20200016841F01B
:1032400008010160006800F0080008900898FFE796
:1032500003200A9002210B91002103910C910D9003
:1032600009200E9040F60040C4F202000AA900F0C6
:10327000BDFD039A14200490052101F087F80498FD
:1032800001F07AF864E00F98006846F60001C4F295
:10329000000188425BD1FFE7FFE70020079043F67B
:1032A0004000C4F20200016841F0806101600068E2
:1032B00000F0806007900798FFE741F66440C2F293
:1032C00000000168013101600068012812D1FFE7A8
:1032D000FFE70020069043F64000C4F202000168B8
:1032E00041F000710160006800F0007006900698DF
:1032F000FFE7FFE7FFE70020059043F63000C4F248
:103300000200016841F002010160006800F0020063
:1033100005900598FFE760200A9002200B9000209E
:1033200001900C9003200D9009200E9040F2004077
:10333000C4F202000AA900F059FD019A402002904F
:10334000052101F023F8029801F016F8FFE7FFE7E6
:1033500010B080BD81B0009001B0704780B58AB0D8
:103360000990099844F60653C2F20003002102AA0C
:10337000FFF74CFB099843F67861C2F200018842DE
:103380004CD1FFE70298019040F20321884237D0E8
:10339000FFE7019840F23221884228D0FFE70198E8
:1033A00040F20131884206D0FFE7019840F2023135
:1033B00088420ED031E040F25820C2F2000041F2C3
:1033C0008841084444F60651C2F2000112F04AFB5B
:1033D00023E040F25820C2F2000041F2F8610844B4
:1033E00044F60651C2F2000112F03CFB15E044F62F
:1033F0000650C2F2000040F23221FEF787FC0CE0DA
:1034000040F25820C2F2000000F6281044F606519F
:10341000C2F200010AF0E2FBFFE7FFE7099843F67A
:10342000A061C2F20001884228D1FFE70298009013
:1034300040F20121884206D0FFE7009840F20221C5
:1034400088420DD019E040F25820C2F2000000F589
:10345000936044F60651C2F200010AF02BFC0CE026
:1034600040F25820C2F2000000F5DC6044F606513C
:10347000C2F200010AF01EFCFFE7FFE70AB080BDC0
:1034800081B0009001B0704781B0009001B07047EA
:1034900081B0009001B0704780B584B0029002986E
:1034A00090F8200001282FD1FFE70299022081F82F
:1034B000200002980168086820F00100086000F010
:1034C00089FE0190FFE7029800684068C007A8B134
:1034D000FFE700F07FFE0199401A0B280DD3FFE7AC
:1034E0000299486A40F4003048620299052081F848
:1034F000200001208DF80F000FE0E4E70299002082
:1035000048628DF80F0008E00299486A40F40020F4
:10351000486201208DF80F00FFE79DF80F0004B00E
:1035200080BD000081B0009001B0704781B0009074
:1035300001B0704781B0009001B0704781B0009039
:1035400001B0704781B0009001B0704781B0009029
:1035500001B0704781B0009001B0704780B582B073
:103560000090009820B9FFE701208DF8070011E0D6
:103570000098407938B9FFE7009900200871009859
:1035800000F00CF8FFE700990120487100208DF849
:103590000700FFE79DF8070002B080BD82B00190F0
:1035A0000198006843F20001C4F20201884212D17E
:1035B000FFE7FFE70020009043F63000C4F202006E
:1035C000016841F480510160006800F4805000906F
:1035D0000098FFE7FFE702B07047000080B584B0B5
:1035E00002900298806D019000F0F4FD0090029826
:1035F00090F8350002280DD0FFE702998020486539
:10360000FFE70299002081F83400FFE701208DF8E0
:103610000F0055E002980168086820F01600086065
:1036200002980168486920F0800048610298006CA7
:1036300020B9FFE70298806C38B1FFE70298016873
:10364000086820F008000860FFE702980168086831
:1036500020F001000860FFE7029800680068C007DA
:10366000C8B1FFE700F0B6FD0099401A062811D353
:10367000FFE70299202048650299032081F8350070
:10368000FFE70299002081F83400FFE703208DF85E
:103690000F0015E0E0E70298C16D3F2088400199D6
:1036A00088600299012081F83500FFE70299002027
:1036B00081F83400FFE7FFE700208DF80F00FFE7F7
:1036C0009DF80F0004B080BD82B00090009890F883
:1036D0003500022807D0FFE70099802048650120C7
:1036E0008DF807000EE00099052081F8350000985C
:1036F0000168086820F001000860FFE700208DF8ED
:103700000700FFE79DF8070002B0704780B584B05E
:103710000290029820B9FFE701208DF80F004BE0DE
:10372000029890F83500022804D1FFE702208DF8B6
:103730000F0041E002980168086820F0010008606D
:1037400002980168002000900860029909684860AA
:1037500002990968886002990968C8600299096835
:10376000086102980168212048610298FDF7BCFFBA
:103770000146009801910299C86302990864029970
:103780004864029988640299C8640299086502999C
:10379000CA6D3F219140019A916002994865029952
:1037A00081F83500FFE70299002081F83400FFE737
:1037B00000208DF80F00FFE79DF80F0004B080BDDA
:1037C00080B586B005900020039040F2E400C2F27C
:1037D0000000006848F2B511C1F64E31A0FB01109F
:1037E000800A02900598806D01900198006804900D
:1037F00004980599C96DC840000700281AD5FFE74D
:103800000598006800684007002812D5FFE7059872
:103810000168086820F0040008600598C16D082060
:103820008840019988600599486D40F0010048651D
:10383000FFE7FFE704980599C96DC840C007A0B12C
:10384000FFE7059800684069000600280CD5FFE7EF
:103850000598C16D01208840019988600599486DDF
:1038600040F002004865FFE7FFE704980599C96D3D
:10387000C8404007002814D5FFE705980068006895
:10388000800700280CD5FFE70598C16D042088400B
:10389000019988600599486D40F004004865FFE78C
:1038A000FFE704980599C96DC840C006002847D5B0
:1038B000FFE7059800680068000700283FD5FFE78C
:1038C0000598C16D102088400199886005980068AE
:1038D0000068400300281AD5FFE7059800680068D3
:1038E0000003002809D4FFE70598006C20B1FFE72A
:1038F0000598016C8847FFE708E00598806C20B1C7
:10390000FFE70598816C8847FFE7FFE716E0059819
:1039100000680068C005002807D4FFE70598016823
:10392000086820F008000860FFE70598006C20B1E7
:10393000FFE70598016C8847FFE7FFE7FFE7FFE730
:1039400004980599C96DC8408006002840F18D8013
:10395000FFE7059800680068C006002840F18480F1
:10396000FFE70598C16D202088400199886005987F
:1039700090F83500052834D1FFE7059801680868FC
:1039800020F01600086005980168486920F0800062
:1039900048610598006C20B9FFE70598806C38B144
:1039A000FFE705980168086820F008000860FFE755
:1039B0000598C16D3F2088400199886005990120D4
:1039C00081F83500FFE70599002081F83400FFE712
:1039D0000598006D20B1FFE70598016D8847FFE766
:1039E0007BE0059800680068400300281AD5FFE7CF
:1039F0000598006800680003002809D4FFE70598CF
:103A0000406C20B1FFE70598416C8847FFE708E06C
:103A10000598C06B20B1FFE70598C16B8847FFE7A9
:103A2000FFE720E0059800680068C005002811D471
:103A3000FFE705980168086820F010000860059904
:103A4000012081F83500FFE70599002081F8340056
:103A5000FFE7FFE70598C06B20B1FFE70598C16B52
:103A60008847FFE7FFE7FFE7FFE70598406DA0B352
:103A7000FFE70598406DC00730B3FFE705990520C3
:103A800081F8350005980168086820F00100086099
:103A9000FFE70398013003900299884201D9FFE7BC
:103AA00007E0FFE7059800680068C0070028F0D12C
:103AB000FFE70599012081F83500FFE7059900200F
:103AC00081F83400FFE7FFE70598C06C20B1FFE7FD
:103AD0000598C16C8847FFE7FFE706B080BD00008E
:103AE00080B586B004900020039000F073FB029034
:103AF000049820B9FFE701208DF81700A3E004988F
:103B0000406A08B1FFE7FFE70499022081F8350019
:103B1000FFE70499002081F83400FFE7049801686A
:103B2000086820F001000860FFE70498006800685A
:103B3000C00790B1FFE700F04DFB0299401A06283C
:103B40000AD3FFE70499202048650499032081F8EF
:103B500035008DF8170076E0E7E704980068006804
:103B60000390039848F23F01CFF210010840039000
:103B7000049900914868D1F808C0CB680A6940EA06
:103B80000C00184310434A6910438A691043CA69FC
:103B90001043096A01430398084303900498406A5C
:103BA000042808D1FFE70499C86A096B0143039808
:103BB00008430390FFE70398049909680860049894
:103BC000006840690390039820F007000390049870
:103BD000416A0398084303900498406A04281AD164
:103BE000FFE70498816A0398084303900498C06A29
:103BF00080B1FFE70498FDF7A3FD50B1FFE70499FA
:103C0000402048650499012081F835008DF817009F
:103C100019E0FFE7FFE703980499096848610498F1
:103C2000FDF762FD01900498C16D3F208840019925
:103C30008860049900204865049A012182F83510B3
:103C40008DF81700FFE79DF8170006B080BD000053
:103C500080B588B0069005910492039300208DF8FA
:103C60000B000698806D0190FFE7069890F83400ED
:103C7000012804D1FFE702208DF81F0045E00699D6
:103C8000012081F83400FFE7FFE7069890F835003F
:103C900001282BD1FFE70699022081F8350006990B
:103CA0000020486506980599049A039BFDF7C0FD1E
:103CB0000698C16D3F208840019988600698016888
:103CC000086840F0160008600698006C38B1FFE7FD
:103CD00006980168086840F008000860FFE7069849
:103CE0000168086840F00100086009E0FFE70699F4
:103CF000002081F83400FFE702208DF80B00FFE779
:103D00009DF80B008DF81F00FFE79DF81F0008B01D
:103D100080BD000080B584B0039000F05BFA029093
:103D2000039801900198013048B1FFE740F2C210BA
:103D3000C2F200000178019808440190FFE7FFE714
:103D400000F048FA0299401A0199884201D2FFE72F
:103D5000F6E704B080BD000080B582B0ADF8060083
:103D6000BDF80600022822D1FFE744F2F470C2F247
:103D7000000044F6F841C2F2000110F047F88DF857
:103D800005009DF8050058B1FFE744F2F470C2F257
:103D9000000044F6F841C2F2000110F089F8FFE794
:103DA00044F2F470C2F2000010F0A2F8FFE702B093
:103DB00080BD000080B582B0ADF8060043F6144027
:103DC000C4F201000068BDF8061008420CD0FFE7FD
:103DD000BDF8060043F61441C4F201010860BDF8C5
:103DE0000600FFF7B9FFFFE702B080BD8EB00D906F
:103DF0000C9100200A90099008900B90FFE70B9817
:103E00000F2800F2CC81FFE70B99012088400A902F
:103E10000C9800680A990840099009980A99884204
:103E200040F0B881FFE70C98406800F003000128DB
:103E300007D0FFE70C98406800F0030002282FD15C
:103E4000FFE70D98806808900B984100032000FA66
:103E500001F10898884308900C98C0680B994900B4
:103E600000FA01F108980843089008980D998860B5
:103E70000D98406808900B99012000FA01F108980C
:103E8000884308900C984068C0F300100B9900FA22
:103E900001F108980843089008980D994860FFE7D9
:103EA0000C98406800F00300032818D0FFE70D9835
:103EB000C06808900B984100032000FA01F10898AF
:103EC000884308900C9880680B99490000FA01F12A
:103ED00008980843089008980D99C860FFE70C9867
:103EE000406800F00300022826D1FFE70D980B99E7
:103EF0006FF0030202EA51010844006A08900B982F
:103F000000F0070081000F2000FA01F108988843B3
:103F100008900C9800690B9901F00701890000FADC
:103F200001F108980843089008980D990B9B02EA44
:103F3000530211440862FFE70D98006808900B983F
:103F40004100032000FA01F10898884308900C987A
:103F5000406800F003000B99490000FA01F108984D
:103F60000843089008980D9908600C98807980079C
:103F7000002800F00E81FFE7FFE70020079043F6DE
:103F80004400C4F20200016841F48041016000680D
:103F900000F4804007900798FFE70B9820F003009B
:103FA00043F60801C4F20101405808900B9800F054
:103FB000030081000F2000FA01F10898884308905F
:103FC0000D980021C4F20201884203D1FFE70020CE
:103FD00006905EE00D9840F20041C4F20201884272
:103FE00003D1FFE70120059050E00D9840F6000155
:103FF000C4F20201884203D1FFE70220049042E0AC
:104000000D9840F60041C4F20201884203D1FFE757
:104010000320039034E00D9841F20001C4F2020144
:10402000884203D1FFE70420029026E00D9841F278
:104030000041C4F20201884203D1FFE7052001904C
:1040400018E00D9841F60001C4F20201884203D144
:10405000FFE7062000900AE00D9941F60042C4F205
:1040600002020820914208BF07200090FFE7009855
:104070000190FFE701980290FFE702980390FFE7A5
:1040800003980490FFE704980590FFE705980690D1
:10409000FFE70698C0B20B9901F00301890000FA0E
:1040A00001F108980843089008980B9921F0030142
:1040B00043F60802C4F20102885043F60840C4F2F5
:1040C00001000068089009990898884308900C98A6
:1040D0008079C006002805D5FFE7099908980843AC
:1040E0000890FFE7089843F60841C4F20101086010
:1040F00043F60C40C4F20100006808900999089842
:10410000884308900C9880798006002805D5FFE741
:104110000999089808430890FFE7089843F60C416E
:10412000C4F20101086043F60440C4F201000068D3
:10413000089009990898884308900C98807980071E
:10414000002805D5FFE70999089808430890FFE77C
:10415000089843F60441C4F20101086043F60040A8
:10416000C4F20100006808900999089888430890F3
:104170000C988079C00728B1FFE70999089808438F
:104180000890FFE7089843F60041C4F20101086077
:10419000FFE7FFE7FFE70B9801300B902FE60EB02B
:1041A0007047000082B00190ADF802108DF8012038
:1041B0009DF8010028B1FFE7BDF802000199886170
:1041C00005E0BDF80200000401998861FFE702B034
:1041D000704700004AF64C50C2F200000068704779
:1041E00040F2C210C2F2000002784AF64C51C2F20C
:1041F00000010868104408607047000080B543F66D
:104200000041C4F20201086840F4007008600868C8
:1042100040F480600860086840F480700860032003
:1042200000F0CEF80F2000F005F800F079F800203B
:1042300080BD000080B58CB00B90002004900390EE
:10424000FFE70020009043F64000C4F2020001683E
:1042500041F001010160006800F001000090009849
:10426000FFE706A802A901F0ADFB099804900498A5
:1042700020B9FFE701F0D6FB059004E001F0D2FB86
:1042800040000590FFE705984DF68361C4F21B31AD
:10429000A0FB01014FF0FF3000EB9140039044F68A
:1042A000DC00C2F200004FF08041016040F2E731D3
:1042B000C16003994160002101618160816102F068
:1042C0003DFE8DF807009DF8070028BBFFE744F688
:1042D000DC00C2F2000002F05FFF8DF807009DF8DD
:1042E0000700C0B9FFE71C2000F046F80B980F2824
:1042F0000CD8FFE70B991C20002200F047F80B9820
:1043000040F2C411C2F20001086003E001208DF800
:104310000700FFE7FFE7FFE79DF807000CB080BD4F
:1043200080B582B0FFE70020019043F64400C4F25C
:104330000200016841F480410160006800F480409F
:1043400001900198FFE7FFE70020009043F640004E
:10435000C4F20200016841F080510160006800F081
:10436000805000900098FFE76FF001000F210022BD
:1043700000F00CF802B080BD80B582B08DF8070067
:104380009DF9070010F010F902B080BD80B586B02D
:104390008DF81700049103920020029010F01CF990
:1043A00002909DF91700019002980499039A07F072
:1043B00035FB0146019810F017F906B080BD0000EA
:1043C00080B582B00190019810F030F902B080BD44
:1043D00082B001908DF8031002B0704782B0019056
:1043E000ADF80210BDF8020001990968486200208A
:1043F00002B0704784B003908DF80B10ADF8082020
:1044000003980068406A00909DF80B0048B9FFE7E8
:10441000BDF80810009840EA0140039909688862D5
:1044200033E003980068816A009800EB1140009027
:1044300000208DF80700FFE79DF807009DF80B109E
:104440000139884213D2FFE7039800689DF80710EE
:1044500000EB8100D0F80411009800EB11400090AF
:10446000FFE79DF8070001308DF80700E4E7BDF88D
:104470000810009840EA0140039909689DF80B2054
:1044800001EB8201C1F80001FFE7002004B0704792
:1044900080B582B001900198D0F808050CF0E8FFD3
:1044A00002B080BD80B582B001908DF80310019AF2
:1044B000D2F808059DF8031001EBC10302EB83025B
:1044C000D26C0CF031FE02B080BD000080B582B02D
:1044D00001908DF80310019AD2F808059DF8031099
:1044E00001EBC10302EB8302D2F88C220CF0E6FE52
:1044F00002B080BD80B582B001900198D0F8080567
:104500000CF0BCFF02B080BD80B584B003908DF884
:104510000B109DF80B00000600280CD5FFE7039850
:104520009DF80B1001F00F0101EBC10100EB8100C0
:104530003C3001900CE003989DF80B1001F00F0146
:1045400001EBC10100EB810000F51F700190FFE756
:104550000398006801990EF0E7FD8DF80A009DF8B8
:104560000A0004B080BD000080B584B002908DF8D0
:1045700007109DF80700000600280FD5FFE70298F6
:104580009DF8071001F00F0101EBC10100EB810064
:104590003C3000900099012048700FE002989DF88F
:1045A000071001F00F0101EBC10100EB810000F5E4
:1045B0001F700090009900204870FFE79DF80700E9
:1045C00000F00F0000990870FFE7029890F8BC0413
:1045D000012804D1FFE702208DF80F0014E00299B2
:1045E000012081F8BC04FFE7FFE70298006800990A
:1045F0000DF0C2FFFFE70299002081F8BC04FFE73D
:1046000000208DF80F00FFE79DF80F0004B080BD7B
:1046100080B584B002908DF807109DF8070000F077
:104620000F0002994968884204D9FFE701208DF8FC
:104630000F004DE09DF80700000600280FD5FFE7AA
:1046400002989DF8071001F00F0101EBC10100EB8A
:1046500081003C3000900099012048700FE00298E2
:104660009DF8071001F00F0101EBC10100EB810083
:1046700000F51F700090009900204870FFE7009936
:10468000002088709DF8070000F00F000099087066
:10469000FFE7029890F8BC04012804D1FFE702204C
:1046A0008DF80F0014E00299012081F8BC04FFE7A7
:1046B000FFE70298006800990EF0DEFAFFE7029922
:1046C000002081F8BC04FFE700208DF80F00FFE711
:1046D0009DF80F0004B080BD82B001908DF80310EA
:1046E00001989DF8031001F00F0101EBC10100EBEF
:1046F0008100D0F89C0202B07047000080B586B0FF
:1047000004908DF80F10ADF80C208DF80B300020C0
:104710008DF80A009DF80F00000600280FD5FFE76E
:1047200004989DF80F1001F00F0101EBC10100EB9F
:1047300081003C3001900199012048700FE00498FD
:104740009DF80F1001F00F0101EBC10100EB81009A
:1047500000F51F700190019900204870FFE79DF857
:104760000F0000F00F0001990870BDF80C000199CE
:10477000C8609DF80B00019908710198407820B13C
:10478000FFE7019908780881FFE79DF80B000228F0
:1047900004D1FFE7019900204871FFE7FFE7049883
:1047A00090F8BC04012804D1FFE702208DF817001F
:1047B00015E00499012081F8BC04FFE7FFE70498A5
:1047C000006801990DF092FDFFE70499002081F83F
:1047D000BC04FFE79DF80A008DF81700FFE79DF87D
:1047E000170006B080BD000080B586B005908DF83A
:1047F00013100392029305989DF8131001F00F0116
:1048000001EBC10100EB810000F51F7001900398DE
:104810000199086102980199886101990020086254
:10482000019948709DF8130000F00F00019908707D
:1048300005980069012804D1FFE7039801994861B0
:10484000FFE79DF81300000738B9FFE7059A1068E5
:104850000199127C0EF0C4F806E0059A10680199DF
:10486000127C0EF0ADFAFFE7002006B080BD00001C
:1048700080B584B002908DF807109DF8070000F015
:104880000F0002994968884204D9FFE701208DF89A
:104890000F0058E09DF80700000600280FD5FFE73D
:1048A00002989DF8071001F00F0101EBC10100EB28
:1048B00081003C3000900099012048700DE0029882
:1048C0009DF8071001EBC10100EB810000F51F709E
:1048D0000090009900204870FFE70099012088703F
:1048E0009DF8070000F00F0000990870FFE702989C
:1048F00090F8BC04012804D1FFE702208DF80F00D6
:1049000021E00299012081F8BC04FFE7FFE702984B
:10491000006800990EF000FA9DF80700000740B902
:10492000FFE7029A1068117C02F2C4420EF054F9BB
:10493000FFE7FFE70299002081F8BC04FFE70020B1
:104940008DF80F00FFE79DF80F0004B080BD000058
:1049500080B586B005908DF81310039202930598E8
:104960009DF8131001F00F0101EBC10100EB810074
:104970003C3001900398019908610298019988617F
:104980000199002008620199012048709DF81300E8
:1049900000F00F000199087005980069012804D102
:1049A000FFE7039801994861FFE79DF813000007AE
:1049B00038B9FFE7059A10680199127C0EF010F8DB
:1049C00006E0059A10680199127C0EF0F9F9FFE7EC
:1049D000002006B080BD000080B58CB00B900B9815
:1049E00000680A900A9809900B9800680EF0DEFCA7
:1049F000002840F00D84FFE70B9800680EF042FDA0
:104A000010B9FFE700F004BC0998D0F80808C0F31B
:104A10000D200B99C1F8FC040B9800680EF032FDD4
:104A20008007002807D5FFE70B980168486900F068
:104A300002004861FFE70B9800680EF023FDC006F6
:104A4000002862D5FFE70B980168886920F0100004
:104A500088610A98006A02900B98029901F00F0190
:104A600001EBC10100EB810000F51F700890029876
:104A700000F4F0110220B0EB514F23D1FFE7BDF855
:104A8000080047F6F07108421BD0FFE70A98089922
:104A90000969029AC2F30A120EF002FD029847F663
:104AA000F07100EA0103089A106900EB131010611D
:104AB000029800EA01020899086A00EB12100862E5
:104AC000FFE71BE0029800F4F0110620B0EB514F15
:104AD00012D1FFE70A980B9901F2C44108220EF0A7
:104AE000DFFC029847F6F07100EA01020899086AB3
:104AF00000EB1210086200E0FFE7FFE70B98016887
:104B0000886940F010008861FFE70B9800680EF09C
:104B1000B9FC0003002840F1A680FFE700200490C4
:104B20000B9800680EF05CFC0690FFE706980028E2
:104B300000F09880FFE79DF81800C007002800F0FB
:104B40008A80FFE70B9800689DF810100EF082FC39
:104B500005909DF81400C00760B1FFE7099804991B
:104B600000EB41110120C1F8080B0B98049907F0E4
:104B700035FAFFE79DF81400000700280CD5FFE781
:104B80000998049900EB41110820C1F8080B0B9813
:104B9000049907F0DDF9FFE79DF81400C00600282E
:104BA00008D5FFE70998049900EB41111020C1F8DE
:104BB000080BFFE79DF81400800700282DD5FFE7BC
:104BC0000A9840690006002808D5FFE70999D1F83E
:104BD000040840F48060C1F80408FFE70B980499CA
:104BE00001EBC10100EB810000F51F7008900898EF
:104BF000C078012809D1FFE708990020C8700B98F8
:104C00009DF8101000F014FBFFE70998049900EBE1
:104C100041110220C1F8080BFFE79DF8140080063F
:104C2000002808D5FFE70998049900EB41112020DE
:104C3000C1F8080BFFE79DF815008006002809D58C
:104C4000FFE70998049900EB41114FF40050C1F8B7
:104C5000080BFFE7FFE7049801300490069840082E
:104C6000069063E7FFE70B9800680EF00BFC40032B
:104C7000002840F1C680FFE70B9800680EF09EFB0D
:104C8000069000200490FFE70698002800F0B88006
:104C9000FFE79DF81800C007002800F0AA80FFE792
:104CA0000B9800689DF810100EF0ACFB05909DF875
:104CB0001400C00700283ED0FFE7049800F00F0161
:104CC000012000FA01F10391039B099AD2F83418EC
:104CD0009943C2F834180999049A01EB4211C1F8BA
:104CE00008090B98006901281FD1FFE70B98049968
:104CF00001EBC10100EB81018A6CC86C1044C864EF
:104D0000049888B9FFE70B98049901EBC10100EB07
:104D10008100406D40B9FFE70B99086801F2C44279
:104D200001210DF059FFFFE7FFE70B989DF81010E8
:104D3000FFF7B8FBFFE79DF814000007002808D52F
:104D4000FFE70998049900EB41110820C1F8080910
:104D5000FFE79DF81400C006002808D5FFE7099872
:104D6000049900EB41111020C1F80809FFE79DF8F4
:104D700014004006002808D5FFE70998049900EBC5
:104D800041114020C1F80809FFE79DF81400800791
:104D9000002822D5FFE70A9804990EF09DFA0B9897
:104DA000049901EBC10100EB81003C3008900898A8
:104DB000C078012809D1FFE708990020C8700B9836
:104DC0009DF8101000F026FAFFE70998049900EB0F
:104DD00041110220C1F80809FFE79DF81400000600
:104DE000002805D5FFE70B98049907F0DBF9FFE7EA
:104DF000FFE704980130049006984008069043E7C6
:104E0000FFE70B9800680EF03DFBC00F00B3FFE713
:104E10000999D1F8040820F00100C1F804080B98A2
:104E200090F8F404012808D1FFE70B98002180F8DE
:104E3000F4140B98FFF7CCFA03E00B9800F0E2FBB8
:104E4000FFE70B980168486900F000404861FFE700
:104E50000B9800680EF016FB0005002811D5FFE73F
:104E60000998D0F80808C00720B1FFE70B9800F0B8
:104E700057FCFFE70B980168486900F4006048613F
:104E8000FFE70B9800680EF0FDFAC004002840F11F
:104E90008680FFE70999D1F8040820F00100C1F8E5
:104EA00004080B98006810210EF016FA00200790F5
:104EB000FFE707980B994968884231D2FFE70998C4
:104EC000079900EB41114FF67F30C1F808090999A5
:104ED000079A01EB4212D2F8001921F40011C2F82E
:104EE00000190999079A01EB4211C1F8080B0998BA
:104EF000079900EB4111D1F8000B20F40010C1F824
:104F0000000B0998079900EB4111D1F8000B40F014
:104F10000060C1F8000BFFE7079801300790C8E771
:104F20000999D1F81C0840F00110C1F81C080B9831
:104F3000006B78B1FFE70999D1F8840840F00B00C5
:104F4000C1F884080999D1F8440840F00B00C1F871
:104F500044080FE00999D1F8140842F22B021043DB
:104F6000C1F814080999D1F8100840F00B00C1F8F5
:104F70001008FFE70999D1F8000820F4FE60C1F895
:104F800000080B9A1068117C02F2C4420DF024FE56
:104F90000B980168486900F480504861FFE70B985E
:104FA00000680EF06FFA800400281FD5FFE70B9809
:104FB00000680DF00BFA0B9800680EF0D1F90B9910
:104FC000C8600B980068019000F026FD014601982A
:104FD0000B9A127B0EF05CFB0B9800F0E9FA0B9831
:104FE0000168486900F400504861FFE70B980068C9
:104FF0000EF048FA000700280AD5FFE70B9800F0EA
:105000000BFB0B980168486900F008004861FFE756
:105010000B9800680EF036FA0006002825D5FFE749
:105020000A99886920F08000886101200490FFE7D8
:1050300004980B994968884216D2FFE70B980499A7
:1050400001EBC10100EB810090F87F02012806D13D
:10505000FFE70B989DF81010FFF756FAFFE7FFE700
:10506000049801300490E3E7FFE70B9800680EF026
:1050700009FAC00200283ED5FFE701200490FFE7AF
:1050800004980B99496888422ED2FFE70998049941
:1050900000EB4110D0F8000902900B98049901EB45
:1050A000C10100EB810090F84000012817D1FFE713
:1050B0009DF80B000006002811D5FFE70B98049916
:1050C00001EBC10100EB8101012081F83F000B9849
:1050D0009DF8101041F08001FFF716FAFFE7FFE797
:1050E000049801300490CBE70B980168486900F4FC
:1050F00080104861FFE70B9800680EF0C3F980024A
:10510000002855D5FFE701200490FFE704980B998C
:105110004968884245D2FFE70998049900EB41109D
:10512000D0F8000B02900B98049901EBC10100EB41
:10513000810090F8800201282ED1FFE79DF80B0036
:105140000006002828D5FFE7029800F480300B996C
:10515000D1F8FC1401F0010188421DD1FFE70B9842
:10516000049901EBC10100EB8101012081F87F026C
:105170000A99886940F0800088610A9840690006B1
:10518000002808D4FFE70999D1F8040840F400701A
:10519000C1F8040805E0FFE7FFE704980130049038
:1051A000B4E70B980168486900F400104861FFE714
:1051B0000B9800680EF066F9400000280AD5FFE75A
:1051C0000B98FFF765F90B980168486900F080407B
:1051D0004861FFE70B9800680EF054F9400700287B
:1051E00015D5FFE70B980068406802909DF808000D
:1051F0004007002804D5FFE70B98FFF77BF9FFE78E
:10520000029A0B980168486810434860FFE7FFE77F
:105210000CB080BD80B582B001908DF8031001986C
:10522000D0F808059DF803100CF0C4F902B080BD59
:1052300080B582B001908DF803100198D0F8080570
:105240009DF803100CF0EEF902B080BD2DE9F04F8F
:1052500097B01590159820B9FFE701208DF85B00F5
:1052600049E1159800681490159890F8BD0440B96C
:10527000FFE71599002081F8BC04159800F040F96B
:10528000FFE71599032081F8BD041498C06BC00591
:10529000002804D4FFE7159900200861FFE715985E
:1052A00000680DF093FB159810900168119141680A
:1052B0008268C368D0F810C044698569C669076A06
:1052C000D0F82480D0F82890D0F82CA0D0F830B0B6
:1052D000D0F834E068461290C0F824E01198DDF868
:1052E00048E0CEF820B0CEF81CA0CEF81890CEF84A
:1052F0001480CEF81070CEF80C60CEF80850CEF8BE
:105300000440CEF800C00DF077F840B1FFE71599E2
:10531000022081F8BD0401208DF85B00EBE01598B8
:10532000006800210F910EF015F90F988DF84F00CD
:10533000FFE79DF84F0015994968884245D2FFE77D
:1053400015989DF84F1001EBC10100EB8101012080
:1053500081F83D009DF84F00159900EBC00201EB6C
:10536000820181F83C009DF84F00159900EBC002C6
:1053700001EB8201A1F8440015989DF84F1001EB54
:10538000C10100EB8101002081F8400015999DF8D2
:105390004F2002EBC20201EB8201886415999DF84F
:1053A0004F2002EBC20201EB8201C86415999DF8FF
:1053B0004F2002EBC20201EB82014865FFE79DF836
:1053C0004F0001308DF84F00B3E700208DF84F00FB
:1053D000FFE79DF84F001599496888423ED2FFE7E4
:1053E00015989DF84F1001EBC10100EB81010020E1
:1053F00081F87D029DF84F10159A01EBC10302EB75
:10540000830282F87C1215999DF84F2002EBC202AC
:1054100001EB820181F8800215999DF84F2002EB83
:10542000C20201EB8201C1F8880215999DF84F2054
:1054300002EBC20201EB8201C1F88C0215999DF8C2
:105440004F2002EBC20201EB8201C1F89402FFE798
:105450009DF84F0001308DF84F00BAE715980C9079
:1054600001680D9141688268C368D0F810C0446932
:105470008569C669076AD0F82480D0F82890D0F8EA
:105480002CA0D0F830B0D0F834E068460E90C0F8C8
:1054900024E00D98DDF838E0CEF820B0CEF81CA05E
:1054A000CEF81890CEF81480CEF81070CEF80C60BC
:1054B000CEF80850CEF80440CEF800C00DF024F924
:1054C00040B1FFE71599022081F8BD0401208DF855
:1054D0005B0010E0159900200B9081F838001599B9
:1054E000012081F8BD04159800680DF0F7F80B98BD
:1054F0008DF85B00FFE79DF85B0017B0BDE8F08F0B
:1055000080B58AB009900020089007900690059019
:10551000049009980068B0F1A04F47D1FFE7FFE77A
:105520000020039043F63000C4F20200016841F00D
:1055300001010160006800F0010003900398FFE79B
:105540004FF4C050049002200590002006900320E4
:1055500007900A2008900020C4F2020004A9FEF778
:1055600045FCFFE743F63401C4F20201086840F04D
:1055700080000860FFE70020029043F64400C4F278
:105580000200016841F480410160006800F480403D
:1055900002900298FFE7FFE74320019005210022D7
:1055A000FEF7F4FE0198FEF7E7FEFFE70AB080BDC4
:1055B00080B582B0019001208DF803000198C06889
:1055C00020B9FFE700208DF803000CE00198C068C7
:1055D000022804D1FFE701208DF8030002E0FCF768
:1055E000B5FAFFE7FFE70198D0F808059DF803102A
:1055F0000CF018F90198D0F808050CF093F802B0F7
:1056000080BD000080B582B001900198D0F80805F7
:105610000CF0D6F802B080BD80B582B00190019840
:10562000D0F808050CF0DEF802B080BD80B584B07B
:1056300002908DF80710FFE7029890F8BC0401284B
:1056400004D1FFE702208DF80F001AE00299012033
:1056500081F8BC04FFE7FFE79DF80700029981F895
:105660003800029800689DF807100DF0E3FFFFE78F
:105670000299002081F8BC04FFE700208DF80F009C
:10568000FFE79DF80F0004B080BD000080B582B038
:1056900001900199D1F8080501F2C4410CF0ECF831
:1056A00002B080BD80B584B002900298006801907D
:1056B000FFE7029890F8BC04012804D1FFE702201C
:1056C0008DF80F0027E00299012081F8BC04FFE764
:1056D000FFE70298806A01280BD1FFE702988069F2
:1056E000012806D0FFE70199886B40F48030886379
:1056F000FFE7029800680DF0A5FD029800680CF025
:10570000D7FFFFE70299002081F8BC04FFE70020E3
:105710008DF80F00FFE79DF80F0004B080BD00007A
:1057200080B582B001900198D0F808050CF026F9F8
:1057300001980168D1F8000E40F00100C1F8000E98
:105740000198006A48B1FFE74EF61051CEF2000111
:10575000086840F006000860FFE702B080BD000066
:1057600080B584B002900191029820B9FFE7012032
:105770008DF80F0021E1019843F60041C4F20201C7
:10578000096801F00701884212D9FFE7019943F641
:105790000040C4F202000170006800F007000199A7
:1057A000884204D0FFE701208DF80F0005E1FFE7F4
:1057B00002980078800700282AD5FFE70298007831
:1057C0004007002809D5FFE743F60801C4F20201AB
:1057D000086840F4E0500860FFE70298007800078E
:1057E000002809D5FFE743F60801C4F20201086862
:1057F00040F460400860FFE743F60801C4F202018C
:10580000086820F0F000029A926810430860FFE7F1
:1058100002980078C00700286ED0FFE70298406821
:10582000012811D1FFE743F60000C4F2020000682E
:1058300000F400310020B0EB514F04D1FFE701200C
:105840008DF80F00B9E02CE002984068022805D0DE
:10585000FFE702984068032811D1FFE743F60000F4
:10586000C4F20200006800F000710020B0EB516F3C
:1058700004D1FFE701208DF80F009EE010E043F611
:105880000000C4F20200006800F002010020B0EB4A
:10589000510F04D1FFE701208DF80F008DE0FFE7E5
:1058A000FFE743F60801C4F20201086820F0030094
:1058B000029A526810430860FEF78CFC0090FFE7E4
:1058C00043F60800C4F20200006800F00C000299E0
:1058D0004968B0EB810F0ED0FFE7FEF77BFC009923
:1058E000401A41F28931884204D3FFE703208DF842
:1058F0000F0062E0E4E7FFE7019843F60041C4F2DD
:105900000201096801F00701884212D2FFE70199FC
:1059100043F60040C4F202000170006800F0070086
:105920000199884204D0FFE701208DF80F0044E080
:10593000FFE702980078400700280CD5FFE743F600
:105940000801C4F20201086820F4E050029AD2680B
:1059500010430860FFE702980078000700280DD583
:10596000FFE743F60801C4F20201086820F4604032
:10597000029A126940EAC2000860FFE700F076F878
:1059800043F60801C4F202010968C9B20A094AF6DD
:105990002831C0F60101895CC84040F2E401C2F23E
:1059A0000001086040F2C410C2F200000068FEF777
:1059B00041FC00208DF80F00FFE79DF80F0004B0B8
:1059C00080BD000082B00190009101990F20086015
:1059D00043F60800C4F20200016801F00301019AD5
:1059E0005160016801F0F001019A9160016801F4D1
:1059F000E051019AD160006800F46040C00801994C
:105A0000086143F60040C4F20200006800F007009D
:105A10000099086002B0704740F2E400C2F2000052
:105A20000068704780B5FFF7F7FF43F60801C4F23E
:105A300002010968C1F382224AF63831C0F6010139
:105A4000895CC84080BD000080B5FFF7E5FF43F6E4
:105A50000801C4F20201096889B24A0B4AF63831DA
:105A6000C0F60101895CC84080BD000080B586B0E9
:105A70000020059004900390029043F60800C4F2C1
:105A80000200006800F00C000146019140B1FFE700
:105A9000019804280AD0FFE7019808280CD04FE0AD
:105AA00042F20040C0F2F40002904FE041F60030B4
:105AB000C0F2B700029049E043F60400C4F20200CD
:105AC000016801F03F01059100684002002813D5EC
:105AD000FFE743F60400C4F202000068C0F3881038
:105AE00041F60031C0F2B701A0FB0101059A002385
:105AF000FAF7DAFB049012E043F60400C4F2020065
:105B00000068C0F3881042F20041C0F2F401A0FB2B
:105B10000101059A0023FAF7C7FB0490FFE743F65B
:105B20000400C4F20200006800F44031022000EBDF
:105B3000D130039004980399B0FBF1F0029005E096
:105B400042F20040C0F2F4000290FFE7029806B073
:105B500080BD000080B586B00490049820B9FFE7AE
:105B600001208DF8170050E304980078C007002842
:105B700000F0A580FFE743F60800C4F202000068C9
:105B800000F00C00042813D0FFE743F60800C4F22D
:105B90000200006800F00C0008281ED1FFE743F661
:105BA0000400C4F2020000684002002815D5FFE797
:105BB00043F60000C4F20200006800F40031002047
:105BC000B0EB514F08D0FFE70498406820B9FFE7D9
:105BD00001208DF8170018E370E0FFE70498406893
:105BE000B0F5803F09D1FFE743F60001C4F202019E
:105BF000086840F48030086020E004984068B0F500
:105C0000A02F0DD1FFE743F60001C4F2020108689E
:105C100040F480200860086840F4803008600CE0A0
:105C200043F60001C4F20201086820F480300860E5
:105C3000086820F480200860FFE7FFE7FFE704988A
:105C40004068E8B1FFE7FEF7C5FA0390FFE743F6C7
:105C50000000C4F20200006800F400310020B0EB44
:105C6000514F0CD1FFE7FEF7B5FA0399401A6528AA
:105C700004D3FFE703208DF81700C6E2E7E71CE036
:105C8000FEF7A8FA0390FFE743F60000C4F2020013
:105C9000006800F400310020B0EB514F0CD0FFE75A
:105CA000FEF798FA0399401A652804D3FFE703200A
:105CB0008DF81700A9E2E7E7FFE7FFE7FFE70498A1
:105CC00000788007002840F19680FFE743F608003F
:105CD000C4F20200006810F00C0F13D0FFE743F687
:105CE0000800C4F20200006800F00C0008282CD163
:105CF000FFE743F60400C4F20200006840020028F7
:105D000023D4FFE743F60000C4F20200006800F06D
:105D100002010020B0EB510F09D0FFE70498C068E2
:105D2000012804D0FFE701208DF817006DE243F64B
:105D30000001C4F20201086820F0F800049A126918
:105D400040EAC2000860FFE754E00498C06870B3FE
:105D5000FFE70021C4F2472101200860FEF73AFA6C
:105D60000390FFE743F60000C4F20200006800F071
:105D700002010020B0EB510F0CD1FFE7FEF72AFA29
:105D80000399401A032804D3FFE703208DF8170076
:105D90003BE2E7E743F60001C4F20201086820F0A5
:105DA000F800049A126940EAC200086021E000216C
:105DB000C4F2472100200860FEF70CFA0390FFE7C9
:105DC00043F60000C4F20200006800F00201002067
:105DD000B0EB510F0CD0FFE7FEF7FCF90399401A26
:105DE000032804D3FFE703208DF817000DE2E7E74F
:105DF000FFE7FFE7FFE704980078000700284BD58E
:105E0000FFE70498406918B3FFE740F68061C4F2E9
:105E1000472101200860FEF7DDF90390FFE743F614
:105E20007400C4F20200006800F002010020B0EB30
:105E3000510F0CD1FFE7FEF7CDF90399401A032863
:105E400004D3FFE703208DF81700DEE1E7E722E047
:105E500040F68061C4F2472100200860FEF7BAF9DD
:105E60000390FFE743F67400C4F20200006800F0FC
:105E700002010020B0EB510F0CD0FFE7FEF7AAF9AA
:105E80000399401A032804D3FFE703208DF8170075
:105E9000BBE1E7E7FFE7FFE7049800784007002849
:105EA00040F1CE80FFE700208DF8070043F6400068
:105EB000C4F202000068C000002815D4FFE7FFE725
:105EC0000020009043F64000C4F20200016841F057
:105ED00080510160006800F0805000900098FFE75A
:105EE00001208DF80700FFE747F20000C4F2000030
:105EF0000068C005002822D4FFE747F20001C4F281
:105F00000001086840F480700860FEF763F90390B0
:105F1000FFE747F20000C4F200000068C005002857
:105F20000CD4FFE7FEF756F90399401A032804D36F
:105F3000FFE703208DF8170067E1EAE7FFE7FFE7D7
:105F400004988068012809D1FFE743F67001C4F284
:105F50000201086840F0010008601FE004988068B2
:105F600005280DD1FFE743F67001C4F2020108686D
:105F700040F004000860086840F0010008600CE090
:105F800043F67001C4F20201086820F001000860C5
:105F9000086820F004000860FFE7FFE7FFE70498C7
:105FA0008068F8B1FFE7FEF715F90390FFE743F6C5
:105FB0007000C4F20200006800F002010020B0EBA3
:105FC000510F0ED1FFE7FEF705F90399401A41F290
:105FD0008931884204D3FFE703208DF8170014E1CC
:105FE000E5E71EE0FEF7F6F80390FFE743F67000E2
:105FF000C4F20200006800F002010020B0EB510F73
:106000000ED0FFE7FEF7E6F80399401A41F2893116
:10601000884204D3FFE703208DF81700F5E0E5E799
:10602000FFE79DF80700012809D1FFE743F640018B
:10603000C4F20201086820F080500860FFE7FFE723
:1060400004988069002800F0DC80FFE743F6080030
:10605000C4F20200006800F00C00082800F08580FF
:10606000FFE70498806902285CD1FFE76021C4F251
:10607000472100200860FEF7ADF80390FFE743F6E4
:106080000000C4F20200006800F000710020B0EBD4
:10609000516F0CD0FFE7FEF79DF80399401A0328D3
:1060A00004D3FFE703208DF81700AEE0E7E704997B
:1060B000C869D1F820C04B6A8A6A40EA0C0040EAFD
:1060C0008310D2034FF6FF739A43A2F58032104338
:1060D000C96A40EA016043F60401C4F202010860A3
:1060E0006021C4F2472101200860FEF773F8039095
:1060F000FFE743F60000C4F20200006800F0007100
:106100000020B0EB516F0CD1FFE7FEF763F8039965
:10611000401A032804D3FFE703208DF8170074E02A
:10612000E7E721E06021C4F2472100200860FEF784
:1061300051F80390FFE743F60000C4F20200006844
:1061400000F000710020B0EB516F0CD0FFE7FEF7BC
:1061500041F80399401A032804D3FFE703208DF880
:10616000170052E0E7E7FFE74AE00498806901285A
:1061700004D1FFE701208DF8170046E043F6040044
:10618000C4F202000068029004988069012831D0AE
:10619000FFE7029800F480000499C969884229D178
:1061A000FFE7029800F03F000499096A884221D174
:1061B000FFE7029847F6C07108400499496AB0EBBE
:1061C000811F17D1FFE7029800F440300499896AD3
:1061D000C9034FF6FF729143A1F58031884209D17E
:1061E000FFE7029800F070600499C96AB0EB016F94
:1061F00004D0FFE701208DF8170006E0FFE7FFE776
:10620000FFE700208DF81700FFE79DF8170006B0A4
:1062100080BD000081B00090009890F8510001B05E
:106220007047000080B584B00290029820B9FFE763
:1062300001208DF80F0071E00298406A60B9FFE715
:1062400002984068B0F5827F01D1FFE703E0029930
:106250000020C861FFE705E002990020086102996B
:106260004861FFE7029900208862029890F8510087
:1062700040B9FFE70299002081F85000029800F031
:1062800051F8FFE70299022081F851000298016855
:10629000086820F040000860029A01921168506876
:1062A000D2F808C0D36800F482700CF4044C604447
:1062B00003F400631844136903F00203184453699C
:1062C00003F001031844936903F400731844D3697D
:1062D00003F038031844136A03F080031843926AEA
:1062E00002F4005210430860029A508B00F0040040
:1062F0001168526A02F01002104448600298016866
:10630000C86920F40060C861029900204865029ABB
:10631000012182F851108DF80F00FFE79DF80F0062
:1063200004B080BD80B592B01190002010900F9005
:106330000E900D900C901198006843F20001C4F289
:106340000101884240F0B680FFE7FFE700200B9094
:1063500043F64400C4F20200016841F48051016038
:10636000006800F480500B900B98FFE7FFE70020D7
:106370000A9043F63000C4F20200016841F00201C5
:106380000160006800F002000A900A98FFE7FFE74A
:106390000020099043F63000C4F20200016841F089
:1063A00001010160006800F0010009900998FFE711
:1063B00018200C90022001900D90012002900E9068
:1063C000032003900F9005200490109040F20040AD
:1063D000C4F202000CA90591FDF708FDDDF804C028
:1063E000029B039A049805994FF0800ECDF830E097
:1063F000CDF834C00E930F9210900020C4F202002A
:10640000FDF7F4FC43F6D060C2F20000069046F2BD
:106410004041C4F2020101604FF0C06141600021BF
:106420008160C1604FF48062026141618161C1613C
:106430004FF4403202624162FDF752FB18B1FFE7B0
:10644000FBF784FBFFE7FFE7119843F6D061C2F248
:106450000001C16411988863FFE743F63070C2F20F
:106460000000009046F25841C4F2020101604FF072
:10647000C0614160402181600021C1604FF48062B1
:10648000026141618161C1614FF400320262416287
:10649000FDF726FB18B1FFE7FBF758FBFFE7FFE727
:1064A000119843F63071C2F200018164119888633B
:1064B000FFE73EE01198006843F60001C4F20001D6
:1064C000884235D1FFE7FFE70020089043F64000FF
:1064D000C4F20200016841F480410160006800F4E8
:1064E000804008900898FFE7FFE70020079043F6F8
:1064F0003000C4F20200016841F00201016000684E
:1065000000F0020007900798FFE74FF460400C90FE
:1065100002200D9000200E9003200F900520109077
:1065200040F20040C4F202000CA9FDF75FFCFFE757
:10653000FFE712B080BD000080B588B006900591DD
:10654000ADF81220039300208DF8070006984068EC
:10655000B0F5827F16D1FFE70698806890B9FFE713
:106560000699042081F851000698059ABDF812306A
:106570000399EC46CCF80010114600F037FA8DF87C
:106580001F00EDE0FFE7069890F85000012804D1C5
:10659000FFE702208DF81F00E2E00699012081F854
:1065A0005000FFE7FFE7FDF715FE0290069890F810
:1065B0005100012804D0FFE702208DF80700C0E059
:1065C000059820B1FFE7BDF8120020B9FFE70120D0
:1065D0008DF80700B5E00699042081F8510006996E
:1065E000002048650599069A9163BDF81210069A35
:1065F0009187BDF81210069AD1870699086306990B
:1066000088860699C886069908640699486406989B
:106610008068B0F5004F0DD1FFE706980168086863
:1066200020F04000086006980168086820F4804067
:106630000860FFE706980068006800F04000402806
:1066400007D0FFE706980168086840F0400008603E
:10665000FFE70698C06880BBFFE7FFE70698C08F9A
:1066600050B3FFE7069800688068C00778B1FFE77D
:1066700006980068007B0699896B08700699886BFC
:10668000013088630699C88F0138C88713E0FDF789
:10669000A1FD0299401A0399884204D3FFE70398A9
:1066A000013018B9FFE7039820B9FFE703208DF800
:1066B000070046E0FFE7D1E72FE0FFE70698C08F2D
:1066C00050B3FFE7069800688068C00778B1FFE71D
:1066D00006980068C0680699896B08800699886BDF
:1066E000023088630699C88F0138C88713E0FDF728
:1066F00071FD0299401A0399884204D3FFE7039879
:10670000013018B9FFE7039820B9FFE703208DF89F
:10671000070016E0FFE7D1E7FFE706980399029A22
:1067200008F032F820B1FFE7069920204865FFE71E
:106730000698406D20B1FFE701208DF80700FFE7C4
:10674000FFE70699012081F85100FFE70699002034
:1067500081F85000FFE79DF807008DF81F00FFE764
:106760009DF81F0008B080BD80B588B006900591E7
:10677000ADF81220039300208DF80700FFE706987C
:1067800090F85000012804D1FFE702208DF81F0087
:1067900028E10699012081F85000FFE7FFE7FDF7A7
:1067A00019FD0290BDF81200ADF80400069890F8AB
:1067B0005100012804D0FFE702208DF8070002E114
:1067C000059820B1FFE7BDF8120020B9FFE70120CE
:1067D0008DF80700F7E00699032081F8510006992B
:1067E000002048650599069A1163BDF81210069AB3
:1067F0009186BDF81210069AD1860699886306998B
:1068000088870699C8870699486406990864069897
:106810008068B0F5004F0DD1FFE706980168086861
:1068200020F04000086006980168086840F4804045
:106830000860FFE706980068006800F04000402804
:1068400007D0FFE706980168086840F0400008603C
:10685000FFE70698C068B0F5006F47D1FFE70698DC
:10686000406828B1FFE7BDF8040001280ED1FFE71A
:1068700006980168006B0088C8600699086B0230B2
:1068800008630699C88E0138C886FFE7FFE70698B7
:10689000C08E50B3FFE70698006880688007002824
:1068A0000ED5FFE706980168006B0088C86006995E
:1068B000086B023008630699C88E0138C88613E059
:1068C000FDF788FC0299401A0399884204D3FFE738
:1068D0000398013018B9FFE7039820B9FFE70320B8
:1068E0008DF807006FE0FFE7D1E746E006984068C3
:1068F00028B1FFE7BDF8040001280ED1FFE7069894
:106900000168006B007808730699086B0130086312
:106910000699C88E0138C886FFE7FFE70698C08E43
:1069200050B3FFE7069800688068800700280ED5FE
:10693000FFE706980168006B007808730699086BFA
:10694000013008630699C88E0138C88613E0FDF748
:1069500041FC0299401A0399884204D3FFE7039847
:10696000013018B9FFE7039820B9FFE703208DF83D
:10697000070028E0FFE7D1E7FFE706980399029AAE
:1069800007F074FF20B1FFE7069920204865FFE774
:106990000698806870B9FFE7FFE70020009006982E
:1069A0000068C068009006980068806800900098B1
:1069B000FFE7FFE70698406D20B1FFE701208DF863
:1069C0000700FFE7FFE70699012081F85100FFE784
:1069D0000699002081F85000FFE79DF807008DF828
:1069E0001F00FFE79DF81F0008B080BD80B58EB086
:1069F000DDF840C00C900B910A92ADF826300120D2
:106A0000059000208DF81300FFE70C9890F85000D7
:106A1000012804D1FFE702208DF8370095E10C9999
:106A2000012081F85000FFE7FFE7FDF7D3FB069058
:106A30000C9890F851008DF81F000C984068089051
:106A4000BDF82600ADF824009DF81F00012812D0E3
:106A5000FFE70898B0F5827F09D1FFE70C988068BE
:106A600028B9FFE79DF81F00042804D0FFE70220A3
:106A70008DF813005AE10B9838B1FFE70A9820B15E
:106A8000FFE7BDF8260020B9FFE701208DF81300CD
:106A90004CE10C9890F85100042805D0FFE70C99C0
:106AA000052081F85100FFE70C99002048650A99FC
:106AB0000C9A9163BDF826100C9AD187BDF8261068
:106AC0000C9A91870B990C9A1163BDF826100C9AB9
:106AD000D186BDF826100C9A91860C9908640C9901
:106AE00048640C980068006800F04000402807D017
:106AF000FFE70C980168086840F040000860FFE775
:106B00000C98C068B0F5006F76D1FFE70C9840682C
:106B100028B1FFE7BDF8240001280ED1FFE70C984B
:106B20000168006B0088C8600C99086B023008632C
:106B30000C99C88E0138C886FFE7FFE70C98C18E14
:106B40000120029039B9FFE70C98C08F002818BFC8
:106B500001200290FFE70298C00700284BD0FFE712
:106B60000C98006880688007002818D5FFE70C980B
:106B7000C08EA0B1FFE70598012810D1FFE70C985F
:106B80000168006B0088C8600C99086B02300863CC
:106B90000C99C88E0138C88600200590FFE70C9834
:106BA00000688068C007A8B1FFE70C98C08F88B163
:106BB000FFE70C980068C0680C99896B08800C99F5
:106BC000886B023088630C99C88F0138C887012010
:106BD0000590FFE7FDF7FEFA0699401A10998842E2
:106BE00008D3FFE71098013020B1FFE703208DF8AC
:106BF00013009BE0A2E778E00C98406828B1FFE71B
:106C0000BDF8240001280ED1FFE70C980168006B45
:106C1000007808730C99086B013008630C99C88ED2
:106C20000138C886FFE7FFE70C98C18E012001906C
:106C300039B9FFE70C98C08F002818BF01200190D8
:106C4000FFE70198C00700284ED0FFE70C980068C6
:106C500080688007002818D5FFE70C98C08EA0B187
:106C6000FFE70598012810D1FFE70C980168006B39
:106C7000007808730C99086B013008630C99C88E72
:106C80000138C88600200590FFE70C9800688068EE
:106C9000C007A8B1FFE70C98C08F88B1FFE70C9838
:106CA0000068C0680C99896B08700C99886B01307A
:106CB00088630C99C88F0138C88701200590FFE7C9
:106CC000FDF788FA0699401A1099884204D3FFE725
:106CD0001098013018B9FFE7109820B9FFE703209A
:106CE0008DF8130022E09FE7FFE70C981099069AB1
:106CF00007F0BCFD38B1FFE701208DF813000C99B7
:106D00002020486512E00C98806870B9FFE7FFE723
:106D1000002003900C980068C06803900C980068ED
:106D2000806803900398FFE7FFE7FFE70C990120D5
:106D300081F85100FFE70C99002081F85000FFE72F
:106D40009DF813008DF83700FFE79DF837000EB06F
:106D500080BD000081B0009001B0704781B000900C
:106D600001B0704784B00290019100200090FFE7CD
:106D7000029890F83C00012804D1FFE702208DF82A
:106D80000F0044E00299012081F83C00FFE7FFE793
:106D9000009820F0FF000199C9680843009000980E
:106DA00020F440700199896808430090009820F40D
:106DB00080600199496808430090009820F40060C1
:106DC0000199096808430090009820F480500199C7
:106DD000096908430090009820F40050019949691E
:106DE00008430090009820F480400199C969084345
:106DF00000900098029909684864FFE70299002012
:106E000081F83C00FFE700208DF80F00FFE79DF8B8
:106E10000F0004B07047000085B003900291FFE7B7
:106E2000039890F83C00012804D1FFE702208DF878
:106E300013007EE00399012081F83C00FFE7FFE7A3
:106E40000399022081F83D00039800684068019092
:106E50000398006880680090019820F0700001900D
:106E60000298016801980843019001980399096804
:106E70004860039800680021C4F2010188423CD0B8
:106E8000FFE703980068B0F1804F36D0FFE7039822
:106E9000006840F20041C4F2000188422DD0FFE7B3
:106EA0000398006840F60001C4F20001884224D033
:106EB000FFE70398006840F60041C4F200018842F1
:106EC0001BD0FFE70398006840F20041C4F20101C3
:106ED000884212D0FFE70398006844F20001C4F230
:106EE0000101884209D0FFE70398006841F60001DC
:106EF000C4F2000188420ED1FFE7009820F0800024
:106F00000090029841680098084300900098039907
:106F100009688860FFE70399012081F83D00FFE7D9
:106F20000399002081F83C00FFE700208DF8130052
:106F3000FFE79DF8130005B07047000080B582B0F0
:106F40000090009820B9FFE701208DF807003FE08E
:106F5000009890F83D0040B9FFE70099002081F8C3
:106F60003C00009800F038F8FFE70099022081F813
:106F70003D00009951F8040B08F064F800990120D5
:106F800081F84600FFE70099012081F83E00009952
:106F900081F83F00009981F84000009981F8410094
:106FA000FFE7FFE70099012081F84200009981F88E
:106FB0004300009981F84400009981F84500FFE7FB
:106FC0000099012081F83D0000208DF80700FFE7BF
:106FD0009DF8070002B080BD80B58CB00B900B9877
:106FE00000680021C4F2010188421BD1FFE7FFE7DE
:106FF00000200A9043F64400C4F20200016841F008
:1070000001010160006800F001000A900A98FFE7A2
:107010001920059005210022FDF7B8F90598FDF724
:10702000ABF9B7E00B98006840F20041C4F20001F0
:1070300088421BD1FFE7FFE70020099043F640009C
:10704000C4F20200016841F002010160006800F032
:10705000020009900998FFE71D20049005210022F5
:10706000FDF794F90498FDF787F992E00B98006812
:1070700040F60001C4F2000188423FD1FFE7FFE77C
:107080000020089043F64000C4F20200016841F07D
:1070900004010160006800F0040008900898FFE710
:1070A00043F69070C2F20000039046F2B801C4F2B9
:1070B000020101604FF08061416000218160C16088
:1070C0004FF4806202614FF4006242614FF400525B
:1070D0008261C16101624162FCF702FD18B1FFE704
:1070E000FAF734FDFFE7FFE70B9843F69071C2F221
:1070F0000001C1620B988863FFE749E00B980068C4
:1071000041F20041C4F2000188421BD1FFE7FFE7D2
:107110000020079043F64000C4F20200016841F0ED
:1071200020010160006800F0200007900798FFE749
:107130003720029005210022FDF728F90298FDF77B
:107140001BF924E00B98006844F20041C4F20101ED
:1071500088421BD1FFE7FFE70020069043F644007A
:10716000C4F20200016841F400310160006800F4DB
:10717000003006900698FFE71920019005210022B3
:10718000FDF704F90198FDF7F7F8FFE7FFE7FFE7E0
:10719000FFE7FFE70CB080BD83B00190019890F845
:1071A0003D00012804D0FFE701208DF80B006AE0C4
:1071B0000199022081F83D0001980168C86840F0FB
:1071C0000100C860019800680021C4F201018842F2
:1071D0003CD0FFE701980068B0F1804F36D0FFE760
:1071E0000198006840F20041C4F2000188422DD0AD
:1071F000FFE70198006840F60001C4F200018842F0
:1072000024D0FFE70198006840F60041C4F2000175
:1072100088421BD0FFE70198006840F20041C4F2A9
:107220000101884212D0FFE70198006844F2000192
:10723000C4F20101884209D0FFE70198006841F6D5
:107240000001C4F20001884212D1FFE701980068F2
:10725000806800F0070000900098062807D0FFE73C
:1072600001980168086840F001000860FFE706E047
:1072700001980168086840F001000860FFE70020FD
:107280008DF80B00FFE79DF80B0003B0704700007E
:1072900080B586B00490039100208DF80B00FFE7C5
:1072A000049890F83C00012804D1FFE702208DF8F3
:1072B0001700ABE00499012081F83C00FFE7FFE7ED
:1072C0000499022081F83D000498006880680190CC
:1072D000019820F077000190019820F47F40019000
:1072E0000198049909688860039800680090002854
:1072F00072D0FFE7009810286ED0FFE70098202892
:107300006AD0FFE70098302866D0FFE70098402851
:1073100055D0FFE70098502837D0FFE70098602845
:1073200040D0FFE7009870280BD0FFE70098B0F539
:10733000805F05D0FFE70098B0F5005F16D052E0FF
:1073400055E004980068039B5A689968DB6807F069
:1073500063FF0498006880680190019840F077000E
:107360000190019804990968886040E004980068D9
:10737000039B5A689968DB6807F04EFF0498016820
:10738000886840F48040886031E004980068039A7F
:107390005168D26808F02CF904980068502107F071
:1073A00055FF24E004980068039A5168D26808F0F9
:1073B00047F904980068602107F048FF17E0049837
:1073C0000068039A5168D26808F012F904980068BE
:1073D000402107F03BFF0AE0049800680399096820
:1073E00007F034FF03E001208DF80B00FFE704995C
:1073F000012081F83D00FFE70499002081F83C005E
:10740000FFE79DF80B008DF81700FFE79DF81700C8
:1074100006B080BD81B0009001B0704780B582B0E9
:10742000019001980068006900F002010020B0EBB3
:10743000510F28D0FFE701980068C06800F00201F2
:107440000020B0EB510F1DD0FFE7019801686FF0ED
:10745000020008610199012008770198006880699D
:10746000800720B1FFE70198FFF7D4FF06E00198FD
:1074700000F0A2F9019800F097FAFFE701990020C7
:107480000877FFE7FFE701980068006900F0040152
:107490000020B0EB910F29D0FFE701980068C06889
:1074A00000F004010020B0EB910F1ED0FFE701981F
:1074B00001686FF0040008610199022008770198C3
:1074C0000068806910F4407F04D0FFE70198FFF75F
:1074D000A1FF06E0019800F06FF9019800F064FA4E
:1074E000FFE7019900200877FFE7FFE701980068B0
:1074F000006900F008010020B0EBD10F28D0FFE7B1
:1075000001980068C06800F008010020B0EBD10FBE
:107510001DD0FFE7019801686FF00800086101992C
:107520000420087701980068C069800720B1FFE750
:107530000198FFF76FFF06E0019800F03DF9019810
:1075400000F032FAFFE7019900200877FFE7FFE734
:1075500001980068006900F010010020B0EB111FD5
:1075600029D0FFE701980068C06800F010010020F2
:10757000B0EB111F1ED0FFE7019801686FF01000FB
:10758000086101990820087701980068C06910F423
:10759000407F04D0FFE70198FFF73CFF06E0019829
:1075A00000F00AF9019800F0FFF9FFE701990020C7
:1075B0000877FFE7FFE7019800680069C00780B11E
:1075C000FFE701980068C068C00748B1FFE701986D
:1075D00001686FF001000861019800F0CFFAFFE741
:1075E000FFE7019800680069C1B20020B0EBD11F2D
:1075F00013D0FFE701980068C068C1B20020B0EB6B
:10760000D11F09D0FFE7019801686FF08000086181
:107610000198FFF79FFBFFE7FFE70198006800690B
:1076200000F040010020B0EB911F14D0FFE701985B
:107630000068C06800F040010020B0EB911F09D045
:10764000FFE7019801686FF040000861019800F0C1
:10765000A3FAFFE7FFE701980068006900F0200146
:107660000020B0EB511F14D0FFE701980068C068FC
:1076700000F020010020B0EB511F09D0FFE7019876
:1076800001686FF0200008610198FFF767FBFFE7D2
:10769000FFE702B080BD000080B58AB009900020ED
:1076A00008900790069005900490099800680021C2
:1076B000C4F20101884223D1FFE7FFE700200390D5
:1076C00043F63000C4F20200016841F0100101608D
:1076D000006800F0100003900398FFE74FF420606B
:1076E0000490022005900020069007900120089049
:1076F00041F20000C4F2020004A9FCF777FB58E055
:107700000998006840F60001C4F20001884223D1C4
:10771000FFE7FFE70020029043F63000C4F20200CA
:10772000016841F008010160006800F00800029063
:107730000298FFE74FF48040049002200590012159
:10774000069103210791089040F60040C4F2020020
:1077500004A9FCF74BFB2BE00998006844F20041B8
:10776000C4F20101884222D1FFE7FFE70020019027
:1077700043F63000C4F20200016841F020010160CC
:10778000006800F0200001900198FFE7402004907D
:10779000022005900121069107900320089041F2F4
:1077A0000040C4F2020004A9FCF720FBFFE7FFE75A
:1077B000FFE70AB080BD000081B0009001B07047C3
:1077C00080B586B004900391029200208DF80700E6
:1077D000FFE7049890F83C00012804D1FFE702205D
:1077E0008DF8170089E00499012081F83C00FFE73B
:1077F000FFE7029800900C2800F270800099DFE803
:1078000001F0076D6D6D206D6D6D3A6D6D6D5300FE
:1078100004980068039907F02FFD049801688869AF
:1078200040F00800886104980168886920F004002D
:107830008861039802690498016888691043886127
:1078400050E004980068039907F08CFD04980168E3
:10785000886940F40060886104980168886920F4B0
:10786000806088610398026904980168886940EA29
:107870000220886136E004980068039907F0ECFD67
:1078800004980168C86940F00800C861049801685C
:10789000C86920F00400C86103980269049801686F
:1078A000C8691043C8611DE004980068039907F097
:1078B0004DFE04980168C86940F40060C8610498EE
:1078C0000168C86920F48060C8610398026904985F
:1078D0000168C86940EA0220C86103E001208DF810
:1078E0000700FFE7FFE70499002081F83C00FFE76D
:1078F0009DF807008DF81700FFE79DF8170006B008
:1079000080BD000080B582B00090009820B9FFE7EC
:1079100001208DF807003FE0009890F83D0040B945
:10792000FFE70099002081F83C00009800F038F84B
:10793000FFE70099022081F83D00009951F8040BFF
:1079400007F080FB0099012081F84600FFE70099CD
:10795000012081F83E00009981F83F00009981F8EC
:107960004000009981F84100FFE7FFE700990120FE
:1079700081F84200009981F84300009981F84400A1
:10798000009981F84500FFE70099012081F83D004A
:1079900000208DF80700FFE79DF8070002B080BDCA
:1079A00081B0009001B0704781B0009001B0704785
:1079B00080B58CB00A900991099828B9FFE70A9818
:1079C00090F83E0007901CE00998042805D1FFE7D5
:1079D0000A9890F83F00069010E00998082805D111
:1079E000FFE70A9890F84000059004E00A9890F8A4
:1079F00041000590FFE705980690FFE7069807907D
:107A0000FFE70798012804D0FFE701208DF82F0039
:107A1000AFE0099828B9FFE70A99022081F83E00F3
:107A20001EE00998042806D1FFE70A99022081F890
:107A30003F00049012E00998082806D1FFE70A9950
:107A4000022081F84000039005E00A99022081F8A5
:107A500041000390FFE703980490FFE70498FFE7D5
:107A60000A98006809990122019207F0B9FB019870
:107A70000A9909680022C4F20102914202900CD0D6
:107A8000FFE70A9800684FF60041CBF6FE71084404
:107A9000B0FA80F040090290FFE70298C00738B1C1
:107AA000FFE70A980168486C40F400404864FFE72B
:107AB0000A9800680021C4F2010188423CD0FFE727
:107AC0000A980068B0F1804F36D0FFE70A98006846
:107AD00040F20041C4F2000188422DD0FFE70A982D
:107AE000006840F60001C4F20001884224D0FFE79C
:107AF0000A98006840F60041C4F2000188421BD099
:107B0000FFE70A98006840F20041C4F20101884290
:107B100012D0FFE70A98006844F20001C4F20101A4
:107B2000884209D0FFE70A98006841F60001C4F2D4
:107B30000001884212D1FFE70A980068806800F0CF
:107B4000070008900898062807D0FFE70A98016800
:107B5000086840F001000860FFE706E00A98016845
:107B6000086840F001000860FFE700208DF82F0052
:107B7000FFE79DF82F000CB080BD000080B582B0FB
:107B8000019001980068B0F1804F03D1FFE7FCF746
:107B900027FBFFE702B080BD81B0009001B07047C5
:107BA00082B00190ADF8021002B0704780B584B089
:107BB000039000200290039800684069C0B2C00999
:107BC0000290039890F83D00212823D1FFE7029806
:107BD00000B3FFE7FFE7FFE70398006850E8050FF1
:107BE00020F080000190FFE701990398026842E8C5
:107BF00005100028F0D1FFE7FFE70398406B28B19C
:107C0000FFE70398406BFBF7E9FCFFE7039807F0F9
:107C1000C7FEFFE7039800684069C0F38010029038
:107C2000039890F83E00222823D1FFE7029800B382
:107C3000FFE7FFE7FFE70398006850E8050F20F033
:107C400040000090FFE700990398026842E80510A1
:107C50000028F0D1FFE7FFE70398806B28B1FFE72A
:107C60000398806BFBF7BAFCFFE7039807F03AFE36
:107C7000FFE7002004B080BD81B0009001B07047E4
:107C800080B592B01190119800680068109011981A
:107C90000068C0680F901198006840690E9000203D
:107CA0000D900C90109800F00F000D900D9888B971
:107CB000FFE79DF84000800600280AD5FFE79DF801
:107CC0003C008006002804D5FFE7119807F084FEE9
:107CD000E3E1FFE70D98002800F0C280FFE79DF880
:107CE0003800C00738B9FFE7BDF83C0010F4907FBA
:107CF00000F0B680FFE79DF84000C00758B1FFE7ED
:107D00009DF83D00C00730B1FFE71199086C40F0C5
:107D100001000864FFE79DF84000400700280BD5EC
:107D2000FFE79DF83800C00730B1FFE71199086CF4
:107D300040F002000864FFE79DF84000800700283B
:107D40000BD5FFE79DF83800C00730B1FFE7119968
:107D5000086C40F004000864FFE79DF8400000074D
:107D6000002811D5FFE79DF83C008006002805D4C7
:107D7000FFE79DF83800C00730B1FFE71199086CA4
:107D800040F008000864FFE71198006C002866D0F6
:107D9000FFE79DF84000800600280AD5FFE79DF820
:107DA0003C008006002804D5FFE7119807F014FE78
:107DB000FFE7119800684069C0F380100C9011989B
:107DC000006C0007002804D4FFE70C9800283ED080
:107DD000FFE7119807F086FD11980068406940069A
:107DE00000282FD5FFE7FFE7FFE71198006850E86C
:107DF000050F20F040000B90FFE70B9911980268E7
:107E000042E805100028F0D1FFE7FFE71198806BEA
:107E100098B1FFE71198816B4FF29560C0F60000B2
:107E200008651198806BFBF74FFC28B1FFE71198AC
:107E3000806B016D8847FFE703E01198FFF71CFF97
:107E4000FFE703E01198FFF717FFFFE706E011983F
:107E5000FFF712FF119900200864FFE7FFE71CE11C
:107E60001198006B012840F0F880FFE79DF8400072
:107E7000C006002840F1F180FFE79DF83C00C006F5
:107E8000002840F1EA80FFE7FFE700200A90119800
:107E9000006800680A901198006840680A900A9883
:107EA000FFE7119800684069400600287ED5FFE78B
:107EB0001198806B00684068ADF82600BDF8260078
:107EC000002872D0FFE7BDF826001199898D8842FD
:107ED0006BDAFFE7BDF826001199C8851198806B11
:107EE000C069B0F5807F58D0FFE7FFE7FFE7119842
:107EF000006850E8030F20F480700890FFE70899AD
:107F00001198026842E803100028F0D1FFE7FFE76C
:107F1000FFE7FFE71198006850E8050F20F0010027
:107F20000790FFE707991198026842E805100028BA
:107F3000F0D1FFE7FFE7FFE7FFE71198006850E89F
:107F4000050F20F040000690FFE70699119802689F
:107F500042E805100028F0D1FFE7FFE71199202043
:107F600081F83E00119900200863FFE7FFE71198B0
:107F7000006850E8030F20F010000590FFE7059916
:107F80001198026842E803100028F0D1FFE7FFE7EC
:107F90001198806BFBF722FBFFE71198818DC28D52
:107FA000891A89B2FFF7FCFDFFE776E01199888D09
:107FB000C98D401AADF812001198C08D00284BD021
:107FC000FFE7BDF81200002846D0FFE7FFE7FFE714
:107FD0001198006850E8030F20F490700390FFE7B9
:107FE00003991198026842E803100028F0D1FFE7D6
:107FF000FFE7FFE7FFE71198006850E8050F20F062
:1080000001000290FFE702991198026842E805100A
:108010000028F0D1FFE7FFE71199202081F83E000A
:10802000119900200863FFE7FFE71198006850E806
:10803000030F20F010000190FFE7019911980268EA
:1080400042E803100028F0D1FFE7FFE71198BDF8E0
:108050001210FFF7A5FDFFE71FE09DF840000006A6
:1080600000280AD5FFE79DF83C000006002804D54B
:10807000FFE7119807F08CFE0FE09DF840004006E6
:1080800000280AD5FFE79DF83C004006002804D5EB
:10809000FFE7119807F070FCFFE712B080BD000009
:1080A00080B582B00090009820B9FFE701208DF8DC
:1080B00007003EE00098806908B1FFE700E0FFE7B5
:1080C000009890F83D0040B9FFE70099002081F842
:1080D0003C00009800F032F8FFE70099242081F876
:1080E0003D0000980168C86820F40050C8600098FE
:1080F00007F024FD00980168086920F490400861A9
:1081000000980168486920F02A00486100980168D9
:10811000C86840F40050C860009900200864009AC4
:10812000202182F83D10009A82F83E108DF8070059
:10813000FFE79DF8070002B080BD000080B5A2B047
:108140002190002020901F901E901D901C9021983F
:10815000006841F20001C4F20101884240F0BB8096
:10816000FFE7FFE700201B9043F64400C4F2020043
:10817000016841F010010160006800F010001B90E0
:108180001B98FFE7FFE700201A9043F63000C4F287
:108190000200016841F002010160006800F0020085
:1081A0001A901A98FFE7FFE70020199043F6300075
:1081B000C4F20200016841F001010160006800F0B2
:1081C000010019901998FFE780201C9002200D9063
:1081D0001D90002011901E9003200E901F900720EC
:1081E0000F90209040F20040C4F202001CA91091B0
:1081F000FBF7FCFDDDF834C00E9A0F981099119B27
:108200004FF4007ECDF870E0CDF874C01E931F923D
:1082100020900020C4F20200FBF7E8FD119943F61C
:10822000F070C2F20000129046F28842C4F20202DC
:1082300002604FF0006242608160C1604FF4806272
:10824000026141618161C16101624162FBF748FCE9
:1082500018B1FFE7F9F77AFCFFE7FFE7219843F64B
:10826000F071C2F20001816321988863FFE744F254
:108270005000C2F200000C9046F2B841C4F2020174
:1082800001604FF000614160402181600021C160C8
:108290004FF48062026141618161C16101624162AA
:1082A000FBF71EFC18B1FFE7F9F750FCFFE7FFE70B
:1082B000219844F25001C2F2000141632198886381
:1082C000FFE725200B9005210022FCF75FF80B98B3
:1082D000FCF752F8AAE12198006844F20041C4F288
:1082E0000001884240F09280FFE7FFE700201890ED
:1082F00043F64000C4F20200016841F4003101601D
:10830000006800F4003018901898FFE7FFE700209D
:10831000179043F63000C4F20200016841F00801F2
:108320000160006800F0080017901798FFE76020D0
:108330001C9002201D90002009901E9003201F9089
:108340000720209040F60040C4F202001CA9FBF771
:108350004DFD099944F2B000C2F200000A9046F2C5
:108360008802C4F2020202604FF000624260816043
:10837000C1604FF48062026141618161C16101624B
:108380004162FBF7ADFB18B1FFE7F9F7DFFBFFE751
:10839000FFE7219844F2B001C2F200018163219805
:1083A0008863FFE744F21010C2F20000089046F222
:1083B000A001C4F2020101604FF000614160402160
:1083C00081600021C1604FF480620261416181617E
:1083D000C16101624162FBF783FB18B1FFE7F9F766
:1083E000B5FBFFE7FFE7219844F21011C2F200014C
:1083F000416321988863FFE726200790052100222A
:10840000FBF7C4FF0798FBF7B7FF0EE12198006860
:1084100044F60001C4F20001884268D1FFE7FFE79B
:108420000020169043F64000C4F20200016841F4B7
:1084300080210160006800F4802016901698FFE704
:10844000FFE70020159043F63000C4F202000168F7
:1084500041F004010160006800F0040015901598D7
:10846000FFE74FF440601C9002201D900020059013
:108470001E9003201F900720209040F60000C4F2B9
:1084800002001CA9FBF7B2FC059944F27010C2F27D
:108490000000069046F22802C4F2020202604FF089
:1084A000006242608160C1604FF48062026141619C
:1084B0008161C16101624162FBF712FB18B1FFE704
:1084C000F9F744FBFFE7FFE7219844F27011C2F28D
:1084D0000001816321988863FFE72720049005212C
:1084E0000022FBF753FF0498FBF746FF9CE021981E
:1084F000006841F20041C4F20101884240F09380DB
:10850000FFE7FFE70020149043F64400C4F20200A6
:10851000016841F020010160006800F02000149023
:108520001498FFE7FFE70020139043F63000C4F2F1
:108530000200016841F040010160006800F0400065
:1085400013901398FFE74FF484401C9002201D9075
:10855000002002901E9003201F900820209041F6DA
:108560000000C4F202001CA9FBF740FC029944F28F
:10857000D010C2F20000039046F22842C4F2020278
:1085800002604FF0206242608160C1604FF48062FF
:10859000026141618161C16101624162FBF7A0FA40
:1085A00018B1FFE7F9F7D2FAFFE7FFE7219844F2A5
:1085B000D011C2F20001816321988863FFE744F281
:1085C0003020C2F20000019046F2A041C4F2020144
:1085D00001604FF020614160402181600021C16055
:1085E0004FF48062026141618161C1610162416257
:1085F000FBF776FA18B1FFE7F9F7A8FAFFE7FFE70C
:10860000219844F23021C2F200014163219888632D
:10861000FFE74720009005210022FBF7B7FE0098F6
:10862000FBF7AAFEFFE7FFE7FFE7FFE722B080BD09
:1086300080B584B002900191ADF80220029890F8C4
:108640003E00202828D1FFE7019820B1FFE7BDF8C0
:10865000020020B9FFE701208DF80F0020E0FFE7BE
:10866000029890F83C00012804D1FFE702208DF821
:108670000F0015E00299012081F83C00FFE7FFE7B9
:1086800002990020086302980199BDF8022007F0C2
:10869000F3FA8DF80F0003E002208DF80F00FFE7DA
:1086A0009DF80F0004B080BD81B0009001B070470C
:1086B00081B0009001B0704780B586B004900391FE
:1086C000ADF80A20049890F83D00202874D1FFE707
:1086D000039820B1FFE7BDF80A0020B9FFE70120A9
:1086E0008DF817006CE0FFE7049890F83C00012833
:1086F00004D1FFE702208DF8170061E00499012002
:1087000081F83C00FFE7FFE7039804990862BDF891
:108710000A0004998884BDF80A000499C884049961
:1087200000200864049A212182F83D1004994A6BC4
:108730004FF65101C0F60001D16304994A6B4FF620
:10874000CD01C0F60001116404994A6B4FF2B56186
:10875000C0F60001D1640499496B086503A8019033
:1087600004980268406B019909680432BDF80A3028
:10877000FBF76EFA049801686FF040000860FFE7AD
:108780000499002081F83C00FFE7FFE7FFE7049829
:10879000006850E8050F40F080000090FFE7009966
:1087A0000498026842E805100028F0D1FFE7FFE7CF
:1087B00000208DF8170003E002208DF81700FFE776
:1087C0009DF8170006B080BD81B0009001B07047E1
:1087D00081B0009001B0704780B584B003900399D8
:1087E000002001900874039BD3F8F400596844F604
:1087F0001052C2F20002009212889B7B5A43F7F794
:1088000010FE0099039A50680988927B5143F7F74C
:1088100064FE0099039AD2F818010988927B5143AB
:108820005143F7F75AFE0099039AD2F80C010988D0
:10883000137B927B59435143F7F74FFE01988DF814
:108840000B00FFE79DF80B000399897B884243DA10
:10885000FFE70398D0F8F4009DF80B1000EB8100BF
:1088600090ED000AB5EE400AF1EE10FA2DD0FFE7C8
:10887000039AD2F8F4109DF80B0051F82000127CF6
:1088800041F822009DF80B00039A516A127C88542B
:10889000DDF80CC0DCF818009DF80BE050F82E0055
:1088A000DCF80C119CF80C209CF81030DCF814C09B
:1088B0001CF80EC012FB03C201EB820141F8040C4C
:1088C0000399087C01300874FFE7FFE79DF80B006F
:1088D00001308DF80B00B5E700208DF80A00FFE7A6
:1088E0009DF80A000399097C884216DAFFE7039B8A
:1088F000D869596A9DF80A20895C50F82100D3F89C
:1089000018111B7C12FB032241F82200FFE79DF89F
:108910000A0001308DF80A00E2E70399087CA1F80B
:1089200078000399087BA1F87A000399087BA1F8E5
:1089300080000399087CA1F882000399087CA1F8C3
:1089400090000399087CA1F892000399087BA1F894
:1089500098000399087CA1F89A000399087CA1F873
:10896000480004B080BD0000FFE7FEE780B58AB094
:1089700004A902910146029809910999D1F8EC10D5
:10898000096808910999D1F8EC104968079109998B
:10899000D1F8EC10896806910999D1F8EC10C968F2
:1089A000059190ED040A90ED042A90ED031A90EDE4
:1089B000033A21EE031A20EE020A30EE011A90ED7E
:1089C000020A90ED022A20EE020A30EE011A90ED22
:1089D000010A90ED012A20EE020A30EE010A0DF0A4
:1089E000C9FC029880ED000A00208DF80F00FFE717
:1089F0009DF80F00032817DCFFE7029890ED001A9E
:108A00000998D0F8EC009DF80F1000EB810090ED74
:108A1000000A20EE010A80ED000AFFE79DF80F0032
:108A200001308DF80F00E3E7029991ED030A41F65A
:108A30006050C2F20000009090ED6F1A20EE010A23
:108A4000B0EE001A8DED011A80EE010A099AD2F8F3
:108A5000002182ED040A91ED020A90ED6F2A20EECA
:108A6000020A80EE010A099AD2F8002182ED050A75
:108A700091ED040A90ED6F2A20EE420A80EE010A81
:108A8000099AD2F8002182ED0A0A91ED010A90EDCF
:108A90006F2A20EE020A80EE010A099AD2F800211C
:108AA00082ED0B0A91ED010A90ED6F2A20EE420A49
:108AB00080EE010A099AD2F8002182ED100A91EDA8
:108AC000040A90ED6F2A20EE420A80EE010A099A0C
:108AD000D2F8002182ED110A91ED020A90ED6F2A81
:108AE00020EE020A80EE010A099AD2F8002182EDF6
:108AF000160A91ED030A90ED6F2A20EE420A80EEED
:108B0000010A0999D1F8001181ED170A90ED741A44
:108B10000999D1F8F81091ED1C0A80EE010A81ED57
:108B20001C0A90ED741A0998D0F8F80090ED230A09
:108B300080EE010A80ED230A0998D0F8F80090ED44
:108B40001C0A9FED151AB4EE410AF1EE10FA09DD88
:108B5000FFE70998D0F8F81044F20000C4F21C6056
:108B60000867FFE70998D0F8F80090ED230A9FED19
:108B70000A1AB4EE410AF1EE10FA0ADDFFE709988D
:108B8000D0F8F81044F20000C4F21C60C1F88C0068
:108B9000FFE70AB080BD00BF00401C4680B58CB026
:108BA0008DED0B0ACDED0A0A8DED091ACDED081AEF
:108BB0008DED072ACDED062A41F66051C2F2000183
:108BC0000591012008700B98C1F8B0010A98C1F80E
:108BD000B4010998C1F8B8014CF67740C3F22B20D4
:108BE000C1F8CC01002081F83801C1F84401C1F876
:108BF0004001C1F84C01C1F848010798C1F8BC0117
:108C00009DED080AB7EE001AB4EE410AF1EE10FA33
:108C100004DDFFE74FF07E500890FFE7089941F62A
:108C20006050C2F200000390C0F8D0110430062159
:108C300000220192032301F055F8039901F5E07039
:108C400001F5E4730122029211460CF083F8019AB7
:108C500002990398D0F8ECC04FF07E53CCF8003066
:108C6000D0F8EC305A60D0F8EC309A60D0F8EC30A4
:108C7000DA6048F6D942C0F60002C0F8D02048F6C3
:108C80006D12C0F60002C0F8D42048F62152C0F69A
:108C90000002C0F8D82049F29D32C0F60002C0F8A8
:108CA000DC2080F82E1080F82F10D0F804014AF64E
:108CB0004831C0F6010190220492F7F7B2FB039805
:108CC000049AD0F8FC0040F22C01C2F20001F7F740
:108CD000A8FB0CB080BD000080B582B00190019867
:108CE000D0F8F81040F22C00C2F200009022F7F702
:108CF00098FB0198D0F81C1141F60450C2F2000014
:108D000048220092F7F78DFB009A0198D0F80C11D9
:108D100041F6BC40C2F20000F7F783FB02B080BD11
:108D200080B586B005900598D0F8EC0090ED000A6B
:108D300030EE000A8DED040A0598D0F8EC0090EDB5
:108D4000010A30EE000A8DED030A0598D0F8EC0018
:108D500090ED020A30EE000A8DED020A0598D0F877
:108D6000EC0090ED030A30EE000A8DED010A059B40
:108D7000D3F80C0144F61051C2F2000109881A7BA5
:108D80009B7B59435143F7F7A8FB9DED020AB1EED7
:108D9000400A0598D0F80C0180ED000A0198059969
:108DA000D1F80C1148609DED040AB1EE400A059817
:108DB000D0F80C0180ED020A03980599D1F80C1146
:108DC000C86003980599D1F80C1188610498059939
:108DD000D1F80C11C86101980599D1F80C110862FD
:108DE00002980599D1F80C11486204980599D1F8B8
:108DF0000C1108639DED030AB1EE400A0598D0F806
:108E00000C0180ED0D0A9DED020AB1EE400A0598B5
:108E1000D0F80C0180ED0E0A01980599D1F80C11DB
:108E2000C86306B080BD000080B590B08DED0F0A1C
:108E3000CDED0E0A8DED0D1ACDED0C1A8DED0B2A30
:108E4000CDED0A2A9DED0F0A41F66050C2F20000F6
:108E5000059090ED581A30EE410A80ED5B0A9DEDC9
:108E60000E0A90ED591A30EE410A80ED5C0A9DED34
:108E70000D0A90ED5A1A30EE410A80ED5D0A90ED30
:108E80005B0A90ED6F1AB6EE002A20EE020A20EE81
:108E9000010A8DED090A90ED5C0A90ED6F1A20EE43
:108EA000020A20EE010A8DED080A90ED5D0A90EDB0
:108EB0006F1A20EE020A20EE010A8DED070AD0F8A3
:108EC00004014AF64831C0F601019022F7F7A9FAE9
:108ED00005999DED090AB1EE400AD1F8040180ED33
:108EE000010A9DED080AB1EE400AD1F8040180EDB7
:108EF000020A9DED070AB1EE400AD1F8040180EDA7
:108F0000030A0998D1F8042190610798D1F8042147
:108F100010629DED080AB1EE400AD1F8040180ED1F
:108F2000090A0898D1F8042110639DED070AB1EEF3
:108F3000400AD1F8040180ED0D0A0998D1F8042106
:108F4000D0630798D1F8042190640898D1F80421DF
:108F5000D0649DED090AB1EE400AD1F8040180ED1C
:108F6000140AD1F84801D1F84C110843C8B9FFE7F9
:108F70000C9841F66051C2F20001C1F878010B98DB
:108F8000C1F87C010A98C1F88001D1F84821D1F8D4
:108F90004C01013240F10000C1F84821C1F84C01F8
:108FA000FFE741F66050C2F20000049090ED5E0AC7
:108FB00090ED641A90ED6F3A20EE010A33EE012A2B
:108FC00080EE020A9DED0C1A21EE031A81EE021AC0
:108FD00030EE010A80ED5E0A90ED5F0A90ED641AB2
:108FE00090ED6F3A20EE010A33EE012A80EE020A7C
:108FF0009DED0B1A21EE031A81EE021A30EE010AE2
:1090000080ED5F0A90ED600A90ED641A90ED6F3A82
:1090100020EE010A33EE012A80EE020A9DED0A1AC3
:1090200021EE031A81EE021A30EE010A80ED600A89
:1090300090ED5E1A90ED5F2A90ED600A22EE022A12
:1090400021EE011A31EE021A20EE000A30EE010A7A
:1090500005F064FD049880ED660A90ED661AB7EE9F
:10906000000A80EE010A8DED060A90ED5E0A9DED84
:10907000061A20EE010A816881ED000A90ED5F0A70
:109080009DED061A20EE010A816881ED010A90ED3E
:10909000600A9DED061A20EE010A816881ED020A40
:1090A00090ED5B1A90ED5C2A90ED5D0A22EE022AAB
:1090B00021EE011A31EE021A20EE000A30EE010A0A
:1090C00005F02CFD049880ED650A90ED650A9FED92
:1090D000AC1AB4EE410AF1EE10FA24DAFFE741F6D9
:1090E0006050C2F2000090ED660A9FEDA61AB4EE41
:1090F000410AF1EE10FA16DDFFE741F66050C2F2C8
:10910000000090ED660A9FEDA01AB4EE410AF1EE60
:1091100010FA08DAFFE741F66051C2F200010120BF
:1091200081F8390107E041F66051C2F200010020E8
:1091300081F83901FFE741F66051C2F20001039165
:1091400091ED6C0A91ED6F1A20EE010A081DD1F81D
:10915000182182ED000A91ED6C0A91ED6F1A20EE54
:10916000010AD1F8182182ED070A91ED6C0A91ED00
:109170006F1A20EE010AD1F8182182ED0E0A91ED46
:109180006C0A91ED6F1A20EE010AD1F8182182EDD8
:10919000150A91ED6D0A91ED6F1A20EE010AD1F8D2
:1091A000182182ED1C0A91ED6D0A91ED6F1A20EEE7
:1091B000010AD1F8182182ED230AD1F81C31D1F827
:1091C000B8211A60D1F81C31D1F8B8211A61D1F850
:1091D0001C21D1F8B811116201F0DAF90398416845
:1091E0000968C0F8501141684968C0F854114168D5
:1091F0008968C0F858114168C968C0F85C1190EDE1
:10920000540A90ED551A90ED562A90ED573A22EEF9
:10921000033A20EE010A30EE030A21EE013AB6EEDF
:10922000001A8DED011A31EE431A22EE022A71EE78
:10923000420A00F5D0700BF03BFA039890ED680AF3
:109240009FED521A8DED021A20EE010A80ED680A98
:1092500090ED540A90ED551A90ED563A90ED572A3C
:1092600020EE030A21EE021A30EE410A30EE000A27
:109270000FF024FF9DED011A9DED022A039820EEC8
:10928000020A80ED690A90ED544A90ED550A90ED7E
:10929000563A90ED572A24EE024A20EE030A30EEA9
:1092A000040A23EE033A31EE431A22EE022A71EE4B
:1092B000420A00F5D4700BF0FBF99DED021A0398F9
:1092C00090ED6A0A20EE010A80ED6A0A4168096998
:1092D000C0F8601141684969C0F864110021C0F804
:1092E000681190ED6A0A90ED761A30EE410A9FED12
:1092F000281AB4EE410AF1EE10FA0ADDFFE741F652
:109300006051C2F20001B1F8D4010138A1F8D401D2
:109310001CE041F66050C2F2000090ED6A0A90ED48
:10932000761A30EE410A9FED1B1AB4EE410AF1EEB7
:1093300010FA0ADAFFE741F66051C2F20001B1F813
:10934000D4010130A1F8D401FFE7FFE741F66051F5
:10935000C2F20001B1F9D40100EE100AB8EEC00A61
:1093600091ED6A1A9FED0C2A20EE020A30EE010AF6
:1093700081ED6B0AD1F8A801C1F8D80110B080BD09
:109380009A99993ECDCC1441CDCC2441E12E654231
:1093900000003443000034C30000B44380B58CB0F7
:1093A00007A904910B900B9901F1780080310CF022
:1093B000D9F80B9981F8C8000B99B1F87800A1F899
:1093C000A8000B99B1F85A00A1F8AA000B9A02F173
:1093D000780002F15801A8320BF0CCFF0B9981F80C
:1093E000C8000B99B1F8A800A1F8B0000B99B1F82A
:1093F0008200A1F8B2000B9A02F1A80002F18001EC
:10940000B0320BF0B7FF0B9981F8C8000B99B1F897
:109410009000A1F8A0000B99B1F89200A1F8A20069
:109420000B9A02F1B00002F19001A0320BF03CFC6B
:109430000B9981F8C8000B9901F1A000B0310BF035
:109440009DFC014604980B9A82F8C8100B99D1F83C
:10945000EC1009680A910B99D1F8EC104968099150
:109460000B99D1F8EC10896808910B99D1F8EC10A0
:10947000C96807910B9AB2F87810A2F8B8100B9A45
:109480000121A2F8BA1090ED020A90ED002A90EDA9
:10949000031A90ED013A21EE031A20EE020A30EE93
:1094A000410A30EE000A0B99D1F82C1181ED000A27
:1094B00090ED030A90ED022A90ED011A90ED003A2A
:1094C00021EE031A20EE020A30EE010A30EE000A05
:1094D0000B99D1F82C1181ED010A90ED030A90ED62
:1094E000032A90ED021A90ED023A21EE031A20EEC3
:1094F000020A30EE410A90ED011A90ED012A21EEA8
:10950000021A30EE411A90ED000A90ED002A20EE8A
:10951000020A30EE010A0B98D0F82C0180ED020A05
:1095200000208DF81B00FFE79DF81B0002281EDCC1
:10953000FFE70B98D0F82C019DF81B1000EB810081
:1095400090ED000AB0EEC00A0BF02AFB9DF81B104C
:1095500041F66050C2F2000000EB810080ED610A2C
:10956000FFE79DF81B0001308DF81B00DCE70B992D
:10957000B1F84800A1F8C0000B9901200290A1F8B1
:10958000C2000B9A02F1480002F1B801C0320BF0A0
:1095900093FF014602980B9A82F8C8100B9AB2F812
:1095A000C010A2F8A8100B99A1F8AA000B9A02F11A
:1095B000B00002F1C001A8320BF0DCFE01460298B7
:1095C0000B9A82F8C8100B99A1F8B8000B99B1F862
:1095D000C000A1F8BA000B9901F1C000B8310BF03E
:1095E000C1FF0B9981F8C8000B9901F1B800A831AF
:1095F00041F66052C2F20002039202F5E0720BF0F3
:10960000B9FE014603980B9A82F8C81090ED720AD1
:1096100090ED731AB6EE002A21EE021AB4EE410A5A
:10962000F1EE10FA08DAFFE741F66051C2F20001EC
:10963000012081F83801FFE741F66050C2F20000D6
:1096400090ED720A90ED731AB4EE410AF1EE10FA41
:1096500064DDFFE741F66050C2F2000090F8380187
:1096600000285BD0FFE741F66050C2F2000090F89E
:10967000390180B1FFE741F66051C2F20001D1F833
:109680004021D1F84401013240F10000C1F84021ED
:10969000C1F8440109E041F66051C2F20001002026
:1096A000C1F84401C1F84001FFE741F66050C2F241
:1096B0000000D0F84011D0F84401333970F10000B7
:1096C0000BD3FFE741F66051C2F20001002081F8A0
:1096D00038010B9981F82C001FE00B9BD3F8E800B0
:1096E000D3F8EC1044F61052C2F200020192128834
:1096F0001B7B5A43F6F795FE019A0B9BD3F8F800B3
:10970000D3F8FC1012881B7B5A435A43F6F789FEA4
:109710000B99012081F82C0063E142E041F6605092
:10972000C2F2000090ED720A90ED731A9FEDAE2A1E
:1097300021EE021AB4EE410AF1EE10FA1BDDFFE74A
:1097400041F66050C2F2000090F8380198B1FFE78E
:1097500041F66050C2F2000090ED720A90ED731A6B
:1097600031EE400A9FEDA12A21EE021A80EE010A95
:1097700080ED670A08E041F66051C2F200014FF047
:109780007E50C1F89C01FFE741F66051C2F2000132
:109790000020C1F84401C1F840010B9981F82C0068
:1097A000FFE70B99B1F85800A1F8A8000B99B1F8A0
:1097B0008200A1F8AA000B9A02F1580002F1800180
:1097C000A8320BF0D7FD0B9981F8C8000B9A02F173
:1097D000A80002F1B00198320BF0CCFD0B9981F892
:1097E000C80000208DF81A00FFE79DF81A000B9AB8
:1097F000B2F89810B2F89A20514388421ADAFFE77B
:1098000041F66050C2F2000090ED671A0B98D0F854
:109810001C019DF81A1000EB810090ED000A20EE6B
:10982000010A80ED000AFFE79DF81A0001308DF86B
:109830001A00DAE704208DF81900FFE79DF81900F7
:10984000052835DCFFE700208DF81800FFE79DF8BC
:109850001800022825DCFFE79DF8191041F660503A
:10986000C2F2000000EB810090ED5D0A9FED621AEC
:1098700080EE011A0B98D0F81C0101EB41019DF814
:109880001820114400EB810090ED000A20EE010A3F
:1098900080ED000AFFE79DF8180001308DF81800F0
:1098A000D5E7FFE79DF8190001308DF81900C5E7ED
:1098B0000B99B1F89800A1F8B8000B990120A1F814
:1098C000BA000B9A02F1980002F1C001B8320BF015
:1098D00051FD0B9981F8C80041F66050C2F20000BA
:1098E00090F8380100286BD0FFE704208DF81700AE
:1098F000FFE79DF81700052861DCFFE70B98D0F81B
:10990000BC009DF8171000EB810090ED000A41F6B5
:109910006050C2F2000090ED6F1A9FED352A21EEE3
:10992000021AB4EE410AF1EE10FA14DDFFE741F637
:109930006050C2F2000090ED6F0A9FED2D1A20EEEC
:10994000010A0B98D0F8BC009DF8171000EB8100BD
:1099500080ED000AFFE70B98D0F8BC009DF81710C7
:1099600000EB810090ED000A41F66050C2F2000069
:1099700090ED6F1A9FED1F2A21EE021AB4EE410AF4
:10998000F1EE10FA14DAFFE741F66050C2F200007F
:1099900090ED6F0A9FED171A20EE010A0B98D0F890
:1099A000BC009DF8171000EB810080ED000AFFE776
:1099B000FFE79DF8170001308DF8170099E7FFE7E2
:1099C0000B98D0F8BC100020C8600B9A02F1380048
:1099D00002F1B80130320BF067F90B9981F8C80039
:1099E000FFE70CB080BD00BFCDCCCC3D6666663FC6
:1099F0000AD7233C0AD723BCDA0FC93F80B584B00D
:109A0000039002910298039991ED090ADFED0F0A84
:109A100002F0A4FD029890ED080AB5EE400AF1EEBE
:109A200010FA04DAFFE7029900200862FFE70298C3
:109A300090ED080ABDEEC00A10EE100AADF806005F
:109A4000BDF8060004F094FE04B080BD0000224280
:109A500080B584B0039002910020002840F0B480CB
:109A6000FFE7039A02F10C0002F118012432F7F724
:109A7000C1F8039890F8480002285AD1FFE741F650
:109A80006051C2F20001019146F26660C3F6667051
:109A9000C1F89001039890ED001A90ED030A30EEA2
:109AA000410A80ED030A039890ED011A90ED040A33
:109AB00030EE410A80ED040A039890ED021A90ED11
:109AC000050A30EE410A80ED050A039890ED030A7D
:109AD000D0ED040A90ED051AD0ED061A90ED072A94
:109AE000D0ED082AFFF7A0F9F8F7C2F8039880ED47
:109AF0000E0AF8F7C5F8039880ED0F0AF8F7F6F8A4
:109B0000039880ED100AF8F7F9F8DDF804C003981F
:109B100080ED110A0399DCF85001DCF85421DCF8DF
:109B20005831DCF85CC1C1F834C00B63CA6288628A
:109B300049E0039890F84800012843D1FFE70398D3
:109B400090ED000A90ED031A30EE010A80ED000A54
:109B5000039890ED010A90ED041A30EE010A80EDB1
:109B6000010A039890ED020A90ED051A30EE010A01
:109B700080ED020A0399C86C0130C8640398C06C78
:109B800042F2107188421CD3FFE7039890ED000A5F
:109B90009FED331A80EE010A80ED000A039890EDE4
:109BA000010A80EE010A80ED010A039890ED020A95
:109BB00080EE010A80ED020A0399022081F8480034
:109BC000FFE7FFE7FFE7FFE741F65050C2F2000072
:109BD00000684CF6CD41CCF6CC4148434FEA7000CA
:109BE00049F69911C1F6991188422FD8FFE70398D9
:109BF0000299FFF703FF039890ED090A9FED191AE8
:109C000030EE010AB6EE001A30EE410AB0EEC00A9C
:109C1000B4EE410AF1EE10FA17DAFFE7039890F874
:109C2000480090B9FFE741F65450C2F200000168C5
:109C3000013101600068B0F5967F05D9FFE703990F
:109C4000012081F84800FFE7FFE7FFE741F65051A8
:109C5000C2F2000108680130086004B080BD00BF96
:109C600000401C46000022C283B0029001918DF892
:109C7000032000208DF802008DF80200FFE79DF818
:109C800002009DF80310884229DAFFE70298000FCE
:109C9000092809D8FFE70298000F303001999DF894
:109CA000022001F8120009E00299372000EB117040
:109CB00001999DF8022001F81200FFE702980001C7
:109CC000029001989DF8021000EB410100204870BD
:109CD000FFE79DF8020001308DF80200CFE703B0E6
:109CE0007047000080B58AB009908DF823108DF878
:109CF00022208DF8213044F61051C2F20001069165
:109D00000420088044F60E51C2F2000108200880A9
:109D10009DF82300099908739DF82200099948735A
:109D20009DF82100099988730999002008749DF80D
:109D300021000DF085FC09994861099840699DF85A
:109D40002110F6F7A8FB069800889DF821104843DB
:109D50000DF076FC0699099A906109988069098846
:109D60009DF821205143F6F7B8FB069800889DF82E
:109D7000211048430DF064FC0699099AD0610998B6
:109D8000C06909889DF821205143F6F7A6FB069883
:109D900000889DF8231048430DF052FC0699099A5B
:109DA00010620998006A09889DF823205143F6F74C
:109DB00094FB9DF821000DF043FC09994862099835
:109DC000406A9DF82110F6F766FB069800889DF81A
:109DD000231048430DF034FC0699099A1060099845
:109DE000006809889DF823205143F6F776FB069812
:109DF00000889DF8211048430DF022FC0699099A2D
:109E000050600998406809889DF821205143F6F771
:109E100064FB069800889DF8221048430DF010FC62
:109E20000699099A90600998806809889DF822200F
:109E30005143F6F752FB069800889DF823104843DB
:109E40000DF0FEFB0699099AC2F8E8000998D0F8CF
:109E5000E80009889DF823205143F6F73EFB099A54
:109E600002F13000117BD2F8E830012207920AF0AB
:109E700071FF069800889DF8231048430DF0E0FB21
:109E80000699099AC2F8EC000998D0F8EC00098804
:109E90009DF823205143F6F720FB079A099B03F115
:109EA0003800197BD3F8EC300AF054FF9DF82200FB
:109EB00010B3FFE744F61050C2F20000059000888E
:109EC0009DF8221048430DF0BBFB0599099AC2F892
:109ED000F0000998D0F8F00009889DF8222051433D
:109EE000F6F7FBFA099A02F14000517BD2F8F03004
:109EF00001220AF02FFFFFE744F61050C2F20000E3
:109F0000049000889DF8211048430DF099FB0499B6
:109F1000099AC2F8F4000998D0F8F40009889DF86D
:109F200021205143F6F7D9FA099A02F14800917BB2
:109F3000D2F8F43001220AF00DFF049800889DF851
:109F40002310484348430DF07BFB0499099AC2F85B
:109F5000F8000998D0F8F80009889DF823205143AB
:109F60005143F6F7BAFA099901F150000A7BD1F88A
:109F7000F83011460AF0EEFE049800889DF8231090
:109F8000484348430DF05CFB0499099AC2F8FC0071
:109F90000998D0F8FC0009889DF8232051435143CB
:109FA000F6F79BFA099901F158000A7BD1F8FC30C9
:109FB00011460AF0CFFE049800889DF8231048430C
:109FC00048430DF03DFB01460498099AC2F8001180
:109FD00000889DF82310484348430DF031FB049955
:109FE000099AC2F804010998D0F8000109889DF87F
:109FF000232051435143F6F770FA04990998D0F899
:10A00000040109889DF8232051435143F6F765FA6E
:10A01000099901F160000A7BD1F8003111460AF07C
:10A0200099FE099901F168000A7BD1F804311146C3
:10A030000AF090FE9DF8220040B3FFE744F610506E
:10A04000C2F20000039000889DF8231048439DF859
:10A05000221048430DF0F4FA0399099AC2F8080156
:10A060000998D0F8080109889DF8232051439DF8EC
:10A0700022205143F6F731FA099B03F17000197B56
:10A080005A7BD3F808310AF065FEFFE744F610501A
:10A09000C2F20000019000889DF8211048439DF80D
:10A0A000231048430DF0CCFA01460198099AC2F8F2
:10A0B0000C1100889DF8231048439DF82110484357
:10A0C0000DF0BEFA0199099AC2F810010998D0F86A
:10A0D0000C0109889DF8212051439DF8232051430C
:10A0E000F6F7FBF901990998D0F8100109889DF855
:10A0F000232051439DF821205143F6F7EEF9099BA7
:10A1000003F178001A7B997BD3F80C310AF022FE18
:10A11000099B03F18000197B9A7BD3F810310AF078
:10A1200019FE019800889DF82310484348430DF01C
:10A1300087FA0199099AC2F814010998D0F8140114
:10A1400009889DF8232051435143F6F7C6F9099930
:10A1500001F188000A7BD1F8143111460AF0FAFDAA
:10A16000019800889DF82110484348430DF068FA93
:10A170000199099AC2F818010998D0F818010988BC
:10A180009DF8212051435143F6F7A7F9099901F1B0
:10A1900090008A7BD1F8183111460AF0DBFD019856
:10A1A00000889DF8231048439DF8211048430DF086
:10A1B00047FA0199099AC2F81C010998D0F81C01C4
:10A1C00009889DF8232051439DF821205143F6F73B
:10A1D00084F9099B03F19800197B9A7BD3F81C3111
:10A1E0000AF0B8FD019800880999097B4843484363
:10A1F0000DF026FA0199099AC2F82001099AD2F8BD
:10A2000020010988127B51435143F6F766F9019802
:10A2100000880999097B484348430DF011FA0199D8
:10A22000099AC2F82401099AD2F824010988127BFC
:10A2300051435143F6F751F9019800880999097B78
:10A24000484348430DF0FCF90199099AC2F82801E6
:10A25000099AD2F828010988127B51435143F6F735
:10A260003CF9019800880999097B48430DF0E8F909
:10A270000199099AC2F82C01099AD2F82C0109888F
:10A28000127B5143F6F729F9019800880999097B57
:10A2900048430DF0D5F90199099AC2F83001099A9D
:10A2A000D2F82C010988127B5143F6F716F9099967
:10A2B00001F1A0000A7BD1F8203111460AF04AFDD5
:10A2C000099901F1A8000A7BD1F8243111460AF05E
:10A2D00041FD099901F1B0000A7BD1F828311146FE
:10A2E0000AF038FD099A02F1B800117BD2F82C313E
:10A2F000012202920AF02EFD029A099B03F1C0008E
:10A30000197BD3F830310AF025FD0999002081F836
:10A310002800099981F82900099981F82A000999EA
:10A3200081F82B00099981F82C000AB080BD00004B
:10A3300080B582B001900198C07B20B1FFE7019801
:10A34000FEF74AFA16E0019BD3F8F400596844F688
:10A350001052C2F20002009212889B7B5A43F6F719
:10A3600060F80099019A50680988927B5143F6F78A
:10A37000B4F8FFE7019BD3F8F000996844F6105257
:10A38000C2F2000212885B7B5A43F6F74AF802B029
:10A3900080BD000080B582B00190019890F82C003B
:10A3A000B0BBFFE70199B1F89800A1F8A8000199A6
:10A3B000B1F87A00A1F8AA000199B1F8A800A1F8B3
:10A3C000B0000199B1F85A00A1F8B200019A02F167
:10A3D000980002F17801A8320AF0CCFF019981F8C7
:10A3E000C800019A02F1A80002F15801B0320AF047
:10A3F000C1FF019981F8C800019A02F1580002F1E9
:10A40000B00150320BF058F8019981F8C800FFE70D
:10A4100002B080BD80B582B00190019890F829000B
:10A42000A8BBFFE7019901F1600068310BF09AF8D1
:10A43000019981F8C800019A02F1600002F150010F
:10A4400058320AF097FF019981F8C8000199B1F8D4
:10A450005800A1F8A8000199B1F86A00A1F8AA0073
:10A46000019A02F1580002F16801A8320AF082FF55
:10A47000019981F8C800019A02F1A80002F188014F
:10A4800058320AF011FC019981F8C800FFE702B0C8
:10A4900080BD000080B582B00190019890F82A003C
:10A4A000002872D1FFE7019901F1780080310BF0AB
:10A4B00059F8019981F8C8000199B1F87800A1F81C
:10A4C000A8000199B1F85A00A1F8AA00019A02F176
:10A4D000780002F15801A8320AF04CFF019981F886
:10A4E000C8000199B1F8A800A1F8B0000199B1F82D
:10A4F0008200A1F8B200019A02F1A80002F18001E5
:10A50000B0320AF037FF019981F8C8000199B1F81B
:10A510009000A1F8A0000199B1F89200A1F8A20062
:10A52000019A02F1B00002F19001A0320AF0BCFBE6
:10A53000019981F8C800019901F1A000B0310AF039
:10A540001DFC019981F8C8000199B1F85800A1F8E3
:10A55000A8000199B1F88200A1F8AA00019A02F1BD
:10A56000580002F18001A8320AF004FF019981F835
:10A57000C800019A02F1A80002F1B00198320AF075
:10A58000F9FE019981F8C800FFE702B080BD000024
:10A5900080B584B003900398FFF7CAFE0398D0F803
:10A5A000CC0028B1FFE70398D0F8CC108847FFE72C
:10A5B000039800F0B5F80398D0F8D00028B1FFE771
:10A5C0000398D0F8D0108847FFE70398FFF722FFE1
:10A5D0000398D0F8D40028B1FFE70398D0F8D4103E
:10A5E0008847FFE70398007C20B9FFE70398C07B0A
:10A5F000F0B9FFE70398FFF74DFF0398D0F8D800B4
:10A6000028B1FFE70398D0F8D8108847FFE70398F0
:10A6100000F0D8F80398D0F8DC0028B1FFE70398E1
:10A62000D0F8DC108847FFE70398FFF7B3FE1BE084
:10A63000039BD3F8E800D3F8EC1044F61052C2F2B2
:10A640000002019212881B7B5A43F5F7EAFE019A39
:10A65000039BD3F8F800D3F8FC1012881B7B5A43F5
:10A660005A43F5F7DEFEFFE70398D0F8E00028B183
:10A67000FFE70398D0F8E0108847FFE700208DF847
:10A680000B00FFE79DF80B000399097B88422CDA49
:10A69000FFE70398D0F8F8209DF80B10037B11FB1F
:10A6A000031302EB830292ED000A006A00EB8100C3
:10A6B00090ED001AB4EE410AF1EE10FA0EDAFFE75F
:10A6C000039B186A9DF80B2050F82200D3F8F8106D
:10A6D0001B7B12FB032241F82200FFE7FFE79DF8F6
:10A6E0000B0001308DF80B00CCE7039B1868D3F802
:10A6F000E81044F61052C2F2000212881B7B5A4343
:10A70000F5F78FFE0398D0F8E40028B1FFE703982F
:10A71000D0F8E4108847FFE70398006804B080BDD4
:10A7200080B582B00190019890F82800002846D1A9
:10A73000FFE70198407B012834DBFFE70199087BA4
:10A74000A1F8B800019901200090A1F8BA00019A7F
:10A7500002F1600002F13001B8320AF00BFE01464E
:10A760000098019A82F8C810019A117BA2F8C010D3
:10A770000199A1F8C200019A02F1700002F14001B2
:10A78000C0320AF0F7FD019981F8C800019A02F180
:10A79000B80002F1C00138320AF086FA019981F856
:10A7A000C8000BE0019A02F1600002F1300138327A
:10A7B0000AF0E0FD019981F8C800FFE7FFE702B069
:10A7C00080BD000080B582B00190019890F82B0008
:10A7D00000284BD1FFE70199B1F87800A1F8B80043
:10A7E000019901200090A1F8BA00019A02F17800C5
:10A7F00002F13801B8320AF0BDFD01460098019A15
:10A8000082F8C810019AB2F84810A2F8C010019955
:10A81000A1F8C200019A02F1480002F1B801C03269
:10A820000AF04AFE01460098019A82F8C810019A7F
:10A83000B2F89810A2F8B8100199A1F8BA00019ADC
:10A8400002F1980002F1C001B8320AF093FD0199BB
:10A8500081F8C800019A02F1380002F1B8013032E3
:10A860000AF022FA019981F8C800FFE702B080BD22
:10A8700080B582B00190019809F002FB0198B021E7
:10A8800004F064F8019804F043F88DF8030001988F
:10A8900009F0DEFA9DF8030002B080BD80B584B0F7
:10A8A0000290029809F0D4FA0A208DF80700FFE719
:10A8B0000298FBF7AFFC012804D1FFE701208DF8D7
:10A8C0000F000EE09DF8070001388DF80700FFE744
:10A8D0009DF807000028EBDCFFE700208DF80F0053
:10A8E000FFE79DF80F0004B080BD000080B584B084
:10A8F000DDF818C003908DF80B1001928DF803302D
:10A90000039809F0BDFA03989DF80B1004F01EF8A7
:10A9100003980199042204F027F803989DF8031086
:10A9200004F014F8039806999DF8032004F01CF82D
:10A93000039809F08DFA04B080BD000080B582B0A4
:10A9400001908DF80310019809F09AFA01980321FB
:10A9500003F0FCFF01989DF8031003F0F7FF019846
:10A9600003F0D6FF8DF80200019809F071FA9DF806
:10A97000020002B080BD000080B584B003908DF865
:10A980000B1001928DF80330039809F079FA0398BF
:10A990009DF80B1003F0DAFF039801999DF803204E
:10A9A00003F0C4FF039809F053FA04B080BD00001F
:10A9B00080B582B00190019809F062FA0198A02157
:10A9C00003F0C4FF019803F0A3FF8DF80300019882
:10A9D00009F03EFA9DF8030002B080BD80B582B058
:10A9E00001908DF80310019809F04AFA01989DF83A
:10A9F000031003F0ABFF019809F02AFA02B080BD02
:10AA000080B584B0029002980F21802200F050F8A7
:10AA10000A208DF80700FFE702980E21FFF78EFF4E
:10AA200000F0E000802804D1FFE701208DF80F003E
:10AA30000EE09DF8070001388DF80700FFE79DF84C
:10AA400007000028E8DCFFE700208DF80F00FFE793
:10AA50009DF80F0004B080BD80B584B002900298CC
:10AA60000F21002200F024F80A208DF80700FFE7EC
:10AA700002980E21FFF762FF10F0E00F04D1FFE70C
:10AA800001208DF80F000EE09DF8070001388DF8C9
:10AA90000700FFE79DF807000028E9DCFFE700203A
:10AAA0008DF80F00FFE79DF80F0004B080BD000097
:10AAB00080B582B001908DF803108DF802200198C6
:10AAC00009F0DEF90198022103F040FF01989DF89A
:10AAD000031003F03BFF01989DF8021003F036FFCE
:10AAE000019809F0B5F902B080BD000080B584B0CE
:10AAF00003908DF80B108DF80A200193039809F04C
:10AB0000BFF90398022103F021FF03989DF80B1071
:10AB100003F01CFF039801999DF80A209DF80B3063
:10AB2000D21A0132D2B203F01FFF039809F090F954
:10AB300004B080BD80B598B01790002203921692A1
:10AB4000159214924AF6F013C0F60103186859687A
:10AB50009B681393129111904AF60823C0F60103E3
:10AB6000186859689B6810930F910E90179841F6DA
:10AB7000100108449FED360A8DED010ADFED350A1C
:10AB800011A9DFED352ACDED022A81230093B0EE25
:10AB9000621AF0EE621AB0EE622A01F07FFC009BAE
:10ABA000DDED022A039A179841F6BA0108449FED99
:10ABB0002B0ADFED2B0A0EA9B0EE621AF0EE621A34
:10ABC000B0EE622A01F06AFC9DED022A039A0D9212
:10ABD0000C920B924AF6FC13C0F6010318685968F0
:10ABE0009B680A93099108904AF61423C0F6010362
:10ABF000186859689B68079306910590179800F5A7
:10AC0000AD509FED180ADFED180A08A9DFED171AFD
:10AC1000F6EE002AF5230493B0EE611A01F03EFC33
:10AC20009DED010A9DED022A039A049B179841F2BB
:10AC30004A61084405A9DFED0E2AF0EE420AB0EEA3
:10AC4000421AF0EE421A01F029FC012018B080BD32
:10AC500000803B460000FA450000000000606A46A4
:10AC600000803B45000048440000A04200007A44B8
:10AC7000CDCC4C3E80B59CB01B904AF62022C0F64D
:10AC800001021068516892681A92199118904AF658
:10AC90005022C0F60102106851689268179216910E
:10ACA00015901B9800F20A609FED4E0A8DED010A87
:10ACB000DFED4D0ACDED020A15A9DFED4C2ACDEDF1
:10ACC000032A0022049281230593B0EE621AF0EE6B
:10ACD000621AB0EE622A01F0E1FB9DED010ADDEDA2
:10ACE000020ADDED032A049A059B4AF6382CC0F6C9
:10ACF000010CDCF80000DCF80410DCF808C0CDF82A
:10AD000050C0139112904AF6682CC0F6010CDCF882
:10AD10000000DCF80410DCF808C0CDF844C0109145
:10AD20000F901B9800F652000FA9B0EE621AF0EED9
:10AD3000621AB0EE622A01F0B1FB9DED010ADDED71
:10AD4000020ADDED032A049A059B4AF62C2CC0F674
:10AD5000010CDCF80000DCF80410DCF808C0CDF8C9
:10AD600038C00D910C904AF6442CC0F6010CDCF86A
:10AD70000000DCF80410DCF808C0CDF82CC00A9103
:10AD800009904AF65C2CC0F6010CDCF80000DCF8F7
:10AD90000410DCF808C0CDF820C0079106901B987D
:10ADA00000F51F6009A9B0EE621AF0EE621AB0EE6B
:10ADB000622A01F073FB9DED010ADDED020ADDED73
:10ADC000032A049A059B1B9800F69A2006A9B0EE68
:10ADD000621AF0EE621AB0EE622A01F05FFB012007
:10ADE0001CB080BD0060EA460000FA44000000008C
:10ADF00080B586B0002200920592049203920292DE
:10AE000043F6E850C2F20000019042F20001C4F2A1
:10AE1000010101604FF4803141608260026102767D
:10AE200080F82020C2620121C0F600718162C260F8
:10AE30000121C16180F830204161F7F7FBF918B1B9
:10AE4000FFE7F6F783FEFFE7102002900120039052
:10AE50000020049043F6E850C2F2000002A9F7F780
:10AE6000D5F818B1FFE7F6F771FEFFE706B080BD31
:10AE700080B586B00022009205920492039202925D
:10AE800043F63060C2F20000019042F20021C4F2A9
:10AE9000010101604FF480314160826002610276FD
:10AEA00080F82020C2620121C0F600718162C26078
:10AEB0000121C16180F830204161F7F7BBF918B179
:10AEC000FFE7F6F743FEFFE708200290012003901A
:10AED0000020049043F63060C2F2000002A9F7F7A8
:10AEE00095F818B1FFE7F6F731FEFFE706B080BD31
:10AEF00080B582B043F67860C2F20000019046F25D
:10AF00000041C4F200010160032141600021816021
:10AF1000C1604FF4102202614FF4001242610176C9
:10AF2000012242768176C27601774177F8F760F8A0
:10AF300018B1FFE7F6F70AFEFFE702B080BD000098
:10AF400080B582B043F6A060C2F20000019046F6E0
:10AF50000001C4F200010160032141600021816011
:10AF6000C1604FF4102202614FF400124261017679
:10AF7000012242768176C27601774177F8F738F878
:10AF800018B1FFE7F6F7E2FDFFE702B080BD000071
:10AF900080B543F6C860C2F2000043F20001C4F27B
:10AFA00002010160F8F7DAFA18B1FFE7F6F7CEFD13
:10AFB000FFE780BD80B58EB0FFE700200D9043F61F
:10AFC0003000C4F20200016841F4800101600068B1
:10AFD00000F480000D900D98FFE7FFE700200C9033
:10AFE00043F63000C4F20200016841F40011016030
:10AFF000006800F400100C900C98FFE70C20009003
:10B000000521099100220A92F9F7C0F90098F9F791
:10B01000B3F909990A9A10200190F9F7B7F9019844
:10B02000F9F7AAF909990A9A11200290F9F7AEF9ED
:10B030000298F9F7A1F909990A9A2F200390F9F7D4
:10B04000A5F90398F9F798F909990A9A3920049013
:10B05000F9F79CF90498F9F78FF909990A9A3A20B7
:10B060000590F9F793F90598F9F786F909990A9A7D
:10B070003B200690F9F78AF90698F9F77DF90999C6
:10B080000A9A44200790F9F781F90798F9F774F9BB
:10B0900009990A9A45200890F9F778F90898F9F77C
:10B0A0006BF909990A9A46200B90F9F76FF90B98FA
:10B0B000F9F762F90EB080BDB0B5ACB04AF6003019
:10B0C000C0F60100016842688368D0F80CC0D0F86F
:10B0D00010E044692A94CDF8A4E0CDF8A0C02793ED
:10B0E0002692259180692B9025A8002101910BF0D3
:10B0F000D1F9019943F6E022C2F2000210604AF64B
:10B10000C820C0F6010002684368D0F808C0D0F833
:10B110000CE00469456923952294CDF884E0CDF8CC
:10B1200080C01F931E92806924901EA80BF0B2F974
:10B13000019942F22802C2F2000210604AF6AC20E5
:10B14000C0F6010002684368D0F808C0D0F80CE0EF
:10B15000046945691C951B94CDF868E0CDF864C07E
:10B160001893179280691D9017A80BF093F9019915
:10B1700041F65852C2F2000210604AF67420C0F63E
:10B18000010002684368D0F808C0D0F80CE00469F8
:10B19000456915951494CDF84CE0CDF848C011934D
:10B1A00010928069169010A80BF074F9019941F67D
:10B1B0006042C2F2000210604AF69020C0F6010020
:10B1C00002684368D0F808C0D0F80CE0046945690B
:10B1D0000E950D94CDF830E0CDF82CC00A9309926D
:10B1E00080690F9009A80BF055F9019941F6684262
:10B1F000C2F2000210604AF6E420C0F601000268C4
:10B200004368D0F808C0D0F80CE004694569079598
:10B210000694CDF814E0CDF810C003930292806933
:10B22000089002A80BF036F942F22C01C2F200019C
:10B2300008602CB0B0BD000080B598B00020179019
:10B240001690159014901390FFE70020129043F68B
:10B250003000C4F20200016841F0020101600068A0
:10B2600000F0020012901298FFE7FFE70020119013
:10B2700043F63000C4F20200016841F04001016071
:10B28000006800F0400011901198FFE7FFE70020F0
:10B29000109043F63000C4F20200016841F0010151
:10B2A0000160006800F0010010901098FFE7FFE7D0
:10B2B00000200F9043F63000C4F20200016841F014
:10B2C00008010160006800F008000F900F98FFE788
:10B2D000FFE700200E9043F63000C4F20200016840
:10B2E00041F004010160006800F004000E900E9827
:10B2F000FFE7FFE700200D9043F63000C4F20200A4
:10B30000016841F080010160006800F080000D904C
:10B310000D98FFE7FFE700200C9043F63000C4F2E1
:10B320000200016841F020010160006800F0200087
:10B330000C900C98FFE7FFE700200B9043F63000DD
:10B34000C4F20200016841F010010160006800F0E1
:10B3500010000B900B98FFE741F60040C4F202008A
:10B3600001904FF4E051009100220992F8F71AFF82
:10B370000020C4F2020003901021029101220592E4
:10B38000F8F710FF099A40F20040C4F2020007905B
:10B390004FF480510491F8F705FF059A079811467C
:10B3A000F8F700FF05980221069113914FF404115C
:10B3B0001491159041F20040C4F2020013A90891C3
:10B3C000F8F714FDDDF800C00198059B0899099A6B
:10B3D000CDF84CC0149315921692F8F707FD039818
:10B3E000059A0899099B139214931592F8F7FEFC9D
:10B3F000DDF808C00398059B069A0899CDF84CC063
:10B40000149315931692F8F7F1FC059808993022D9
:10B4100013924FF488121492159040F60000C4F273
:10B420000200F8F7E3FC049B059A07980899139328
:10B43000149215921692F8F7D9FC059B069A079874
:10B4400008991393149315931692F8F7CFFC099A61
:10B4500007200A900521F8F799FF0A98F8F78CFF62
:10B4600018B080BD80B582B044F29C70C2F200007A
:10B47000019043F20001C4F2010101604FF48271B6
:10B48000416000218160C1600222026101224261AB
:10B490004FF4007282611022C261016241628162D6
:10B4A0000A21C162FAF7BEFE18B1FFE7F6F74EFBBC
:10B4B000FFE702B080BD000080B582B044F2F470B6
:10B4C000C2F20000019043F60001C4F200010160E5
:10B4D0004FF48271416000218160C160016141616E
:10B4E0004FF4007282611022C26101624162816286
:10B4F0000A21C162FAF796FE18B1FFE7F6F726FBBC
:10B50000FFE702B080BD000080B588B00021009147
:10B51000079106910591049103910291019144F6DE
:10B520009400C2F2000044F20042C4F20102026040
:10B5300053224260816040F2CF72C260016181613A
:10B54000FBF7FCFC18B1FFE7F6F700FBFFE744F65A
:10B550009400C2F20000FCF7D5F918B1FFE7F6F746
:10B56000F5FAFFE760200190002202920392059213
:10B5700044F69400C2F2000001A9FCF721F918B1C9
:10B58000FFE7F6F7E3FAFFE744F69400C2F20000A3
:10B59000FCF782F808B080BD80B598B00021019119
:10B5A0001791169115911491139112911191109177
:10B5B0000F910E910D910C910B910A9109910891A7
:10B5C0000791069105910491039144F64C00C2F253
:10B5D000000002900022C4F201020260A722426031
:10B5E000816044F61F62C260016141618021816116
:10B5F000FBF7A4FC18B1FFE7F6F7A8FAFFE74FF452
:10B600008050149044F64C00C2F2000014A9FBF7DD
:10B610003FFE18B1FFE7F6F799FAFFE744F64C0052
:10B62000C2F20000FCF76EF918B1FFE7F6F78EFAE8
:10B63000FFE700201290139044F64C00C2F2000085
:10B6400012A9FBF7E9FB18B1FFE7F6F77FFAFFE76E
:10B6500060200B904FF4FA700C9000220D920E9225
:10B660000F921092119244F64C00C2F200000BA906
:10B67000FCF7A6F818B1FFE7F6F768FAFFE744F61B
:10B680004C00C2F200000BA90422FCF799F818B193
:10B69000FFE7F6F75BFAFFE70020039004900590C0
:10B6A000069007904FF4005008904FF480400A90A5
:10B6B00044F64C00C2F2000003A9FBF753FB18B19B
:10B6C000FFE7F6F743FAFFE744F64C00C2F200004A
:10B6D000FBF7E2FF18B080BD80B588B00021019172
:10B6E00007910691059104910391029144F624106B
:10B6F000C2F2000040F20042C4F200020260A7223F
:10B700004260816040F2E732C26001618161FBF713
:10B7100015FC18B1FFE7F6F719FAFFE74FF4805070
:10B72000049044F62410C2F2000004A9FBF7B0FD17
:10B7300018B1FFE7F6F70AFAFFE70020029003903E
:10B7400044F62410C2F2000002A9FBF765FB18B111
:10B75000FFE7F6F7FBF9FFE708B080BD80B58EB0D4
:10B76000002100910D910C910B910A910991089182
:10B77000079106910591049103910291019144F67C
:10B780006C10C2F2000040F60002C4F20002026037
:10B790004160816045F20722C26001618161FBF76F
:10B7A000CDFB18B1FFE7F6F7D1F9FFE74FF4805072
:10B7B0000A9044F66C10C2F200000AA9FBF768FD7B
:10B7C00018B1FFE7F6F7C2F9FFE744F66C10C2F2D2
:10B7D0000000FCF797F818B1FFE7F6F7B7F9FFE7B5
:10B7E00000200890099044F66C10C2F2000008A9ED
:10B7F000FBF712FB18B1FFE7F6F7A8F9FFE76020A7
:10B800000190002002900390059044F66C10C2F263
:10B81000000001A90822FBF7D3FF18B1FFE7F6F7F4
:10B8200095F9FFE744F66C10C2F20000FBF734FF15
:10B830000EB080BD80B582B000210191009144F628
:10B84000B410C2F2000041F20042C4F200020260F1
:10B85000A7224260816040F2E732C2608161FBF75B
:10B860006DFB18B1FFE7F6F771F9FFE700200090D4
:10B87000019044F6B410C2F200006946FBF7CCFA1E
:10B8800018B1FFE7F6F762F9FFE702B080BD0000EC
:10B8900080B582B044F6FC10C2F20000019041F283
:10B8A0000001C4F2010101604FF4E1314160002167
:10B8B0008160C16001610C2242618161C161FCF75C
:10B8C000EFFB18B1FFE7F6F741F9FFE702B080BDE3
:10B8D00080B582B044F64020C2F20000019044F2EC
:10B8E0000041C4F2000101604FF4E13141600021E8
:10B8F0008160C16001610C2242618161C161FCF71C
:10B90000CFFB18B1FFE7F6F721F9FFE702B080BDE2
:10B9100080B582B044F68420C2F20000019044F663
:10B920000001C4F20001016048F2A061C0F201010F
:10B9300041604FF4805181600021C1604FF480620A
:10B9400002610C2242618161C161FCF7A9FB18B15F
:10B95000FFE7F6F7FBF8FFE702B080BD80B582B0E5
:10B9600044F6C820C2F20000019041F20041C4F246
:10B97000010101604FF4E131416000218160C1604B
:10B9800001610C2242618161C161FCF789FB18B140
:10B99000FFE7F6F7DBF8FFE702B080BD80B543F6BE
:10B9A0000C30C2F2000040F21001C2F2000100228D
:10B9B00005F048FB18B1FFE7F6F7C8F8FFE743F6D4
:10B9C0000C30C2F2000040F2F401C2F2000106F0B5
:10B9D00039F818B1FFE7F6F7B9F8FFE743F60C308E
:10B9E000C2F2000040F29011C2F2000104F0AEFD7C
:10B9F00018B1FFE7F6F7AAF8FFE743F60C30C2F2FA
:10BA0000000006F0A9F918B1FFE7F6F79FF8FFE785
:10BA100080BD0000FFE7FEE7FFE7FEE788B0079084
:10BA200006910592079800F0070004900498C0F171
:10BA30000700052803D3FFE70420019004E00498E1
:10BA4000C0F107000190FFE70198039004980430CB
:10BA5000062803D8FFE70020009003E0049803388D
:10BA60000090FFE70098029006980399012202FADD
:10BA700001F101390840029B984005999A40013A2A
:10BA80001140084308B0704786B003A900910146F1
:10BA90000098059180ED010AC0ED000A0598D0F8E4
:10BAA0000600406841F65C51C2F2000108600020C7
:10BAB000ADF80A00FFE7BDF80A00059909880139C9
:10BAC000884224DAFFE70598D0F80600BDF80A108E
:10BAD00000EB810090ED010A41F65C51C2F20001D9
:10BAE00091ED001A30EE410A80ED000A0598D0F879
:10BAF0000A10BDF80A2001EB8200406841F82200DC
:10BB0000FFE7BDF80A000130ADF80A00D3E700995D
:10BB1000059AD2F80600128800EB820010ED020AA6
:10BB200091ED011A30EE010A00ED010A0398059A21
:10BB3000D2F80A10128801EB820141F8040C059931
:10BB4000D1F802000988884207D2FFE70599D1F8A9
:10BB500002000130C1F80200FFE705990020C1F89A
:10BB60002600C1F82200C1F81E00C1F81A0005998C
:10BB70000888D1F80210401AADF80800FFE7BDF8B8
:10BB800008000599098888425DDAFFE70599BDF844
:10BB90000830D1F80620D1F81A0002EB830292EDAA
:10BBA000000A01EE100A20EE000A30EE010A10EE43
:10BBB000100AC1F81A000599BDF80830D1F806201E
:10BBC000D1F81E0002EB830292ED001A00EE100A7B
:10BBD00030EE010A10EE100AC1F81E000599BDF8FA
:10BBE0000830D1F806C0D1F80A20D1F822000CEBB9
:10BBF000830C9CED000A02EB830292ED002A01EE19
:10BC0000100A20EE020A30EE010A10EE100AC1F806
:10BC100022000599BDF80830D1F80A20D1F8260095
:10BC200002EB830292ED001A00EE100A30EE010AD8
:10BC300010EE100AC1F82600FFE7BDF80800013039
:10BC4000ADF808009BE705990A4652F81A0F5368A9
:10BC5000D2F808C0D26802EE10CAB1F800C000EEF7
:10BC600010CAB8EEC03A01EE103A00EE102A21EEEA
:10BC7000000A22EE032A30EE420A02EE100A21EEFA
:10BC8000011A22EE032A31EE421A80EE010A10EE6A
:10BC9000100AC1F80E0005990020C1F81600059998
:10BCA0000888D1F80210401AADF80600FFE7BDF889
:10BCB000060005990988884230DAFFE70599D1F82E
:10BCC00006C0D1F80A00D1F80E20D1F8123000EEEB
:10BCD000102ABDF806200CEB820C9CED002A01EE28
:10BCE000103A20EE020A30EE010A00EB820090EDDD
:10BCF000001A30EE410AB0EEC01AD1F8160000EE7C
:10BD0000100A30EE010A10EE100AC1F81600FFE723
:10BD1000BDF806000130ADF80600C8E705990888AF
:10BD200000EE100AB8EEC01AD1F8160000EE100AA4
:10BD300080EE010A10EE100AC1F816000598D0F83E
:10BD40000E0000EE100A06B07047000080B584B007
:10BD50000390ADF80A10BDF80A0003990880039912
:10BD600000200190C1F80200BDF80A0080000BF02D
:10BD700041FB0399C1F80600BDF80A0080000BF0F2
:10BD800039FB01460198039AC2F80A100399C1F8D9
:10BD90000E000399C1F812000398D0F80600BDF810
:10BDA0000A108900F4F777FB0398D0F80A00BDF871
:10BDB0000A108900F4F76FFB01980399C1F8260077
:10BDC000C1F82200C1F81E00C1F81A0004B080BDFD
:10BDD00080B544F29020C2F20000F8F7FDFD80BD6E
:10BDE00080B588B08DED060ACDED050A8DED041AFB
:10BDF0004CF6CD40C3F64C7003904CF6CD40C3F6E4
:10BE00004C6002909DED060A01F0A6FE8DED010A40
:10BE10009DED050A01F0A0FEB0EE401A9DED010A6D
:10BE200030EE410A01F098FE9DED041AB4EE410A8D
:10BE3000F1EE10FA11DBFFE79DED050A9DED061A04
:10BE40009FED122A21EE021A9FED0E2A20EE020A21
:10BE500030EE010A8DED070A10E09DED050A9DED1B
:10BE6000061A9FED082A21EE021A9FED072A20EEFE
:10BE7000020A30EE010A8DED070AFFE79DED070A81
:10BE800008B080BDCDCC4C3FCDCC4C3ECCCC4C3E54
:10BE900085B0ADF81000ADF80E108DED020A4CF62D
:10BEA000CD40C3F64C7001900090BDF91000BDF973
:10BEB0000E10401A00EE100AB8EEC00A9DED021AEC
:10BEC000B4EE410AF1EE10FA1DDBFFE7BDF90E00FA
:10BED00000EE100AB8EEC00ABDF9100001EE100A1B
:10BEE000B8EEC11A9FED182A21EE021A9FED172A0B
:10BEF00020EE020A30EE010ABDEEC00A10EE100A72
:10BF0000ADF812001CE0BDF90E0000EE100AB8EE0C
:10BF1000C00ABDF9100001EE100AB8EEC11A9FED7B
:10BF20000A2A21EE021A9FED092A20EE020A30EEBB
:10BF3000010ABDEEC00A10EE100AADF81200FFE7CC
:10BF4000BDF9120005B07047CCCC4C3ECDCC4C3F77
:10BF500080B586B005900491059800680390039819
:10BF600002900398006C01900298049900EB411034
:10BF7000D0F8080B0090019843F20B01C4F65471FD
:10BF800088420FD3FFE79DF801000006002809D57D
:10BF9000FFE70298049900EB41114FF40040C1F80B
:10BFA000080BFFE70598F9F771FB019843F20B01C5
:10BFB000C4F6547188420DD3FFE705980069012843
:10BFC00008D1FFE70599086801F2C442012106F093
:10BFD00003FEFFE7002006B080BD000080B588B0FA
:10BFE00007900691079800680490049803900498BD
:10BFF000006C02900398069900EB4110D0F8080BF2
:10C00000019007980069012840F08180FFE79DF8C2
:10C0100004000007002818D5FFE7029843F20B013F
:10C02000C4F6547188420FD3FFE79DF8050000065F
:10C03000002809D5FFE70398069900EB41114FF45A
:10C040000040C1F8080BFFE760E09DF8040080069F
:10C05000002808D5FFE70398069900EB411120203E
:10C06000C1F8080B51E09DF8040010F0280F4AD1E8
:10C07000FFE7029843F20B01C4F6547188420FD3D4
:10C08000FFE79DF805000006002809D5FFE70398A3
:10C09000069900EB41114FF40040C1F8080B31E064
:10C0A0000798069901EBC10100EB810000F51F70B4
:10C0B00005900598C0690399069A01EB4211D1F8E1
:10C0C000101B6FF3DF41401A05990862069898B972
:10C0D000FFE70598806940B9FFE70799086801F212
:10C0E000C442012106F078FD05E0059908690A6A55
:10C0F00010440861FFE7FFE707989DF81810F8F76C
:10C10000E5F9FFE700E0FFE7FFE7FFE747E0029818
:10C1100043F20A11C4F65471884224D1FFE79DF816
:10C1200005000006002809D5FFE70398069900EBF3
:10C1300041114FF40040C1F8080B13E09DF80400D2
:10C140008006002808D5FFE70398069900EB411107
:10C150002020C1F8080BFFE707989DF81810F8F7A2
:10C16000B5F9FFE71AE0069890B9FFE70798069936
:10C1700001EBC10100EB8100D0F8940240B9FFE768
:10C180000799086801F2C442002106F025FDFFE787
:10C1900007989DF81810F8F799F9FFE7FFE70020D6
:10C1A00008B080BD80B58CB00A9009910A980068EB
:10C1B0000890089807900A98099901EBC10100EBD3
:10C1C00081003C30069006988169006A884204D953
:10C1D000FFE701208DF82F0079E006998869096A48
:10C1E000401A059005980699C968884204D9FFE766
:10C1F0000698C0680590FFE7059803308008049012
:10C20000FFE70798099900EB4110D0F8180981B2AF
:10C21000049A0020914202900FD3FFE706988269AA
:10C22000016A00209142029007D2FFE706988069D8
:10C23000002818BF01200290FFE70298C00770B3E2
:10C24000FFE706998869096A401A059005980699DA
:10C25000C968884204D9FFE70698C0680590FFE7DF
:10C2600005980330800804900898069909699DF89C
:10C270002420BDF81430DDF828C09CF810C0EE462C
:10C28000CEF800C007F0E2FA059A06990869104452
:10C290000861059A0699086A10440862B1E7069990
:10C2A0008869096A88420ED8FFE7099800F00F01F3
:10C2B000012088400390039A0799D1F834089043ED
:10C2C000C1F83408FFE700208DF82F00FFE79DF844
:10C2D0002F000CB080BD000080B586B005908DEDBC
:10C2E000040ACDED030A059890F89800000600288E
:10C2F00004D5FFE7059809F081FEFFE70598D0F81F
:10C300008C00029002A8F5F7F9FA059910EE100AD0
:10C31000C1F8900002980599C1F88C00049805991D
:10C32000086103980599086005990A68086900EE94
:10C33000102A01EE100A30EE410A10EE100A886150
:10C3400005994A68886900EE102A01EE100A20EE6D
:10C35000010A10EE100A486205998B688A69D1F8C3
:10C36000900000EE103A01EE102A20EE010A01EED4
:10C37000100A20EE010A10EE100A08630598B0F8C2
:10C38000600003281BDBFFE70598C3688169D0F8CC
:10C39000902000EE103A8DED010A623000EE102A76
:10C3A00000EE901AFFF770FBB0EE401A9DED010A07
:10C3B00020EE010A059910EE100AC86218E00599EE
:10C3C000D1F80CC08B69CA69D1F8900000EE10CA90
:10C3D00001EE103A02EE102A31EE421A20EE010A66
:10C3E00001EE100A80EE010A10EE100AC862FFE7A3
:10C3F000059890F898004007002804D5FFE70598B5
:10C4000009F062FEFFE7059890F898008006002882
:10C4100004D5FFE7059809F08DFCFFE7059890F833
:10C420009800C00720B1FFE7059809F027FDFFE756
:10C430000599886A0A6B01EE102A00EE100A30EEA8
:10C44000010A10EE100A886205994B6A8A6AC86A66
:10C4500000EE103A01EE102A30EE010A01EE100A49
:10C4600030EE010A10EE100A4863059809F09CFDB1
:10C470000599086948610599486B88630599C86AF8
:10C48000C86305998869C8610599086B08620598B1
:10C49000406B00EE100A06B080BD000080B58CB085
:10C4A0000DF1100CCDF804C084460198CDF82CC0D5
:10C4B00080ED060AC0ED050A089180ED031AC0ED73
:10C4C000021A80ED012AC0ED002AADF80E208DF889
:10C4D0000D3009980B9948640A980B9908640B99D8
:10C4E000002002900860089909680B9A5160089929
:10C4F00049680B9A9160089989680B9AD1600B99E9
:10C50000086307980B99086506980B994865059884
:10C510000B99886504980B99C865BDF80E000B99B6
:10C52000A1F860000B986230BDF80E10FFF70EFC0A
:10C5300002980B99C1F88C009DF80D100B9A82F8A7
:10C5400098100B99C1F89D00C1F899000B9981F8DA
:10C55000A1000B9948630CB080BD000084B002902C
:10C560008DED010ACDED000A029818B9FFE7002011
:10C57000039015E10299086C48640299C86B08643D
:10C5800000980299886101980299C8619DED000A9E
:10C590009DED011A30EE410A029880ED0F0A0298D3
:10C5A0000078002840F08780FFE7029890ED010AAC
:10C5B00090ED0F1A20EE010A80ED090A029890ED25
:10C5C000020A90ED0A1A90ED0F2A20EE020A30EED0
:10C5D000010A80ED0A0A0299486B88630299086B88
:10C5E0004863029890ED0F0A90ED101A30EE410A60
:10C5F00080ED0C0A029890ED030A90ED0C1A20EEE3
:10C60000010A80ED0B0A029890ED051A90ED0A0AD6
:10C61000B4EE410AF1EE10FA04DDFFE70299486931
:10C62000886215E0029890ED051A90ED0A0AB1EEC5
:10C63000411AB4EE410AF1EE10FA08DAFFE7029867
:10C6400090ED050AB1EE400A80ED0A0AFFE7FFE728
:10C65000029890ED090A90ED0A2A90ED0B1A30EE3F
:10C66000020A30EE010A80ED080A029890ED041AE1
:10C6700090ED080AB4EE410AF1EE10FA04DDFFE78E
:10C6800002990869086215E0029890ED041A90ED8D
:10C69000080AB1EE411AB4EE410AF1EE10FA08DAD6
:10C6A000FFE7029890ED040AB1EE400A80ED080A17
:10C6B000FFE7FFE770E00298007801286BD1FFE701
:10C6C000029890ED010A90ED0F1A90ED102A31EECC
:10C6D000421A20EE010A80ED090A029890ED020A42
:10C6E00090ED0F1A20EE010A80ED0A0A0299486BBC
:10C6F00088630299086B4863029890ED0F0A90EDE9
:10C70000102A90ED111A32EE022A30EE420A30EE73
:10C71000010A80ED0C0A029890ED030A90ED0C1AC4
:10C7200020EE010A80ED0B0A029890ED080A90EDC8
:10C73000091A90ED0A3A90ED0B2A31EE031A31EE08
:10C74000021A30EE010A80ED080A029890ED041AF0
:10C7500090ED080AB4EE410AF1EE10FA04DDFFE7AD
:10C7600002990869086215E0029890ED041A90EDAC
:10C77000080AB1EE411AB4EE410AF1EE10FA08DAF5
:10C78000FFE7029890ED040AB1EE400A80ED080A36
:10C79000FFE7FFE7FFE7FFE70298006A0390FFE784
:10C7A0009DED030A04B0704786B005908DF8131014
:10C7B00003928DED020ACDED010A059818B1FFE74D
:10C7C000039808B9FFE72CE09DF81300059908705D
:10C7D0000398006805994860039840680599886047
:10C7E000039880680599C8600298059908610198C6
:10C7F0000599486105990020009088630599486370
:10C8000005990863059908620599C86205998862C7
:10C810000599486205994864059908640599C863B3
:10C82000FFE706B0704700000000000000000000B5
:10C83000EFF30980BFF36F8F154B1A681EF0100FCE
:10C8400008BF20ED108A20E9F04F10602DE90900A3
:10C850004FF0500080F31188BFF34F8FBFF36F8FFD
:10C860000BF0E2FA4FF0000080F31188BDE80900F8
:10C8700019680868B0E8F04F1EF0100F08BFB0EC60
:10C88000108A80F30988BFF36F8F704700BF00BF25
:10C89000544C00200000000080B5A2B021902198E7
:10C8A000006C0DF05BFF41EC100B51EC100B9FED99
:10C8B000FC0B53EC102B019300920DF08BFC41EC20
:10C8C000100B51EC100B9FEDF80B53EC102B039356
:10C8D00002920DF0CBFA41EC100B51EC100B0DF065
:10C8E000EBF944F62C51C2F2000104910860219842
:10C8F000806B0DF033FF009A019B41EC100B51EC63
:10C90000100B0DF067FC029A039B41EC100B51ECED
:10C91000100B0DF0ABFA41EC100B51EC100B0DF0BD
:10C92000CBF944F63051C2F200010591086021981C
:10C93000C06B0DF013FF009A019B41EC100B51EC02
:10C94000100B0DF047FC029A039B41EC100B51ECCD
:10C95000100B0DF08BFA41EC100B51EC100B0DF09D
:10C96000ABF90146049844F63452C2F20002069232
:10C97000116000680DF0F2FE41EC100B0CF098FC19
:10C9800051EC100B0DF098F9014604981F910068C6
:10C990000DF0E4FE41EC100B0CF026FC51EC100BFA
:10C9A0000DF08AF9014605981C9100680DF0D6FE3D
:10C9B00041EC100B0CF07CFC51EC100B0DF07CF9F1
:10C9C00001460598209100680DF0C8FE41EC100B5F
:10C9D0000CF00AFC51EC100B0DF06EF901460698B4
:10C9E0001D9100680DF0BAFE41EC100B0CF060FCDC
:10C9F00051EC100B0DF060F9014606981E9100688D
:10CA00000DF0ACFE41EC100B0CF0EEFB51EC100BFA
:10CA10000DF052F91B909DED1D0A9DED1C1A20EEA4
:10CA2000010A9DED1B2A9DED201A9DED1F3A21EE76
:10CA3000031A9DED1E3A21EE031A20EE020A30EE93
:10CA4000010A8DED1A0A9DED1E0A9DED1D1A20EEBC
:10CA5000010A9DED1C2A9DED1B1A9DED203A21EE49
:10CA6000031A9DED1F3A21EE031A20EE020A30EE62
:10CA7000410A8DED190A9DED1C0A9DED201A20EE4C
:10CA8000010A9DED1B2A9DED1F1A9DED1D3A21EE19
:10CA9000031A9DED1E3A21EE031A20EE020A30EE33
:10CAA000010A8DED180A9DED1F0A9DED1D1A20EE5D
:10CAB000010A9DED1B2A9DED1C1A9DED203A21EEE9
:10CAC000031A9DED1E3A21EE031A20EE020A30EE03
:10CAD000410A8DED170A9DED1A0A8DED070A10EE39
:10CAE000100A0DF03BFE9DED070A41EC110B8DED98
:10CAF000081B9DED191A21EE011A20EE000A30EEF6
:10CB0000011A9DED180A20EE000A30EE011A9DED83
:10CB1000170A20EE000A30EE010A10EE100A0DF09E
:10CB20001DFE41EC100B0CF027FCB0EE401AF0EEAD
:10CB3000601A9DED080B53EC112B51EC100B0DF00E
:10CB400095F941EC100B51EC100B0DF0B5F844F6D3
:10CB50001451C2F2000108609DED190A8DED0B0A17
:10CB600010EE100A0DF0FAFD9DED0B1A41EC100BC2
:10CB70008DED0C0B9DED1A0A21EE011A20EE000A34
:10CB800030EE011A9DED180A20EE000A30EE011A6F
:10CB90009DED170A20EE000A30EE010A10EE100A91
:10CBA0000DF0DCFD41EC100B0CF0E6FBB0EE401A92
:10CBB000F0EE601A9DED0C0B53EC112B51EC100BA9
:10CBC0000DF054F941EC100B51EC100B0DF074F812
:10CBD00044F61851C2F2000108609DED180A8DED6F
:10CBE0000F0A10EE100A0DF0B9FD9DED0F0A41EC91
:10CBF000110B8DED101B9DED1A1A9DED192A22EED9
:10CC0000022A21EE011A31EE021A20EE000A30EE5D
:10CC1000011A9DED170A20EE000A30EE010A10EE0F
:10CC2000100A0DF09BFD41EC100B0CF0A5FBB0EED3
:10CC3000401AF0EE601A9DED100B53EC112B51ECE5
:10CC4000100B0DF013F941EC100B51EC100B0DF023
:10CC500033F844F61C51C2F2000108609DED170A3A
:10CC60008DED130A10EE100A0DF078FD9DED130AFC
:10CC700041EC110B8DED141B9DED1A1A9DED192A37
:10CC800022EE022A21EE011A31EE022A9DED181A37
:10CC900021EE011A31EE021A00F00AB800BF00BFFF
:10CCA0009836359D46DF913F0000000000000040AF
:10CCB00020EE000A30EE010A10EE100A0DF04EFDD3
:10CCC00041EC100B0CF058FBB0EE401AF0EE601A7D
:10CCD0009DED140B53EC112B51EC100B0DF0C6F81D
:10CCE00041EC100B51EC100B0CF0E6FF44F6205118
:10CCF000C2F20001086022B080BD000082B08DED5C
:10CD0000000A9DED000A9FED601AB4EE410AF1EEB3
:10CD100010FA09D1FFE79DED000A9FED6D1A20EE94
:10CD2000010A8DED010AABE09DED000A9FED571A57
:10CD3000B4EE410AF1EE10FA0AD0FFE79DED000AC9
:10CD40009FED531AB4EE410AF1EE10FA09D1FFE754
:10CD50009DED000A9FED5D1A20EE010A8DED010A9E
:10CD60008EE09DED000A9FED4B1AB4EE410AF1EE04
:10CD700010FA09D1FFE79DED000A9FED531A20EE4E
:10CD8000010A8DED010A7BE09DED000A9FED421A3C
:10CD9000B4EE410AF1EE10FA0AD0FFE79DED000A69
:10CDA0009FED3E1AB4EE410AF1EE10FA09D1FFE709
:10CDB0009DED000A9FED431A20EE010A8DED010A58
:10CDC0005EE09DED000A9FED361AB4EE410AF1EEE9
:10CDD00010FA09D1FFE79DED000A9FED361A20EE0B
:10CDE000010A8DED010A4BE09DED000A9FED2D1A21
:10CDF000B4EE410AF1EE10FA09D1FFE79DED000A09
:10CE00009FED2F1A20EE010A8DED010A38E09DED0D
:10CE1000000A9FED251AB4EE410AF1EE10FA09D18D
:10CE2000FFE79DED000A9FED251A20EE010A8DED2A
:10CE3000010A25E09DED000A9FED1C1AB4EE410A9F
:10CE4000F1EE10FA0AD0FFE79DED000A9FED181AE7
:10CE5000B4EE410AF1EE10FA09D1FFE79DED000AA8
:10CE60009FED151A20EE010A8DED010A08E09DEDF7
:10CE7000000A9FED101A20EE010A8DED010AFFE76E
:10CE80009DED010A02B070470000344200004842A4
:10CE90000000484300005C420000704200009642DF
:10CEA0000000824200008C420000A0420000B44218
:10CEB0000000C842CDCCCC3DB81E853D295C8F3DDD
:10CEC000EC51B83D0AD7A33D8FC2753D0AD7233D2B
:10CED0008FC2F53C80B588B00790069105920699FF
:10CEE0001E2081F84600059807991322F3F754FA9B
:10CEF00005984068C0F301300699087305984068AA
:10CF0000C0F3813006994873059800686FF3DF20FD
:10CF1000A0F580600699488005980068C0F3CA2093
:10CF2000A0F5806006998880059908684968800D99
:10CF300040EA81206FF3DF20A0F580600699C88069
:10CF400005984068C0F34A00A0F580600699088102
:10CF5000059800696FF3DF20A0F58060069948818D
:10CF600005980088400560B9FFE7069900204880D1
:10CF7000069988800699C880069908810699488193
:10CF8000FFE70598C06840F3C011C0B240EA012035
:10CF9000069A92F8352000F063FC0246069991F853
:10CFA000340002F00F0200F0F000104481F8340069
:10CFB0000598C06840F3C031C0F3072040EA012063
:10CFC000069A92F8362000F04BFC0246069991F83A
:10CFD000340000F00F0040EA021081F83400059898
:10CFE000D0F80E0000F00100069991F840200021D1
:10CFF000019100F035FC01990346069A92F8380039
:10D0000003F00F0300F0F000184482F83800059890
:10D01000C068C0F38040069A92F8422000F020FCDD
:10D0200001990346069A92F8390003F00F0300F0C5
:10D03000F000184482F839000598C068C0F34040F9
:10D04000069A92F8412000F00BFC01990346069ADB
:10D0500092F8380000F00F0040EA031082F8380020
:10D060000598C068C0F3C040069A92F8432000F0CB
:10D07000F7FB0246069991F8390000F00F0040EAEC
:10D08000021081F83900069890ED040A8DED020A2D
:10D0900005984068C117000C40EA01400DF08CFB78
:10D0A0009DED020A00EE900A9FEDD91A8DED041A4B
:10D0B000FEF796FE069880ED040A069890ED070AA2
:10D0C0008DED030A0598806840F3C031C0EA014045
:10D0D0000DF072FB9DED030A9DED041A00EE900A1F
:10D0E000FEF77EFE069880ED070A0598C068C0F33B
:10D0F0000052069991F83A0000F0F000104481F8CF
:10D100003A00069890F83A0000F00F00012818D174
:10D11000FFE741F64870C2F20000007888B9FFE7E7
:10D12000069A92F84410012020EA010301F0FE0162
:10D13000194482F8441041F64871C2F200010870A7
:10D1400015E0069890F83A00000778B9FFE741F635
:10D150004870C2F200000078012807D1FFE741F6CD
:10D160004871C2F2000100200870FFE7FFE7059850
:10D17000C068C0F34052069991F83A0000F00F00E1
:10D1800040EA021081F83A00069890F83A1001201F
:10D19000B0EB111F19D1FFE741F64270C2F2000057
:10D1A000007890B9FFE7069A92F84410012020EA2F
:10D1B000510301F0FD0141EA430182F8441041F6B8
:10D1C0004271C2F20001087017E0069890F83A1018
:10D1D0000020B0EB111F0FD1FFE741F64270C2F201
:10D1E00000000078012807D1FFE741F64271C2F242
:10D1F000000100200870FFE7FFE70598C068C0F352
:10D200008052069991F83B0000F0F000104481F83C
:10D210003B00069890F83B0000F00F00012819D160
:10D22000FFE741F64670C2F20000007890B9FFE7D0
:10D23000069A92F84410012020EA910301F0FB01C4
:10D2400041EA830182F8441041F64671C2F20001BE
:10D25000087015E0069890F83B00000778B9FFE7E2
:10D2600041F64670C2F200000078012807D1FFE7BE
:10D2700041F64671C2F2000100200870FFE7FFE7A7
:10D280000598C068C0F3C052069991F83B0000F0C1
:10D290000F0040EA021081F83B00069890F83B101E
:10D2A0000120B0EB111F19D1FFE741F64370C2F224
:10D2B0000000007890B9FFE7069A92F84410012028
:10D2C00020EAD10301F0F70141EAC30182F84410DA
:10D2D00041F64371C2F20001087017E0069890F819
:10D2E0003B100020B0EB111F0FD1FFE741F6437058
:10D2F000C2F200000078012807D1FFE741F6437130
:10D30000C2F2000100200870FFE7FFE70598C07B2C
:10D3100000F00102069991F83C0000F0F000104482
:10D3200081F83C00069890F83C0000F00F000128BE
:10D3300019D1FFE741F64770C2F20000007890B9BA
:10D34000FFE7069A92F84410012020EA111301F039
:10D35000EF0141EA031182F8441041F64771C2F22D
:10D360000001087015E0069890F83C00000778B9B5
:10D37000FFE741F64770C2F200000078012807D1AC
:10D38000FFE741F64771C2F2000100200870FFE795
:10D39000FFE70598C068C0F34062069991F83C0029
:10D3A00000F00F0040EA021081F83C00069890F867
:10D3B0003C100120B0EB111F19D1FFE741F644707A
:10D3C000C2F20000007890B9FFE7069A92F8441084
:10D3D000012020EA511301F0DF0141EA431182F8F4
:10D3E000441041F64471C2F2000108701AE0069838
:10D3F00090F83C100020B0EB111F12D1FFE741F66E
:10D400004470C2F20000007801280AD102E000BF97
:10D410000000FA4341F64471C2F200010020087096
:10D42000FFE7FFE70598C068C0F3C062069991F86E
:10D430003D0000F00F0040EA021081F83D00069820
:10D4400090F83D100120B0EB111F19D1FFE741F614
:10D450004B70C2F20000007890B9FFE7069A92F88C
:10D460004410012080EAD11301F07F0141EAC31189
:10D4700082F8441041F64B71C2F20001087017E0C7
:10D48000069890F83D100020B0EB111F0FD1FFE778
:10D4900041F64B70C2F200000078012807D1FFE787
:10D4A00041F64B71C2F2000100200870FFE7FFE770
:10D4B0000598C068C0F38062069991F83D0000F0BD
:10D4C000F000104481F83D00069890F83D0000F00F
:10D4D0000F00012819D1FFE741F64570C2F20000A4
:10D4E000007890B9FFE7069A92F84410012020EAEC
:10D4F000911301F0BF0141EA831182F8441041F613
:10D500004571C2F20001087015E0069890F83D00E0
:10D51000000778B9FFE741F64570C2F200000078D5
:10D52000012807D1FFE741F64571C2F20001002052
:10D530000870FFE7FFE70598C068C0F3007206991E
:10D5400091F83E0000F0F000104481F83E0006988B
:10D5500090F83E0000F00F00012818D1FFE741F6D7
:10D560004A70C2F20000007888B9FFE7069A92F884
:10D570004510012020EA010301F0FE01194482F860
:10D58000451041F64A71C2F20001087015E0069894
:10D5900090F83E00000778B9FFE741F64A70C2F202
:10D5A00000000078012807D1FFE741F64A71C2F276
:10D5B000000100200870FFE7FFE70598C068C0F38E
:10D5C0004072069991F83E0000F00F0040EA021008
:10D5D00081F83E00069890F83E100120B0EB111F34
:10D5E00019D1FFE741F64170C2F20000007890B90E
:10D5F000FFE7069A92F84510012020EA510301F056
:10D60000FD0141EA430182F8451041F64171C2F241
:10D610000001087017E0069890F83E100020B0EB6B
:10D62000111F0FD1FFE741F64170C2F200000078F0
:10D63000012807D1FFE741F64171C2F20001002045
:10D640000870FFE7FFE70598C068C0F3807206998D
:10D6500091F83F0000F0F000104481F83F00069878
:10D6600090F83F0000F00F00012819D1FFE741F6C4
:10D670004970C2F20000007890B9FFE7069A92F86C
:10D680004510012020EA910301F0FB0141EA8301EA
:10D6900082F8451041F64971C2F20001087015E0A8
:10D6A000069890F83F00000778B9FFE741F6497007
:10D6B000C2F200000078012807D1FFE741F6497166
:10D6C000C2F2000100200870FFE7FFE70598C1687B
:10D6D000102000EAD162069991F83F0000F00F0097
:10D6E000104481F83F00069890F83F100120B0EBFD
:10D6F000111F19D1FFE741F64070C2F20000007817
:10D7000090B9FFE7069A92F84510012020EAD1036C
:10D7100001F0F70141EAC30182F8451041F640717A
:10D72000C2F20001087017E0069890F83F10002040
:10D73000B0EB111F0FD1FFE741F64070C2F20000BD
:10D740000078012807D1FFE741F64071C2F20001DD
:10D7500000200870FFE7FFE70598427B069991F8E3
:10D76000340000F00F0040EA021081F834000698FF
:10D7700090F834100120B0EB111F16D1FFE741F6ED
:10D780004C70C2F20000007878B9FFE7069991F872
:10D790003600B0FA80F0400981F8360041F64C714D
:10D7A000C2F200010120087017E0069890F83410CA
:10D7B0000020B0EB111F0FD1FFE741F64C70C2F211
:10D7C00000000078012807D1FFE741F64C71C2F252
:10D7D000000100200870FFE7FFE70598027B06992B
:10D7E00091F8340002F00F0200F0F000104481F8CC
:10D7F0003400069890F8340000F00F00012816D18C
:10D80000FFE741F64D70C2F20000007878B9FFE7FB
:10D81000069991F83500B0FA80F0400981F835009A
:10D8200041F64D71C2F200010120087015E0069822
:10D8300090F83400000778B9FFE741F64D70C2F266
:10D8400000000078012807D1FFE741F64D71C2F2D0
:10D85000000100200870FFE7FFE708B080BD00006E
:10D8600086B0039102908DF807200298039980F00A
:10D870000100084390B9FFE79DF80700142809DC70
:10D88000FFE79DF8070001308DF8070001208DF8B3
:10D89000170009E002208DF8170005E000208DF840
:10D8A00007008DF81700FFE79DF8170006B07047D6
:10D8B00080B586B08DF817000491F4F745F8BCEEFA
:10D8C000C00A8DED030A9DF8170040F2E001C2F294
:10D8D000000191F90010884224D0FFE70020029057
:10D8E000FFE70298022815DCFFE7029A40F2D40015
:10D8F000C2F2000050F8220040F2CE01C2F2000154
:10D9000031F812100122F6F74DFCFFE702980130C2
:10D910000290E6E79DF8170040F2E001C2F2000134
:10D920000870FFE7039841F65071C2F200010968E0
:10D93000401A0499884210D9FFE741F64E71C2F2AD
:10D9400000010878B0FA80F040090870039841F6A9
:10D950005071C2F200010860FFE700200190FFE76C
:10D960000198022846DCFFE79DF8170000EB400114
:10D9700040F2BC00C2F2000008440199405CA0B330
:10D98000FFE741F64E70C2F2000090F9000088B93E
:10D99000FFE7019A40F2D400C2F2000050F82200E2
:10D9A00040F2CE01C2F2000131F812100022F6F767
:10D9B000F9FBFFE741F64E70C2F2000090F900005B
:10D9C000012811DBFFE7019A40F2D400C2F2000007
:10D9D00050F8220040F2CE01C2F2000131F81210DC
:10D9E0000122F6F7DFFBFFE7FFE7FFE701980130D1
:10D9F0000190B5E706B080BD80B582B00190019876
:10DA0000007B0146009120B1FFE70098012805D076
:10DA100097E003206421FFF74BFF92E00198007824
:10DA2000012832D1FFE70198807801282DD1FFE746
:10DA30000198C078012828D1FFE70198C079012812
:10DA400023D1FFE70198007A01281ED1FFE7019852
:10DA5000407A012819D1FFE70198807A012814D172
:10DA6000FFE70198007901280FD1FFE7019840797D
:10DA700001280AD1FFE701988079012805D1FFE745
:10DA80000520C821FFF714FFFFE70198007848BB85
:10DA9000FFE70198807800B3FFE70198C078E0B114
:10DAA000FFE70198C079C0B1FFE70198007AA0B103
:10DAB000FFE70198407A80B1FFE70198807A60B172
:10DAC000FFE70198007940B1FFE70198407920B164
:10DAD000FFE70198807928B9FFE704203221FFF79A
:10DAE000E7FEFFE701980078012829D1FFE70198B8
:10DAF000807800B3FFE70198C078E0B1FFE70198B4
:10DB0000C079C0B1FFE70198007AA0B1FFE70198A2
:10DB1000407A80B1FFE70198807A60B1FFE7019811
:10DB2000007940B1FFE70198407920B1FFE7019803
:10DB3000807928B9FFE705203221FFF7B9FEFFE71A
:10DB4000FFE702B080BD000081B000900099012085
:10DB5000087301B07047000082B08DED010A019892
:10DB60000090009820F0004000909DED000A02B067
:10DB70007047000085B08DED040ACDED030A8DEDF0
:10DB8000021A9DED020A9DED041AB4EE410AF1EE6F
:10DB900010FA05DDFFE79DED040A8DED010A18E09E
:10DBA0009DED020A9DED031AB4EE410AF1EE10FA62
:10DBB00005DAFFE79DED030A8DED000A04E09DED17
:10DBC000020A8DED000AFFE79DED000A8DED010AC6
:10DBD000FFE79DED010A05B07047000082B001909B
:10DBE000009101998888488000980178407840EA3F
:10DBF00001200199888001990889C880009881785E
:10DC0000C07840EA012001990881009801794079A3
:10DC100040EA01200199C8810198B0F90210B0F9D9
:10DC20000400401A10F57A6F05DAFFE70199888C35
:10DC3000013088840FE00198B0F90210B0F90400B7
:10DC4000401AB0F57A6F05DDFFE70199888C01383D
:10DC50008884FFE7FFE70198B0F9242047F6F460D5
:10DC6000002182420846C8BF012048F20C13CFF6BB
:10DC7000FF739A42B8BF0121084368B1FFE70199D9
:10DC8000002088840198B0F9041000EE101AB8EE54
:10DC9000C00A80ED0B0AFFE70199B1F90400B1F960
:10DCA000242000EB4230486101990F20087002B037
:10DCB0007047000082B001900091019988884880E7
:10DCC00000980178407840EA012001998880019904
:10DCD0000889C88000988178C07840EA01200199BD
:10DCE000088100980179407940EA01200199C881B2
:10DCF00000988079019908740198B0F90210B0F980
:10DD00000400401A10F57A6F05DAFFE70199888C54
:10DD1000013088840FE00198B0F90210B0F90400D6
:10DD2000401AB0F57A6F05DDFFE70199888C01385C
:10DD30008884FFE7FFE70198B0F9242047F6F460F4
:10DD4000002182420846C8BF012048F20C13CFF6DA
:10DD5000FF739A42B8BF0121084368B1FFE70199F8
:10DD6000002088840198B0F9041000EE101AB8EE73
:10DD7000C00A80ED0B0AFFE701990F200870019996
:10DD8000B1F90400B1F9242000EB4230486102B03F
:10DD90007047000080B584B0039002910192009317
:10DDA00003980299019A009B00F008F80398FFF786
:10DDB000CBFE0398FFF720FE04B080BD80B584B091
:10DDC0000390029101920093029890F84600042873
:10DDD00008DCFFE70299032081F846000399002040
:10DDE000087003E0039901200870FFE7029991F899
:10DDF0004600013881F84600009890F90E0004288A
:10DE000007DCFFE700990320887303990020C8729C
:10DE100003E003990120C872FFE7019841F29041A5
:10DE20000844F3F72DFD0399C870019800F5B85028
:10DE3000F3F726FD03998870019800F59360F3F7D6
:10DE4000E9FB03990871019800F5DC60F3F7E2FB48
:10DE500003994871019800F62810F3F7DBFB03994A
:10DE60008871019800F53760F3F7D4FB0399C87106
:10DE7000019800F6B850F3F7CDFB039908720198AA
:10DE800000F58050F3F7C6FB03994872019841F200
:10DE900048210844F3F7BEFB0399887204B080BDA3
:10DEA00080B590B0DDF858C0DDF854C0DDF850C042
:10DEB000DDF84CC0DDF848C08DF83F000E910D92A2
:10DEC0000C939DF83F00013801460991032800F2A8
:10DED00006820999DFE811F004005B0101020202E9
:10DEE0001599B1F8780BB1F8762B801AA1F87A0B56
:10DEF0001599B1F8C00DB1F8BE2D801AA1F8C20D68
:10DF0000159941F20800085A41F206028A5A801A0D
:10DF100041F20A028852159941F25020085A41F202
:10DF20004E228A5A801A41F2522288520E9890F854
:10DF300045008008C007A0B1FFE7129890ED030AE2
:10DF40009FEDE81AB4EE410AF1EE10FA04DCFFE7A7
:10DF50001498C07A28B9FFE70020C4F27A300B90F9
:10DF600018E00C98B0F8400050B1FFE70C98B0F8FA
:10DF7000400000EE100AB8EE400A8DED080A04E0F9
:10DF80009FEDDE0A8DED080AFFE79DED080A8DED95
:10DF90000B0AFFE70E98B0F9021001EB410190F86F
:10DFA000392002F00F00C0EB12104FF425725043DD
:10DFB00000EB4100404200EE100AB8EEC00A0D9896
:10DFC00080ED010A0E98B0F9041001EB410190F8C0
:10DFD000383003F00F00A0EB1310504300EB41006A
:10DFE000404200EE100AB8EEC00A0D9880ED000A1B
:10DFF0000E98B0F90A1001EB410190F83A0000F0D8
:10E000000F00504300EB4100404200EE100AB8EE12
:10E01000C00A0D9880ED020A0D9890ED000AB5EE49
:10E02000400AF1EE10FA13D1FFE70D9890ED010AC6
:10E03000B5EE400AF1EE10FA0AD1FFE70D9890ED27
:10E04000020AB5EE400AF1EE10FA00F09F80FFE7F9
:10E0500042F22400C2F20000079090ED000A9FED0A
:10E06000A81A30EE010A80ED000A9DED0B0AFEF7BA
:10E0700045FE07988DED0A0A90ED000A9DED0A1AFB
:10E08000B4EE410AF1EE10FA07DDFFE70A9842F21A
:10E090002401C2F200010860FFE742F22000C2F250
:10E0A0000000039090ED000AFFF756FDB0EE401A15
:10E0B0009FED940A8DED050ADFED930ACDED040A7C
:10E0C000FFF758FD03989DED051A80EE011AB7EE93
:10E0D000000A8DED060A30EE411A0D9991ED000A05
:10E0E00020EE010A81ED000A90ED000AFFF734FDF1
:10E0F000DDED040AB0EE401A9DED050AFFF73AFD8A
:10E100009DED052AB0EE401A9DED060A81EE021A39
:10E1100030EE411A0D9890ED010A20EE010A80EDD3
:10E12000010A42F22400C2F2000090ED001A0D999B
:10E1300091ED000A20EE010A81ED000A90ED001A2F
:10E140000D9991ED010A20EE010A81ED010A90ED91
:10E15000001A0D9890ED020A20EE010A80ED020AE5
:10E160000D98006844F65C31C2F2000108600D9819
:10E17000406844F66031C2F2000108600D98806882
:10E1800044F65831C2F200010860FFE7A7E00E989C
:10E19000007B012805D0FFE70E98007B022860D1A4
:10E1A000FFE70D99012081F898000E98B0F908104A
:10E1B00000EE101AB8EEC00A90ED071A9FED4C2A37
:10E1C0008DED012A21EE021A9FED4A2A20EE020A65
:10E1D00030EE411A0D9890ED080A30EE010A80EDFC
:10E1E000080A0D9890ED081A90ED090AD0ED0A0A78
:10E1F000FFF7C0FC9DED011A0D9880ED080A0E98FE
:10E20000B0F9061000EE101AB8EEC00A8DED020A41
:10E2100090ED040A20EE011AB7EE000AFFEE000AA4
:10E22000FFF7A8FCB0EE401A9DED020A9FED322ADE
:10E2300020EE020A30EE410A0E9890F83B1001F0F1
:10E240000F00C0EB111001EE100AB8EEC11A30EE4B
:10E25000411A0D9890ED0B0A30EE010A80ED0B0A81
:10E260003AE00E98007B032835D1FFE70D99002096
:10E2700081F89800139890F83300C00750B3FFE777
:10E2800043F6A020C2F2000090ED000AB7EE001A9B
:10E2900030EE010A80ED000A90ED000A9FED121A9F
:10E2A000B4EE410AF1EE10FA13DDFFE7139890ED9A
:10E2B000070A9FED0E1A20EE410A0D9880ED080A1C
:10E2C000139890ED080A20EE410A0D9880ED0B0A94
:10E2D000FFE7FFE7FFE7FFE701E000E0FFE710B03F
:10E2E00080BD00BF000034430000FA43610BB6411B
:10E2F0000AD7233C6F1283BBA69BC4BB00003442E9
:10E3000017B7D13800E02B450000000080B586B07B
:10E3100005900491039243F2D050C2F200000190A4
:10E32000FFE70198007818B9FFE705F009FEFFE75D
:10E33000FFE7EFF311804FF0200181F31188009087
:10E3400005980499039A00F007F80290009880F36A
:10E350001188029806B080BD80B58AB009900891F6
:10E36000079208980490099800EB400143F2D050BE
:10E37000C2F2000000EBC10018300390039840691E
:10E38000029040B1FFE70298012819D0FFE70298F8
:10E3900002282CD032E0039805F024FE0590059861
:10E3A0000799884203D2FFE70020069007E007980C
:10E3B000069003980499079A06F09EF8FFE720E07C
:10E3C000039805F00FFE059005980799884203D23F
:10E3D000FFE70598019002E007980190FFE7019898
:10E3E000069003980499069A06F086F809E00398C7
:10E3F0000499079A06F00EF8069002E000200690B5
:10E40000FFE706980AB080BD82B080B584B007935C
:10E4100006920390029106A80090039802996A461A
:10E4200000F008F80190019804B0BDE8804002B007
:10E430007047000080B5A4B023902291219207A8D4
:10E440001B9040201C9000201D9023991F911E902E
:10E45000FFE7229800788DF88300229801302290FF
:10E460009DF8830008B9FFE76DE19DF8830025283A
:10E4700040F05C81FFE70020189001201A90FFE730
:10E48000229800788DF883009DF883002338014698
:10E4900004910D2829D80499DFE801F01F272727C8
:10E4A0002727272717270727270F189840F001004D
:10E4B00018902298013022901AE0189840F002003B
:10E4C000189022980130229012E0189840F0040031
:10E4D00018902298013022900AE0189840F0080025
:10E4E000189022980130229002E000201A90FFE755
:10E4F000FFE71A980028C3D1FFE700201790FFE735
:10E50000229800788DF883009DF88300302805DB81
:10E51000FFE79DF883003A2801DBFFE710E022982F
:10E5200001302290179800EB80019DF8830000EBEA
:10E53000410030381790FFE701200028E0D1FFE7C5
:10E5400000201990229800788DF883009DF88300B0
:10E550002E2825D1FFE7229801302290FFE722984C
:10E5600000788DF883009DF88300302805DBFFE7F5
:10E570009DF883003A2801DBFFE710E02298013084
:10E580002290199800EB80019DF8830000EB410078
:10E5900030381990FFE701200028E0D1FFE7FFE7BE
:10E5A000229800788DF88300FFE79DF883006C289F
:10E5B00005D0FFE79DF88300682808D1FFE722987F
:10E5C00001302290229800788DF8830000E004E06A
:10E5D000FFE701200028E8D1FFE79DF8830001460E
:10E5E0000391252800F09880FFE7039858284FD022
:10E5F000FFE70398632814D0FFE7039864281FD02F
:10E60000FFE70398702876D0FFE70398732853D06C
:10E61000FFE70398752827D0FFE70398782837D0BD
:10E620007FE0219A1068011D116000681A901A9805
:10E630008DF81B009DF81B101BA805F0AFFE71E0C4
:10E64000219A1068011D116000681A901A99199B8F
:10E650001798DDF860C06A46C2F804C010601BA8B5
:10E660000A2205F0DFFC5DE0219A1068011D1160AF
:10E6700000681A901A99199B1798DDF860C06A46CD
:10E68000C2F804C010601BA80A2205F0B1FD49E0E1
:10E69000219A1068011D116000681A901A99199B3F
:10E6A0001798DDF860C06A46C2F804C010601BA865
:10E6B000102205F09DFD35E0219A1068011D1160C2
:10E6C00000680590FFE7059800788DF883000598AD
:10E6D000013005909DF8830008B9FFE70AE09DF836
:10E6E00083101BA805F05AFEFFE71E98B0F1FF3F0C
:10E6F000E9DCFFE716E0219A1068011D116000684F
:10E700001A901A99684600224260082303601BA8E9
:10E71000102205F06DFD05E01BA8252105F03EFE49
:10E7200000E0FFE722980130229005E09DF8831079
:10E730001BA805F033FEFFE7FFE71E98B0F1FF3F8F
:10E740003FF787AEFFE71E9801280EDBFFE71D9815
:10E7500030B1FFE723981D9A07A9FFF7D7FDFFE720
:10E760001D991E9808441E90FFE71E9824B080BD96
:10E7700081B0ADF80200BDF8020044F23441C4F2A9
:10E780000101086001B0704780B586B00490039124
:10E79000029204984068B0F5827F13D1FFE7049895
:10E7A0008068B0F5004F06D0FFE704988068B0F5A8
:10E7B000806F07D1FFE704980168086820F04000E7
:10E7C0000860FFE704984068B0F5827F31D1FFE729
:10E7D00004988068B0F5806F15D0FFE70498039B1C
:10E7E00002996A4611608021002200F0CDF848B1FC
:10E7F000FFE70499486D40F02000486503208DF83C
:10E8000017002FE014E00498039B02996A461160F8
:10E810000121002200F0B8F848B1FFE70499486DE3
:10E8200040F02000486503208DF817001AE0FFE74C
:10E8300014E00498039B02996A46116001210022AA
:10E8400000F0A2F848B1FFE70499486D40F02000BD
:10E85000486503208DF8170004E0FFE700208DF8DD
:10E860001700FFE79DF8170006B080BD80B586B0A1
:10E8700004900391029240F2E400C2F200000068AA
:10E880004AF6AB21CAF6AA21A0FB011000094DF6F9
:10E890008361C4F21B31A0FB0110800C4FF47A712C
:10E8A0004843019004984068B0F5827F15D1FFE796
:10E8B0000498039B02996A4611608021002200F0AF
:10E8C00063F848B1FFE70499486D40F020004865BF
:10E8D00003208DF8170017E012E0FFE7019808B950
:10E8E000FFE70CE0019801380190FFE70498006809
:10E8F0008068C1B20020B0EBD11FEFD1FFE7FFE786
:10E9000000208DF81700FFE79DF8170006B080BDC6
:10E9100080B582B0019001980DF1030101220A2314
:10E92000F7F70AFE9DF8030002B080BD80B584B001
:10E93000039002918DF80720039802999DF8072013
:10E940000A23F7F7F9FD04B080BD000080B582B05E
:10E9500001908DF8031001980DF1030101220A23A3
:10E96000F7F702FF02B080BD80B584B0039002913A
:10E970008DF80720039802999DF807200A23F7F7DE
:10E98000F3FE04B080BD000080B58AB0DDF830C071
:10E99000089007918DF81B20059305980190F5F7D5
:10E9A00019FC024601980C99891A08440390F5F75E
:10E9B00011FC0290039840F2E401C2F200010968E0
:10E9C000C1F3CB3148430490FFE7089800688068A2
:10E9D00007990840401AB0FA80F040099DF81B10D2
:10E9E00088425ED0FFE705980130002858D0FFE745
:10E9F000F5F7F0FB0299401A0399884204D2FFE729
:10EA00000398002842D1FFE708980168486820F081
:10EA1000E000486008984068B0F5827F13D1FFE7B6
:10EA200008988068B0F5004F06D0FFE70898806826
:10EA3000B0F5806F07D1FFE708980168086820F0FB
:10EA400040000860FFE70898806AB0F5005F0FD1CA
:10EA5000FFE7FFE708980168086820F400500860A5
:10EA600008980168086840F400500860FFE7FFE775
:10EA70000899012081F85100FFE70899002081F8EA
:10EA80005000FFE703208DF827000EE0049818B926
:10EA9000FFE700200390FFE7049801380490FFE7A8
:10EAA00093E700208DF82700FFE79DF827000AB0C4
:10EAB00080BD000000000000000000000000000019
:10EAC000074B19680868B0E8F04F80F30988BFF376
:10EAD0006F8F4FF0000080F31188704700BF00BFB8
:10EAE000544C002084B00390039800900098007864
:10EAF000ADF8080000980130009000980078ADF85B
:10EB00000600BDF80610BDF8080040EA0120ADF887
:10EB10000A00BDF80A0004B07047000086B08DED11
:10EB2000040A9DED040AB5EE400AF1EE10FA03DC8A
:10EB3000FFE7002005904AE09DED040AB0EE001AC0
:10EB400080EE010A8DED030A9DED040A9FED221A65
:10EB500020EE010A8DED010AFFE79DED030A9DED10
:10EB6000041A20EE000A30EE410A8DED020A9DEDF6
:10EB7000021A9DED030A30EE002A81EE021A30EEF1
:10EB8000410A8DED030AFFE79DED020A9DED011A92
:10EB90000120B4EE410AF1EE10FA00900FDCFFE71D
:10EBA0009DED020A9DED011AB1EE411A0020B4EE6E
:10EBB000410AF1EE10FAB8BF01200090FFE700987B
:10EBC000C0070028C9D1FFE703980590FFE79DED36
:10EBD000050A06B0704700BF6F12833A80B586B051
:10EBE0000590F2F7BBFF00200490FFE70498013086
:10EBF000049004984BF23442C0F601020292694636
:10EC00004A6008604BF29A41C0F601014BF2414262
:10EC1000C0F601024BF22C43C0F601030020039022
:10EC2000FFF7F2FB029903986A4611604BF27641B6
:10EC3000C0F601014BF23942C0F601024BF2284303
:10EC4000C0F60103FFF7E0FB029903986A461160E2
:10EC50004BF25141C0F601014BF24942C0F60102AC
:10EC60004BF23043C0F60103FFF7CEFB012007F063
:10EC7000DFFBBBE780B584B0039009F0C1FE0290D2
:10EC800040F25820C2F200000190FBF7F3FF019818
:10EC9000F1F726FEFFE743F28850C2F2000040F28F
:10ECA0005821C2F20001F1F751FD02A8022107F03C
:10ECB000D3FBF0E780B588B0079009F0A1FE06907D
:10ECC0004AF61C32C0F6010210685168926805923B
:10ECD0000491039044F61030C2F20000002102912A
:10ECE00003AA9FED210ADFED210AFDF75DFDB2EEDB
:10ECF000040A9FED1F1AF7EE001A9FED1E2ADFEDA2
:10ED00001E2AF0EE420AF9F749FF029944F69400F0
:10ED1000C2F20000F8F74CFEFFE7F1F74DFF08B133
:10ED2000FFE7FAE7FFE741F66C40C2F2000001900E
:10ED300044F61031C2F20001FAF78AFE42F23000C6
:10ED4000C2F20000F2F7DAFD0198BCEEC00A42F20E
:10ED50003401C2F2000181ED000AFDF79DFD06A815
:10ED6000012107F079FBDEE700A08C450000164486
:10ED70008096184B6F12833A0000000080B58EB069
:10ED80000D9009F03DFE0C9041F66871C2F2000151
:10ED90000B9141F65630A1F8480040F25820C2F2DB
:10EDA0000000FBF7C7FE0B9943F68822C2F200026F
:10EDB000107041F64E20C4F2094048624BF6B40090
:10EDC000CCF2A0308862FFE741F66870C2F2000022
:10EDD00006908C30F2F792FD069880ED1E0AF2F74D
:10EDE000B3FD069A82ED210A41F66C40C2F20000A2
:10EDF00009906946086140F25820C2F2000008906C
:10EE0000C86041F65470C2F200000790886043F277
:10EE10002050C2F20000486041F6E830C2F2000023
:10EE2000086043F28851C2F200010A9143F2644340
:10EE3000C2F200030220FFF733F806980799089AF8
:10EE4000099B07F08DF901460A9844F66432C2F234
:10EE500000021170F2F7F2F8012008F045FEB3E766
:10EE600080B582B0019009F0CBFD0090FFE76846C5
:10EE7000012108F071FEFAE780B584B0039009F033
:10EE8000BFFD0290FFE741F66870C2F200000190FA
:10EE90009030F2F733FD019880ED1F0A41F6E8301B
:10EEA000C2F2000000F1080341F65470C2F2000003
:10EEB00043F28851C2F2000140F25822C2F200022D
:10EEC000FEF768FF07F020F94AF66450C2F200002E
:10EED00080ED000A02A8052107F0BEFAD3E7000082
:10EEE00080B582B04FF0500080F31188BFF36F8F70
:10EEF000BFF34F8F009009F08DFD40B1FFE74EF654
:10EF00000451CEF200014FF080500860FFE700206E
:10EF10000190019880F3118802B080BD80B594B053
:10EF200008A83021F1F7D9FA002007900690059043
:10EF300004900390FFE70020029043F64000C4F2E3
:10EF40000200016841F080510160006800F08050CB
:10EF500002900298FFE7FFE70020019047F20000CF
:10EF6000C4F20000016841F480410160006800F4CF
:10EF7000804001900198FFE7012008904FF4803015
:10EF8000099002200E904FF480010F9106211091FC
:10EF9000A821119112900720139008A8F6F7DAFD26
:10EFA00018B1FFE7F2F7D2FDFFE70F200390022030
:10EFB0000490002005904FF4A05006904FF480502C
:10EFC000079003A80521F6F7CBFB18B1FFE7F2F78E
:10EFD000BDFDFFE714B080BD4EF68851CEF20001B2
:10EFE000086840F4700008607047000080B544F67F
:10EFF0004C00C2F20000F8F711FA44F69400C2F295
:10F000000000F8F70BFA80BD80B544F6DC00C2F2D0
:10F010000000F8F703FA80BD80B544F62410C2F270
:10F020000000F8F7FBF980BD80B582B044F6B4105B
:10F03000C2F200000190F8F7F1F90198F1F716FF1C
:10F0400002B080BD83B002900191029800680090E8
:10F0500002980021C4F20101884225D0FFE70298FE
:10F06000B0F1804F20D0FFE7029840F20041C4F297
:10F070000001884218D0FFE7029840F60001C4F270
:10F080000001884210D0FFE7029840F60041C4F228
:10F090000001884208D0FFE7029840F20041C4F224
:10F0A000010188420AD1FFE7009820F0700000902B
:10F0B00001984168009808430090FFE702980021FA
:10F0C000C4F20101884255D0FFE70298B0F1804FA9
:10F0D00050D0FFE7029840F20041C4F2000188429C
:10F0E00048D0FFE7029840F60001C4F200018842D0
:10F0F00040D0FFE7029840F60041C4F20001884288
:10F1000038D0FFE7029840F20041C4F20101884282
:10F1100030D0FFE7029844F20001C4F201018842B6
:10F1200028D0FFE7029844F20041C4F2010188426E
:10F1300020D0FFE7029844F60001C4F201018842A2
:10F1400018D0FFE7029841F60001C4F2000188429E
:10F1500010D0FFE7029841F60041C4F20001884256
:10F1600008D0FFE7029842F20001C4F20001884291
:10F170000AD1FFE7009820F4407000900198C16820
:10F18000009808430090FFE7009820F08000019964
:10F1900049690843009000980299086001988068C6
:10F1A0000299C86201980068029988620298002159
:10F1B000C4F20101884208D0FFE7029840F2004102
:10F1C000C4F20101884205D1FFE701980069029964
:10F1D0000863FFE702990120486103B0704700000F
:10F1E00084B0039002910192029800F01F01012067
:10F1F00088400090009A0399086A90430862019839
:10F20000029901F01F0100FA01F20399086A104304
:10F21000086204B07047000085B004900391029228
:10F220000193049880680090009820F47F4000903B
:10F2300003980299019A41EA022101430098084388
:10F24000009000980499886005B0704783B00290E0
:10F250000191029880680090009820F07000009062
:10F2600001980099084340F0070000900098029927
:10F27000886003B07047000085B004900391049942
:10F28000086A20F0010008620498006A019004985E
:10F2900040680090049880690290029820F0700005
:10F2A0000290029820F003000290039801680298EF
:10F2B00008430290019820F00200019003988168B1
:10F2C00001980843019004980021C4F2010188428A
:10F2D00008D0FFE7049840F20041C4F201018842DF
:10F2E0000ED1FFE7019820F0080001900398C16853
:10F2F000019808430190019820F004000190FFE775
:10F3000004980021C4F20101884208D0FFE7049864
:10F3100040F20041C4F20101884213D1FFE7009896
:10F3200020F480700090009820F400700090039802
:10F330004169009808430090039881690098084348
:10F340000090FFE70098049948600298049988614A
:10F35000039840680499486301980499086205B0CD
:10F360007047000085B0049003910499086A20F06A
:10F37000100008620498006A0190049840680090A8
:10F38000049880690290029820F4E040029002986C
:10F3900020F44070029003980168029840EA01202E
:10F3A0000290019820F02000019003988168019854
:10F3B00040EA0110019004980021C4F20101884242
:10F3C00008D0FFE7049840F20041C4F201018842EE
:10F3D0000FD1FFE7019820F0800001900398C168E9
:10F3E000019840EA01100190019820F0400001903E
:10F3F000FFE704980021C4F20101884208D0FFE72A
:10F40000049840F20041C4F20101884215D1FFE79F
:10F41000009820F480600090009820F40060009034
:10F4200003984169009840EA81000090039881693F
:10F43000009840EA81000090FFE700980499486036
:10F440000298049988610398406804998863019838
:10F450000499086205B0704785B00490039104993F
:10F46000086A20F4807008620498006A0190049889
:10F47000406800900498C0690290029820F07000E3
:10F480000290029820F0030002900398016802980D
:10F4900008430290019820F400700190039881685D
:10F4A000019840EA0120019004980021C4F2010172
:10F4B000884208D0FFE7049840F20041C4F20101FD
:10F4C00088420FD1FFE7019820F400600190039873
:10F4D000C168019840EA01200190019820F4806001
:10F4E0000190FFE704980021C4F20101884208D08E
:10F4F000FFE7049840F20041C4F20101884215D1AF
:10F50000FFE7009820F480500090009820F400500D
:10F51000009003984169009840EA01100090039818
:10F520008169009840EA01100090FFE70098049973
:10F53000486002980499C861039840680499C863B8
:10F5400001980499086205B07047000085B00490E6
:10F5500003910499086A20F4805008620498006AB4
:10F5600001900498406800900498C0690290029845
:10F5700020F4E0400290029820F44070029003983A
:10F580000168029840EA01200290019820F400509E
:10F59000019003988168019840EA01300190049835
:10F5A0000021C4F20101884208D0FFE7049840F22C
:10F5B0000041C4F2010188420BD1FFE7009820F41A
:10F5C0008040009003984169009840EA81100090C3
:10F5D000FFE700980499486002980499C86103986D
:10F5E00040680499086401980499086205B070475E
:10F5F00085B00490039102920498006A00900499E7
:10F60000086A20F00100086204988069019001985E
:10F6100020F0F00001900299019840EA0110019059
:10F62000009820F00A000090039900980843009089
:10F6300001980499886100980499086205B07047A0
:10F6400085B00490039102920499086A20F010009A
:10F6500008620498806901900498006A00900198FB
:10F6600020F4704001900299019840EA0130019025
:10F67000009820F0A00000900399009840EA011043
:10F68000009001980499886100980499086205B077
:10F690007047000080B582B001900198806B0090A7
:10F6A00000990020C8850099C8840098F8F7E4FA0A
:10F6B00002B080BD80B584B0039000200290039812
:10F6C000806B0190019800684069C0B2C009029047
:10F6D000019890F83D0021280AD1FFE7029838B13F
:10F6E000FFE701990020C884019800F059F9FFE76D
:10F6F000019800684069C0F380100290019890F86A
:10F700003E0022280AD1FFE7029838B1FFE70199AD
:10F710000020C885019800F0E5F8FFE70199086C22
:10F7200040F0100008640198F8F7A6FA04B080BD14
:10F7300080B586B005900598806B049005980068A8
:10F740000068C00500285AD4FFE704990020C88546
:10F75000FFE7FFE70498006850E8030F20F480708B
:10F760000390FFE703990498026842E80310002819
:10F77000F0D1FFE7FFE7FFE7FFE70498006850E8F4
:10F78000050F20F001000290FFE70299049802683B
:10F7900042E805100028F0D1FFE7FFE7FFE7FFE7A9
:10F7A0000498006850E8050F20F040000190FFE742
:10F7B00001990498026842E805100028F0D1FFE79B
:10F7C000FFE70499202081F83E000498006B01288F
:10F7D00014D1FFE7FFE7FFE70498006850E8030F44
:10F7E00020F010000090FFE700990498026842E8BA
:10F7F00003100028F0D1FFE7FFE7FFE7FFE70498D9
:10F80000006B012805D1FFE70498818DF8F7C8F94E
:10F8100003E00498F8F748FFFFE706B080BD00005A
:10F8200080B582B001900198806B00900098006BC9
:10F83000012806D1FFE70098818D4908F8F7B0F953
:10F8400003E00098F8F734FFFFE702B080BD000046
:10F8500080B584B003900398806B02900398006891
:10F860000068C00500282AD4FFE702990020C88458
:10F87000FFE7FFE70298006850E8050F20F08000DE
:10F880000190FFE701990298026842E805100028FC
:10F89000F0D1FFE7FFE7FFE7FFE70298006850E8D5
:10F8A000030F40F040000090FFE7009902980268C3
:10F8B00042E803100028F0D1FFE7FFE703E00298D9
:10F8C000F8F782FFFFE704B080BD000080B582B08A
:10F8D00001900198806B00900098F8F779FF02B0D2
:10F8E00080BD000084B00390FFE7FFE70398006845
:10F8F00050E8030F20F490700290FFE702990398FC
:10F90000026842E803100028F0D1FFE7FFE7FFE7B5
:10F91000FFE70398006850E8050F20F00100019010
:10F92000FFE701990398026842E805100028F0D12A
:10F93000FFE7FFE70398006B012814D1FFE7FFE71B
:10F94000FFE70398006850E8030F20F010000090D4
:10F95000FFE700990398026842E803100028F0D1FD
:10F96000FFE7FFE7FFE70399202081F83E000399B6
:10F970000020086304B0704780B582B00190019800
:10F980000168C86820F04000C8600199202081F813
:10F990003D000198F8F718FF002002B080BD00007C
:10F9A00082B00190FFE7FFE70198006850E8030F7D
:10F9B00020F0C0000090FFE700990198026842E83B
:10F9C00003100028F0D1FFE7FFE70199202081F81C
:10F9D0003D0002B07047000080B586B004900498E6
:10F9E00090F83E00222840F0A180FFE7049880684C
:10F9F000B0F5805F15D1FFE70498006988B9FFE78B
:10FA0000002003900498806A02900498006840687F
:10FA10006FF35F20029908800499886A0230886237
:10FA200025E00498806A0390002002900498806882
:10FA3000B0F5805F08D0FFE70498806850B9FFE711
:10FA40000498006930B9FFE704980068406803999A
:10FA5000087007E004980068406800F07F00039990
:10FA60000870FFE70499886A01308862FFE704990B
:10FA7000C88D0138C8850004002853D1FFE70498D9
:10FA80000168C86820F02000C86004980168C86850
:10FA900020F48070C86004980168486920F0010073
:10FAA00048610499202081F83E000498006B0128E9
:10FAB00030D1FFE7049900200863FFE7FFE70498CF
:10FAC000006850E8030F20F010000190FFE7019953
:10FAD0000498026842E803100028F0D1FFE7FFE72E
:10FAE000049800680068C00600280ED5FFE7FFE70D
:10FAF0000020009004980068006800900498006856
:10FB0000406800900098FFE7FFE70498818DF8F7C0
:10FB100047F803E00498F8F7C7FDFFE700208DF8E9
:10FB2000170007E000208DF8170003E002208DF891
:10FB30001700FFE79DF8170006B080BD80B586B0BE
:10FB4000059005980068006920F44050059A1168F6
:10FB5000D26810430861059988680B694A69C969C8
:10FB6000184310430843049005980068C06849F2A0
:10FB70000C6188430499084305990968C860059891
:10FB80000068406920F44070059A1168926910433A
:10FB900048610598006841F20001C4F20101884201
:10FBA00009D0FFE70598006841F20041C4F2010165
:10FBB000884204D1FFE7F5F747FF039003E0F5F72C
:10FBC00031FF0390FFE70598C069B0F5004F29D1D8
:10FBD000FFE703981921A0FB0101059A136802931E
:10FBE00053685A00DB0FF0F75FFB0299864648F234
:10FBF0001F53C5F2EB13AEFB0320420910014FF077
:10FC0000640C02FB1CEC322202EBCC02A2FB03329E
:10FC1000F82303EA521300EB4300C2F342121044EC
:10FC2000886026E003981921A0FB0101059A13685A
:10FC3000019353689A009B0FF0F736FB01998446B5
:10FC400048F21F52C5F2EB12ACFB023043096420AC
:10FC500003FB10CC322000EB0C10A0FB0202F020C2
:10FC600000EA521000EB0310C2F343121044886004
:10FC7000FFE706B080BD000080B588B00790069110
:10FC8000ADF81620069807998862BDF81600079906
:10FC90008885079900200864079A222182F83E107F
:10FCA00007998A6B4FF23171C0F60001D163079951
:10FCB0008A6B4FF62101C0F60001116407998A6B27
:10FCC0004FF2B561C0F60001D1640799896B0865F0
:10FCD00006A8049007980168806B0431049A1268A2
:10FCE000BDF81630F3F7B4FFFFE700200390079844
:10FCF00000680068039007980068406803900398C4
:10FD0000FFE7FFE70799002081F83C00FFE707982D
:10FD10000069A0B1FFE7FFE7FFE70798006850E838
:10FD2000030F40F480700290FFE702990798026881
:10FD300042E803100028F0D1FFE7FFE7FFE7FFE705
:10FD4000FFE70798006850E8050F40F001000190B8
:10FD5000FFE701990798026842E805100028F0D1F2
:10FD6000FFE7FFE7FFE7FFE70798006850E8050FA8
:10FD700040F040000090FFE700990798026842E8D1
:10FD800005100028F0D1FFE7FFE7002008B080BD94
:10FD900083B00190019890F83D0021283AD1FFE707
:10FDA00001988068B0F5805F13D1FFE70198006982
:10FDB00078B9FFE70198006A0090009800886FF317
:10FDC0005F200199096848600199086A0230086259
:10FDD00008E0019A106A411C1162007801990968D3
:10FDE0004860FFE70199C88C0138C884000468B9ED
:10FDF000FFE701980168C86820F08000C86001989A
:10FE00000168C86840F04000C860FFE700208DF836
:10FE10000B0003E002208DF80B00FFE79DF80B00BC
:10FE200003B0704780B582B044F6FC10C2F2000007
:10FE30000190F7F725FF0198F1F74EF802B080BD69
:10FE400080B544F64020C2F20000F7F719FF80BDEC
:10FE500080B582B044F68420C2F200000190F7F72A
:10FE60000FFF0198F1F738F802B080BD80B582B07D
:10FE700044F6C820C2F200000190F7F701FF019894
:10FE8000F1F72AF802B080BD80B586B004908DF8F5
:10FE90000F100498D0F8C80201900498D0F8D4123A
:10FEA00000EB8100D0F8C00220B9FFE703208DF8F5
:10FEB00017005FE00498D0F8D41200EB8100D0F86E
:10FEC000C002029004989DF80F1001F00F0101EBA1
:10FED000810100EB8100806940B3FFE704989DF841
:10FEE0000F1001F00F0101EB810200EB820082692B
:10FEF000019801EBC10100EB8100816CB2FBF1F0D4
:10FF000000FB112090B9FFE704989DF80F1001F055
:10FF10000F0101EB810100EB810000238361049854
:10FF20009DF80F101A4601F039FD1FE002990020DC
:10FF3000C1F814020498D0F8D41200EB8100D0F874
:10FF4000C402006988B1FFE70498D0F8D41200EB2E
:10FF50008100D0F8C40203690299D1F8080201F5C2
:10FF600004719DF80F209847FFE7FFE700208DF808
:10FF70001700FFE79DF8170006B080BD80B584B07C
:10FF800002908DF807100298D0F8D41200EB81008F
:10FF9000D0F8C00200900298D0F8D41200EB810093
:10FFA000D0F8C00220B9FFE703208DF80F0019E058
:10FFB00002989DF8071001F081FA0099C1F80C022F
:10FFC0000298D0F8D41200EB8100D0F8C402C268C5
:10FFD0000099D1F8040201F50371904700208DF8D3
:10FFE0000F00FFE79DF80F0004B080BD80B586B01C
:10FFF00005908DF81310059840F20D01C2F2000132
:020000040801F1
:100000000091097801F072F800990598097801F0DB
:100010000F0101EB810100EB810100200390888436
:10002000059840F20E01C2F200010191097801F039
:100030005DF8019A03980599127802F00F0202EB1D
:10004000820201EB8201A1F86401059840F20C01E3
:10005000C2F200010291097801F048F8029A03986F
:100060000599137803F00F0303EB830301EB83017E
:1000700088840599127802F00F0202EB820201EBEC
:100080008201C8840598D0F8D41200EB8100D0F822
:10009000C002F0B1FFE70598D0F8D41200EB810060
:1000A000D0F8C402406880470598D0F8D41200EB1D
:1000B0008100D0F8C00202F00DF90598D0F8D412F2
:1000C00000EB81010020C1F8C0020599C1F8BC0213
:1000D000FFE7002006B080BD80B584B00290029892
:1000E000D0F8D41200EB8100D0F8C0020190019842
:1000F00020B9FFE703208DF80F0025E00298D0F823
:10010000D41200EB8100D0F8C402C8B1FFE7019817
:1001100090F80002FF2813D0FFE70298D0F8D4121D
:1001200000EB8100D0F8C4028368019991F80002C5
:1001300091F8012298470199FF2081F80002FFE71A
:1001400000208DF80F00FFE79DF80F0004B080BD80
:1001500081B0009000990A20088040F27010C2F22D
:10016000000001B07047000080B586B0059040F2F5
:100170002C10C2F200000190822100F051FE0146D5
:1001800001980491012100F04BFE01460198039172
:10019000812100F045FE0290049820B1FFE7049908
:1001A00010208871FFE7039820B1FFE703994020F2
:1001B0008880FFE7029820B1FFE7029940208880FD
:1001C000FFE705994320088040F22C10C2F200009E
:1001D00006B080BD80B586B0059040F22C10C2F20A
:1001E00000000190822100F01BFE0146019804915D
:1001F000012100F015FE014601980391812100F0D4
:100200000FFE0290049820B1FFE704991020887136
:10021000FFE7039828B1FFE703994FF40070888047
:10022000FFE7029828B1FFE702994FF40070888039
:10023000FFE705994320088040F22C10C2F200002D
:1002400006B080BD80B586B0059040F22C10C2F299
:1002500000000190822100F0E3FD01460198049125
:10026000012100F0DDFD014601980391812100F09C
:10027000D7FD0290049820B1FFE7049910208871FF
:10028000FFE7039820B1FFE7039940208880FFE74C
:10029000029820B1FFE7029940208880FFE7059986
:1002A0004320088040F22C10C2F2000006B080BD4E
:1002B00080B590B00E908DF837104FF4077002F0B3
:1002C0000DF80C900C9860B9FFE70E98D0F8D41296
:1002D00000EB81010020C1F8C00202208DF83F0030
:1002E000F0E00C984FF40771F0F7F7F80C980E99BE
:1002F000D1F8D42201EB8201C1F8C0020E99D1F8E5
:10030000D40201EB8000D0F8C002C1F8BC020E9804
:10031000007C002840D1FFE70E9840F20D01C2F2A8
:10032000000107910978022208924FF400730993A3
:1003300001F0B0F90799089A099B0E98097801F025
:100340000F0101EB810100EB810101200B908884FA
:100350000E9840F20E01C2F200010A91097801F0F4
:1003600099F90A9A0B980E99127802F00F0202EB93
:10037000820201EB8201A1F864010E9840F20C01A7
:10038000C2F20001097801F00F0101EB810100EBDD
:1003900081011020C8843EE00E9840F20D01C2F2A7
:1003A000000102910978022203924023049301F094
:1003B00071F90299039A049B0E98097801F00F01D4
:1003C00001EB810100EB81010120069088840E98E9
:1003D00040F20E01C2F200010591097801F05AF9CC
:1003E000059A06980E99127802F00F0202EB82022B
:1003F00001EB8201A1F864010E9840F20C01C2F2F7
:100400000001097801F00F0101EB810100EB81018E
:100410001020C884FFE70E9840F20C01C2F20001E0
:10042000009109780322082301F034F900990E980D
:10043000097801F00F0101EB810100EB810101203E
:1004400088840C9900200190C1F804020E98D0F81D
:10045000D41200EB8100D0F8C402006880470198F4
:100460000C99C1F814020C99C1F818020C98D0F834
:10047000040220B9FFE702208DF83F0022E00E9829
:10048000007C70B9FFE70E9840F20E01C2F2000145
:1004900009780C9AD2F804224FF4007301F020F985
:1004A0000CE00E9840F20E01C2F2000109780C9A9D
:1004B000D2F80422402301F013F9FFE700208DF861
:1004C0003F00FFE79DF83F0010B080BD80B584B0CD
:1004D00002900298D0F8D41200EB8100D0F8C0024C
:1004E00001900298D0F8D41200EB8100D0F8C0023D
:1004F00020B9FFE703208DF80F0022E00298007C6E
:1005000070B9FFE7029840F20E01C2F200010978CB
:10051000019AD2F804224FF4007301F0E1F80CE0E4
:10052000029840F20E01C2F200010978019AD2F855
:100530000422402301F0D4F8FFE700208DF80F00DB
:10054000FFE79DF80F0004B080BD000083B001906C
:100550000091009820B9FFE703208DF80B000BE015
:1005600000980199D1F8D42201EB8201C1F8C402AC
:1005700000208DF80B00FFE79DF80B0003B07047DB
:1005800084B0029001910298D0F8D41200EB81005F
:10059000D0F8C0020090009820B9FFE703208DF842
:1005A0000F0007E001980099C1F8040200208DF8BF
:1005B0000F00FFE79DF80F0004B0704785B003906F
:1005C000029101920398D0F8D41200EB8100D0F888
:1005D000C0020090009820B9FFE703208DF81300B7
:1005E0000BE002980099C1F8080201980099C1F83F
:1005F000100200208DF81300FFE79DF8130005B0EE
:100600007047000080B58AB0089007910898D0F82C
:10061000D41200EB8100D0F8C002069000208DF8C3
:100620001500ADF812008DF81100069820B9FFE70B
:1006300003208DF82700C7E00798007800F06000DD
:100640000146039100285ED0FFE70398202840F080
:10065000AE80FFE70798C088002846D0FFE70798DC
:1006600000780006002823D5FFE70898D0F8D412B8
:1006700000EB8100D0F8C4028368079A507806998D
:10068000D28898470798C088082803D3FFE7072037
:10069000029003E00798C0880290FFE70298ADF847
:1006A000160008980699BDF8162000F037F91BE0EF
:1006B00007984078069981F800020798C0883F287B
:1006C00004D8FFE70798C088019002E0402001901D
:1006D000FFE70198069981F801020898069991F8B8
:1006E000012200F0EDF8FFE70CE00898D0F8D412F2
:1006F00000EB8100D0F8C402836807994878002293
:100700009847FFE75BE007984078014600910B2887
:1007100044D80099DFE801F0064142424242424299
:1007200042421C32089890F89C02032807D1FFE748
:1007300008980DF11201022200F0F0F807E0089885
:10074000079900F0AFF803208DF81100FFE72DE0C6
:10075000089890F89C02032807D1FFE708980DF14C
:100760001501012200F0DAF807E00898079900F077
:1007700099F803208DF81100FFE717E0089890F82A
:100780009C02032808D0FFE70898079900F08AF830
:1007900003208DF81100FFE708E007E008980799AB
:1007A00000F080F803208DF81100FFE707E00898BB
:1007B000079900F077F803208DF81100FFE79DF806
:1007C00011008DF82700FFE79DF827000AB080BDD3
:1007D00080B582B001908DF8031000208DF80200E2
:1007E0000198D0F8B8124A689DF80310904720B1DC
:1007F000FFE703208DF80200FFE79DF8020002B03A
:1008000080BD000080B582B001900091019890F801
:100810009C02013802280ED8FFE700984088012882
:1008200008D1FFE701990020C1F8A402019800F067
:100830008FF8FFE704E00198009900F033F8FFE734
:1008400002B080BD82B001908DF80310002002B08C
:100850007047000082B001908DF80310002002B0B4
:100860007047000080B584B0039002910192039814
:10087000029A019B0021009100F032FF009804B021
:1008800080BD000080B584B003900291019203986E
:10089000029A019B0021009101F080F8009804B0B9
:1008A00080BD000080B582B0019000910198802148
:1008B00001F02CF80198002101F028F802B080BD69
:1008C00080B584B003900291019203990320C1F88E
:1008D000940201980399C1F8580101980399C1F84D
:1008E0005C010398029A019B0021009100F0F8FE40
:1008F000009804B080BD000080B582B001900199DD
:100900000520C1F8940201980023009319461A4665
:1009100000F0E6FE009802B080BD000080B584B013
:1009200003900291019203990220C1F89402019868
:100930000399886101980399C8610398029A019B01
:100940000021009101F02AF8009804B080BD000059
:1009500080B582B0019001990420C1F894020198F9
:100960000023009319461A4601F018F8009802B0C7
:1009700080BD000080B582B08DF8070000919DF821
:10098000070060B9FFE7009A4BF20050C0F6010083
:1009900042F24401C2F2000100F0DEFA0BE0009ADC
:1009A0004BF20050C0F6010042F24401C2F20001D5
:1009B00000F0D2FAFFE742F24400C2F2000002B0B7
:1009C00080BD000082B08DF80700009100991220D0
:1009D000088040F27C10C2F2000002B070470000B4
:1009E00080B582B08DF8070000919DF8070060B9CE
:1009F000FFE7009A4BF2F240C0F6010042F24401D8
:100A0000C2F2000100F0A8FA0BE0009A4BF2F240AB
:100A1000C0F6010042F24401C2F2000100F09CFA6B
:100A2000FFE742F24400C2F2000002B080BD0000C5
:100A300082B08DF80700009100990420088040F2F0
:100A4000A410C2F2000002B07047000080B584B06C
:100A50008DF80F000291029A4BF20B50C0F6010084
:100A600042F24401C2F20001019100F075FA0198CE
:100A700004B080BD80B582B08DF8070000919DF86C
:100A8000070060B9FFE7009A4BF21E50C0F6010064
:100A900042F24401C2F2000100F05EFA0BE0009A5B
:100AA0004BF21E50C0F6010042F24401C2F20001B6
:100AB00000F052FAFFE742F24400C2F2000002B036
:100AC00080BD000080B582B08DF8070000910099CC
:100AD0001A200880F1F7DCF840F2A810C2F20000FA
:100AE00002B080BD80B584B0039002910298C088A6
:100AF000012805D0FFE703980299FFF7D3FE21E014
:100B0000039890F89C12481E0191022804D3FFE735
:100B1000019803280AD00FE0039900208860039809
:100B200000F108010122FFF7F9FE0AE00398011D18
:100B30000122FFF7F3FE04E003980299FFF7B2FEEB
:100B4000FFE7FFE704B080BD80B588B0079006914D
:100B50000020ADF8160004908DF80F000698C078BC
:100B6000013801460291062800F21E810299DFE851
:100B700011F0070011002E001B011B01E80000010D
:100B80000798D0F8B4120A68007C0DF1160190475E
:100B9000049013E10798007C60B9FFE70798D0F84C
:100BA000B802816A0DF1160088470490049902206A
:100BB00048700BE00798D0F8B802C16A0DF1160032
:100BC00088470490049902204870FFE7F6E00698F1
:100BD000807801460191052800F2A8800199DFE89C
:100BE00001F0031E39546F8A0798D0F8B4024068A8
:100BF00050B1FFE70798D0F8B4124A68007C0DF1B5
:100C000016019047049009E007980699FFF74AFEFD
:100C10009DF80F0001308DF80F00FFE790E0079876
:100C2000D0F8B402806850B1FFE70798D0F8B4124A
:100C30008A68007C0DF116019047049009E007983E
:100C40000699FFF72FFE9DF80F0001308DF80F0079
:100C5000FFE775E00798D0F8B402C06850B1FFE72D
:100C60000798D0F8B412CA68007C0DF116019047BD
:100C7000049009E007980699FFF714FE9DF80F000D
:100C800001308DF80F00FFE75AE00798D0F8B40262
:100C9000006950B1FFE70798D0F8B4120A69007CE8
:100CA0000DF116019047049009E007980699FFF7A7
:100CB000F9FD9DF80F0001308DF80F00FFE73FE0D0
:100CC0000798D0F8B402406950B1FFE70798D0F810
:100CD000B4124A69007C0DF116019047049009E0B6
:100CE00007980699FFF7DEFD9DF80F0001308DF89B
:100CF0000F00FFE724E00798D0F8B402806950B1F4
:100D0000FFE70798D0F8B4128A69007C0DF116014C
:100D10009047049009E007980699FFF7C3FD9DF8F6
:100D20000F0001308DF80F00FFE709E007980699E2
:100D3000FFF7B8FD9DF80F0001308DF80F00FFE7B9
:100D40003CE00798007C48B9FFE70798D0F8B80264
:100D5000416B0DF116008847049009E00798069949
:100D6000FFF7A0FD9DF80F0001308DF80F00FFE7A1
:100D700024E00798007C60B9FFE70798D0F8B80234
:100D8000016B0DF116008847049004990720487004
:100D900009E007980699FFF785FD9DF80F000130DF
:100DA0008DF80F00FFE709E007980699FFF77AFD35
:100DB0009DF80F0001308DF80F00FFE79DF80F0040
:100DC00008B1FFE72AE00698C08818B3FFE7BDF82E
:100DD0001600C8B1FFE7BDF816000699C988884219
:100DE00004DAFFE7BDF81600009003E00698C0881B
:100DF0000090FFE70098ADF8160007980499BDF839
:100E00001620FFF78BFD04E007980699FFF74AFDCF
:100E1000FFE703E00798FFF79BFDFFE708B080BD01
:100E200080B586B005908DF813100598039005984D
:100E3000029000200190029948880978884227DDB5
:100E4000FFE702980078ADF80200FFE7BDF8020066
:100E50000299498888421ADAFFE703980DF10201E6
:100E600000F034F803900398407805280ED1FFE78E
:100E700003980190019880789DF81310884201D161
:100E8000FFE704E000200190FFE7FFE7DEE7FFE770
:100E9000019806B080BD000083B0029000208DF85C
:100EA000070002980090FFE70098007848B1FFE73C
:100EB0009DF8070001308DF8070000980130009080
:100EC000F2E79DF8070003B07047000083B002907E
:100ED00001910298009000980278019908881044C6
:100EE000088002980099097808440090009803B09F
:100EF0007047000080B582B001900091019890F891
:100F00009C02013802281FD8FFE70098C0880228F9
:100F100005D0FFE701980099FFF7C4FC19E001999B
:100F20000120C8600198D0F8A40230B1FFE7019910
:100F3000C86840F00200C860FFE7019800F10C01AA
:100F40000222FFF7EBFC04E001980099FFF7AAFCEE
:100F5000FFE702B080BD000080B586B00590049127
:100F6000039200208DF80B00059808B9FFE73DE0DB
:100F7000059801900198FFF78FFF0146022000EBD2
:100F80004100039908800398007804999DF80B208C
:100F900088549DF80B0001308DF80B0004999DF8E2
:100FA0000B20032088549DF80B0001308DF80B00B6
:100FB000FFE701980078C8B1FFE70198007804992D
:100FC0009DF80B2088540198013001909DF80B008A
:100FD00001308DF80B0004999DF80B2000208854F7
:100FE0009DF80B0001308DF80B00E2E706B080BDE4
:100FF00082B08DF8070000208DF806009DF80700EC
:1010000001460091032814D80099DFE801F0020698
:101010000A0E00208DF806000FE003208DF8060070
:101020000BE001208DF8060007E003208DF8060094
:1010300003E003208DF80600FFE79DF8060002B0EC
:101040007047000080B584B0029001918DF80320B4
:10105000029820B9FFE703208DF80F0023E00299E2
:101060000020C1F8B8020299C1F8C4020299C1F87F
:10107000D002019828B1FFE701980299C1F8B402A3
:10108000FFE70299012081F89C029DF80300029974
:101090000870029800F020FA8DF802009DF8020016
:1010A0008DF80F00FFE79DF80F0004B080BD000031
:1010B00080B582B001908DF8031000208DF80200F9
:1010C0008DF801000198D0F8C8029DF80310F3F7DD
:1010D0009FFA8DF802009DF80200FFF789FF8DF856
:1010E00001009DF8010002B080BD000080B582B013
:1010F00001908DF8031000208DF802008DF801009A
:101100000198D0F8C8029DF80310F3F72DFA8DF876
:1011100002009DF80200FFF76BFF8DF801009DF8BB
:10112000010002B080BD000080B588B006908DF847
:10113000171004929DF81700002875D1FFE7069854
:10114000143003900698D0F8940202285DD1FFE78E
:1011500003998868C968884212D9FFE703998868AB
:10116000CA68801A886006980499039A9268FFF703
:1011700089FB0698002319461A4600F0B1FA43E0AD
:1011800003988168C06888421ED1FFE703994868C8
:10119000C968884218D3FFE7039840680699D1F8D8
:1011A0009812884210D2FFE7069800220192114659
:1011B000FFF768FB019B0698C0F89832069819461D
:1011C0001A4600F08DFA1EE0069890F89C0203285B
:1011D00011D1FFE70698D0F8B802C06850B1FFE718
:1011E00006990020C1F8D4020698D0F8B812C96850
:1011F0008847FFE7FFE70698802100F087FB069805
:10120000FFF77AFBFFE7FFE700E0FFE7069890F8BB
:10121000A00240B1FFE7069800F04EFC06990020BE
:1012200081F8A002FFE740E006989DF8171041F012
:101230008001FFF707FB8DF80A009DF80A00FF28E0
:1012400032D0FFE79DF80A0070BBFFE7069890F8E0
:101250009C02032827D1FFE706989DF80A1000EBAF
:101260008100D0F8B8024069E0B1FFE79DF80A00BC
:101270000699C1F8D40206989DF80A1000EB810186
:10128000D1F8B8124A699DF8171090478DF80B00F5
:101290009DF80B0028B1FFE79DF80B008DF81F00AB
:1012A00007E0FFE7FFE7FFE7FFE700208DF81F00FB
:1012B000FFE79DF81F0008B080BD000080B58AB030
:1012C00008908DF81F10069200208DF813009DF8ED
:1012D0001F00002840F08380FFE7089800F5AA70FF
:1012E00005900898D0F89402032876D1FFE7059975
:1012F0008868C96888421DD9FFE705998868CA6867
:10130000801A88600898029006980390059988686A
:10131000C968884204D2FFE705988068019003E01D
:101320000598C0680190FFE703990298019AFFF7BA
:1013300099FA51E0089890F8AA0200F01F000146BF
:10134000009140B1FFE70098012808D0FFE700981E
:1013500002280CD013E000208DF8120013E008984A
:1013600090F8AE12FFF776FA8DF812000BE00898AD
:1013700090F8AE12FFF766FA8DF8120003E0002035
:101380008DF81200FFE79DF8120008BBFFE70898F0
:1013900090F89C0203281AD1FFE708989DF81210D4
:1013A00000EB8100D0F8B802006978B1FFE79DF842
:1013B00012000899C1F8D40208989DF8121000EBA9
:1013C0008101D1F8B81209698847FFE7FFE7FFE715
:1013D0000898FFF7BDFAFFE700E0FFE740E0089854
:1013E0009DF81F1001F07F01FFF72CFA8DF8120015
:1013F0009DF81200FF2832D0FFE79DF8120070BB65
:10140000FFE7089890F89C0203281ED1FFE7089890
:101410009DF8121000EB8100D0F8B802806998B1F5
:10142000FFE79DF812000899C1F8D40208989DF8CA
:10143000121000EB8101D1F8B8128A699DF81F10D3
:1014400090478DF81300FFE7FFE79DF8130028B1E0
:10145000FFE79DF813008DF8270005E0FFE7FFE7A1
:1014600000208DF82700FFE79DF827000AB080BD17
:1014700081B00090002001B07047000080B582B0BC
:10148000019000208DF803000199012081F89C0251
:101490000198D0F8B80268B1FFE70198D0F8B81207
:1014A0004A680179904720B1FFE703208DF80300D7
:1014B000FFE7FFE79DF8030002B080BD80B582B072
:1014C00001908DF803100198D0F8C8029DF8031020
:1014D000F3F702F902B080BD80B584B003900398A1
:1014E0000078A8BBFFE7039944F29020C2F2000005
:1014F0000290C0F808150399C1F8C8024FF0A04146
:101500000160042141600222C26000210161826108
:10151000C16101624162C1620163F3F797FE18B1D4
:10152000FFE7F0F713FBFFE744F29020C2F2000060
:10153000019080210091F2F751FF01980021402293
:10154000F2F758FF009A01980121F2F753FFFFE7E5
:10155000002004B080BD000084B002908DF8071018
:101560000298D0F8C80200909DF8070000060028F5
:101570000ED5FFE700989DF8071001F07F0101EB01
:10158000C10100EB810090F83E008DF80F000DE0E6
:1015900000989DF8071001F07F0101EBC10100EBFD
:1015A000810090F87E028DF80F00FFE79DF80F0094
:1015B00004B0704780B584B002908DF8071002988F
:1015C000D0F8D41200EB8100D0F8B80220B9FFE7C0
:1015D00003208DF80F0020E0029890F89C02032869
:1015E00017D1FFE70298D0F8D41200EB8100D0F8B1
:1015F000B802006A60B1FFE70298D0F8D41200EB9D
:101600008101D1F8B8120A6A9DF807109047FFE7E8
:10161000FFE700208DF80F00FFE79DF80F0004B0F2
:1016200080BD000080B584B002908DF8071002984C
:10163000D0F8D41200EB8100D0F8B80220B9FFE74F
:1016400003208DF80F0020E0029890F89C020328F8
:1016500017D1FFE70298D0F8D41200EB8100D0F840
:10166000B802406A60B1FFE70298D0F8D41200EBEC
:101670008101D1F8B8124A6A9DF807109047FFE738
:10168000FFE700208DF80F00FFE79DF80F0004B082
:1016900080BD000080B584B003908DF80B108DF8EC
:1016A0000A20ADF8083000208DF807008DF80600FC
:1016B0000398D0F8C8029DF80B10BDF808209DF8DB
:1016C0000A30F3F71BF88DF807009DF80700FFF7C5
:1016D0008FFC8DF806009DF8060004B080BD000068
:1016E00080B586B005908DF8131003920293002008
:1016F0008DF807008DF806000598D0F8C8029DF80F
:101700001310039A029BF3F76FF88DF807009DF80A
:101710000700FFF76DFC8DF806009DF8060006B087
:1017200080BD000080B586B0059000208DF81300C4
:10173000059A012182F89C120599C1F89402059935
:1017400048600599C1F8A402059981F8A00205989E
:10175000D0F8B802A0B1FFE70598D0F8B802406809
:1017600068B1FFE70598D0F8B8124A680179904748
:1017700020B1FFE703208DF81300FFE7FFE7FFE745
:10178000059800220192402303931146FFF782FF40
:10179000019A039B059901200290A1F86401059824
:1017A000C0F8603105988021FFF774FF0299039813
:1017B000059A9184059908629DF8130006B080BDD2
:1017C00081B00090009890F89C02042807D1FFE7B0
:1017D000009890F89D02009981F89C02FFE7002094
:1017E00001B0704780B582B00190019890F89C02DA
:1017F000032813D1FFE70198D0F8B80268B1FFE7DA
:101800000198D0F8B802C06930B1FFE70198D0F86C
:10181000B812C9698847FFE7FFE7FFE7002002B079
:1018200080BD000082B001908DF803109DF8030088
:1018300001990874002002B07047000080B582B0A2
:1018400001908DF8031000208DF802008DF8010042
:101850000198D0F8C8029DF80310F3F7E7FE8DF861
:1018600002009DF80200FFF7C3FB8DF801009DF810
:10187000010002B080BD000080B584B003900291E9
:10188000039800F2AA20029900F0AAF80399012017
:10189000C1F894020399B1F8B002C1F89802039814
:1018A00090F8AA0200F01F000146009140B1FFE746
:1018B000009801280CD0FFE70098022810D017E00C
:1018C000039800F2AA2100F04FFA8DF8070019E002
:1018D000039800F2AA2100F083FC8DF8070011E0C4
:1018E000039800F2AA2100F0A5FA8DF8070009E09C
:1018F000039890F8AA1201F0800100F007F88DF823
:101900000700FFE79DF8070004B080BD80B582B0F6
:1019100001908DF8031000208DF802008DF8010071
:101920000198D0F8C8029DF80310F2F7A1FF8DF8D6
:1019300002009DF80200FFF75BFB8DF801009DF8A7
:10194000010002B080BD000080B582B0019000208F
:101950008DF803008DF802000198D0F8C802F3F763
:10196000A1FE8DF803009DF80300FFF741FB8DF801
:1019700002009DF8020002B080BD000081B000901E
:10198000009890F89C02009981F89D02009904202B
:1019900081F89C02002001B07047000080B586B03D
:1019A00005908DF813100392029300208DF8070024
:1019B0008DF806000598D0F8C8029DF81310039A18
:1019C000029BF2F7C5FF8DF807009DF80700FFF7AF
:1019D0000FFB8DF806009DF8060006B080BD0000E4
:1019E00080B584B00390029102980190019800782C
:1019F00003990870019801300190019800780399CB
:101A000048700198013001900198FDF76BF8039937
:101A100048800198013001900198013001900198AF
:101A2000FDF760F8039988800198013001900198D2
:101A3000013001900198FDF755F80399C88004B072
:101A400080BD000080B584B0029001910020ADF807
:101A50000200019820B9FFE703208DF80F0026E06F
:101A600001980299C1F8B8020298D0F8D41200EB9C
:101A70008100D0F8B802C06A78B1FFE70298D0F8C8
:101A8000D41200EB8100D0F8B802C16A0DF1020057
:101A900088470299C1F8D002FFE70299D1F8D8022D
:101AA0000130C1F8D80200208DF80F00FFE79DF843
:101AB0000F0004B080BD000081B00090002001B094
:101AC0007047000080B584B003900291029880882E
:101AD000B8BBFFE70298C08898BBFFE70298408830
:101AE0007F282ED8FFE70298807800F07F008DF8DD
:101AF0000700039890F89C02032805D1FFE703989C
:101B00000299FEF7CFFE1BE09DF80700039981F8CC
:101B10009E0203989DF80710FFF790FE0398FEF7CA
:101B200017FF9DF8070028B1FFE70399022081F80D
:101B30009C0204E00399012081F89C02FFE7FFE783
:101B400004E003980299FEF7ADFEFFE704B080BD04
:101B500080B582B001908DF8031000208DF802004E
:101B60000198D0F8B80250B1FFE70198D0F8B81248
:101B70000A689DF8031090478DF80200FFE79DF872
:101B8000020002B080BD000080B586B004900391D1
:101B900000208DF80B000398817842F24000C2F2D9
:101BA000000001700078022808D3FFE70498039929
:101BB000FEF778FE03208DF81700A0E0049890F857
:101BC0009C0201460191022804D0FFE701980328F6
:101BD0002FD07FE042F24000C2F20000007818B33C
:101BE000FFE742F24001C2F200010878049A506017
:101BF00004980978FFF7ACFF8DF80B009DF80B00F7
:101C000048B1FFE704980399FEF74CFE04990220BF
:101C100081F89C0207E00498FEF79AFE04990320DD
:101C200081F89C02FFE703E00498FEF791FEFFE7CE
:101C300060E042F24000C2F20000007898B9FFE78D
:101C40000499022081F89C0242F24001C2F2000194
:101C50000878049A506004980978FEF7B9FD049852
:101C6000FEF776FE35E042F24000C2F20000007856
:101C700004994968884227D0FFE704980179FEF764
:101C8000A7FD42F24001C2F200010878049A5060B8
:101C900004980978FFF75CFF8DF80B009DF80B00A6
:101CA00068B1FFE704980399FEF7FCFD04980179F9
:101CB000FEF78EFD0499022081F89C0203E004984F
:101CC000FEF746FEFFE703E00498FEF741FEFFE75C
:101CD000FFE70FE004980399FEF7E4FD049842F251
:101CE0004001C2F200010978FEF772FD03208DF871
:101CF0000B00FFE79DF80B008DF81700FFE79DF83C
:101D0000170006B080BD000080B582B00190009140
:101D100000984088012808D1FFE701990120C1F807
:101D2000A4020198FEF714FE13E0009840880228F0
:101D300009D1FFE700984079019981F8A002019844
:101D4000FEF706FE04E001980099FEF7ABFDFFE701
:101D5000FFE702B080BD000080B582B0019001981D
:101D6000FFF7F2FD02B080BD80B586B0059004910A
:101D700000208DF80F000498007800F06000014604
:101D80000291A8B1FFE70298202804D0FFE702984B
:101D9000402846D1FFE70598D0F8D41200EB810126
:101DA000D1F8B8128A68049990478DF80F003DE089
:101DB000049840780146019109282CD80199DFE860
:101DC00001F01B252A202A0A052A160F05980499D6
:101DD000FEF7BAFE24E005980499FFF773FE1FE0B2
:101DE00005980499FFF7D0FE8DF80F0018E00598CC
:101DF0000499FEF777FE13E005980499FFF77AF847
:101E00000EE005980499FFF77FFF09E00598049913
:101E1000FEF7F8FC04E005980499FEF743FDFFE7A0
:101E200004E005980499FEF73DFDFFE79DF80F00DB
:101E300006B080BD80B58CB00B900A9100208DF863
:101E400021000A9880888DF823000A98007800F015
:101E5000600001460791B8B3FFE70798202805D036
:101E6000FFE70798402840F0B281FFE70B989DF804
:101E70002310FEF7E7FC8DF822009DF82200FF28D2
:101E800021D0FFE79DF82200E8B9FFE79DF8220086
:101E90000B99C1F8D4020B989DF8221000EB810039
:101EA000D0F8B802806868B1FFE70B989DF822105F
:101EB00000EB8101D1F8B8128A680A9990478DF831
:101EC0002100FFE7FFE787E10A9840780146069185
:101ED000002800F0BD80FFE7069801284CD0FFE7FE
:101EE0000698032840F06D81FFE70B9890F89C025C
:101EF00001460591022804D0FFE70598032819D070
:101F000034E09DF8230078B1FFE79DF82300802896
:101F10000AD0FFE70B989DF82310FFF7F7FC0B980A
:101F20008021FFF7F3FC04E00B980A99FEF7BAFC56
:101F3000FFE720E00A984088A0B9FFE79DF823005A
:101F400078B1FFE79DF8230080280AD0FFE70A98C0
:101F5000C08830B9FFE70B989DF82310FFF7D6FC37
:101F6000FFE7FFE70B98FEF7F3FC04E00B980A99F4
:101F7000FEF798FCFFE729E10B9890F89C020146D8
:101F80000491022804D0FFE70498032819D059E0EF
:101F90009DF8230078B1FFE79DF8230080280AD040
:101FA000FFE70B989DF82310FFF7B0FC0B988021FA
:101FB000FFF7ACFC04E00B980A99FEF773FCFFE70F
:101FC00045E00A984088E0BBFFE79DF82300400603
:101FD00030B1FFE70B989DF82310FFF769F8FFE792
:101FE0000B98FEF7B5FC0B989DF82310FEF72AFC22
:101FF0008DF822009DF82200FF2821D0FFE79DF8F0
:102000002200E8B9FFE79DF822000B99C1F8D4023D
:102010000B989DF8221000EB8100D0F8B802806880
:1020200068B1FFE70B989DF8221000EB8101D1F811
:10203000B8128A680A9990478DF82100FFE7FFE7F8
:10204000FFE704E00B980A99FEF72CFCFFE7BDE0E0
:102050000B9890F89C0201460391022804D0FFE7F8
:102060000398032838D0A6E09DF8230050B1FFE77D
:102070009DF82300802805D0FFE70B980A99FEF70A
:1020800011FC9DE09DF82300000600280CD5FFE719
:102090000B989DF8231001F07F0101EB810100EB0B
:1020A0008100143002900CE00B989DF8231001F091
:1020B0007F0101EB810100EB810000F5AA70029025
:1020C000FFE7029809900999002008600B98099988
:1020D0000222FEF723FC73E09DF82300000600288F
:1020E00012D5FFE70B989DF8231001F00F0101EBCB
:1020F000810100EB8100808C28B9FFE70B980A99D9
:10210000FEF7D0FB5CE012E00B989DF8231001F085
:102110000F0101EB810100EB8100B0F8640128B9E7
:10212000FFE70B980A99FEF7BDFB49E0FFE79DF832
:102130002300000600280CD5FFE70B989DF823101C
:1021400001F07F0101EB810100EB8100143001906F
:102150000CE00B989DF8231001F07F0101EB810149
:1021600000EB810000F5AA700190FFE7019809904B
:102170009DF8230028B1FFE79DF82300802804D1B3
:10218000FFE70999002008600FE00B989DF82310E5
:10219000FFF7E2F920B1FFE709990120086003E0A9
:1021A000099900200860FFE7FFE70B9809990222D0
:1021B000FEF7B4FB04E00B980A99FEF773FBFFE708
:1021C00004E00B980A99FEF76DFBFFE704E00B981B
:1021D0000A99FEF767FBFFE79DF821000CB080BD70
:1021E00080B584B00390029100208DF8070002981A
:1021F000007800F060000146009140B1FFE70098D0
:10220000202804D0FFE7009840285AD1FFE7039820
:1022100090F89C02013802284DD8FFE70298007917
:10222000012842D8FFE7039802990979FEF712FBCB
:102230008DF806009DF80600FF2825D0FFE79DF8E1
:10224000060008BBFFE703989DF8061000EB81002D
:10225000D0F8B802806890B1FFE79DF806000399B6
:10226000C1F8D40203989DF8061000EB8101D1F863
:10227000B8128A68029990478DF8070003E003209E
:102280008DF80700FFE703E003208DF80700FFE764
:102290000298C08840B9FFE79DF8070020B9FFE722
:1022A0000398FEF755FBFFE704E003980299FEF759
:1022B000F9FAFFE704E003980299FEF7F3FAFFE763
:1022C00004E003980299FEF7EDFAFFE79DF8070096
:1022D00004B080BD81B0009001B0704781B0009023
:1022E00042F24420C2F2000001B0704784B0039073
:1022F000029103980190029800780090029840782B
:10230000012830D1FFE70298007800F00F0101208A
:1023100000FA01F20199D1F81C081043C1F81C0819
:102320000198009900EB4110D0F800090004002842
:1023300018D4FFE70299C8686FF3DF20097940EAF3
:102340008140009A40EA8250019901EB4211D1F894
:102350000029104348F20002C1F200021043C1F804
:102360000009FFE72EE00298007800F00F0101203D
:1023700000FA01F20199D1F81C0840EA0240C1F8C4
:102380001C080198009900EB4110D0F8000B0004E4
:10239000002816D4FFE70299C8686FF3DF20097997
:1023A00040EA81400199009A01EB4211D1F8002BDB
:1023B000104348F20002C1F200021043C1F8000BC2
:1023C000FFE7FFE7002004B07047000082B00190F3
:1023D000019800900099D1F8000940F2FF729043F3
:1023E000C1F800090099D1F8040840F48070C1F8E0
:1023F0000408002002B070472DE9F04F91B0019120
:10240000DDF88CB0DDF888A0DDF88490DDF8808000
:102410001F9F1E9E1D9D1C9CDDF86CE0DDF868C0B2
:1024200001990199CDF840B0CDF83CA0CDF8389095
:10243000CDF834800C970B960A950994CDF820E0DE
:10244000CDF81CC0069305920491039009980128C9
:1024500022D1FFE70399886B20F4803088630399C9
:10246000C8684FF6BF72CFF6BD721040C8600399BE
:10247000C86820F44010C8601098012806D1FFE712
:102480000399C86840F48010C860FFE7039800F023
:1024900031F88DF80B0019E00399C86840F040004E
:1024A000C860039800F026F88DF80B000D9830B93D
:1024B000FFE70399886B40F48030886305E0039957
:1024C000886B20F480308863FFE7FFE707980128D6
:1024D0000BD1FFE70399886840F0060088600399F4
:1024E000886840F020008860FFE79DF80B0011B07D
:1024F000BDE8F08F83B0019000200090FFE70098C6
:1025000001300090009840F64151C0F2030188422A
:1025100004D3FFE703208DF80B0028E0FFE70198C4
:102520000069C00F0028EAD0FFE700200090019961
:10253000086940F001000861FFE700980130009051
:10254000009840F64151C0F20301884204D3FFE7EE
:1025500003208DF80B000AE0FFE701980069C0072F
:102560000028EAD1FFE700208DF80B00FFE79DF877
:102570000B0003B07047000084B0039002910398F1
:10258000019002980078009002984078012845D187
:10259000FFE70198009900EB4110D0F80009C00F47
:1025A000A8B1FFE70198009900EB4111D1F80009AB
:1025B00040F00060C1F800090198009900EB41115A
:1025C000D1F8000940F08040C1F80009FFE7029807
:1025D000007800F00F01012000FA01F3019AD2F80F
:1025E0003C189943C2F83C180299097801F00F0190
:1025F00000FA01F20199D1F81C089043C1F81C08B7
:102600000198009900EB4111D1F8000947F600024A
:10261000CEF633421040C1F8000946E00198009917
:1026200000EB4110D0F8000BC00FA8B1FFE70198F4
:10263000009900EB4111D1F8000B40F00060C1F8A7
:10264000000B0198009900EB4111D1F8000B40F00C
:102650008040C1F8000BFFE70298007800F00F01FE
:10266000012000FA01F3019AD2F83C1821EA034153
:10267000C2F83C180299097801F00F0100FA01F242
:102680000199D1F81C0820EA0240C1F81C08019801
:10269000009900EB4111D1F8000B47F60002CEF68D
:1026A000F3721040C1F8000BFFE7002004B0704740
:1026B00082B00190019800900099D1F8000E20F0AE
:1026C0000300C1F8000E0099D1F8040820F00200C0
:1026D000C1F80408002002B07047000082B00190E9
:1026E000019800900099D1F8000E20F00300C1F885
:1026F000000E0099D1F8040840F00200C1F8040867
:10270000002002B0704700002DE9F04F93B0019116
:10271000DDF894B0DDF890A0DDF88C90DDF88880CD
:10272000219F209E1F9D1E9CDDF874E0DDF870C087
:1027300001990199CDF848B0CDF844A0CDF840906A
:10274000CDF83C800E970D960C950B94CDF828E0B3
:10275000CDF824C0089307920691059000208DF8CB
:102760001300059903910290FFE702980E280CD8F8
:10277000FFE70598029900EB81010020C1F80401F0
:10278000FFE7029801300290EFE71098B8B9FFE731
:102790000399D1F8040840F00200C1F80408059933
:1027A000886B40F4001088630599886B20F4002042
:1027B00088630599886B20F4802088630AE0059976
:1027C000886B20F4001088630599886B40F4002022
:1027D0008863FFE703990020C1F8000E0399D1F840
:1027E0000008C1F800080B9801280ED1FFE70898EF
:1027F00028B9FFE70598002100F038FF04E00598AC
:10280000012100F033FFFFE704E00598032100F009
:102810002DFFFFE70598102100F05EFD20B1FFE7D6
:1028200001208DF81300FFE7059800F015FD20B199
:10283000FFE701208DF81300FFE703990020C1F89E
:1028400010080399C1F814080399C1F81C080290F4
:10285000FFE70298069988423BD2FFE70398029966
:1028600000EB4110D0F80009C00FB0B1FFE70298AB
:1028700048B9FFE70398029900EB41114FF000605F
:10288000C1F8000908E00398029900EB41114FF0EC
:102890009040C1F80009FFE707E00398029900EBB8
:1028A00041110020C1F80009FFE70398029900EBED
:1028B00041110020C1F810090398029900EB411161
:1028C0004FF67F30C1F80809FFE702980130029007
:1028D000BFE700200290FFE70298069988423BD2AA
:1028E000FFE70398029900EB4110D0F8000BC00FEE
:1028F000B0B1FFE7029848B9FFE70398029900EBEF
:1029000041114FF00060C1F8000B08E003980299F4
:1029100000EB41114FF09040C1F8000BFFE707E0DA
:102920000398029900EB41110020C1F8000BFFE76A
:102930000398029900EB41110020C1F8100B039895
:10294000029900EB41114FF67F30C1F8080BFFE709
:10295000029801300290BFE70399D1F8100820F4E3
:102960008070C1F8100805990020886105996FF002
:1029700080404861099830B9FFE70599886940F0BF
:1029800010008861FFE70599886943F60002C8F2E4
:102990003C02104388610C9830B1FFE705998869C3
:1029A00040F008008861FFE71098012808D1FFE790
:1029B000059988690422C4F2000210438861FFE788
:1029C0009DF8130013B0BDE8F08F000081B00090B7
:1029D0000099886820F001008860002001B07047ED
:1029E00085B0049003918DF80B2004980190039812
:1029F0000078009003984078012840F09580FFE728
:102A000003988069F8B9FFE70198009900EB41113C
:102A1000D1F810096FF3DC40C1F810090198009952
:102A200000EB4111D1F8100940F40020C1F8100961
:102A30000198009900EB4111D1F810096FF31200D1
:102A4000C1F8100935E00198009900EB4111D1F867
:102A500010096FF31200C1F810090198009900EBFA
:102A60004111D1F810096FF3DC40C1F81009039847
:102A7000C1688069884204D9FFE70399C868886102
:102A8000FFE70198009900EB4111D1F8100940F4DB
:102A90000020C1F81009039882696FF3DF420198A2
:102AA000009900EB4111D1F810091043C1F8100949
:102AB000FFE79DF80B00012818D1FFE70398406954
:102AC00048B1FFE7039840690199009A01EB421170
:102AD000C1F81409FFE70198009900EB4111D1F802
:102AE000000940F00440C1F800091CE00198009979
:102AF00000EB4111D1F8000940F00440C1F8000991
:102B00000398806970B1FFE70398007800F00F0127
:102B1000012000FA01F20199D1F834081043C1F8FC
:102B20003408FFE7FFE753E00198009900EB4111FB
:102B3000D1F8100B6FF31200C1F8100B0198009937
:102B400000EB4111D1F8100B6FF3DC40C1F8100B12
:102B50000398806920B1FFE70399C8688861FFE79F
:102B60000399C868C8610198009900EB4111D1F838
:102B7000100B40F40020C1F8100B0398C2696FF3EA
:102B8000DF420198009900EB4111D1F8100B10437E
:102B9000C1F8100B9DF80B0001280ED1FFE7039838
:102BA000006948B1FFE7039800690199009A01EBB9
:102BB0004211C1F8140BFFE7FFE70198009900EB01
:102BC0004111D1F8000B40F00440C1F8000BFFE7C1
:102BD000002005B07047000086B004908DF80F10FB
:102BE0000292049801900498006C0090009843F2BF
:102BF0000B01C4F6547188420BD3FFE70198D0F85B
:102C0000000BC00F20B1FFE700208DF817002EE069
:102C1000FFE701990020C1F8100B0199D1F8100BC2
:102C200040F40020C1F8100B0199D1F8100B40F0CE
:102C30001800C1F8100B0199D1F8100B40F0C040FA
:102C4000C1F8100B9DF80F0001280CD1FFE7029886
:102C50000199C1F8140B0199D1F8000B40F08020C4
:102C6000C1F8000BFFE700208DF81700FFE79DF883
:102C7000170006B07047000084B0039002910398DB
:102C8000019002980078009002984078012820D1A5
:102C9000FFE70198009900EB4111D1F8000920F4F9
:102CA0000010C1F8000902980079032805D0FFE759
:102CB0000298007902280BD1FFE70198009900EBF8
:102CC0004111D1F8000940F08050C1F80009FFE738
:102CD0001FE00198009900EB4111D1F8000B20F49E
:102CE0000010C1F8000B02980079032805D0FFE717
:102CF0000298007902280BD1FFE70198009900EBB8
:102D00004111D1F8000B40F08050C1F8000BFFE7F3
:102D1000FFE7002004B0704784B00390029103984D
:102D2000019002980078009002984078012822D102
:102D3000FFE70198009900EB4110D0F80009C00F9F
:102D400070B9FFE7009858B1FFE70198009900EBD0
:102D50004111D1F8000920F08040C1F80009FFE7D7
:102D60000198009900EB4111D1F8000940F40010DE
:102D7000C1F8000921E00198009900EB4110D0F85A
:102D8000000BC00F70B9FFE7009858B1FFE701983A
:102D9000009900EB4111D1F8000B20F08040C1F800
:102DA000000BFFE70198009900EB4111D1F8000BEF
:102DB00040F40010C1F8000BFFE7002004B070479A
:102DC00080B588B0079006918DF817200798049079
:102DD00006980078039006984078012840F0038117
:102DE000FFE706988069F8B9FFE70498039900EBBC
:102DF0004111D1F810096FF3DC40C1F810090498B3
:102E0000039900EB4111D1F8100940F40020C1F8FA
:102E100010090498039900EB4111D1F810096FF3E0
:102E20001200C1F8100950E00498039900EB411119
:102E3000D1F810096FF31200C1F810090498039932
:102E400000EB4111D1F810096FF3DC40C1F8100913
:102E50000698C168806908440138B0FBF1F1002090
:102E6000C1F6F87000EAC1420498039900EB4111E1
:102E7000D1F810091043C1F81009069882696FF360
:102E8000DF420498039900EB4111D1F81009104377
:102E9000C1F8100906980079012815D1FFE70498B8
:102EA000039900EB4111D1F8100920F0C040C1F89E
:102EB00010090498039900EB4111D1F8100940F072
:102EC0000050C1F81009FFE7FFE79DF8170001283F
:102ED0003BD1FFE70698406948B1FFE70698406993
:102EE0000499039A01EB4211C1F81409FFE706980F
:102EF000007901281ED1FFE70498D0F80808C00522
:102F000000280BD4FFE70498039900EB4111D1F896
:102F1000000940F00050C1F800090AE00498039944
:102F200000EB4111D1F8000940F08050C1F80009D0
:102F3000FFE7FFE70498039900EB4111D1F800097E
:102F400040F00440C1F800094CE00498039900EBFC
:102F50004111D1F8000940F00440C1F80009069879
:102F60000079012813D0FFE70698806970B1FFE768
:102F70000698007800F00F01012000FA01F2049990
:102F8000D1F834081043C1F83408FFE729E0049869
:102F9000D0F80808C00500280BD4FFE7049803996F
:102FA00000EB4111D1F8000940F00050C1F80009D0
:102FB0000AE00498039900EB4111D1F8000940F0B0
:102FC0008050C1F80009FFE70798069B19691A7835
:102FD0001B8B9DF817C0EE46CEF800C000F036FC03
:102FE000FFE7FFE79DE00498039900EB4111D1F85A
:102FF000100B6FF31200C1F8100B0498039900EB4B
:103000004111D1F8100B6FF3DC40C1F8100B06989A
:103010008069C0B9FFE70698C2686FF3DF42049881
:10302000039900EB4111D1F8100B1043C1F8100BBC
:103030000498039900EB4111D1F8100B40F40020E3
:10304000C1F8100B2CE00698C1688069084401386B
:10305000B0FBF1F0ADF80A000699C868BDF80A2087
:103060005043C861BDF80A100020C1F6F87000EAAC
:10307000C1420498039900EB4111D1F8100B1043A1
:10308000C1F8100B0698C2696FF3DF4204980399E8
:1030900000EB4111D1F8100B1043C1F8100BFFE702
:1030A0009DF8170001280ED1FFE70698006948B186
:1030B000FFE7069800690499039A01EB4211C1F8F1
:1030C000140BFFE7FFE70698007901281ED1FFE700
:1030D0000498D0F80808C00500280BD4FFE704982E
:1030E000039900EB4111D1F8000B40F00050C1F8FA
:1030F000000B0AE00498039900EB4111D1F8000B92
:1031000040F08050C1F8000BFFE7FFE704980399F7
:1031100000EB4111D1F8000B40F00440C1F8000B66
:10312000FFE7002008B080BD85B004900391002027
:1031300002908DF8070004980090039840780128C9
:103140003ED1FFE700980399097800EB4110D0F8D1
:103150000009C00F98B3FFE700980399097800EBC6
:103160004111D1F8000940F00060C1F80009009851
:103170000399097800EB4111D1F8000940F0804033
:10318000C1F80009FFE7029801300290029842F26C
:103190001171884204D3FFE701208DF807000DE08C
:1031A000FFE700980399097800EB4110D0F8000977
:1031B00000F00040B0F1004FE5D0FFE7FFE73DE051
:1031C00000980399097800EB4110D0F8000BC00F6C
:1031D00098B3FFE700980399097800EB4111D1F803
:1031E000000B40F00060C1F8000B009803990978CB
:1031F00000EB4111D1F8000B40F08040C1F8000B0A
:10320000FFE7029801300290029842F21171884261
:1032100004D3FFE701208DF807000DE0FFE70098D9
:103220000399097800EB4110D0F8000B00F0004042
:10323000B0F1004FE5D0FFE7FFE7FFE79DF807009B
:1032400005B0704781B000900099886840F0010097
:103250008860002001B0704783B00190002000908A
:10326000FFE7009801300090009840F64151C0F20D
:103270000301884204D3FFE703208DF80B0027E009
:10328000FFE701980069C00F0028EAD0FFE700209F
:103290000090019910200861FFE70098013000902C
:1032A000009840F64151C0F20301884204D3FFE781
:1032B00003208DF80B000BE0FFE70198006900F098
:1032C00010001028E9D0FFE700208DF80B00FFE781
:1032D0009DF80B0003B0704784B00290019100206C
:1032E0000090FFE7009801300090009840F64151AF
:1032F000C0F20301884204D3FFE703208DF80F00DA
:1033000029E0FFE702980069C00F0028EAD0FFE734
:103310000020009001988001203002990861FFE7A9
:10332000009801300090009840F64151C0F203012E
:10333000884204D3FFE703208DF80F000BE0FFE77E
:103340000298006900F020002028E9D0FFE7002063
:103350008DF80F00FFE79DF80F0004B070470000E4
:1033600084B00390039802900298D0F8080800F007
:1033700006000090009820B9FFE700208DF80700B4
:1033800010E00098022804D0FFE70098062804D136
:10339000FFE702208DF8070003E00F208DF80700FB
:1033A000FFE7FFE79DF8070004B0704781B0009089
:1033B0000098406900F0010001B0704783B00290AE
:1033C000029801900198D0F8180800900198D0F860
:1033D0001C18009808400090BDF8000003B070472A
:1033E00083B00290029801900198D0F818080090DC
:1033F0000198D0F81C18009808400090BDF8020011
:1034000003B0704786B005908DF8131005980390AF
:103410000398D0F8100801900398D0F83408009071
:1034200000989DF8131001F00F01C84000F0010151
:10343000019840EAC110019003989DF8131000EB29
:103440004110D0F80809019908400290029806B08E
:103450007047000084B003908DF80B100398019022
:1034600001989DF80B1000EB4110D0F8080B00906C
:103470000198D0F81418009808400090009804B003
:103480007047000082B00190019840690090019857
:103490008169009808400090009802B070470000D1
:1034A00089B008900791ADF81A2008980590079800
:1034B0000490BDF81A0080080190BDF81A0000F0D1
:1034C0000300ADF8020000200290FFE70298019986
:1034D000884217D2FFE705984FF48051405804996D
:1034E0000860049801300490049801300490049816
:1034F00001300490049801300490FFE702980130F5
:103500000290E3E7BDF8020008B3FFE70020029055
:1035100005984FF4805140580390FFE703989DF8B9
:103520000810C900C8400499087002980130029040
:10353000049801300490BDF802000138ADF8020093
:10354000FFE7BDF802000028E8D1FFE7FFE7049895
:1035500009B0704780B586B004908DF80F10002038
:1035600002900499C86820F0C040C8609DF80F0020
:10357000012823D1FFE70499C86840F00050C860D3
:10358000FFE70120F0F7C6FB029801300290FFE749
:103590000498FFF70BFF014600200129019007D096
:1035A000FFE702990020322938BF01200190FFE790
:1035B0000198C0070028E4D1FFE72AE09DF80F003A
:1035C00010BBFFE70499C86840F08040C860FFE77F
:1035D0000120F0F79FFB029801300290FFE704986A
:1035E000FFF7E4FE01460020009039B1FFE70299A1
:1035F0000020322938BF01200090FFE70098C00763
:103600000028E5D1FFE703E001208DF817000CE06A
:10361000FFE70298322804D1FFE701208DF8170058
:1036200003E000208DF81700FFE79DF8170006B0B3
:1036300080BD000083B002908DF8071002980090C2
:103640000099D1F8000820F4FE60C1F800089DF848
:10365000070000F07F020099D1F8000840EA02104C
:10366000C1F80008002003B07047000083B002904A
:103670008DF80710029800909DF807200099D1F866
:1036800000081043C1F80008002003B07047000094
:1036900084B0039002918DF807209DF8070002285E
:1036A00040F0B880FFE702984AF6C041C0F2D80166
:1036B00088420BD3FFE702984EF2BF11C0F2E4013B
:1036C000884203D8FFE70F200090A2E002984EF254
:1036D000C011C0F2E40188420BD3FFE7029842F226
:1036E000FF31C0F2F401884203D8FFE70E200090BA
:1036F0008EE0029842F20041C0F2F40188420BD3FE
:10370000FFE7029847F27F31C0F20611884203D8E2
:10371000FFE70D2000907AE0029847F28031C0F276
:10372000061188420BD3FFE7029844F69F11C0F2BE
:103730001A11884203D8FFE70C20009066E0029837
:1037400044F6A011C0F21A1188420BD3FFE7029889
:1037500042F6FF41C0F23111884203D8FFE70B2047
:10376000009052E0029842F60051C0F231118842B6
:103770000BD3FFE702984AF23F41C0F24C11884256
:1037800003D8FFE70A2000903EE002984AF2404149
:10379000C0F24C1188420BD3FFE7029843F2FF516D
:1037A000C0F26E11884203D8FFE7092000902AE09A
:1037B000029843F20061C0F26E1188420BD3FFE71A
:1037C00002984AF61F31C0F2A611884203D8FFE7DB
:1037D0000820009016E002984AF62031C0F2A611A7
:1037E00088420BD3FFE7029844F2FF71C0F2E81160
:1037F000884203D8FFE70720009002E006200090EF
:10380000FFE7FFE7FFE7FFE7FFE7FFE7FFE7FFE788
:10381000FFE70AE09DF8070018B9FFE709200090CC
:1038200002E009200090FFE7FFE70399C86820F451
:103830007050C860009800F00F020399C86840EA11
:103840008220C860002004B07047000080B588B0B6
:1038500084460A98CDF81CC006918DF81720ADF863
:1038600014308DF8130007980390069802909DF885
:10387000130048BBFFE7BDF8140003308008019037
:1038800000200090FFE70098019988421BD2FFE7D3
:103890000298006803999DF8172001EB02314FF45C
:1038A00080528850029801300290029801300290B4
:1038B000029801300290029801300290FFE70098D0
:1038C00001300090DFE7FFE7002008B080BD000076
:1038D000FFE7FEE780B58CB002A880ED090AC0EDD5
:1038E000080A80ED071AC0ED061A80ED052AC0ED22
:1038F000042A80ED033AC0ED023A80ED014AC0EDA2
:10390000004A00208DF807000B9A9DF80730591CDB
:103910008DF8071043F6AC21C2F2000141F82320D4
:103920000A9A9DF8073003F1010C8DF807C041F8A1
:103930002320099A9DF8073003F1010C8DF807C088
:1039400041F82320089A9DF8073003F1010C8DF807
:1039500007C041F82320079A9DF8073003F1010CB6
:103960008DF807C041F82320069A9DF8073003F12F
:10397000010C8DF807C041F82320059A9DF8073007
:1039800003F1010C8DF807C041F82320049A9DF83B
:10399000073003F1010C8DF807C041F82320039A8A
:1039A0009DF8073003F1010C8DF807C041F8232082
:1039B000029A9DF8073003F1010C8DF807C041F819
:1039C000232081F8280081F82900802081F82A002E
:1039D0007F2081F82B0044F6C820C2F200002C2280
:1039E000F4F76AFE0CB080BD86B004900391039991
:1039F0000120088600208DF8070004989DF8071024
:103A00004A1C8DF80720405C039908760398007ED5
:103A1000CD2804D0FFE7FF208DF81700F2E00498CE
:103A20009DF807104A1C8DF80720405C8DF80800AF
:103A300004989DF807104A1C8DF80720405C8DF80B
:103A4000090004989DF807104A1C8DF80720405C77
:103A50008DF80A0004989DF807104A1C8DF807207D
:103A6000405C8DF80B0002980399C86104989DF89A
:103A700007104A1C8DF80720405C8DF80800049858
:103A80009DF807104A1C8DF80720405C8DF809004E
:103A900004989DF807104A1C8DF80720405C8DF8AB
:103AA0000A0004989DF807104A1C8DF80720405C16
:103AB0008DF80B0002980399086204989DF807108E
:103AC0004A1C8DF80720405C8DF8080004989DF88A
:103AD00007104A1C8DF80720405C8DF809000498F7
:103AE0009DF807104A1C8DF80720405C8DF80A00ED
:103AF00004989DF807104A1C8DF80720405C8DF84B
:103B00000B0002980399486204989DF807104A1C1C
:103B10008DF80720405C8DF8080004989DF8071088
:103B20004A1C8DF80720405C8DF8090004989DF828
:103B300007104A1C8DF80720405C8DF80A00049895
:103B40009DF807104A1C8DF80720405C8DF80B008B
:103B500002980399886204989DF807104A1C8DF812
:103B60000720405C8DF8080004989DF807104A1C57
:103B70008DF80720405C8DF8090004989DF8071027
:103B80004A1C8DF80720405C8DF80A0004989DF8C7
:103B900007104A1C8DF80720405C8DF80B00029836
:103BA0000399C86204989DF807104A1C8DF80720F5
:103BB000405C00900098C0F30010039981F8330036
:103BC0000098C0F3C000039981F83400009800F019
:103BD0000700002818BF0120039981F835000498D8
:103BE0009DF80710405C039948760398407EDC28D6
:103BF00004D0FFE7FE208DF8170003E000208DF8C9
:103C00001700FFE79DF9170006B0704780B584B034
:103C10000390029100208DF8030043F25851C2F244
:103C20000001CD2088750298806B88610298406CF5
:103C3000C861039841F23E72805E00EE100AB8EE51
:103C4000C00A9FED702A80EE020A9FED6F1A20EEE7
:103C5000010A81ED080A039841F2CE42805E00EE2F
:103C6000100AB8EEC00A80EE020A20EE010A81EDC9
:103C7000090ADC2081F82C000020C4F25C30886244
:103C8000887D9DF80320531C8DF803308854886983
:103C900001909DF804009DF80320531C8DF803301B
:103CA00088549DF805009DF80320531C8DF80330BF
:103CB00088549DF806009DF80320531C8DF80330AE
:103CC00088549DF807009DF80320531C8DF803309D
:103CD0008854C86901909DF804009DF80320531C86
:103CE0008DF8033088549DF805009DF80320531C7F
:103CF0008DF8033088549DF806009DF80320531C6E
:103D00008DF8033088549DF807009DF80320531C5C
:103D10008DF803308854086A01909DF804009DF8DE
:103D20000320531C8DF8033088549DF805009DF83E
:103D30000320531C8DF8033088549DF806009DF82D
:103D40000320531C8DF8033088549DF807009DF81C
:103D50000320531C8DF803308854486A01909DF865
:103D600004009DF80320531C8DF8033088549DF8FF
:103D700005009DF80320531C8DF8033088549DF8EE
:103D800006009DF80320531C8DF8033088549DF8DD
:103D900007009DF80320531C8DF803308854886A6F
:103DA00001909DF804009DF80320531C8DF803300A
:103DB00088549DF805009DF80320531C8DF80330AE
:103DC00088549DF806009DF80320531C8DF803309D
:103DD00088549DF807009DF80320531C8DF803308C
:103DE000885491F82C009DF80320531C8DF8033063
:103DF000885444F64020C2F200001622F4F75CFC1E
:103E000004B080BD000070420000B44380B584B0AF
:103E10000290019102982C21F6F790FD8DF8030095
:103E20009DF80300C00758B1FFE702980199EDF72C
:103E3000DDF98DF802009DF802008DF80F0003E017
:103E400000208DF80F00FFE79DF80F0004B080BD43
:103E500080B582B00190019844F2F471C2F2000181
:103E600088420AD1FFE740F20040C4F202004FF45A
:103E700080510122F0F796F9FFE702B080BD000003
:103E800080B582B00190019844F2F471C2F2000151
:103E900088420AD1FFE740F20040C4F202004FF42A
:103EA00080510022F0F77EF9FFE702B080BD0000EC
:103EB00084B0039002910398006843F60001C4F2B5
:103EC0000001884211D1FFE70299D1F80600D1F82C
:103ED0000A10019100900298D0F8010040F20121EF
:103EE000884201D1FFE7FFE7FFE704B07047000019
:103EF00080B582B0019001982C21F6F71FFD8DF856
:103F000003009DF8030090B1FFE79DF80300C00790
:103F100030B1FFE701982C210022F6F7C9FD05E03A
:103F20009DF8030001388DF80300FFE705E09DF8D8
:103F3000030001388DF80300FFE702B080BD0000E8
:103F400080B582B043F2D050C2F2000001900198D7
:103F5000A821ECF7C2FA0199032008610199486190
:103F600001984BF24651C0F601018161019A43F27A
:103F70008860C2F20000D061019A4FF48060106244
:103F8000019A00209062019A5062019AD062019ACF
:103F90001166019A43F27861C2F200015166019AFA
:103FA00010219166019908670199C86601994867CF
:103FB000BFF35F8F0090FFE700980F280ED8FFE750
:103FC000009A4AF6D830C0F60100801AC07B0199E9
:103FD0008854FFE7009801300090EDE7BFF35F8F52
:103FE00002B080BD84B003900398006902900398EA
:103FF000C068019002980199884209D8FFE70398A8
:1040000080680199401A029908440138009005E03F
:1040100002990198C04308440090FFE7009804B05B
:104020007047000010B58CB0DDF83CC0DDF838C03A
:104030000B900A91099208930A98B0F1FF3F04DCB3
:10404000FFE70A984042059002E00A980590FFE7D2
:104050000598069001200790FFE706980999884285
:1040600009DBFFE70698099990FBF1F006900798A5
:1040700001300790F1E708980799884203D9FFE7D4
:1040800008980790FFE70E9870B1FFE70A9800289C
:1040900006D4FFE79DF83C004007002804D5FFE761
:1040A0000E9801380E90FFE79DF83C00800700282D
:1040B00003D5FFE7089858B3FFE79DF83C00C00719
:1040C00030BBFFE70E9810B3FFE7FFE70E99002023
:1040D000049041B1FFE707990E9A0020914238BF42
:1040E00001200490FFE70498C00778B1FFE70E981D
:1040F00001380E900B98202100F050F90B98C06801
:10410000B0F1FF3F01DCFFE700E0DFE7FFE7FFE79B
:104110000B98C068002869D4FFE70A98B0F1FF3F08
:1041200008DCFFE70A9840420A900B982D2100F026
:1041300035F90CE09DF83C004007002805D5FFE765
:104140000B982B2100F02AF900E0FFE7FFE70B981E
:10415000C068002849D4FFE79DF83C00800700288C
:104160002ED5FFE79DF83C00C00748BBFFE7089845
:1041700030BBFFE70E9810B3FFE7FFE70E99002072
:10418000039041B1FFE707990E9A0020914238BF92
:1041900001200390FFE70398C00778B1FFE70E986E
:1041A00001380E900B98302100F0F8F80B98C06899
:1041B000B0F1FF3F01DCFFE700E0DFE7FFE7FFE7EB
:1041C0000B98C06800280FD4FFE70B980A99099A4A
:1041D000089BDDF838C00F9CEE46CEF80440CEF8C0
:1041E00000C000F005F8FFE7FFE7FFE70CB010BDE7
:1041F00080B58CB0DDF83CC0DDF838C00B900A917A
:10420000099208930A980590012006900490FFE710
:1042100005980999884209D3FFE705980999B0FBE9
:10422000F1F00590049801300490F1E708980499A2
:10423000884203D9FFE708980490FFE79DF83C0007
:10424000C007C0BBFFE70E98A0B3FFE79DF83C0096
:104250008007002807D5FFE7089820B9FFE730203E
:104260008DF80F0003E020208DF80F00FFE7FFE737
:104270000E990020029041B1FFE704990E9A0020A8
:10428000914238BF01200290FFE70298C00780B139
:10429000FFE70E9801380E900B989DF80F1000F074
:1042A0007DF80B98C068B0F1FF3F01DCFFE700E04C
:1042B000DEE7FFE7FFE70B98C06800286CD4FFE754
:1042C000FFE70898022804D3FFE708980138089010
:1042D0000BE00A980699B0FBF1F00790079809994E
:1042E000884201D2FFE705E0FFE7099906984843B5
:1042F0000690E6E7FFE70A980699B0FBF1F0079011
:10430000079806990A9A00FB11200A900B98079AC1
:104310004AF6E931C0F60101895C00F03FF80B98DC
:10432000C068B0F1FF3F01DCFFE709E0099906989A
:10433000B0FBF1F00690FFE706980028DBD1FFE71D
:104340009DF83C00C00730B3FFE70E9810B3FFE7BD
:10435000FFE70E990020019041B1FFE704990E9A02
:104360000020914238BF01200190FFE70198C0076B
:1043700078B1FFE70E9801380E900B98202100F0DD
:104380000DF80B98C068B0F1FF3F01DCFFE700E0DB
:10439000DFE7FFE7FFE7FFE70CB080BD80B584B043
:1043A00003908DF80B1003988068019001980130FC
:1043B0000399496888420FD8FFE79DF80B000399DD
:1043C0000968019A8854019801300399886003991B
:1043D000C8680130C860FFE7039841688068884278
:1043E00015D1FFE70398016882680069F9F78EFF2D
:1043F00003998968884205D0FFE703994FF0FF30A1
:10440000C86003E0039900208860FFE7FFE704B07D
:1044100080BD000080B58AB0099008910792002005
:1044200005900998C0680390FFE709980069049017
:1044300004980399884206D9FFE704990398C0437A
:104440000844069008E0099881680398049A801A45
:10445000C04308440690FFE7069809998968039AC3
:10446000891A884203D2FFE70698019005E009986F
:1044700080680399401A0190FFE70198069006981A
:104480000799884203D2FFE70698009002E0079858
:104490000090FFE700980690099840680399084447
:1044A000029002980899069AEBF776FF069905980C
:1044B00008440590069908980844089006990798BA
:1044C000401A0790069903980844039003980999A5
:1044D0008968884203D1FFE700200390FFE7BFF31C
:1044E0005F8F03980999C860FFE7079800289CD15F
:1044F000FFE705980AB080BD80B588B007900691A7
:1045000005920798C0680390079880680399401A3D
:10451000029002980599884212D9FFE707984068EF
:1045200003990844019001980699059AEBF734FF26
:10453000BFF35F8F0398059908440799C8601FE08F
:1045400002980490079840680399084401900198E4
:104550000699049AEBF720FF05980299401A0490F7
:1045600007984068019001980699029A1144049AAC
:10457000EBF712FFBFF35F8F04980799C860FFE75E
:1045800008B080BD82B041EC100B8DED000B01989E
:10459000C00F02B07047000081B000EE100A00901A
:1045A0000098C00F01B0704781B08DF803009DF9ED
:1045B000030000280ED4FFE79DF9031001F01F024D
:1045C000012090404A094EF20011CEF2000141F85C
:1045D0002200FFE701B070474EF60C50CEF200000B
:1045E0000068C0F30220704782B08DF80700009188
:1045F0009DF9070000280AD4FFE7009800019DF903
:1046000007104EF20042CEF2000288540BE00098F0
:1046100000019DF8071001F00F014EF61452CEF282
:1046200000028854FFE702B07047000083B0029098
:10463000029800F0070000904EF60C51CEF20001F7
:104640000868019001984FF6FF0210400190019810
:10465000009A40EA02200022C0F2FA521043019070
:104660000198086003B0704780B582B00190009156
:10467000009843F68C21C2F20001086001204860D6
:10468000002088600198EDF7C1FC18B1FFE7EDF755
:104690005DFAFFE70198EDF719FF01980A21EDF7A0
:1046A0007FFE0198EDF7BEFD80B202B080BD000034
:1046B00080B5A0B08DED030ACDED020A01909DED0D
:1046C000020AB5EE400AF1EE10FA40F3A280FFE7CD
:1046D0009DED030A9DED021A80EE010A8DED0D0A93
:1046E00000200C900B909DED0D0AB5EE400AF1EE06
:1046F00010FA09DAFFE701200C909DED0D0AB1EEEA
:10470000400A8DED0D0AFFE79DED0D0AB7EE001A88
:10471000B4EE410AF1EE10FA39DDFFE79DED0D1A16
:10472000B7EE000A80EE010A8DED0D0A0D9810908B
:1047300049F2A520CBF604500F9001200E900E9068
:10474000FFE70E98092819DCFFE79DED100A9DEDA3
:104750000F2A0E98C0F109014AF6FC30C0F601009C
:1047600000EB810090ED001A20EE020A30EE010A03
:104770008DED0F0A0E9801300E90E2E79DED0F1AB5
:104780009FEDD90A30EE410A8DED0B0A30E00D980D
:10479000139049F2A520CBF60450129001201190FD
:1047A0001190FFE71198092819DCFFE79DED130A26
:1047B0009DED122A1198C0F109014AF6FC30C0F6AD
:1047C000010000EB810090ED001A20EE020A30EEAD
:1047D000010A8DED120A119801301190E2E79DED6A
:1047E000121A9DED0B0A30EE010A8DED0B0AFFE760
:1047F0000C9838B1FFE79DED0B0AB1EE400A8DED44
:104800000B0AFFE70B980199086000208DF8130050
:10481000BCE19DED020AB5EE400AF1EE10FA80F21D
:104820008481FFE79DED030AB5EE400AF1EE10FA30
:1048300040F3A580FFE79DED030A9DED021A80EE8F
:10484000010A8DED0A0A0020099008909DED0A0AE0
:10485000B5EE400AF1EE10FA09DAFFE701200990FF
:104860009DED0A0AB1EE400A8DED0A0AFFE79DEDC3
:104870000A0AB7EE001AB4EE410AF1EE10FA39DD79
:10488000FFE79DED0A1AB7EE000A80EE010A8DEDF2
:104890000A0A0A98169049F2A520CBF60450159002
:1048A000012014901490FFE71498092819DCFFE701
:1048B0009DED160A9DED152A1498C0F109014AF6DE
:1048C000FC30C0F6010000EB810090ED001A20EEF4
:1048D000020A30EE010A8DED150A14980130149089
:1048E000E2E79DED151A9FEDAB0A30EE410A8DED22
:1048F000080A30E00A98199049F2A520CBF6045036
:104900001890012017901790FFE71798092819DCD5
:10491000FFE79DED190A9DED182A1798C0F10901CE
:104920004AF6FC30C0F6010000EB810090ED001A61
:1049300020EE020A30EE010A8DED180A17980130B8
:104940001790E2E79DED181A9DED080A30EE010A76
:104950008DED080AFFE7099838B1FFE79DED080AD9
:10496000B1EE400A8DED080AFFE79DED080A9FEDC4
:104970008B1A30EE010A019880ED000AD1E09DED1E
:10498000030AB5EE400AF1EE10FA80F2A580FFE7C7
:104990009DED030A9DED021A80EE010A8DED070AD6
:1049A0000020069005909DED070AB5EE400AF1EE55
:1049B00010FA09DAFFE7012006909DED070AB1EE33
:1049C000400A8DED070AFFE79DED070AB7EE001AD2
:1049D000B4EE410AF1EE10FA39DDFFE79DED071A5A
:1049E000B7EE000A80EE010A8DED070A07981C90C9
:1049F00049F2A520CBF604501B9001201A901A9082
:104A0000FFE71A98092819DCFFE79DED1C0A9DEDC8
:104A10001B2A1A98C0F109014AF6FC30C0F60100C1
:104A200000EB810090ED001A20EE020A30EE010A40
:104A30008DED1B0A1A9801301A90E2E79DED1B1AC2
:104A40009FED540A30EE410A8DED050A30E00798DB
:104A50001F9049F2A520CBF604501E9001201D9016
:104A60001D90FFE71D98092819DCFFE79DED1F0A3F
:104A70009DED1E2A1D98C0F109014AF6FC30C0F6D2
:104A8000010000EB810090ED001A20EE020A30EEEA
:104A9000010A8DED1E0A1D9801301D90E2E79DED83
:104AA0001E1A9DED050A30EE010A8DED050AFFE79D
:104AB000069838B1FFE79DED050AB1EE400A8DED8D
:104AC000050AFFE79DED050A9FED331A30EE010A56
:104AD000019880ED000A23E0002038B9FFE7039831
:104AE000FFF75AFD68B913E0DB0FC93F039805F0E3
:104AF00035FE41EC100B51EC100BFFF743FD38B1C4
:104B0000FFE7019940F6DB70CCF24900086006E04F
:104B1000019940F6DB70C4F249000860FFE7FFE747
:104B2000FFE700208DF8130030E09DED020AB5EE9E
:104B3000400AF1EE10FA25D1FFE79DED030AB5EE2C
:104B4000400AF1EE10FA0ADDFFE7019940F6DB704A
:104B5000C3F6C970086000208DF8130016E09DEDC3
:104B6000030AB5EE400AF1EE10FA0ADAFFE70199FE
:104B700040F6DB70CBF6C970086000208DF813009A
:104B800004E0FFE7FC208DF81300FFE79DF9130018
:104B900020B080BDDB0FC93FDB0F49C0DB0F4940B0
:104BA00089B08DED080A9DED080A9FED3C1A20EEB4
:104BB000010AB5EE001A30EE010A8DED050A9DEDF1
:104BC000050ABDEEC00A8DED010A9DED050AB5EEA0
:104BD000400AF1EE10FA04DAFFE70198013801907B
:104BE000FFE79DED050A9DED011AB8EEC11A30EE02
:104BF000410A8DED050A9DED050A9FED291A20EE6B
:104C0000010A8DED000A9DED000ABDEEC00A10EE0E
:104C1000100AADF81200BDF81200B0F5007F0CDBF1
:104C2000FFE70020ADF812009DED000A9FED1D1A70
:104C300030EE010A8DED000AFFE79DED000ABDF898
:104C4000120001EE100AB8EE411A30EE410A8DED65
:104C5000060ABDF812104AF62440C0F6010050F8CA
:104C600021100391BDF8121000EB81004068029002
:104C70009DED061AB7EE000A30EE410A9DED032ABB
:104C80009DED023A21EE031A20EE020A30EE010AEF
:104C90008DED070A9DED070A09B0704783F9223EA2
:104CA00000000044000000C489B0089007910692FB
:104CB00008984068059007984068049006984068F6
:104CC00003900898008807990988884215D1FFE762
:104CD000089840880799498888420ED1FFE70898CC
:104CE000008806990988884207D1FFE7089840881C
:104CF00006994988884204D0FFE7FD208DF803001B
:104D000023E0089908884988484302900298019056
:104D1000FFE70198A8B1FFE70598011D059190ED07
:104D2000000A0498011D049190ED001A30EE010A6A
:104D30000398011D039180ED000A0198013801904C
:104D4000E7E700208DF80300FFE79DF9030009B0B5
:104D50007047000083B00290ADF80610ADF8042053
:104D60000093BDF8060002990880BDF8040002997E
:104D7000488000980299486003B07047BBB03990F2
:104D8000389139984068379038984068369039980B
:104D900000883490399840883390002032903190C8
:104DA0002B9039990888498888420DD1FFE73899B6
:104DB00008884988884207D1FFE7399800883899E0
:104DC0000988884204D0FFE7FD208DF8A300C8E2DF
:104DD0003698359034982C90FFE72C9858B3FFE71D
:104DE00034982C99401A2A90FFE72A9848B1FFE797
:104DF0003599081D3590002008602A9801382A90BE
:104E0000F3E73599081D35904FF07E5008602C98D7
:104E100001382A90FFE72A9848B1FFE73599081D25
:104E20003590002008602A9801382A90F3E72C98E2
:104E300001382C90D1E700202990FFE72998339979
:104E4000884280F05382FFE729982F90399948686B
:104E50004988299A01FB022100EB810035903598A1
:104E60000068329029983090299801302D90FFE702
:104E70002D983499884225D2FFE7399948684988A6
:104E80002D9A299B01FB023100EB8100359035986A
:104E9000006831909DED310AB0EEC00A9DED321AE6
:104EA000B0EEC11AB4EE410AF1EE10FA05DDFFE7EB
:104EB0002D98309031983290FFE7FFE72D98013020
:104EC0002D90D5E79DED320AB5EE400AF1EE10FACD
:104ED00076D0FFE730982999884271D0FFE739985A
:104EE00040682590399840682490399840882390EC
:104EF00023982999401A22902F982399299A00FBE8
:104F00000121259800EB8100259030982399299A5A
:104F100000FB0121249800EB8100249000202790C1
:104F2000FFE727982299884213DAFFE7259800685F
:104F300026902498006825990A1D259208602698D5
:104F400024990A1D24920860FFE7279801302790D2
:104F5000E7E7389840681F90389840681E90389866
:104F600040881D901D981C902F981D9941431F98B3
:104F700000EB81001F9030981D9941431E9800EB73
:104F800081001E9000202190FFE721981C99884203
:104F900013DAFFE71F98006820901E9800681F9999
:104FA0000A1D1F92086020981E990A1D1E92086013
:104FB000FFE7219801302190E7E701202B90FFE7E0
:104FC0002B9801280CD0FFE79DED320AB5EE400A80
:104FD000F1EE10FA04D1FFE7FB208DF8EB00C5E1FC
:104FE0009DED321AB7EE000A80EE010A8DED320A0D
:104FF000399840681A9039984088199019982999D9
:10500000401A18902F981999299A00FB01211A9893
:1050100000EB81001A9000201B90FFE71B98189965
:10502000884210DAFFE79DED321A1A98011D1A9195
:1050300090ED000A20EE010A80ED000AFFE71B98C0
:1050400001301B90EAE738984068169038984088FD
:105050001590159814902F9815994143169800EBC8
:105060008100169000201790FFE717981499884246
:1050700010DAFFE79DED321A1698011D169190ED9A
:10508000000A20EE010A80ED000AFFE717980130C0
:105090001790EAE700202D90FFE72D982F9988427E
:1050A00080F08B80FFE73999486849882D9A299BC1
:1050B00001FB023100EB8100359035980068329099
:1050C0003998406812903998406811903998408812
:1050D000109010982999401A0F9012982D99109AB3
:1050E000514300EB8100299900EB81001290119847
:1050F0002F99109A514300EB8100299900EB810010
:10510000119000201390FFE713980F99884217DA47
:10511000FFE79DED321A1198011D119190ED002AC3
:105120001298011D129190ED000A21EE021A30EE44
:10513000410A80ED000AFFE7139801301390E3E77E
:10514000389840680D90389840680C90389840889E
:105150000B900B980A900D982D990B9A514300EBE8
:1051600081000D900C982F990B9A514300EB810010
:105170000C9000200E90FFE70E980A99884217DAEB
:10518000FFE79DED321A0C98011D0C9190ED002A5D
:105190000D98011D0D9190ED000A21EE021A30EEDE
:1051A000410A80ED000AFFE70E9801300E90E3E718
:1051B000FFE72D9801302D906FE72F9801302D904B
:1051C000FFE72D983499884280F08B80FFE739996A
:1051D000486849882D9A299B01FB023100EB810028
:1051E0003590359800683290399840680890399821
:1051F0004068079039984088069006982999401A87
:10520000059008982D99069A514300EB8100299941
:1052100000EB8100089007982F99069A514300EB04
:105220008100299900EB8100079000200990FFE799
:1052300009980599884217DAFFE79DED321A079819
:10524000011D079190ED002A0898011D089190ED2D
:10525000000A21EE021A30EE410A80ED000AFFE753
:10526000099801300990E3E738984068039038982E
:105270004068029038984088019001980090039807
:105280002D99019A514300EB8100039002982F99C8
:10529000019A514300EB8100029000200490FFE747
:1052A00004980099884217DAFFE79DED321A0298B8
:1052B000011D029190ED002A0398011D039190EDCC
:1052C000000A21EE021A30EE410A80ED000AFFE7E3
:1052D000049801300490E3E7FFE72D9801302D900A
:1052E0006FE7FFE7299801302990A7E500208DF8A6
:1052F000A3002B98012833D0FFE79DED320AB5EECD
:10530000400AF1EE10FA2BD1FFE739984068379048
:1053100000202E90FFE72E983499339A514388420B
:1053200012D2FFE737982E9900EB810090ED000A2A
:10533000B5EE400AF1EE10FA01D0FFE704E0FFE716
:105340002E9801302E90E6E72E983499339A5143E7
:10535000884204D1FFE7FB208DF8A300FFE7FFE7B9
:10536000FFE79DF8A3008DF8EB00FFE79DF9EB0048
:105370003BB0704792B008AB0093119010910F9220
:10538000119840680E90109840680D9011984068F0
:105390000C90109840680B900F9840680A901198F4
:1053A0000088ADF81E0010984088ADF81C001198D8
:1053B0004088ADF81A0000200490BDF81E0003904C
:1053C000119840881099098888420ED1FFE71198FA
:1053D00000880F990988884207D1FFE71098408814
:1053E0000F994988884204D0FFE7FD208DF8070017
:1053F0005EE0FFE70A98049900EB81000990BDF890
:105400001C000590109840680D90FFE70020089060
:105410000C980E90BDF81A000290FFE70298D8B1E0
:10542000FFE700980E990A1D0E9291ED000A0D9962
:1054300091ED002A90ED001A20EE020A30EE010AEA
:1054400080ED000ABDF81C100D9800EB81000D9056
:10545000029801380290E1E7089809990A1D09921B
:1054600008600598013805900B98BDF81C10059A46
:10547000891A00EB81000D90FFE705980028C5D13F
:10548000FFE70498BDF81C10084404900C98BDF880
:105490001A1000EB81000C90039801380390FFE78D
:1054A00003980028A6D1FFE700208DF80700FFE74A
:1054B0009DF9070012B0704789B0089007910692D5
:1054C00008984068059007984068049006984068DE
:1054D00003900898008807990988884215D1FFE74A
:1054E000089840880799498888420ED1FFE70898B4
:1054F000008806990988884207D1FFE70898408804
:1055000006994988884204D0FFE7FD208DF8030002
:1055100023E008990888498848430290029801903E
:10552000FFE70198A8B1FFE70598011D059190EDEF
:10553000000A0498011D049190ED001A30EE410A12
:105540000398011D039180ED000A01980138019034
:10555000E7E700208DF80300FFE79DF9030009B09D
:10556000704700008AB00990089109984068079038
:1055700008984068069009980088ADF812000998CC
:105580004088ADF81000BDF8120002900020019094
:105590000998008808994988884207D1FFE7099847
:1055A000408808990988884204D0FFE7FD208DF8DB
:1055B00003002BE0FFE70698019900EB81000590BE
:1055C000BDF810000390FFE7039880B1FFE707984C
:1055D000011D0791006805990860BDF81210059833
:1055E00000EB81000590039801380390ECE70198E7
:1055F00001300190029801380290FFE702980028DC
:10560000D9D1FFE700208DF80300FFE79DF90300E3
:105610000AB0704780B588B000208DF81E008DF864
:105620001D00EBF74BFA80200490EBF7F7FB5520B9
:105630000590EBF7F3FB0598EBF7F0FB8DF81E00F8
:10564000EBF732FA96200690EBF76EFAEBF736FAA4
:105650000498EBF7E3FB0598EBF7E0FB0598EBF715
:10566000DDFB8DF81E00EBF71FFA0698EBF75CFAEE
:10567000EBF724FA7E20B621EBF7E8FBEBF714FA00
:105680005020EBF73DFAEBF719FA0498EBF7C6FB5D
:105690000598EBF7C3FB0598EBF7C0FB8DF81E00F0
:1056A000EBF702FA0698EBF73FFAEBF707FA0498E4
:1056B000EBF7B4FB0598EBF7B1FB0598EBF7AEFB06
:1056C0008DF81E00EBF7F0F90698EBF72DFA9DF830
:1056D0001E001E2804D0FFE7FF208DF81F005CE0AD
:1056E00000208DF81D00FFE79DF81D00052850DC07
:1056F000FFE7EBF7E3F99DF81D0000EB400240F2F5
:10570000D010C2F2000003908118805C4978EBF75A
:105710009DFBEBF7C9F996200290EBF705FAEBF742
:10572000CDF903989DF81D1001EB4101405C40F05C
:105730008000EBF773FB55200190EBF76FFB0198AE
:10574000EBF76CFB8DF81E00EBF7AEF90298EBF768
:10575000EBF903999DF81E009DF81D2002EB420213
:105760001144497888420DD0FFE79DF81D0000EBF9
:10577000400140F2D010C2F20000084480788DF859
:105780001F000AE0FFE79DF81D0001308DF81D00A5
:10579000AAE700208DF81F00FFE79DF81F0008B062
:1057A00080BD000080B586B0002002908DF8160004
:1057B0008DF81500EBF798F902980DF1150103919A
:1057C000EBF71AFBEBF786F996200490EBF7ACF9B0
:1057D000EBF78AF902980399EBF70EFBEBF77AF9EE
:1057E0000498EBF7A1F9EBF77FF91420B621EBF75A
:1057F0002DFBEBF76FF95020EBF782F9EBF774F91B
:1058000002980399EBF7F8FAEBF764F90498EBF7D1
:105810008BF9EBF769F902980399EBF7EDFAEBF7DF
:1058200059F90498EBF780F99DF815000F2804D07A
:10583000FFE7FF208DF8170053E000208DF81600D9
:10584000FFE79DF81600052847DCFFE7EBF74CF96A
:105850009DF8160000EB400240F2E210C2F2000098
:1058600001908118805C4978EBF7F0FAEBF732F998
:1058700096200090EBF758F9EBF736F901989DF870
:10588000161001EB4101405C0DF11501EBF7B4FA84
:10589000EBF720F90098EBF747F901999DF815000F
:1058A0009DF8162002EB42021144497888420DD03F
:1058B000FFE79DF8160000EB400140F2E210C2F253
:1058C0000000084480788DF817000AE0FFE79DF893
:1058D000160001308DF81600B3E700208DF8170090
:1058E000FFE79DF8170006B080BD000080B58AB0C4
:1058F0000990ADF82210079208200590002003902F
:105900000490BDF82210019102900998079A01A90C
:105910006B46ECF7EDFE0AB080BD000084B003904A
:105920008DF80B10019200208DF803009DF80B00FC
:1059300002282ED1FFE703980199C8700398000A46
:1059400003900398019988700398000A03900398C4
:1059500000F003008DF803000398C0000390039843
:1059600000F0E0009DF8031008448DF803009DF856
:10597000030008308DF803009DF8030000F0EB00F1
:10598000019948700398000A0390039801990870E0
:1059900011E00199002088700199C87003984001B6
:1059A00003900398019948700398000A03900398A4
:1059B00001990870FFE704B07047000084B08DF8CB
:1059C0000F008DF80E108DF80D208DF80C30002092
:1059D000029001909DF80C0000F003008DF8030088
:1059E0009DF80C0040098DF802009DF80D00C000E4
:1059F000019001989DF802100844019001988000E0
:105A0000019001989DF8031008440190019800024C
:105A1000019001989DF80F10084401900198000230
:105A2000019001989DF80E10084401900198029091
:105A3000029804B07047000083B08DF80B008DF819
:105A40000A10002001909DF80B00C0000090009803
:105A50009DF80A1000EB51100090009801900198F9
:105A600003B0704780B582B0019000910199B1F800
:105A70004200A1F8400000980178407840EA0120F7
:105A80000199A1F8420000988178C07840EA01208D
:105A900044F61251C2F20001088000980179407961
:105AA00040EA012043F6A821C2F2000108800199D2
:105AB00041F65630A1F87A000199B1F84200B1F8E8
:105AC0007A10411A43F69C20C2F200000180B0F91E
:105AD0000000B0F5805F09DDFFE743F69C21C2F2CC
:105AE00000010888A0F50050088013E043F69C20D0
:105AF000C2F20000B0F9000010F5805F09DAFFE79C
:105B000043F69C21C2F20001088800F5005008808D
:105B1000FFE7FFE743F69C20C2F20000B0F9000067
:105B200000EE100AB8EEC00A9FED511A20EE010AED
:105B3000019880ED1F0A0198B0F94010B0F94200B9
:105B4000401A10F5805F07DAFFE70199B1F880008D
:105B50000130A1F8800011E00198B0F94010B0F9CF
:105B60004200401AB0F5805F07DDFFE70199B1F808
:105B700080000138A1F88000FFE7FFE70198B0F945
:105B800080200021B2F5FA4F0846C8BF012012F567
:105B9000FA4FB8BF0121084370B1FFE70199002017
:105BA000A1F880000198B0F9421000EE101AB8EE8A
:105BB000C00A80ED1B0AFFE70199B1F84600A1F881
:105BC000440044F61250C2F20000B0F9000048F25E
:105BD0001F51C5F2EB1150FB01F1480900EBD170E8
:105BE0000199A1F846000198B0F94410B0F94600B7
:105BF0009FED200AF6F74CF90199A1F8460043F60B
:105C0000A820C2F20000B0F9000000EE100AB8EEC1
:105C1000C00A9FED191A80EE010A019880ED130A5F
:105C20000098807900EE100AB8EE400A019880EDE5
:105C30000F0A0098C07900EE100AB8EE400A0198E9
:105C400080ED0E0A0198B0F94210B0F9802052039D
:105C500000EE102AB8EEC00A01EE101AB8EEC11A12
:105C600030EE010ABDEEC00A80ED210A02B080BD0F
:105C70005839343D0000FA43CDCC4C4480B588B04F
:105C80000790ADF81A108DED050ACDED040A8DEDE3
:105C9000031ACDED021A9DED050A9FED251A20EE9F
:105CA000010ABDEEC00A10EE100AADF806009DED27
:105CB000040A20EE010ABDEEC00A10EE100AADF88B
:105CC00004009DED030A20EE010ABDEEC00A10EEAD
:105CD000100AADF802009DED020A20EE010ABDEEA9
:105CE000C00A10EE100AADF800009DF8070043F658
:105CF000D822C2F2000210709DF8060050709DF884
:105D0000050090709DF80400D0709DF8030010719C
:105D10009DF8020050719DF8010090719DF80000FF
:105D2000D0710798BDF81A10FFF7E0FD08B080BDEC
:105D30000000A03A85B0049004988169806A00EE62
:105D4000101A01EE100A20EE010AB5EE400AF1EE3B
:105D500010FA40F39180FFE70498806900EE100A82
:105D6000B5EE400AF1EE10FA07DDFFE7049880690E
:105D700000EE100A8DED030A08E00498806980F0B7
:105D8000004000EE100A8DED030AFFE79DED030AC7
:105D90000498406D01EE100AB4EE410AF1EE10FADB
:105DA00001DCFFE768E00498806900EE100AB5EEB8
:105DB000400AF1EE10FA07DDFFE70498806900EE73
:105DC000100A8DED020A08E00498806980F0004016
:105DD00000EE100A8DED020AFFE79DED020A04981D
:105DE000016D406D01EE101A02EE100A31EE021A3A
:105DF000B4EE410AF1EE10FA39DCFFE70499886944
:105E0000096D00EE101A8DED010A00EE100AB5EED4
:105E1000400AF1EE10FA07DDFFE70498806900EE12
:105E2000100A8DED000A08E00498806980F00040B7
:105E300000EE100A8DED000AFFE79DED010A9DEDD1
:105E4000001A30EE410A0499086B0A6D4B6D01EEA1
:105E5000103A30EE010A01EE102A80EE011A00EE2F
:105E6000100A20EE010A10EE100A086303E00499FC
:105E700000200863FFE7FFE705B0704782B001909C
:105E80000198816A006B00EE101A01EE100A30EEE4
:105E9000010A43F6E820C2F2000080ED000A0198F2
:105EA000426A816AC06A00EE102A01EE101A30EED2
:105EB000010A01EE100A30EE010A43F6EC20C2F2AC
:105EC000000080ED000A90ED000AB5EE400AF1EE08
:105ED00010FA09DDFFE743F6EC20C2F2000090ED76
:105EE000000A8DED000A0AE043F6EC20C2F2000041
:105EF00090ED000AB1EE400A8DED000AFFE79DED3E
:105F0000000A0198006C01EE100AB4EE410AF1EEAD
:105F100010FA14DDFFE701988169806A00EE101A1B
:105F200001EE100A20EE010AB5EE400AF1EE10FA79
:105F300004DDFFE7019900200863FFE7FFE743F670
:105F4000E820C2F2000090ED000A0198406C01EEDA
:105F5000100AB4EE410AF1EE10FA07DDFFE70199ED
:105F6000002008630199486C8862FFE743F6E82047
:105F7000C2F2000090ED000A0198406C80F00040F1
:105F800001EE100AB4EE410AF1EE10FA09DAFFE769
:105F90000199002008630199486C80F000408862F4
:105FA000FFE702B07047000081B000900098416B9D
:105FB000006C00EE101A01EE100AB4EE410AF1EE88
:105FC00010FA04DDFFE70099086C4863FFE70098CA
:105FD000416B006C00EE101A80F0004001EE100AD8
:105FE000B4EE410AF1EE10FA06DAFFE70099086C08
:105FF00080F000404863FFE701B0704781B0009037
:106000000098416B006C00EE101A01EE100A9FED33
:106010002B2A21EE021AB4EE410AF1EE10FA0EDB41
:10602000FFE70098006820F0004000EE100A9FEDA6
:10603000241AB4EE410AF1EE10FA01DAFFE73BE070
:1060400000980168006901EE101A00EE100A31EEA6
:10605000400AB0EEC00AB0EEC11A80EE010A9FED10
:10606000191AB4EE410AF1EE10FA0DDDFFE70099BE
:10607000D1F89920D1F89D00013240F10000C1F81B
:106080009920C1F89D0006E000990020C1F89D000C
:10609000C1F89900FFE70098D0F89910D0F89D005A
:1060A00040F2F512891A70F1000005D3FFE700995C
:1060B000012081F8A100FFE701B070476F12833A19
:1060C00017B7D1383333733F81B000900099D1F8BE
:1060D00008C08B69CA69D1F8900000EE10CA01EEC1
:1060E000103A02EE102A31EE021AB0EE002A81EECA
:1060F000021A20EE010A01EE100A20EE010A10EE4B
:10610000100A086301B0704780B584B003A80190FD
:106110000020ADF80A0043F63060C2F2000008210A
:10612000FEF7A2FA01460198ADF80A10BDF80A1070
:1061300000EE101AB8EE400A40F2CC11C2F2000193
:1061400091ED001A20EE010A9FED041A20EE010ADB
:1061500080ED000A90ED000A04B080BD5D7421411D
:1061600080B58CB00A9009910892079343F60B30E2
:10617000C2F20000007801280CD0FFE70898F4F77D
:10618000D9FC43F60B31C2F20001087000208DF8F3
:106190002F00E5E0089841F2CE41405A0A99A1F853
:1061A0004E000A98B0F94C00B0F5805F08DDFFE7BB
:1061B0000A99B1F84C00A0F50050A1F84C000FE08E
:1061C0000A98B0F94C0010F5805F08DAFFE70A99E9
:1061D000B1F84C0000F50050A1F84C00FFE7FFE7D4
:1061E0000A98006A089941F2647288500A98C06A55
:1061F000089941F2F442885009980078002842D169
:10620000FFE7079890ED0E0A9FED571A20EE010A5E
:10621000089841F26471084480ED000A079890EDF7
:10622000110A20EE010A089841F2F441084480ED79
:10623000000A43F28851C2F2000100200690087360
:10624000487343F67860C2F20000059040F2FE31D8
:10625000DFED461AB0EE610AF0EE610AB0EE611AA7
:10626000FFF70CFD0598069B69464B600B604FF4E9
:1062700000711A46EBF792F9069843F60A31C2F21A
:1062800000010870FFE7089941F610000844079ADA
:1062900092ED0E0A9FED341A8DED031A20EE010ADD
:1062A00041F264721144D1ED000AF6F715F808992D
:1062B00041F6BA000844079A92ED040A9FED2C1AA1
:1062C0008DED041A20EE010A41F644021144D1ED8D
:1062D000000AF6F701F89DED031A089901F5AD5093
:1062E000079A92ED110A20EE010A41F2F44211449C
:1062F000D1ED000AF5F7F0FF9DED041A089941F27F
:106300004A600844079A92ED050A20EE010A41F21C
:10631000D4521144D1ED000AF5F7DEFF089841F29E
:106320007E61415844F62450C2F200000160089991
:1063300041F6EE028958416090ED000AD0ED010A65
:1063400043F67860C2F2000040F2FE31DFED071A3A
:10635000B0EE611AFFF792FC01208DF82F00FFE7E5
:106360009DF82F000CB080BD610BB641000000000D
:106370000000C84280B582B08DED010A4FF07E501A
:1063800000909DED010AF8F7C9FBB0EE401A9DEDB3
:10639000000A80EE010A8DED000A9DED000A02B0B0
:1063A00080BD000080B582B000200190EDF726FF8F
:1063B000F8F7B4FDF4F740FFF4F7FCFDF4F798FDAF
:1063C000F4F7BEFDF5F74EF8F5F762FAF5F7C6FA01
:1063D000F4F7DEFDF5F798F8F5F79AFAF5F7BEF958
:1063E000F4F706FDF4F744FDF5F724FAF5F764F841
:1063F000F5F76EFAF5F7D0F8F5F76EF9F4F75CFEFD
:1064000000F042F8FFE7FEE782B0ADF8060000209A
:106410000090BDF90600842807D0FFE7BDF906000B
:106420000099084403300090FFE7009802B07047DD
:1064300080B584B0039003980290029818B1FFE7EA
:106440000298019002E001200190FFE7019801F01D
:106450004BFB002004B080BD80B586B00590049150
:106460000498039005980290039818B1FFE70398E9
:10647000019002E001200190FFE70298019901F0EC
:106480006BFB002006B080BD80B501F055FC0020FC
:1064900080BD0000B0B590B00E900D910E9840698F
:1064A00038B3FFE70E98806918B3FFE70E980168CC
:1064B000089141680B91016909910D990A91B0F910
:1064C0000800FFF7A1FF0899099A0A9B84460B98D8
:1064D000DDF838E0DEF81440DEF81850EE46CEF86D
:1064E0000850CEF80440CEF800C002F005FA0C9037
:1064F00020E00E980168049141680791018A059196
:106500000D990691B0F90800FFF77EFF0499059AEE
:10651000069B84460798EE460CACCEF80440CEF8B5
:1065200000C002F099F9012803D0FFE700200F9086
:1065300003E0FFE70C980F90FFE70F9810B0B0BD95
:1065400080B584B0039002914BF2B800C2F2000013
:106550000068009044F65440C2F200000268002136
:1065600082F852100068043001F076F888B9FFE72D
:1065700044F65440C2F200000068C16A012000FAEB
:1065800001F24AF66051C2F20001086890430860C7
:1065900000E0FFE70398013080B9FFE7029868B197
:1065A000FFE744F65440C2F200000068011D4BF2C0
:1065B0009000C2F2000001F0F5F83DE00098039968
:1065C00008440190019844F65441C2F20001096860
:1065D00048600198009988420ED2FFE744F6644073
:1065E000C2F20000006844F65441C2F2000109689A
:1065F000043101F0A1F81EE044F65C40C2F2000054
:10660000006844F65441C2F200010968043101F007
:1066100093F801984BF21C01C2F20001096888420C
:1066200007D2FFE701984BF21C01C2F2000108609B
:1066300000E0FFE7FFE7FFE704B080BD80B582B070
:10664000019001F0D7F84AF65051C2F200010868F3
:106650000130086044F65440C2F20000006898B966
:10666000FFE7019844F65441C2F2000108604AF67F
:106670005050C2F200000068012803D1FFE700F08B
:10668000EBFA00E0FFE71CE04BF28400C2F20000EE
:106690000068A0B9FFE744F65440C2F20000006869
:1066A000C06A0199C96A884207D8FFE7019844F691
:1066B0005441C2F20001086000E0FFE700E0FFE79C
:1066C000FFE74AF65C51C2F2000108680130086039
:1066D0000198C16A012000FA01F24AF66051C2F243
:1066E00000010868104308600199C86A00EB800245
:1066F00044F66C40C2F2000000EB8200043101F06D
:1067000051F801F0A3F84BF28400C2F200000068D7
:10671000C8B1FFE744F65440C2F200000068C06A06
:106720000199C96A88420CD2FFE74EF60451CEF2B5
:1067300000014FF080500860BFF34F8FBFF36F8FA1
:1067400000E0FFE700E0FFE702B080BD80B584B065
:1067500001F050F84BF2BC00C2F2000000680028C3
:1067600040D1FFE74AF66850C2F20000029000F004
:10677000C3FF4AF67C50C2F20000039000F0BCFF59
:106780000299039844F65842C2F20002116044F69E
:106790006841C2F20001086069460020086044F6C2
:1067A0006532C2F2000244F60843C2F200030A2036
:1067B000102101F045FC01464BF2BC00C2F2000082
:1067C0000160006860B1FFE74BF2BC00C2F200005C
:1067D00000684BF23951C0F6010101F029F900E0DF
:1067E000FFE700E0FFE701F031F804B080BD0000F2
:1067F00080B582B0FFE74AF65450C2F2000000684C
:1068000008B3FFE700F0F6FF4BF2A400C2F200006D
:10681000C068C06801900198043000F01DFF4AF67E
:106820005051C2F200010868013808604AF654511C
:10683000C2F2000108680138086001F007F8019809
:1068400000F08CF8D7E702B080BD000080B582B0C0
:10685000019000910198006CB8B1FFE70199C868F8
:106860000A6C1044C86001988168C068884204D3EB
:10687000FFE701990868C86000E0FFE70098019A07
:10688000D168126CE9F788FDFFE702B080BD000017
:1068900080B586B00590049103920020029005987F
:1068A000806B01900598006C78B9FFE70598006847
:1068B00048B9FFE70598806802F088F902900599C9
:1068C0000020886000E0FFE741E00398B8B9FFE7E7
:1068D000059A04995068126CE9F75EFD05994868BD
:1068E0000A6C10444860059948688968884204D356
:1068F000FFE705990868486000E0FFE726E0059A91
:106900000499D068126CE9F747FD0599C8680A6CCC
:10691000801AC86005980168C068884206D2FFE7FF
:10692000059988680A6C801AC86000E0FFE7039840
:10693000022809D1FFE7019820B1FFE7019801384B
:10694000019000E0FFE700E0FFE7FFE7FFE70198C5
:10695000013005998863029806B080BD80B582B089
:106960000090009890F8510040B9FFE70098006B44
:1069700000F092FF009800F08FFF1CE0009890F864
:106980005100012804D1FFE7009800F085FF11E0D5
:10699000009890F8510002280BD0FFE74FF050000C
:1069A00080F31188BFF36F8FBFF34F8F0190FFE724
:1069B000FEE7FFE7FFE702B080BD000082B0019074
:1069C00044F65840C2F2000000680068B0FA80F057
:1069D0004009019908600198006848B9FFE744F64A
:1069E0005840C2F200000068C0680068009002E0F1
:1069F00000200090FFE7009802B0704784B04FF489
:106A0000C040009044F64650C2F2000001909DF84C
:106A10000400400788B1FFE7019807300190019812
:106A200020F007000190019A44F64651C2F200019D
:106A30000098891A08440090FFE701980290029993
:106A40004BF28800C2F20000016000214160029810
:106A5000009A10440190019808380190019820F0A4
:106A600007000190019A44F66040C2F20000026003
:106A70000268516002681160029903910199039ABA
:106A8000891A5160006803990860039840684BF2C6
:106A90001801C2F200010860039840684AF6BC5130
:106AA000C2F2000108604AF69051C2F200014FF0B4
:106AB0000040086004B0704780B582B00190FFE7E5
:106AC000FFF796FE44F66C40C2F200000068022810
:106AD0000CD3FFE74EF60451CEF200014FF0805088
:106AE0000860BFF34F8FBFF36F8F00E0FFE7E7E76A
:106AF00080B584B0DDF818C00390029101928DF842
:106B00000330029818B9FFE70698006003E0019887
:106B100006990860FFE703980699C86302980699EA
:106B200008640698012101F013FB04B080BD000049
:106B300080B588B0DDF834C0DDF830C0DDF82CC099
:106B4000DDF828C006900591049203930C98006B21
:106B500004998900A522E9F796FC0C98006B04992A
:106B600000EB810004380290029820F007000290A8
:106B70009DF80800400758B1FFE74FF0500080F340
:106B80001188BFF36F8FBFF34F8F0790FFE7FEE7CA
:106B90000598F8B1FFE700200190FFE701980F2862
:106BA00013D8FFE70598019A805C0C99114481F88D
:106BB000340005980199405C08B9FFE705E0FFE75C
:106BC000FFE7019801300190E8E70C99002081F877
:106BD000430004E00C99002081F83400FFE70A9894
:106BE000072803D3FFE706200A9000E0FFE70A9892
:106BF0000C99C8620A980C9948640C99002000907E
:106C000088640C98043000F08FFD0C98183000F068
:106C10008BFD00980C9909610A99C1F107010C9A42
:106C200091610C9949620C99C8640C9981F85000E3
:106C30000C9981F8520002980699039A00F0D0FC52
:106C40000C9908600B9820B1FFE70C980B9908602D
:106C500000E0FFE708B080BD80B584B0002003905D
:106C6000FFE70398062810D8FFE7039800EB8001A0
:106C700044F66C40C2F2000000EB810000F03CFDE5
:106C8000FFE7039801300390EBE74AF69450C2F215
:106C90000000019000F030FD4AF6A850C2F200005A
:106CA000029000F029FD4BF23000C2F2000000F02B
:106CB00023FD4BF2A400C2F2000000F01DFD4BF2D8
:106CC0009000C2F2000000F017FD0199029844F60E
:106CD0005C42C2F20002116044F66441C2F200015B
:106CE000086004B080BD000083B002904BF28800C1
:106CF000C2F200000190FFE7019800680299884203
:106D000005D2FFE7FFE7019800680190F4E70198DA
:106D1000009000980199496808440299884209D175
:106D2000FFE702984268019948681044486001985A
:106D3000029000E0FFE702980090009802994968ED
:106D4000084401990968884220D1FFE7019800684A
:106D500044F66041C2F20001096888420DD0FFE7A5
:106D60000198006842680299486810444860019898
:106D7000006800680299086007E044F66040C2F2CB
:106D80000000006802990860FFE704E001980068CD
:106D900002990860FFE701980299884204D0FFE752
:106DA00002980199086000E0FFE703B07047000017
:106DB00080B586B005900491039202930020019063
:106DC00004980599486005980061049803998842E1
:106DD00016D8FFE703980299401A059989698842F5
:106DE00003D3FFE70120019009E044F66840C2F2B6
:106DF000000000680599043100F09EFCFFE717E0F1
:106E000003980299884208D2FFE7049802998842C1
:106E100003D3FFE70120019009E044F65840C2F295
:106E2000000000680599043100F086FCFFE7FFE7E9
:106E3000019806B080BD000080B582B0019000F0DE
:106E4000D9FC0198806B18B9FFE70120009002E09F
:106E500000200090FFE700F0F9FC009802B080BD30
:106E600080B582B0019000F0C5FC0198806B01995B
:106E7000C96B884203D1FFE70120009002E00020A7
:106E80000090FFE700F0E2FC009802B080BD000037
:106E900008480068006880F308884FF0000080F31D
:106EA000148862B661B6BFF34F8FBFF36F8F00DFF8
:106EB00000BF000008ED00E080B586B004900391AB
:106EC00044F65840C2F200000068C068C0680190F3
:106ED0000198043000F0C0FB019890F824004007AE
:106EE000002823D5FFE70198049B81691944039A80
:106EF000FFF75EFFC0B1FFE70198049A69460023DF
:106F00000B60194602F056F80290029858B9FFE754
:106F10004FF0500080F31188BFF36F8FBFF34F8F96
:106F20000590FFE7FEE700E0FFE707E0019991F831
:106F3000240000F0FE0081F82400FFE70198016AB8
:106F4000884706B080BD000080B58EB0FFE74BF2E9
:106F5000BC00C2F20000006807A9002201F012FB89
:106F6000002800F0B880FFE70798B0F1FF3F17DC7A
:106F7000FFE707A804300290029858B9FFE74FF0E6
:106F8000500080F31188BFF36F8FBFF34F8F0D90C8
:106F9000FFE7FEE702990A6848688968904700E0C1
:106FA000FFE70798002800F19580FFE70998069011
:106FB0000698406928B1FFE70698043000F04CFBC2
:106FC00000E0FFE705A800F0FBF8039007980190A8
:106FD000092800F27D800199DFE801F00505053DF3
:106FE000456605053D45069991F8240040F00100ED
:106FF00081F824000698089B81691944039AFFF7D9
:10700000D7FE30B3FFE70698016A8847069890F8E4
:107010002400400700281AD5FFE7069808998269DE
:107020000A44694600230B60194601F0C3FF04902F
:10703000049858B9FFE74FF0500080F31188BFF370
:107040006F8FBFF34F8F0C90FFE7FEE700E0FFE785
:1070500000E0FFE73DE0069991F8240000F0FE0013
:1070600081F8240035E0069991F8240040F00100F1
:1070700081F824000898069988610698806958B9B3
:10708000FFE74FF0500080F31188BFF36F8FBFF31D
:107090004F8F0B90FFE7FEE70698039B8169194429
:1070A0001A46FFF785FE14E0069890F82400800742
:1070B000002804D4FFE7069800F0EEFB07E00699ED
:1070C00091F8240000F0FE0081F82400FFE700E0C2
:1070D000FFE7FFE73BE70EB080BD000080B584B05E
:1070E0000390029100F098FE684600F069F8019064
:1070F0000098D8BBFFE7029860B9FFE703980199B1
:10710000884207D8FFE701F04FFE03980199FFF787
:10711000D3FE2AE0029858B1FFE744F66840C2F275
:10712000000000680068B0FA80F040090290FFE7B4
:107130004BF2BC00C2F2000000680399019A891A60
:10714000029A00F09FFC01F02FFE60B9FFE74EF6B7
:107150000451CEF200014FF080500860BFF34F8F12
:10716000BFF36F8F00E0FFE7FFE702E001F01CFED6
:10717000FFE704B080BD000081B044F65C40C2F27D
:1071800000000068006840B9FFE74BF21C01C2F242
:1071900000014FF0FF3008600FE044F65C40C2F29F
:1071A00000000068C068C0680090009840684BF21A
:1071B0001C01C2F200010860FFE701B07047000047
:1071C00080B582B0019001F01BFC0090009844F65D
:1071D0005041C2F200010968884206D2FFE700F080
:1071E00011F801990120086003E00199002008606E
:1071F000FFE7009844F65041C2F200010860009891
:1072000002B080BD80B588B0FFE744F65840C2F2B6
:1072100000000068006800284ED0FFE744F65840A0
:10722000C2F200000168C968096806910068C06878
:10723000C06803900398043000F00EFA0398016AC6
:107240008847039890F824004007002832D5FFE7CC
:10725000069803998969084405900598069988421B
:107260000FD9FFE70598039948600398006144F639
:107270005840C2F2000000680399043100F05CFA43
:1072800017E00398069A694600230B60194601F03F
:1072900091FE0290029858B9FFE74FF0500080F33A
:1072A0001188BFF36F8FBFF34F8F0790FFE7FEE7A3
:1072B000FFE700E0FFE7A8E744F65842C2F2000209
:1072C0001068049044F66841C2F20001086810603A
:1072D0000498086008B080BD83B00020009040F2A0
:1072E000C810C2F200000068013058B1FFE74FF04B
:1072F000500080F31188BFF36F8FBFF34F8F029060
:10730000FFE7FEE74FF0500080F31188BFF36F8F67
:10731000BFF34F8F0190FFE7009808B9FFE7FBE745
:1073200003B0704780B584B00390FFE701A8FFF772
:1073300045FB029002980199FFF7D0FEFFF704FE8B
:10734000F4E7000080B582B0019000F053FA019894
:1073500090F845008DF80300FFE79DF90300012830
:1073600016DBFFE70198406A58B1FFE70198243027
:1073700001F0B8FC18B1FFE700F08AFC00E0FFE77D
:1073800000E005E09DF8030001388DF80300E4E714
:107390000199FF2081F8450000F058FA00F02AFA20
:1073A000019890F844008DF80200FFE79DF9020073
:1073B000012816DBFFE70198006980B1FFE701981B
:1073C000103001F08FFC18B1FFE700F061FC00E025
:1073D000FFE79DF8020001388DF8020000E000E0B0
:1073E000E4E70199FF2081F8440000F02FFA02B091
:1073F00080BD000080B58AB006900020029000F0A9
:107400000BFD44F66040C2F20000006818B9FFE7C7
:10741000FFF7F4FA00E0FFE706984AF69051C2F24F
:1074200000010968084240F0C580FFE7069800B3F4
:10743000FFE70698083006909DF818004007B0B1A5
:10744000FFE7069820F00700083006909DF8180026
:10745000400758B1FFE74FF0500080F31188BFF3A9
:107460006F8FBFF34F8F0990FFE7FEE700E0FFE764
:1074700000E0FFE70698002800F09A80FFE70698F2
:107480004AF6BC51C2F200010968884200F29080BD
:10749000FFE74BF28800C2F20000049000680590FC
:1074A000FFE705984168069A00209142019007D2B3
:1074B000FFE705980068002818BF01200190FFE74A
:1074C0000198C00730B1FFE705980490059800685F
:1074D0000590E6E7059844F66041C2F200010968AC
:1074E000884263D0FFE7049800680830029005984E
:1074F000006804990860059840680699401A1128A8
:1075000021D3FFE705980699084403909DF80C00E5
:10751000400758B1FFE74FF0500080F31188BFF3E8
:107520006F8FBFF34F8F0890FFE7FEE70598406825
:107530000699401A0399486006980599486003988F
:10754000FFF7D2FB00E0FFE7059842684AF6BC501F
:10755000C2F200000168891A016000684BF218014C
:10756000C2F20001096888420BD2FFE74AF6BC501C
:10757000C2F2000000684BF21801C2F2000108607C
:1075800000E0FFE74AF69050C2F200000268059959
:107590004868104348600599002008604BF22401B8
:1075A000C2F2000108680130086000E0FFE700E077
:1075B000FFE700E0FFE701F0F7FB9DF80800400758
:1075C00058B1FFE74FF0500080F31188BFF36F8F81
:1075D000BFF34F8F0790FFE7FEE702980AB080BD28
:1075E00083B00290019100920298043802900299AF
:1075F0004FF080700860029804380290019820F0E3
:10760000010002990860029804380290029947F23A
:10761000D920C0F601000860029814380290009842
:107620000299086002980438029002996FF00200F3
:107630000860029820380290029803B0704700005A
:1076400080B582B00190002000900198FFF7D2FE33
:107650000090009802B080BD82B00190019800694E
:10766000009001984168806888600199486889683D
:107670004860009840680199884205D1FFE7019869
:1076800080680099486000E0FFE7019900200861E8
:1076900000990868013808600098006802B07047D7
:1076A00083B002900191009202994AF6C470C2F22E
:1076B0000000086001994AF6C050C2F2000008605C
:1076C00000998020086003B07047000083B00290EA
:1076D0000191009202994BF2C440C2F2000008608E
:1076E00001994BF2C000C2F20000086000994FF40B
:1076F0008070086003B0704781B00090009901F17C
:107700000800486000994FF0FF308860009901F14F
:107710000800C860009901F1080008610099002084
:10772000086001B07047000081B00090009900200F
:10773000086101B07047000084B003900291029884
:10774000006800900098013020B9FFE703980069B5
:10775000019010E0039808300190FFE7019840681D
:1077600000680099884205D8FFE7FFE70198406864
:107770000190F3E7FFE7019840680299486002989A
:107780004168886001980299886002980199486070
:10779000039802990861039908680130086004B0F1
:1077A0007047000083B002900191029840680090F9
:1077B0000098019948600098806801998860019854
:1077C0000099896848600198009988600298019939
:1077D0000861029908680130086003B07047000032
:1077E000DFF80C00016841F470010160704700008F
:1077F00088ED00E082B04FF0500080F31188BFF3B5
:107800006F8FBFF34F8F019040F2C810C2F200009B
:107810000168013101600068012814D1FFE74EF6CC
:107820000450CEF200000068000658B1FFE74FF0A8
:10783000500080F31188BFF36F8FBFF34F8F00901C
:10784000FFE7FEE7FFE702B07047000082B040F2BA
:10785000C810C2F20000006858B9FFE74FF05000AE
:1078600080F31188BFF36F8FBFF34F8F0090FFE756
:10787000FEE740F2C810C2F2000001680139016061
:10788000006830B9FFE700200190019880F311886B
:10789000FFE702B07047000080B586B00390039800
:1078A0000290039800285CD0FFE702980838029005
:1078B00002980190019840684AF69051C2F2000186
:1078C000096808420BD1FFE74FF0500080F31188A0
:1078D000BFF36F8FBFF34F8F0590FFE7FEE701986F
:1078E000006858B1FFE74FF0500080F31188BFF3F4
:1078F0006F8FBFF34F8F0490FFE7FEE7019840685A
:107900004AF69051C2F200010968084227D0FFE709
:107910000198006808BBFFE74AF69050C2F20000E9
:107920000268019948689043486000F075FA019830
:1079300042684AF6BC51C2F200010868104408606F
:107940000198FFF7D1F94BF22801C2F20001086853
:107950000130086001F028FA00E0FFE700E0FFE7EF
:10796000FFE706B080BD00004EF21001CEF200012C
:10797000002008604EF21802CEF20002106040F2C1
:10798000E400C2F20000006844F6D352C1F2620281
:10799000A0FB02024FF0FF3000EB92104EF21402F7
:1079A000CEF20002106007200860704784B0EFF349
:1079B00005800190019810281ED3FFE701984EF230
:1079C000F031CEF20001405C8DF803009DF8030019
:1079D0004AF64651C2F20001097888420BDAFFE705
:1079E0004FF0500080F31188BFF36F8FBFF34F8FBC
:1079F0000390FFE7FEE7FFE74EF60C50CEF20000E3
:107A0000006800F4E0604AF64851C2F200010968DB
:107A100088420BD9FFE74FF0500080F31188BFF385
:107A20006F8FBFF34F8F0290FFE7FEE704B0704700
:107A300083B00290019100200090FFE70098072892
:107A40001DD8FFE700994BF24400C2F2000050F845
:107A5000310070B9FFE70198009A4BF24401C2F27D
:107A6000000141F832000298009A01EBC20148601F
:107A700005E0FFE7FFE7009801300090DEE703B084
:107A80007047000080B584B0039002910192039882
:107A90000090FFF7AFFE009890F94400013028B93C
:107AA000FFE70099002081F84400FFE7009890F973
:107AB0004500013028B9FFE70099002081F8450012
:107AC000FFE7FFF7C3FE0098806B38B9FFE7009827
:107AD00024300299019A00F005F900E0FFE70098D0
:107AE000FFF730FC04B080BD80B584B00290002068
:107AF00001900298E0B1FFE74AF65850C2F2000048
:107B0000006858B1FFE74FF0500080F31188BFF3D1
:107B10006F8FBFF34F8F0390FFE7FEE700F07CF914
:107B200002980021FEF70CFD01F03EF9019000E003
:107B3000FFE7019860B9FFE74EF60451CEF200016D
:107B40004FF080500860BFF34F8FBFF36F8F00E09E
:107B5000FFE704B080BD000080B58AB006900591B3
:107B600000200290069858B9FFE74FF0500080F3CC
:107B70001188BFF36F8FBFF34F8F0990FFE7FEE7C8
:107B8000059858B9FFE74FF0500080F31188BFF314
:107B90006F8FBFF34F8F0890FFE7FEE74AF658500C
:107BA000C2F20000006858B1FFE74FF0500080F3C8
:107BB0001188BFF36F8FBFF34F8F0790FFE7FEE78A
:107BC00000F02AF94BF2B800C2F200000068019000
:107BD0000698006805990844049001980699096878
:107BE000884210D2FFE7049806990968884208D2B3
:107BF000FFE704980199884203D9FFE7012002902A
:107C000000E0FFE70FE0049806990968884205D371
:107C1000FFE704980199884203D9FFE70120029009
:107C200000E0FFE7FFE7049806990860029838B182
:107C3000FFE704980199401A0021FEF781FC00E05B
:107C4000FFE701F0B1F80390039860B9FFE74EF643
:107C50000451CEF200014FF080500860BFF34F8F07
:107C6000BFF36F8F00E0FFE70AB080BD81B00090E6
:107C70004BF22000C2F200000068009908604BF24D
:107C8000B800C2F2000000680099486001B0704777
:107C90004BF21851C2F20001012008607047000049
:107CA00080B584B002900191029858B9FFE74FF077
:107CB000500080F31188BFF36F8FBFF34F8F039095
:107CC000FFE7FEE7029844F65441C2F2000109685A
:107CD0001831FFF731FD01980121FEF731FC04B0A6
:107CE00080BD000080B584B002900191009202989E
:107CF00058B9FFE74FF0500080F31188BFF36F8F42
:107D0000BFF34F8F0390FFE7FEE7029844F654411C
:107D1000C2F2000109681831FFF744FD009820B154
:107D2000FFE74FF0FF300190FFE701980099FEF761
:107D300007FC04B080BD000080B58AB0002003902D
:107D40000690059006A805A904AAFFF7A9FC039BC5
:107D5000049A0599DDF818C06846C0F808C041606B
:107D6000036046F6B920C0F601004BF23451C0F66C
:107D7000010100F0C1FD01464AF6C070C2F20000E8
:107D80000160006818B1FFE70120079002E00020C1
:107D90000790FFE70798012804D1FFE701F0C0F83A
:107DA000079000E0FFE70798012823D1FFE74FF095
:107DB000500080F31188BFF36F8FBFF34F8F09908E
:107DC0004BF21C01C2F200014FF0FF3008604BF291
:107DD0008401C2F20001012008604BF2B801C2F236
:107DE00000010020086000F07FF808B1FFE700E024
:107DF000FFE70FE00798013058B9FFE74FF0500058
:107E000080F31188BFF36F8FBFF34F8F0890FFE7A8
:107E1000FEE7FFE70AB080BD4AF65851C2F2000102
:107E2000086801300860704785B04AF65850C2F2C1
:107E30000000006838B1FFE74BF21851C2F20001B0
:107E4000012008604DE04BF21851C2F20001002001
:107E500008604AF66050C2F200000068049004987E
:107E6000B0FA80F08DF80F009DF80F00C0F11F00F0
:107E70000190019800EB800144F66C40C2F20000D2
:107E800050F8210058B9FFE74FF0500080F31188F7
:107E9000BFF36F8FBFF34F8F0290FFE7FEE70198AC
:107EA00000EB800144F66C40C2F2000000EB810060
:107EB0000090009948684068486000994868083117
:107EC000884205D1FFE70099486840684860FFE7AD
:107ED00000984068C06844F65441C2F2000108604E
:107EE000FFE705B07047000080B588B04EF600503F
:107EF000CEF2000000684CF27121C4F20F118842EA
:107F00000BD1FFE74FF0500080F31188BFF36F8F64
:107F1000BFF34F8F0790FFE7FEE74EF60050CEF21B
:107F2000000000684CF27021C4F20F1188420BD19E
:107F3000FFE74FF0500080F31188BFF36F8FBFF35E
:107F40004F8F0690FFE7FEE74EF20040CEF20000B2
:107F5000039001780491FF21017000788DF80B00E7
:107F60009DF80B0000F050004AF64651C2F20001A5
:107F700008704AF64851C2F2000107200860FFE786
:107F80009DF80B00000600280DD5FFE74AF6485182
:107F9000C2F200010868013808609DF80B0040003B
:107FA0008DF80B00ECE74AF64850C2F2000000687A
:107FB00003280BD0FFE74FF0500080F31188BFF388
:107FC0006F8FBFF34F8F0590FFE7FEE74AF64851EA
:107FD000C2F20001086800020860086800F4E0606E
:107FE000086004984EF20041CEF2000108704EF68F
:107FF0002051CEF20001086840F470000860086863
:1080000040F070400860FFF7AFFC40F2C811C2F2C8
:108010000001002001900860FFF7E2FB4EF634718A
:10802000CEF20001086840F040400860FEF730FFE3
:10803000FFF7FAFEFFF750F9019808B080BD000085
:1080400080B590B084461298CDF828C00991089266
:1080500007938DF81B000A9858B9FFE74FF05000BE
:1080600080F31188BFF36F8FBFF34F8F0F90FFE73F
:10807000FEE7079858B9FFE74FF0500080F31188EA
:10808000BFF36F8FBFF34F8F0E90FFE7FEE70899A6
:108090000020039031B1FFE70998B0FA80F0400961
:1080A0000390FFE70398C00758B1FFE74FF0500077
:1080B00080F31188BFF36F8FBFF34F8F0D90FFE7F1
:1080C000FEE708990020029031B9FFE709980028DF
:1080D00018BF01200290FFE70298C00758B1FFE7E0
:1080E0004FF0500080F31188BFF36F8FBFF34F8FB5
:1080F0000C90FFE7FEE748200490049848280BD036
:10810000FFE74FF0500080F31188BFF36F8FBFF38C
:108110004F8F0B90FFE7FEE70498079805900598AE
:1081200088B1FFE70599012081F846000A9809996E
:10813000089A9DF81B30DDF814C0EE46CEF800C05A
:10814000FEF7D6FC00E0FFE7059810B080BD000008
:1081500080B584B00290019102980090009858B9BF
:10816000FFE74FF0500080F31188BFF36F8FBFF32C
:108170004F8F0390FFE7FEE7FFF73CFB00990B688A
:10818000C86B0A6C00FB023088600099002088638D
:1081900000990868486000990B68C86B0A6C013840
:1081A00000FB0230C8600099FF2081F8440000996C
:1081B00081F845000198D0B9FFE700980069A0B1A7
:1081C000FFE70098103000F08DFD60B1FFE74EF63C
:1081D0000451CEF200014FF080500860BFF34F8F82
:1081E000BFF36F8F00E0FFE700E0FFE708E00098D3
:1081F0001030FFF781FA00982430FFF77DFAFFE78F
:10820000FFF724FB012004B080BD000080B592B0D0
:108210000C900B910A920993002008900C980490FE
:10822000049858B9FFE74FF0500080F31188BFF36E
:108230006F8FBFF34F8F1190FFE7FEE70B99002080
:10824000039039B9FFE70498006C002818BF01209B
:108250000390FFE70398C00758B1FFE74FF05000C5
:1082600080F31188BFF36F8FBFF34F8F1090FFE73C
:10827000FEE7099900200229029007D1FFE7049840
:10828000C06B013818BF01200290FFE70298C007B9
:1082900058B1FFE74FF0500080F31188BFF36F8FA4
:1082A000BFF34F8F0F90FFE7FEE700F08DFB014615
:1082B0000020019031B9FFE70A98002818BF01207B
:1082C0000190FFE70198C00758B1FFE74FF0500059
:1082D00080F31188BFF36F8FBFF34F8F0E90FFE7CE
:1082E000FEE7FFE7FFF786FA0498806B0499C96BF5
:1082F000884204D3FFE70998022834D1FFE70498A5
:108300000B99099AFEF7C4FA07900498406AA0B145
:10831000FFE70498243000F0E5FC60B1FFE74EF67B
:108320000451CEF200014FF080500860BFF34F8F30
:10833000BFF36F8F00E0FFE710E0079860B1FFE741
:108340004EF60451CEF200014FF080500860BFF3AA
:108350004F8FBFF36F8F00E0FFE7FFE7FFF776FA7D
:1083600001200D9065E00A9828B9FFE7FFF76EFA43
:1083700000200D905DE0089830B9FFE705A8FFF7F1
:1083800075FC0120089000E0FFE7FFE7FFE7FFF73B
:108390005DFAFFF741FDFFF72DFA049890F94400CC
:1083A000013028B9FFE70499002081F84400FFE775
:1083B000049890F94500013028B9FFE7049900209E
:1083C00081F84500FFE7FFF741FA05A80AA900F088
:1083D000C7F928BBFFE70498FEF742FDC8B1FFE7E5
:1083E000049810300A99FFF75BFC0498FEF7AAFF87
:1083F00000F0DAFC60B9FFE74EF60451CEF200015E
:108400004FF080500860BFF34F8FBFF36F8FFFE7CF
:1084100005E00498FEF796FF00F0C6FCFFE707E0D2
:108420000498FEF78FFF00F0BFFC00200D9000E0E5
:1084300058E70D9812B080BD80B592B00B900A91AC
:10844000099208930B980590059858B9FFE74FF0EB
:10845000500080F31188BFF36F8FBFF34F8F0E90E2
:10846000FFE7FEE70A990020029039B9FFE7059877
:10847000006C002818BF01200290FFE70298C00797
:1084800058B1FFE74FF0500080F31188BFF36F8FB2
:10849000BFF34F8F0D90FFE7FEE7089900200229F8
:1084A000019007D1FFE70598C06B013818BF012084
:1084B0000190FFE70198C00758B1FFE74FF0500067
:1084C00080F31188BFF36F8FBFF34F8F0C90FFE7DE
:1084D000FEE7FFF76BFAEFF311814FF0500080F3E6
:1084E0001188BFF36F8FBFF34F8F10910F901098CB
:1084F00006900598806B0599C96B884204D3FFE705
:108500000898022833D1FFE7059890F845008DF8C8
:1085100013000598806B039005980A99089AFEF756
:10852000B7F99DF913000130B8B9FFE70598406A23
:1085300088B1FFE70598243000F0D4FB48B1FFE78D
:10854000099820B1FFE709990120086000E0FFE7E2
:1085500000E0FFE700E0FFE706E09DF813000130D0
:10856000059981F84500FFE70120079002E000200F
:108570000790FFE706981190119880F311880798EB
:1085800012B080BD80B58EB009900891079200208E
:10859000069009980390039858B9FFE74FF05000F0
:1085A00080F31188BFF36F8FBFF34F8F0D90FFE7FC
:1085B000FEE708990020019039B9FFE70398006CA5
:1085C000002818BF01200190FFE70198C00758B1AB
:1085D000FFE74FF0500080F31188BFF36F8FBFF3B8
:1085E0004F8F0C90FFE7FEE700F0EEF90146002008
:1085F000009031B9FFE70798002818BF01200090CC
:10860000FFE70098C00758B1FFE74FF0500080F334
:108610001188BFF36F8FBFF34F8F0B90FFE7FEE71B
:10862000FFE7FFF7E7F80398806B0290029830B3FA
:10863000FFE703980899FEF709F9029801380399B2
:10864000886303980069A0B1FFE70398103000F039
:1086500049FB60B1FFE74EF60451CEF200014FF046
:1086600080500860BFF34F8FBFF36F8F00E0FFE7CC
:1086700000E0FFE7FFF7EAF801200A906DE00798B5
:1086800028B9FFE7FFF7E2F800200A9065E00698B6
:1086900030B9FFE704A8FFF7E9FA0120069000E0EF
:1086A000FFE7FFE7FFE7FFF7D1F8FFF7B5FBFFF7BD
:1086B000A1F8039890F94400013028B9FFE7039925
:1086C000002081F84400FFE7039890F9450001304D
:1086D00028B9FFE70399002081F84500FFE7FFF77D
:1086E000B5F804A807A900F03BF830BBFFE70398F2
:1086F000FEF7A2FBD0B1FFE7039824300799FFF7FC
:10870000CFFA0398FEF71EFE00F04EFB60B9FFE7BC
:108710004EF60451CEF200014FF080500860BFF3D6
:108720004F8FBFF36F8F00E0FFE705E00398FEF780
:1087300009FE00F039FBFFE70EE00398FEF702FEAA
:1087400000F032FB0398FEF777FB18B1FFE700203B
:108750000A9002E0FFE7FFE763E70A980EB080BDEA
:1087600080B588B005900491059858B9FFE74FF09F
:10877000500080F31188BFF36F8FBFF34F8F0790C6
:10878000FFE7FEE7049858B9FFE74FF0500080F389
:108790001188BFF36F8FBFF34F8F0690FFE7FEE79F
:1087A000FFF728F84BF2B800C2F200000068029010
:1087B000029805994968401A019044F65440C2F263
:1087C0000000006890F8520058B1FFE744F65440AA
:1087D000C2F200000168002081F8520001200390DD
:1087E00034E004980068013018B9FFE700200390D6
:1087F0002BE04BF22000C2F20000006805990968E6
:10880000884209D0FFE7029805994968884203D356
:10881000FFE70120039017E0019804990968884256
:108820000BD2FFE7019A04990868801A086005983E
:10883000FFF71CFA0020039005E00499002008606F
:1088400001200390FFE7FFE7FFE7FFE7FEF7FEFFEA
:10885000039808B080BD000070B58CB0DDF844C04E
:10886000DDF840C00B900A91ADF826200893BDF8C2
:1088700026008000FEF7BEFD0590059880B1FFE759
:108880005420FEF7B7FD0790079820B1FFE7059841
:108890000799086303E00598FEF7FEFFFFE702E093
:1088A00000200790FFE70798F0B1FFE70798002640
:1088B00080F851600B980A99BDF82620089BDDF8D6
:1088C00040C0119C079DEE46CEF80C60CEF80850D3
:1088D000CEF80440CEF800C0FEF72AF90798FDF75D
:1088E000ADFE0120069003E04FF0FF300690FFE759
:1088F00006980CB070BD0000B0B58EB0DDF850C069
:10890000DDF84CC0DDF848C00A9009910892079341
:10891000139858B9FFE74FF0500080F31188BFF368
:108920006F8FBFF34F8F0D90FFE7FEE7149858B994
:10893000FFE74FF0500080F31188BFF36F8FBFF354
:108940004F8F0C90FFE7FEE75420049004985428C2
:108950000BD0FFE74FF0500080F31188BFF36F8F0B
:10896000BFF34F8F0B90FFE7FEE70498149820B3F6
:10897000FFE7139808B3FFE7149806901398069939
:1089800008630699022081F851000A980999089A0B
:10899000079BDDF848C0069CEE460025CEF80C503B
:1089A000CEF8084005ACCEF80440CEF800C0FEF783
:1089B000BFF80698FDF742FE02E000200590FFE7B1
:1089C00005980EB0B0BD000081B04BF28400C2F239
:1089D0000000006818B9FFE7012000900DE04AF69A
:1089E0005850C2F20000006818B9FFE7022000905A
:1089F00002E000200090FFE7FFE7009801B0704719
:108A000081B04BF2B800C2F20000006800900098FC
:108A100001B0704780B586B0002002904AF65850E9
:108A2000C2F200000068002840F0C580FFE74BF26A
:108A3000B801C2F200010868013001900198086095
:108A4000019858BBFFE744F65C40C2F200000068A2
:108A5000006858B1FFE74FF0500080F31188BFF372
:108A60006F8FBFF34F8F0590FFE7FEE744F65C4240
:108A7000C2F200021068009044F66441C2F20001A4
:108A800008681060009808604BF22001C2F20001F3
:108A9000086801300860FEF76FFB00E0FFE701980F
:108AA0004BF21C01C2F200010968884262D3FFE761
:108AB000FFE744F65C40C2F200000068006840B97D
:108AC000FFE74BF21C01C2F200014FF0FF300860DB
:108AD0004FE044F65C40C2F200000068C068C06825
:108AE000049004984068039001980399884207D243
:108AF000FFE703984BF21C01C2F20001086038E066
:108B0000FFE704980430FEF7A7FD0498806A28B1B7
:108B1000FFE704981830FEF79FFD00E0FFE7049898
:108B2000C16A012000FA01F24AF66051C2F2000166
:108B30000868104308600499C86A00EB800244F694
:108B40006C40C2F2000000EB82000431FEF72AFE06
:108B50000498C06A44F65441C2F200010968C96A27
:108B6000884203D3FFE70120029000E0FFE7FFE720
:108B70009FE7FFE744F65440C2F200000068C06A75
:108B800000EB800144F66C40C2F2000050F8210076
:108B9000022803D3FFE70120029000E0FFE74BF239
:108BA0001850C2F20000006818B1FFE701200290DF
:108BB00000E0FFE707E04BF22C01C2F20001086879
:108BC00001300860FFE7029806B080BD80B586B02E
:108BD000039003980290002001900398002800F071
:108BE0007D80FFE7029844F65441C2F20001096813
:108BF00088420BD0FFE74FF0500080F31188BFF39D
:108C00006F8FBFF34F8F0590FFE7FEE70298806CF0
:108C100058B9FFE74FF0500080F31188BFF36F8F12
:108C2000BFF34F8F0490FFE7FEE70299886C01388D
:108C300088640299C86A496C88424DD0FFE702985F
:108C4000806C002846D1FFE702980430FEF704FD4F
:108C5000D0B9FFE70298C06A00EB800144F66C408F
:108C6000C2F2000050F8210068B9FFE70298C16A1B
:108C7000012000FA01F24AF66051C2F200010868D0
:108C800090430860FFE700E0FFE70299486CC86284
:108C90000299C86AC0F1070088610298C16A012080
:108CA000009000FA01F24AF66051C2F20001086831
:108CB000104308600299C86A00EB800244F66C40D9
:108CC000C2F2000000EB82000431FEF76BFD009859
:108CD000019000E0FFE700E0FFE700E0FFE7019818
:108CE00006B080BD80B584B002900298C068C068AC
:108CF0000190019858B9FFE74FF0500080F31188B8
:108D0000BFF36F8FBFF34F8F0390FFE7FEE701982C
:108D10001830FEF7A1FC4AF65850C2F20000006875
:108D2000F0B9FFE701980430FEF796FC0198C16A9C
:108D3000012000FA01F24AF66051C2F2000108680F
:108D4000104308600199C86A00EB800244F66C4049
:108D5000C2F2000000EB82000431FEF723FD09E0BF
:108D6000019800F118014BF23000C2F20000FEF74A
:108D700019FDFFE70198C06A44F65441C2F20001B0
:108D80000968C96A884208D9FFE7012000904BF2C0
:108D90001851C2F20001086002E000200090FFE7D5
:108DA000009804B080BD000080B584B0002002901F
:108DB00001904AF65850C2F20000006858B9FFE727
:108DC0004FF0500080F31188BFF36F8FBFF34F8FC8
:108DD0000390FFE7FEE7FEF70DFD4AF65850C2F29A
:108DE00000000168013901600068002840F09280AD
:108DF000FFE74AF65050C2F200000068002800F079
:108E00008880FFE7FFE74BF23000C2F20000006805
:108E1000E0B3FFE74BF23000C2F20000C068C06868
:108E2000029002981830FEF717FC02980430FEF703
:108E300013FC0298C16A012000FA01F24AF660515F
:108E4000C2F200010868104308600299C86A00EB8A
:108E5000800244F66C40C2F2000000EB8200043154
:108E6000FEF7A0FC0298C06A44F65441C2F2000129
:108E70000968C96A884207D3FFE74BF21851C2F26A
:108E800000010120086000E0FFE7BCE7029818B18C
:108E9000FFE7FEF771F9FFE74BF22C00C2F200008A
:108EA000006800900098E0B1FFE7FFE7FFF7B2FD30
:108EB00038B1FFE74BF21851C2F2000101200860FF
:108EC00000E0FFE7009801380090FFE700980028D5
:108ED000ECD1FFE74BF22C01C2F200010020086048
:108EE00000E0FFE74BF21850C2F20000006870B1DA
:108EF000FFE7012001904EF60451CEF200014FF041
:108F000080500860BFF34F8FBFF36F8F00E0FFE723
:108F1000FFE700E0FFE7FEF799FC019804B080BD91
:108F200080B58AB000200890FDF710FC4BF2BC0021
:108F3000C2F20000006858B3FFE7002004900790D9
:108F4000069007A806A905AAFEF7C0FB049B059A90
:108F50000698DDF81CC06946C1F808C048600220C8
:108F6000086047F22530C0F601004BF23E51C0F6D2
:108F70000101FFF7C1FC01464BF2C040C2F2000004
:108F80000160006818B1FFE701200890FFE700E0EA
:108F9000FFE7089858B9FFE74FF0500080F31188B9
:108FA000BFF36F8FBFF34F8F0990FFE7FEE708987D
:108FB0000AB080BD80B58AB0DDF830C00890079156
:108FC0000692059300200490089858B9FFE74FF0E7
:108FD000500080F31188BFF36F8FBFF34F8F09905C
:108FE000FFE7FEE74BF2BC00C2F200000068A8B346
:108FF000FFE707980090069801900898029007985C
:1090000005281EDCFFE7FFF7DFFC02280CD1FFE795
:109010004BF2BC00C2F2000000680C9A69460023C3
:10902000FFF7F4F804900BE04BF2BC00C2F2000032
:109030000068694600231A46FFF7E8F80490FFE746
:109040000BE04BF2BC00C2F200000068059A6946D2
:109050000023FFF7F1F90490FFE700E0FFE7049831
:109060000AB080BD03B401984100009850EAC120C5
:1090700018BF04204A0D18BF40F0010040F2FF72F3
:10908000B2EB515F08BF40F00200012808BF052085
:1090900002B070474100080218BF04200A0E18BF32
:1090A00040F001004FF07F4232EA010108BF40F07A
:1090B0000200012808BF05207047000010B54FF0DE
:1090C0000E402DED028BB0EE408A18EE104A00EBF8
:1090D0004400B0F1506F4AD84FF0FC40B0EB440F61
:1090E00022D2B0EEC80AF7EE000A30EEC00AF6EE61
:1090F000000A60EE208A18EE900A00F0B1FD01EE41
:10910000100A14F0004F1DBFDFED2D0A9FED2D0A50
:10911000B1EE411ADFED2C0A08BF9FED2C0AF8EEE4
:10912000001A21EE218A05E0DFED290A68EE088A9F
:10913000B0EE600A9FED271ADFED271A30EE080A1D
:1091400048EE811A9FED251A08EEA11ADFED241AC8
:1091500048EE811A9FED231A08EEA11A68EE281A2C
:10916000BDEC028B01EE810A30EE200A10BD4FF0FB
:10917000E440B0EB440F0CD918EE100AFFF78AFF59
:10918000042808BF00F058FDB0EE480ABDEC028B81
:1091900010BD4FF07F40B0EB440F07D2B0EE480A4D
:1091A000BDEC028BBDE8104000F03ABD0120E7F7AE
:1091B000C3F9BDEC028BBDE8104000F035BD0000E6
:1091C0000000C9BF22AAFDB90000C93F22AAFD398B
:1091D0000000000024FE1C3DC78AD83C1E67383DB5
:1091E0001B93993DAFAA2A3E10B52F499FED2C1B2A
:1091F0002DED020B84B0059820F000408842D8BFC6
:109200009DED040B2DDD2949884209D1049840B910
:109210004FF00100E7F790F900F0E2FC06B010BD56
:1092200005DB9DED040B00F0CFFC06B010BD6846D9
:109230009DED040B00F0E0F810F0030004BF9DED7D
:10924000021B9DED000B0CD001280ED09DED021BE2
:109250009DED000B022817D0012000F01DFC06B088
:1092600010BD00F0E5FA06B010BD9DED021B9DEDAE
:10927000000B012000F010FC51EC100B00F00FFD72
:1092800006B041EC100B10BD00F0D2FA51EC100BFF
:1092900000F005FD06B041EC100B10BD0000000011
:1092A0000000000000000000FB21E93F0000F07F0B
:1092B00010B52F499FED2C1B2DED020B84B00598A6
:1092C00020F000408842DCBF00209DED040B32DD21
:1092D0002849884209D1049840B94FF00100E7F7C6
:1092E0002BF900F07DFC06B010BD05DB9DED040BF5
:1092F00000F06AFC06B010BD68469DED040B00F05E
:109300007BF810F0030011D0012818D09DED021B4E
:109310009DED000B02281AD000F08AFA51EC100BD8
:1093200000F0BDFC06B041EC100B10BD9DED021B22
:109330009DED000B012000F0AFFB06B010BD9DEDD0
:10934000021B9DED000B00F073FA06B010BD01206A
:1093500000F0A2FB51EC100B00F0A1FC06B041ECB8
:10936000100B10BD00000000000000000000000015
:10937000FB21E93F0000F07F00B52DED048BB0EE3E
:10938000409AF0EE609A83B051EC190B01F02CF882
:1093900041EC180B18EE100A18EE901A8DED008BA8
:1093A000002818BF0120084320F00040C0F17F6072
:1093B00000F1E040C00F14D019EE101A19EE900A17
:1093C0008DED009B002918BF0121084320F00040CB
:1093D000C0F17F6000F1E040C00F04BF0120E7F75B
:1093E000ABF8B0EE480A03B0F0EE680ABDEC048BAF
:1093F00000BD0000000000002DE9F14F04462DEDF6
:10940000020B2DED088B8AB09FEDE70B80ED020B70
:10941000139EE74826F0004585420ADC9DED120BBD
:10942000002084ED000B0AB0BDEC088B03B0BDE852
:10943000F08FE0489FEDE0AB9FEDE1BBA84247DD38
:10944000E14F9FEDE39B9FEDE48B9DED120B53EC01
:109450001A2B51EC100B002E1CDD01F091F841ECA1
:10946000100BBD4208D053EC1B2B51EC100B01F03C
:1094700087F8C4E900010BE053EC192B51EC100BF9
:1094800001F07EF853EC182B01F07AF8C4E90001E2
:109490000120C8E700F042FC41EC100BBD4208D0AF
:1094A00053EC1B2B51EC100B00F038FCC4E900010D
:1094B0000BE053EC192B51EC100B00F02FFC53EC8C
:1094C000182B00F02BFCC4E900014FF0FF30AAE795
:1094D000C348A84279DB9DED120B51EC100B00F054
:1094E000B3FB41EC180B9FEDC00B53EC102B00F0BD
:1094F00071FE9FEDBF1B53EC112B00F00FFC00F031
:109500000FFE074600F03BFE41EC190B53EC1A2B03
:1095100000F060FE53EC182B00F05AFF41EC180BE2
:1095200053EC1B2B51EC190B00F054FEDFF8C8A2D2
:1095300041EC100B4FEA15580125FA4453EC102B5F
:1095400051EC180B01F01CF8032DC4E900013DD0CB
:10955000C1F30A5005EB4511A8EB00001139814217
:1095600034DA0AEB051BB0EE48AA9BED000BF0EED7
:1095700068AA53EC102B51EC190B00F02BFE41ECB8
:109580001B0B51EC1A0B53EC1B2B00F0F9FF41ECB9
:10959000180B51EC1A0B53EC182B00F0F1FF53ECA5
:1095A0001B2B00F0EDFF9BED020B41EC1A0B53EC73
:1095B000102B51EC190B00F00DFE53EC1A2B00F0A0
:1095C000DFFF41EC100B6D1CB8E70EE0002EA8BFCA
:1095D0003846BFF628AF94ED000B51EC100B00F0AD
:1095E0005EFBC4E9000178421DE7C6F3130040F4B6
:1095F000801EC6F30A50A0F2F530471100F01F0597
:10960000C5F12000DDF848B00890002006900790D2
:109610000520EC467949002D07EB0002794408BF8C
:1096200051F8221009D051F8223001EB8201AB40F1
:109630004A68089922FA01F11943A1FB0E26A1FB01
:109640000B131A449A4234BF0123002303EB06088C
:109650000CEB8003D3E901A60E448E4234BF0121F6
:10966000002192448A4411B1924502D903E0924507
:1096700001D2012100E00021C3E901A641444CF8D8
:109680002010011EA0F10100C4DC029800F100507E
:10969000850F0298DDE903678000DDF8148000F093
:1096A0006EFD41EC1A0B304600F080FD9FED541B1F
:1096B00053EC112B00F08EFD41EC1B0B384600F0F3
:1096C00075FD9FED511B53EC112B00F083FD41EC18
:1096D000180B404600F06AFD9FED4D1B53EC112B1B
:1096E00000F078FD41EC190B51EC180B53EC192BE1
:1096F00000F014FB53EC1B2B00F010FB53EC1A2B67
:1097000000F00CFBCDE90801002008909DED080B4E
:1097100053EC1A2B51EC100B00F032FF53EC1B2BC7
:1097200000F02EFF53EC182B00F02AFF53EC192BFE
:1097300000F04EFE9FED381B53EC112B00F04AFD5C
:109740009FED370B41EC180B53EC102B9DED080BE4
:1097500051EC100B00F03EFD53EC182B00F0DEFA3C
:109760009FED310B41EC180B53EC102B9DED080BCA
:1097700051EC100B00F02EFD53EC182B00F0CEFA3C
:1097800041EC100B139810F0004F06D06D4251ECD5
:10979000100B00F084FA41EC100B284684ED000B0E
:1097A00041E6000000000000000000000000000092
:1097B000FB21E93F7CD9024000004054FB21F93FE6
:1097C0003163621A61B4D03DFB21F93F0000000013
:1097D0000000601A61B4D03D7370032E8A19A33B58
:1097E000FB2139410000000083C8C96D305FE43FB0
:1097F000000000000000E03FBA1300000813000062
:10980000000000000000103E000000000000103CBE
:10981000000000000000103A182D4454FB21F93DCF
:109820003326A611460B113C00000054FB21F93DE4
:1098300010B52DED040B2DED088B82B0B0EE419AE2
:10984000F0EE619A0B9820F000449FED4BABB4F121
:10985000795F11DA9DED0A0B51EC100B00F060FC02
:10986000002801BFB0EE4A0AF0EE6A0A02B0BDEC71
:10987000088B04BF04B010BD9DED0A0B53EC102BF8
:1098800051EC100B00F0A6FC41EC180B3C480621F3
:10989000B0EE480AF0EE680A784400F081F853EC24
:1098A000182B51EC100B00F095FC9DED0A0B41ECD0
:1098B0001B0B53EC192B51EC100B00F08BFC41EC03
:1098C000190B53EC1B2B51EC180B00F083FC53ECE1
:1098D000192B00F055FE9FED2C0B41EC190B53ECAE
:1098E000102B51EC180B00F075FC41EC100B2848C4
:1098F000844210DA53EC192B51EC100B00F040FEAF
:1099000053EC1A2B00F064FD41EC100B02B0BDECDF
:10991000088B04B010BD1F48A042BCBF9FED1E1BAA
:109920008DED001B06DBA4F50010019000200090D7
:109930009DED001B51EC100B53EC112B00F020FEA1
:109940009DED000B41EC180B53EC102B51EC1A0B56
:1099500000F016FE41EC1A0B53EC192B51EC180BCE
:1099600000F00EFE53EC1A2B00F032FD41EC100B10
:10997000CCE7000000000000000000000000F03F05
:109980002C10000000000000000000000000E03F7C
:109990003333D33F0000E93F000000000000D23F16
:1099A00070B504462DED028B4D1E00EBC500B0EEE8
:1099B000408AF0EE608A90ED000B35F0060017D07B
:1099C00053EC182B51EC100B00F004FC41EC100B85
:1099D0006D1E04EBC50090ED001B51EC100B53EC19
:1099E000112B00F09BF941EC100B35F00600E7D18C
:1099F000022D36D0042D1CD0062D1CBFBDEC028BD1
:109A000070BD53EC182B51EC100B00F0E3FB94ED00
:109A10000A1B53EC112B00F081F953EC182B00F0CA
:109A2000D9FB94ED081B53EC112B00F077F941ECB6
:109A3000100B53EC182B51EC100B00F0CBFB94EDFA
:109A4000061B53EC112B00F069F953EC182B00F0B6
:109A5000C1FB94ED040B53EC102B00F05FF941ECCB
:109A6000100B53EC182B51EC100B00F0B3FB94EDE2
:109A7000021B53EC112B00F051F953EC182B00F0A2
:109A8000A9FB94ED001B53EC112B00F047F9BDEC42
:109A9000028B41EC100B70BD31B504462DED040B6B
:109AA0002DED0A8BB0EE41BAF0EE61BA0B989DED48
:109AB0000A0B20F00040B0F1795F0DDA51EC100B89
:109AC000FFF7D0FA042808BF00F09AF89DED0A0BC2
:109AD000BDEC0A8B05B030BD53EC102B51EC100BD4
:109AE00000F078FB41EC180B9DED0A0B53EC182BA2
:109AF00051EC100B00F06EFB41EC190B2C48B0EE52
:109B0000480AF0EE680A05217844FFF749FF9FED07
:109B10002ACBB0EE40AAF0EE60AA9CB353EC1C2B0B
:109B200051EC190B00F056FB41EC1C0B53EC1A2BBB
:109B300051EC190B00F04EFB9FED210B41EC190B82
:109B400053EC102B51EC1B0B00F044FB53EC192B86
:109B500000F016FD53EC182B00F03CFB53EC1B2BD4
:109B600000F00EFD53EC1C2B00F00AFD9DED0A1BCE
:109B700053EC112B00F02CFCBDEC0A8B05B041EC32
:109B8000100B30BDFFE753EC1A2B51EC180B00F013
:109B900021FB53EC1C2B00F0C1F853EC192B00F007
:109BA00019FB9DED0A1B53EC112B00F0B7F8E3E70E
:109BB000BC0E000000000000495555555555C5BF65
:109BC000000000000000E03F10B553EC102B51ECFA
:109BD000100B00F0A3F841EC100B10BD00000000CA
:109BE0009FED050B10B553EC102B51EC100B00F052
:109BF0003DF941EC100B10BD00000000000000001A
:109C00009FED050B10B553EC102B51EC100B00F031
:109C1000E1FA41EC100B10BD000000000000001044
:109C200030EE000A70470000DFED020A80EEA00A65
:109C300070470000000000009FED020A20EE000ABD
:109C4000704700000000001082B0CDE9000121F053
:109C5000004001909DED000B02B051EC100B7047DD
:109C600010B500EE100A2DED028BB1EEC08A18EE91
:109C7000100A20F00040C0F1FF40C00F0AD010EEE3
:109C8000100A20F00040C0F1FF40C00F04BF0120C7
:109C9000E6F752FC18EE100ABDEC028B10BD81F005
:109CA0000041704780F00040704721F0004170474C
:109CB00020F000407047000021F0004201F0004316
:109CC000A2F16052B2F5801F28BFD2F17F6C0BD990
:109CD0005FEA001C43EAC20242EB507018BF7047B3
:109CE00028BF20F001007047B2F5801FBCBF1846A6
:109CF00070474FEA410C1CF5001F02D2084600F0E5
:109D0000DBBD70B500F010FB00000089FFF7F6BF67
:109D10004FF00040A0F580007047000010B591EAB8
:109D2000030F48BF83F0004300F13284841A71EBC3
:109D3000030C05D2121943EB0C03001B61EB0C0161
:109D40004FEA1154A4EB135CDFF81CE11EEA430F49
:109D500018BF9EEA445F00F0748021EA045123EAB0
:109D60000E0343F48013DCF1200E32D322FA0CFEF2
:109D700010EB0E0023FA0CFE41EB0E01CCF1200E8D
:109D800003FA0EFE10EB0E00CCF1200E51F1000193
:109D9000B1F5801F32D201EB045112FA0EF2BDE888
:109DA000104058BF7047401C38BF5FEA420218BFDE
:109DB0007047002814BF20F0010041F100014FEA74
:109DC000410313F5001F38BF7047A1F1C04100F0F7
:109DD000F9BA012A43EB0302ACF1200CDCF11F0EAF
:109DE00032BF4FF0000E23FA0CF310EB030041EBEF
:109DF0000451B4EB115FD0D0A1EB045101F58011F7
:109E0000490801EB04515FEA30000ED350F1000025
:109E100038BF12FA0EFE08D1BDE81040C9E7401C59
:109E200038BF5FEA4202CAD1C3E7BDE810404FEA3B
:109E3000410313F5001F38BF7047A1F1C04100F086
:109E4000C1BA9EEA445F08D011EA5E0FBDE8104037
:109E500004BF01F0004100207047BDE8104070B51C
:109E600000F062FA64FBBE3E0000E0FF2DE9C04155
:109E700030B4DFF8A4C23CEA111418BF3CEA131452
:109E800000F0ED801CEA111481EA030544EAD57460
:109E900018BF1CEA131500F0C880A4EB050404F1F8
:109EA0007F7404F500344FF0004545EAC12145EACE
:109EB000C32341EA505143EA52534FEAC0204FEACC
:109EC000C222994208BF904200F09D804FEA13657C
:109ED0000FF24416765D4FEA134506FB05F7C7F10E
:109EE000807706FB07F74FEAD737A7FB0368764270
:109EF000A7FB06CEC8F5803838BFA8F1010807FBDC
:109F000008E6A6FB028C4FF0000EE6FB03CEDCF168
:109F1000000CCEF1004E38BFAEF1010EA6FB0C587E
:109F20004FF00007E6FB0E87A1FB08C6A0FB07CE9B
:109F300016EB0E064FF0000545F10005E1FB076545
:109F400015F1E04E7EBFA4F580345FEA46066D4110
:109F500016F1800745F100054FEA172747EA056724
:109F60004FEA15254FEA0666A6F1DE46B6F1805F98
:109F700020D9384605EBC47124F0010C01EB0C111B
:109F8000BCF1FE6F02D8F0BCBDE8008124425CBF8A
:109F900001F5801E9EEAC47F02D4F0BCBDE80081BA
:109FA000244200F13980A1F1C041F0BCBDE800417C
:109FB00000F008BA4FEAD02040EA41504FEAD121E0
:109FC0004FEAD22242EA43524FEAD323A7FB02864A
:109FD00007FB036605FB02661EEA0E0F58BFA6EBE1
:109FE0000056B6EB00564FEA520E4EEAC37E18EB0F
:109FF0000E0E56EB530EBCD518EB02085E417F1CCB
:10A0000055F10005B5E74FF480154FF000074FF00C
:10A0100000064FF00008ACE701F1C04101F000413B
:10A020004FF00000F0BCBDE800810CEA131511EA06
:10A030000C1F00D00CE013EA0C1F00F026804FF03C
:10A04000000081EA030101F00041F0BCBDE800819D
:10A05000F0BCBDE8004181EA030100F0B3B9F0BCF7
:10A06000BDE8004170B500F05FF900BF097EFC3E1D
:10A0700000F007B84FF0000081EA030101F0004151
:10A08000704781EA030100F09DB9F0BCBDE80041D2
:10A0900022494FF000007047FFFDFBF9F7F5F4F29D
:10A0A000F0EEEDEBE9E8E6E4E3E1E0DEDDDBDAD873
:10A0B000D7D5D4D3D1D0CFCDCCCBCAC8C7C6C5C4D1
:10A0C000C2C1C0BFBEBDBCBBBAB9B8B7B6B5B4B3E8
:10A0D000B2B1B0AFAEADACABAAA9A8A8A7A6A5A4D3
:10A0E000A3A3A2A1A09F9F9E9D9C9C9B9A99999897
:10A0F0009797969595949393929191908F8F8E8E3A
:10A100008D8C8C8B8B8A89898888878786858584C6
:10A1100084838382828181800000FF070000F87FB2
:10A120004FEA41034FEA5353A3F58063D3F11E0373
:10A13000C8BFD3F1210C0CDD4FF0004242EAC1222E
:10A1400042EA505232FA03FC8CEAE17CACEBE1705B
:10A150007047102BC4BF0020704703F5787CBCF11A
:10A16000FF3F04D06FF0004282EA2100704770B5D3
:10A1700000F0DAF84992248000207047F2E710F0EE
:10A18000004248BF4042B0FA80F310FA03F10AD00F
:10A19000C3F11D0303F5806302EB03524FEA415004
:10A1A00002EBD12170474FF000007047B0FA80F306
:10A1B00010FA03F10AD0C3F11D0303F580634FEADF
:10A1C00003524FEA415002EBD12170474FF000009B
:10A1D0007047000070B5DFF848C11CEA111E1EBFB1
:10A1E0001CEA13159EEA0C0F95EA0C0F00F06F8025
:10A1F00081EA03044EEAD47EAE4421EA4C1123EAFC
:10A200004C1341F4801143F48013AEF17F7EA1FB27
:10A21000024CA0FB0365361955EB0C05A1FB034C62
:10A220004CF10003A0FB021C16EB0C06654153F138
:10A230000003094218BF46F0010613F4007F0BD15A
:10A240004FEA03314FEA053041EA155140EA165012
:10A2500034036FF003020AE04FEAC3214FEAC5203E
:10A2600041EA555140EA5650F4026FF0020202EB07
:10A270002E4201EB025585EACE710AD05FEA440C0A
:10A2800018BF24F0004450F1000041F1000120EA21
:10A29000D47040F2FE7C624500D270BDA84214BF6B
:10A2A0004FF080444FF04044002E08BF0024BEF120
:10A2B000806FA8BFA1F1C041BDE8704080F28280EC
:10A2C00001F1C04101F000414FF0000070470CEA7D
:10A2D00013159EEA0C0F18BF95EA0C0F06D081EA01
:10A2E000030E4FF000000EF0004170BD00F01CF8AE
:10A2F0008900013E00F007B800F009B84FEA430CAE
:10A300005FEA5C5C08D081EA030100F05BB84FEAC9
:10A31000410C5FEA5C5CF6D102494FF000007047E7
:10A320000000FF070000F87F0EF1020E2EF0030E72
:10A330005EF8046B364205D4012A43EB030515F59C
:10A34000001F12D8012841EB010C1CF5001F0CD88E
:10A350000ED14FEAD17C0CEB4C0C0CF1020C15F534
:10A36000001F08BF4CEBD37C04E04FF0080C01E069
:10A370004FEAD37C0CEB4C0526FA05F606F00706EF
:10A38000B6F1040C06D20EEB860CBDE870404CF022
:10A39000010C6047DFE80CF0090B02024FF00041AE
:10A3A000A1F500214FF0000070BD194610460128AC
:10A3B00051EB010418BFD4F5001484BF002001F054
:10A3C000004170BD0808A0F500114FEA3101704747
:10A3D00010B591EA030F81F000413FF5A7AC83F07F
:10A3E000004300F0D5B800002DE9F04101F5801CD4
:10A3F000BCF5001FC0F2A9804FEA115C21EA0C51A4
:10A4000041F480110CF1FD0C5FEA5C0C0CF5C07C92
:10A4100001D340004941890241EA905187022EA4AC
:10A420008E0EA45D0A0C04FB04F602FB06F6C6F1D0
:10A430004046A4FB0662F60D46EA422606FB06F4F9
:10A44000A4FB01235242C3F1404338BF5B1EA6FB6D
:10A4500002420024E6FB0324D20B42EA4446A6FB58
:10A460000623A1FB02E2A3FB07E4E3FB6142644293
:10A47000C2F1404E38BFAEF1010EA6FB04234FF0EF
:10A480000002E6FB0E32A2FB03463400E2FB6264EC
:10A49000A1FB06E6A4FB07E8E4FB61687642C8F18D
:10A4A000405838BFA8F10108A2FB06E4A3FB08E569
:10A4B000E2FB6854A1FB05E6A7FB04E8E1FB648628
:10A4C00018F1200556F10006A80940EA8660B10996
:10A4D000A8F11B0808F03F08B8F10A0F1CD901EBDE
:10A4E0000C51BDE8F08100BFFCF5EEE8E2DDD8D309
:10A4F000CFCBC7C3C0BDB9B6B4B1AEACA9A7A5A3F5
:10A50000A19F9D9B9A9896959392908F8D8C8B8905
:10A510008887868584838281A0FB006800FB01F226
:10A5200008EB4208B8EB872807D5341858EB01042C
:10A53000D5D5401C51F10001D1E7341A78EB010464
:10A54000CDD4401E71F10001C9E75FEA4C0C5FEA0F
:10A550009C5C0DD105D301F000414FF00000BDE837
:10A56000F081BDE8F04170B5FFF7DEFE6DDBFFBEA8
:10A57000BDE8F04101494FF0000070470000F87F4E
:10A5800010B591EA030F48BF83F000433FF5CEAB0F
:10A59000841A71EB030C07D28CF0004C121943EBB8
:10A5A0000C03001B61EB0C014FEA1154A4EB135C8C
:10A5B000DFF8A4E11EEA430F18BF9EEA445F00F0F3
:10A5C000B48021EA045123EA6E035242C3EB6E03C6
:10A5D00038BF5B1EDCF1200E25D322FA0CFE10EBF7
:10A5E0000E0043FA0CFE41EB0E01CCF1200E03FAF3
:10A5F0000EFE10EB0E00CCF1200E51F1000129D41B
:10A6000001EB045112FA0EF2BDE8104058BF70473A
:10A61000401C1CBFB2F1004F704700280CBF491C02
:10A6200020F00100704712EB020E43EB030218BF4B
:10A630004FF0010E4EEA4202ACF1200CDCF11E0E8E
:10A6400056D943FA0CFE10EB0E00CCF11E0E51F160
:10A65000FF31D5D50EF1010E12FA0EFE404141EB4D
:10A66000010101EB445C5FEA5C5C10D901EB045131
:10A6700010EBDE7038BFBEF1004FBDE8104018BFD0
:10A68000704700280CBF491C20F00100704734D2ED
:10A690004FEAD42C24F4006411F500111BD0B1FA58
:10A6A00081F20B3AA41AA41ED2F12003914030FA91
:10A6B00003F31943904001EBCC7101EB0451002CE2
:10A6C000BDE81040A8BF704701F1C04101F0004152
:10A6D0004FF000007047B0FA80F310FA03F102D196
:10A6E000BDE810407047E41A173C4805C90AE2E784
:10A6F00001EB0451BDE81040704749104FEA3000AB
:10A7000001EB0451BDE8104002E04FF0000170473A
:10A710004A0008BF0042F8D0B2F5001F28BF7047BA
:10A7200001F000414FF0000070479EEA445F07D0FF
:10A7300011EA5E0FBDE8104004BF00210020704701
:10A74000BDE8104070B5FFF7EFFD00BF40DFF63EFB
:10A75000104683F0004170470000E0FF43004FEADD
:10A76000D30C4FEA3C0C43401FBF40070CF1605133
:10A7700013F0FE4F70471CF0006F03D10CF0004146
:10A78000002070470CF0004343EA507040EACC00D0
:10A7900010B500F03EF800BF000000924FEA000143
:10A7A000FFF710BE4FF00041A1F500214FF000006F
:10A7B00070474FF07E5209E011F0004204D540424C
:10A7C000C1F1000138BF491E42F07E5202F17062B1
:10A7D0000B0012BF20235FEA00017047B1FA81FC31
:10A7E00001FA0CF1A3EB0C0320FA03FC41EA0C0183
:10A7F00002EBC352C3F1200310FA03FC5CEA416C84
:10A8000042EB112018BF5FF0806C28BF20F00100E0
:10A8100070470EF1020E2EF0030E5EF8044B244238
:10A8200004D44FEA4102B2F17F4F11D84FEA4003FE
:10A83000B3F17F4F0CD80ED14FEAD07C0CEB4C0C0F
:10A840000CF1020CB2F17F4F08BF4CEBD17C04E05D
:10A850004FF0080C01E04FEAD17C0CEB4C0324FADA
:10A8600003F404F00704B4F1040C06D20EEB840CDC
:10A87000BDE810404CF0010C6047DFE80CF0070821
:10A8800002024FF00040A0F5800010BD08464200D3
:10A8900018BFD2F1807288BF00F0004010BDF1EE09
:10A8A000100A4FF6FF71C0F2C03120EA010040F0FB
:10A8B0004070E1EE100A7047FF2141EAD050C00518
:10A8C00070470000000000004C5555555555A53FF8
:10A8D0007751C1166CC156BF9015CB19A001FA3E35
:10A8E000AD529C804F7E92BEC4B1B4BD9EEE213E5F
:10A8F000D43888BEE9FAA8BD00004054FB21F93FD6
:10A900003163621A61B4D03D0000601A61B4D03D79
:10A910007370032E8A19A33B0000002E8A19A33BF3
:10A92000C14920259A837B39000000000000000007
:10A930006E83F9A22915444ED15727FCC0DD34F5AA
:10A94000999562DB4190433CAB6351FE61C5BBDE30
:10A950003A6E24B7E0D24D42EA2E49061C92D10944
:10A960001CEB1DFE3EA729B1F53582E88444BB2EC1
:10A9700026709CE9417E5FB439D69139F43953830E
:10A980008B5F849C3B28F9BDFF97F81F0F9805DE6D
:10A990008B112FEF1F6D0A5ACF7E366DB709CB276B
:10A9A000663F464F2DEA5F9EC7BA27757BF1E5EB00
:10A9B000F739073DEA92528AB15FFB6B085D8D1F44
:10A9C0004630035600000000A6F810111111813F17
:10A9D000D561C119A0012ABF7DFEB157E31DC73E55
:10A9E000EB9C2B8AE6E55ABE7CD5CF5A3AD9E53D99
:10A9F0000000604000000000000000009A99D93F6C
:10AA000000000000000000000000204200000000E4
:10AA1000000000000000C84200000000000000002C
:10AA20000000004000000000000000000000803F27
:10AA3000000000000000000033331340000000005D
:10AA400000000000CDCC4C3E0000000000000000E3
:10AA50000000004000000000000000000000004076
:10AA6000000000000000000033331340000000002D
:10AA700000000000DDB4010875EC000800000000D3
:10AA800000000000000100000000000000000000C5
:10AA9000C0B40108B5EC000803000000000000008D
:10AAA000000200000000000000000000C8B401081F
:10AAB0007DED000800000000000000000001000023
:10AAC0000000000000000000B4B4010861EE0008BE
:10AAD000FEFF000000000000000100000000000078
:10AAE00000000000E9B4010879EE00080000000051
:10AAF00000000000800000000000000000000000D6
:10AB0000D1B40108DDEB00080000000000000000E7
:10AB10008000000000000000000000000000C844A9
:10AB20000AD7A33C0000A040000000000000000085
:10AB300001020304060708090000000001020304E3
:10AB400000061016000610160000803F00000000EE
:10AB500000000000000000000000000000000000F5
:10AB6000000000000000803F000000000000000026
:10AB700000000000000000000000000000000000D5
:10AB80000000803F00000000000000000000000006
:10AB90000000000000000000000000000000803FF6
:10ABA00000000000000000000000000000000000A5
:10ABB00000000000000000000000803F00000000D6
:10ABC0000000000000000000000000000000000085
:10ABD000000000000000803F00000000000054540E
:10ABE00052205245474745530030313233343536D1
:10ABF0003738394142434445460000000000000018
:10AC00000100803FC90CC0B7E565AABE435690BBA2
:10AC10003C695D3EEBFCA9BC08B732BEE745093E86
:10AC2000A59204BD00000000920E493CB10AC93C47
:10AC30002BC3163D2EFB483D752B7B3D04A9963D4D
:10AC400080B6AF3D36BDC83D2FBCE13D73B2FA3D85
:10AC500087CF093E8340163EB5AB223EA2102F3E61
:10AC6000CF6E3B3EC2C5473E0115543E135C603E6D
:10AC70007F9A6C3ECCCF783EC07D823E938E883EDC
:10AC8000229A8E3E32A0943E86A09A3EE59AA03E3D
:10AC9000128FA63ED47CAC3EEF63B23E2A44B83E4F
:10ACA000491DBE3E15EFC33E53B9C93ECA7BCF3ED8
:10ACB0004136D53E80E8DA3E4F92E03E7533E63EBF
:10ACC000BBCBEB3EEA5AF13ECBE0F63E275DFC3EC5
:10ACD000E4E7003F3D9C033F824B063F9BF5083F66
:10ACE0006B9A0B3FDA390E3FCDD3103F2A68133FE2
:10ACF000D9F6153FC07F183FC6021B3FD17F1D3FCD
:10AD0000CBF61F3F9967223F25D2243F5636273F77
:10AD10001594293F4AEB2B3FDE3B2E3FBB85303F4E
:10AD2000C9C8323FF304353F233A373F4268393FC1
:10AD30003B8F3B3FF9AE3D3F67C73F3F70D8413F38
:10AD400001E2433F03E4453F65DE473F12D1493FFF
:10AD5000F8BB4B3F029F4D3F207A4F3F3D4D513F47
:10AD60004918533F31DB543FE595563F5348583F10
:10AD70006AF2593F1A945B3F532D5D3F05BE5E3F1B
:10AD80002146603F97C5613F5A3C633F59AA643FE3
:10AD9000880F663FD86B673F3CBF683FA7096A3F93
:10ADA0000C4B6B3F5E836C3F93B26D3F9ED86E3F02
:10ADB00073F56F3F0809713F5213723F4714733F99
:10ADC000DD0B743F0BFA743FC6DE753F07BA763F62
:10ADD000C58B773FF853783F9812793F9DC7793FED
:10ADE00002737A3FBE147B3FCDAC7B3F283B7C3F58
:10ADF000C9BF7C3FAC3A7D3FCCAB7D3F23137E3F48
:10AE0000B0707E3F6DC47E3F580E7F3F6D4E7F3FDA
:10AE1000AB847F3F0FB17F3F97D37F3F43EC7F3FB2
:10AE200011FB7F3F0000803F11FB7F3F43EC7F3FE2
:10AE300097D37F3F0FB17F3FAB847F3F6D4E7F3F06
:10AE4000580E7F3F6DC47E3FB0707E3F23137E3F20
:10AE5000CCAB7D3FAC3A7D3FC9BF7C3F283B7C3FBC
:10AE6000CDAC7B3FBE147B3F02737A3F9DC7793FD9
:10AE70009812793FF853783FC58B773F07BA763FF2
:10AE8000C6DE753F0BFA743FDD0B743F4714733F0A
:10AE90005213723F0809713F73F56F3F9ED86E3FA2
:10AEA00093B26D3F5E836C3F0C4B6B3FA7096A3FCB
:10AEB0003CBF683FD86B673F880F663F59AA643F25
:10AEC0005A3C633F97C5613F2146603F05BE5E3FE8
:10AED000532D5D3F1A945B3F6AF2593F5348583FE8
:10AEE000E595563F31DB543F4918533F3D4D513FA7
:10AEF000207A4F3F029F4D3FF8BB4B3F12D1493F55
:10AF000065DE473F03E4453F01E2433F70D8413FE0
:10AF100067C73F3FF9AE3D3F3B8F3B3F4268393FFC
:10AF2000233A373FF304353FC9C8323FBB85303F32
:10AF3000DE3B2E3F4AEB2B3F1594293F5636273FE9
:10AF400025D2243F9967223FCBF61F3FD17F1D3F7B
:10AF5000C6021B3FC07F183FD9F6153F2A68133F32
:10AF6000CDD3103FDA390E3F6B9A0B3F9BF5083F6C
:10AF7000824B063F3D9C033FE4E7003F275DFC3EDC
:10AF8000CBE0F63EEA5AF13EBBCBEB3E7533E63EF4
:10AF90004F92E03E80E8DA3E4136D53ECA7BCF3E56
:10AFA00053B9C93E15EFC33E491DBE3E2A44B83EC3
:10AFB000EF63B23ED47CAC3E128FA63EE59AA03E33
:10AFC00086A09A3E32A0943E229A8E3E938E883E70
:10AFD000C07D823ECCCF783E7F9A6C3E135C603E53
:10AFE0000115543EC2C5473ECF6E3B3EA2102F3ED8
:10AFF000B5AB223E8340163E87CF093E73B2FA3D81
:10B000002FBCE13D36BDC83D80B6AF3D04A9963D9D
:10B01000752B7B3D2EFB483D2BC3163DB10AC93C29
:10B02000920E493C00000000920E49BCB10AC9BC16
:10B030002BC316BD2EFB48BD752B7BBD04A996BD49
:10B0400080B6AFBD36BDC8BD2FBCE1BD73B2FABD81
:10B0500087CF09BE834016BEB5AB22BEA2102FBE5D
:10B06000CF6E3BBEC2C547BE011554BE135C60BE69
:10B070007F9A6CBECCCF78BEC07D82BE938E88BED8
:10B08000229A8EBE32A094BE86A09ABEE59AA0BE39
:10B09000128FA6BED47CACBEEF63B2BE2A44B8BE4B
:10B0A000491DBEBE15EFC3BE53B9C9BECA7BCFBED4
:10B0B0004136D5BE80E8DABE4F92E0BE7533E6BEBB
:10B0C000BBCBEBBEEA5AF1BECBE0F6BE275DFCBEC1
:10B0D000E4E700BF3D9C03BF824B06BF9BF508BF62
:10B0E0006B9A0BBFDA390EBFCDD310BF2A6813BFDE
:10B0F000D9F615BFC07F18BFC6021BBFD17F1DBFC9
:10B10000CBF61FBF996722BF25D224BF563627BF73
:10B11000159429BF4AEB2BBFDE3B2EBFBB8530BF4A
:10B12000C9C832BFF30435BF233A37BF426839BFBD
:10B130003B8F3BBFF9AE3DBF67C73FBF70D841BF34
:10B1400001E243BF03E445BF65DE47BF12D149BFFB
:10B15000F8BB4BBF029F4DBF207A4FBF3D4D51BF43
:10B16000491853BF31DB54BFE59556BF534858BF0C
:10B170006AF259BF1A945BBF532D5DBF05BE5EBF17
:10B18000214660BF97C561BF5A3C63BF59AA64BFDF
:10B19000880F66BFD86B67BF3CBF68BFA7096ABF8F
:10B1A0000C4B6BBF5E836CBF93B26DBF9ED86EBFFE
:10B1B00073F56FBF080971BF521372BF471473BF95
:10B1C000DD0B74BF0BFA74BFC6DE75BF07BA76BF5E
:10B1D000C58B77BFF85378BF981279BF9DC779BFE9
:10B1E00002737ABFBE147BBFCDAC7BBF283B7CBF54
:10B1F000C9BF7CBFAC3A7DBFCCAB7DBF23137EBF44
:10B20000B0707EBF6DC47EBF580E7FBF6D4E7FBFD6
:10B21000AB847FBF0FB17FBF97D37FBF43EC7FBFAE
:10B2200011FB7FBF000080BF11FB7FBF43EC7FBFDE
:10B2300097D37FBF0FB17FBFAB847FBF6D4E7FBF02
:10B24000580E7FBF6DC47EBFB0707EBF23137EBF1C
:10B25000CCAB7DBFAC3A7DBFC9BF7CBF283B7CBFB8
:10B26000CDAC7BBFBE147BBF02737ABF9DC779BFD5
:10B27000981279BFF85378BFC58B77BF07BA76BFEE
:10B28000C6DE75BF0BFA74BFDD0B74BF471473BF06
:10B29000521372BF080971BF73F56FBF9ED86EBF9E
:10B2A00093B26DBF5E836CBF0C4B6BBFA7096ABFC7
:10B2B0003CBF68BFD86B67BF880F66BF59AA64BF21
:10B2C0005A3C63BF97C561BF214660BF05BE5EBFE4
:10B2D000532D5DBF1A945BBF6AF259BF534858BFE4
:10B2E000E59556BF31DB54BF491853BF3D4D51BFA3
:10B2F000207A4FBF029F4DBFF8BB4BBF12D149BF51
:10B3000065DE47BF03E445BF01E243BF70D841BFDC
:10B3100067C73FBFF9AE3DBF3B8F3BBF426839BFF8
:10B32000233A37BFF30435BFC9C832BFBB8530BF2E
:10B33000DE3B2EBF4AEB2BBF159429BF563627BFE5
:10B3400025D224BF996722BFCBF61FBFD17F1DBF77
:10B35000C6021BBFC07F18BFD9F615BF2A6813BF2E
:10B36000CDD310BFDA390EBF6B9A0BBF9BF508BF68
:10B37000824B06BF3D9C03BFE4E700BF275DFCBED8
:10B38000CBE0F6BEEA5AF1BEBBCBEBBE7533E6BEF0
:10B390004F92E0BE80E8DABE4136D5BECA7BCFBE52
:10B3A00053B9C9BE15EFC3BE491DBEBE2A44B8BEBF
:10B3B000EF63B2BED47CACBE128FA6BEE59AA0BE2F
:10B3C00086A09ABE32A094BE229A8EBE938E88BE6C
:10B3D000C07D82BECCCF78BE7F9A6CBE135C60BE4F
:10B3E000011554BEC2C547BECF6E3BBEA2102FBED4
:10B3F000B5AB22BE834016BE87CF09BE73B2FABD7D
:10B400002FBCE1BD36BDC8BD80B6AFBD04A996BD99
:10B41000752B7BBD2EFB48BD2BC316BDB10AC9BC25
:10B42000920E49BC00000080453A2000493A2000B5
:10B43000573A20001B5B306D001B5B313B33316D95
:10B44000001B5B313B33326D001B5B313B33336D93
:10B450000020202573257354686973206973206167
:10B46000207761726E696E67206D657373616765C1
:10B47000210D0A25730020202573257354686973F4
:10B4800020697320616E206572726F72206D657322
:10B4900073616765210D0A257300202025732573CC
:10B4A00048656C6C6F20776F726C643A2025640D70
:10B4B0000A257300526F626F7455495461736B00B3
:10B4C000494D555461736B004D6F76655461736BD4
:10B4D0000064656661756C745461736B00446566E5
:10B4E00069616E745461736B00526F6F7454617351
:10B4F0006B0043444320496E746572666163650066
:10B5000043444320436F6E6669670053544D69633B
:10B51000726F656C656374726F6E69637300535408
:10B520004D3332205669727475616C20436F6D50D3
:10B530006F72740049444C4500546D725100546D53
:10B540007220537663005465726D696E616C000001
:10B5500070B5010800000020F8010000C4010008D7
:10B5600098B60108F801002028F300002002000826
:10B570003203100CE7416B3A58A08B3A82810118D4
:10B580000AC5090108310A01084D041A75042AC5C3
:10B590000819141AE1041108081250C347CDCCCC85
:10B5A0003D0409531C110B1AC8421C320139041BFB
:10B5B000010108190212011210120812046C1C0277
:10B5C000400442091324F44FFFF1FD9086A70617AB
:10B5D000B1020108EDFF1C080506D43112D915018E
:10B5E0000889FE1B087D14C11ED501010869041AD3
:10B5F00045301A5108140902431302011DC03209D3
:10B6000004751A020B1305241D100105247B100874
:10B6100004240202052406170107058203081510F9
:10B6200009040133020A1C0705018A19072A810748
:10B6300011130A0632022A40B81A12231302021EFC
:10B640004083044057591B020315132D151B08296D
:10B650000413CD141B0861081A8504071804030994
:10B66000041A0329F5211AAA0110096740533A7DEB
:10B6700004017C160240AB0341100905530806582B
:10B6800004070F160810820911160A15800B1645BB
:08B690000C18010D0000000080
:040000050800018965
:00000001FF
