:020000040800F2
:1000000098F6002069020008F1BA0008358A000855
:10001000EDBA00088D10000811380108000000003A
:1000200000000000000000000000000011E90008CE
:10003000211D00080000000001C9000859ED00085A
:10004000830200088302000883020008830200087C
:10005000830200088302000883020008251D0008AF
:10006000830200088302000883020008830200085C
:100070005118000883020008830200088302000868
:100080006118000871180008830200088302000844
:100090009110000883020008830200088302000810
:1000A0008302000899EE000883020008830200081A
:1000B000B5EE0008C5EE00088302000883020008C0
:1000C00083020008830200088302000883020008FC
:1000D00083020008D1FC0008EDFC0008FDFC0008CC
:1000E00083020008830200088302000883020008DC
:1000F00083020008830200088302000881180008B8
:1001000083020008830200088302000883020008BB
:10011000830200088302000883020008D5EE00086D
:100120008302000891180008A1180008B1180008FF
:10013000830200088302000883020008830200088B
:10014000A11000088302000883020008A9BE00086D
:10015000C1180008D1180008E118000819FD0008AE
:10016000830200088302000883020008830200085B
:1001700083020008830200088302000800000000D8
:10018000830200088302000800F002F800F05CF827
:100190000AA090E8000C82448344AAF10107DA45E2
:1001A00001D100F051F8AFF2090EBAE80F0013F0D8
:1001B000010F18BFFB1A43F00103184728BF0100C5
:1001C00048BF01000A444FF0000C10F8013B13F047
:1001D000070408BF10F8014B1D1108BF10F8015BA0
:1001E000641E05D010F8016B641E01F8016BF9D193
:1001F00013F0080F1EBF10F8014BAD1C0C1B09D1EA
:100200006D1E58BF01F801CBFAD505E014F8016B5B
:1002100001F8016B6D1EF9D59142D6D370470000ED
:100220000023002400250026103A28BF78C1FBD8FF
:10023000520728BF30C148BF0B6070471FB51AF086
:10024000FEFF1FBD10B510BD00F084F91146FFF789
:10025000F5FF16F02DFD00F0A2F903B4FFF7F2FF51
:1002600003BC00F0A5F90000094880470948004791
:10027000FEE7FEE7FEE7FEE7FEE7FEE7FEE7FEE756
:10028000FEE7FEE704480549054A064B70470000B3
:1002900051EE00088901000898B6002098F6002069
:1002A00098D6002098D6002053EA020C00F069800E
:1002B0002DE9F04B4FF00006002B1FBFB3FA83F57A
:1002C00003FA05F424FA05F65E4012BF1643B2FAAB
:1002D00082F502FA05F4C5F120051EBF22FA05FCDD
:1002E00044EA0C04203556EA044C4FEA144418BF83
:1002F000641C4FF000084FF00009904271EB030CB2
:1003000039D3002919BFB1FA81F701FA07F6B0FA1B
:1003100080F700FA07F6C7F120071EBF20FA07FC96
:1003200046EA0C062037B6FBF4FCA7EB0507103FA6
:1003300007F01F0BCBF120062CFA06F60CFA0BFB8C
:1003400044BFB3460026202FA4BF5E464FF0000BEB
:100350005BEA060C08BF4FF0010B19EB0B0948EBE9
:100360000608ABFB027C06FB02CC0BFB03CCC01BDC
:1003700071EB0C01C1E70B46024641464846BDE819
:10038000F08B13B5084318BF4FF0FF300146AFF3B1
:100390000080BDE81C407047032A40F2308010F016
:1003A000030C00F0158011F8013BBCF1020F624410
:1003B00098BF11F801CB00F8013B38BF11F8013BA1
:1003C000A2F1040298BF00F801CB38BF00F8013B4E
:1003D00011F0030300F02580083AC0F0088051F8BE
:1003E000043B083A51F804CBA0E80810F5E7121DC9
:1003F0005CBF51F8043B40F8043BAFF30080D207E8
:1004000024BF11F8013B11F801CB48BF11F8012BB3
:1004100024BF00F8013B00F801CB48BF00F8012BD6
:10042000704710B5203AC0F00B80B1E81850A0E832
:100430001850B1E81850A0E81850203ABFF4F5AFB2
:100440005FEA027C24BFB1E81850A0E8185044BF0E
:1004500018C918C0BDE810405FEA827C24BF51F87B
:10046000043B40F8043B08BF7047D20728BF31F86F
:10047000023B48BF11F8012B28BF20F8023B48BFC0
:1004800000F8012B704702F0FF0343EA032242EA1F
:10049000024200F024B84FF000020429C0F012809C
:1004A00010F0030C00F01B80CCF1040CBCF1020F27
:1004B00018BF00F8012BA8BF20F8022BA1EB0C01FC
:1004C00000F00DB85FEAC17C24BF00F8012B00F8F2
:1004D000012B48BF00F8012B70474FF0000200B518
:1004E000134694469646203922BFA0E80C50A0E857
:1004F0000C50B1F12001BFF4F7AF090728BFA0E805
:100500000C5048BF0CC05DF804EB890028BF40F8D0
:10051000042B08BF704748BF20F8022B11F0804F12
:1005200018BF00F8012B704770477047704710B52F
:1005300000F008F8006810BD10B5044600F002F89D
:10054000046010BD00487047F80100200048704763
:10055000F80100207546FFF7F9FFAE460500694631
:10056000534620F00700854618B020B5FFF78AFEF5
:10057000BDE820404FF000064FF000074FF00008A4
:100580004FF0000BAC46ACE8C009ACE8C009ACE8E1
:10059000C009ACE8C00921F007018D46704710B5CD
:1005A0000446AFF300802046BDE81040FFF755BE7B
:1005B00001491820ABBEFEE726000200704700008C
:1005C00082B0019042F20030C4F201000090009924
:1005D000486820F4403048600198426800994868B3
:1005E0001043486001980168486820F480704860B2
:1005F000019801680269486840EA02204860019851
:100600000168486820F0407048600198016882687D
:1006100048681043486001980168886820F40060C9
:10062000886001980168C2688868104388600198F2
:10063000806A0121C0F60071884219D0FFE7019855
:100640000168886820F07060886001980168826A9B
:1006500088681043886001980168886820F04050DD
:10066000886001980168C26A8868104388600CE05D
:1006700001980168886820F07060886001980168BE
:10068000886820F040508860FFE70198016888681A
:1006900020F0020088600198027E0168886840EAC4
:1006A00042008860019890F82000C8B1FFE70198E7
:1006B0000168486840F40060486001980168486833
:1006C00020F46040486001980168426A4EF20000E0
:1006D000CFF6FF7000EB423248681043486006E0F6
:1006E00001980168486820F400604860FFE70198BD
:1006F0000168C86A20F47000C86201980168C26984
:100700000020CFF6F07000EB0252C86A1043C862B6
:1007100001980168886820F400708860019890F85A
:1007200030200168886840EA4220886001980168AA
:10073000886820F480608860019801684269886850
:1007400040EA8220886002B07047000080B58AB01D
:1007500009900891099940F25820C2F200000290D5
:100760000022039200F018F90298099900F080F82D
:1007700002980899B1F9A02400EE102AB8EEC00A38
:1007800001F2C44191ED001AF1EE410A00F20A6053
:100790000BF00EFE02980899B1F9E82600EE102A37
:1007A000B8EEC00A01F20C7191ED001AF1EE410AA7
:1007B00000F652000BF0FCFD0298089901F63C127D
:1007C00092ED000AB8EEC00A01F65411D1ED000A0C
:1007D00000F51F600BF0ECFD02980899B1F9302983
:1007E00000EE102AB8EEC00A01F62421D1ED000A6D
:1007F00000F69A200BF0DCFD039B0898D0F83E062B
:1008000005900898D0F8860806900898D0F8CE0A87
:1008100007909DED070ABDEEC00A10EE100A69466A
:100820004B60086043F6E470C2F200004FF40071C0
:1008300004911A4600F0B6FF039804999DED051A3D
:100840009DED060ABDEEC11A11EE102ABDEEC00ADA
:1008500010EE103AEC46CCF80400CCF8000044F25C
:100860000C00C2F2000000F09DFF0AB080BD000045
:1008700082B00190009141F6C441C2F2000146F2FB
:100880000000C4F2D150C8600098807A800738B167
:10089000FFE70098807A00F00300022814D1FFE7F8
:1008A00041F6C441C2F20001C868019AC2F8C4040A
:1008B00091ED030AB1EE400A019800F20C7080ED50
:1008C000000A012008760CE001990020C1F8C40458
:1008D0000199C1F80C0741F6C441C2F20001087643
:1008E000FFE702B07047000080B582B0019041F68A
:1008F000C040C2F200000078012809D0FFE701984B
:100900000AF02CFA41F6C041C2F200010870FFE77C
:1009100042F25400C2F20000007880B9FFE701996A
:100920000020C1F8C4040199C1F80C070199C1F86D
:10093000540941F6BF41C2F200010870FFE741F6D9
:10094000C441C2F200010020C4F2A07088604CF2E1
:100950000000C4F2DA50C86043F63442C2F200022A
:100960000020C4F248201060012008710875019928
:100970000020C1F8C4040199C1F80C07019800F6E1
:100980003C1191ED000AB8EEC00A00F6541080ED5B
:10099000000A02B080BD000083B0029001918DF882
:1009A000032001984089C008C00780B1FFE740F2EA
:1009B0000000C2F200000078012807D0FFE741F6EE
:1009C000C441C2F2000101200861FFE729E001985B
:1009D00040890009C00770B9FFE70198807A0009D3
:1009E000C00778B9FFE743F24060C2F20000407AE6
:1009F000C00738B1FFE741F6C441C2F2000101204F
:100A000008610DE00198807A0009C00738B9FFE756
:100A100041F6C441C2F2000100200861FFE7FFE790
:100A2000FFE741F6C440C2F200000069012839DB4B
:100A3000FFE741F6C440C2F20000007E90B3FFE73A
:100A4000029800F63C1191ED000AB8EEC00A9FED45
:100A50001B1A30EE010A00F6541080ED000A0198CE
:100A60004089C008C007E0B1FFE7029800F63C11DA
:100A700091ED000AB8EEC00A41F6C441C2F200018D
:100A800091ED021A91ED042AB8EEC22A21EE021A63
:100A900030EE410A00F6541080ED000A0020086193
:100AA000FFE7FFE70198807AC0F3C00040F2000141
:100AB000C2F20001087003B0704700BF00606AC650
:100AC00080B50020C4F202001021012203F0CEFB09
:100AD00080BD000080B50020C4F202001021002279
:100AE00003F0C4FB80BD00007047000080B540F2F9
:100AF0000040C4F202000122114603F0B7FB80BDA2
:100B000080B540F20040C4F202000121002203F04F
:100B1000ADFB80BD7047000080B582B0ADF8060027
:100B2000FFE7BDF80600411EADF8061028B1FFE74B
:100B30004FF47A7000F004F8F3E702B080BD0000D3
:100B400086B0ADF81600002004900390029001904A
:100B500000904EF21400CEF2000000680090BDF844
:100B60001600C0EB0010400104904EF21800CEF2C7
:100B7000000000680390FFE74EF21800CEF200007C
:100B8000006802900298039988421ED0FFE70298FD
:100B90000399884207D2FFE703980299411A019806
:100BA0000844019008E000980299401A0399014412
:100BB000019808440190FFE7029803900198049976
:100BC000884201D3FFE701E0FFE7D5E706B07047B1
:100BD00080B582B000208DF80700FFF785FFFFF792
:100BE00099FF15F01BF901469DF8070008438DF8A1
:100BF000070015F0DBF901469DF8070008438DF862
:100C000007009DF8070002B080BD000080B588B0E5
:100C10000790069105920020009004900390FFF742
:100C200059FF922000F006F9122003A90191062233
:100C300000F0CCF8FFF744FF9DF80C009DF80D1074
:100C400040EA0120ADF80A00BDF90A0000EE100AE2
:100C5000B8EEC00A40F20400C2F2000090ED001AA3
:100C600020EE010A069981ED000A9DF80E109DF80C
:100C70000F2041EA0221ADF80A10BDF90A1000EE7A
:100C8000101AB8EEC00A90ED001A20EE010A06997B
:100C900081ED010A9DF810109DF8112041EA022112
:100CA000ADF80A10BDF90A1000EE101AB8EEC00A2D
:100CB00090ED001A20EE010A069880ED020AFFF777
:100CC0001FFF00980199082200F080F8FFF70EFF3F
:100CD0009DF80C000F2844D1FFE79DF80E009DF809
:100CE0000F1040EA0120ADF80A00BDF90A0000EE3D
:100CF000100AB8EEC00A40F20800C2F2000090EDFF
:100D0000001A20EE010A079981ED000A9DF81010E3
:100D10009DF8112041EA0221ADF80A10BDF90A1030
:100D200000EE101AB8EEC00A90ED001A20EE010A8B
:100D3000079981ED010A9DF812109DF8132041EAF0
:100D40000221ADF80A10BDF90A1000EE101AB8EE33
:100D5000C00A90ED001A20EE010A079880ED020A01
:100D6000FFE7FFF7B7FEA22000F064F8222003A9F6
:100D7000022200F02BF8FFF7A3FE9DF80C009DF86F
:100D80000D10C00040EA5110ADF80A00BDF90A008C
:100D9000B0F5806F07DBFFE7BDF80A00A0F5006043
:100DA000ADF80A00FFE7BDF90A0000EE100AB8EE40
:100DB000C00AB4EE001A20EE010AB3EE071A30EEB4
:100DC000010A059880ED000A08B080BD80B584B0A6
:100DD0008DF80F0002918DF807209DF80F0040F06C
:100DE000800000F027F8FFE79DF8070070B1FFE7EB
:100DF000552000F01FF80299087002980130029007
:100E00009DF8070001388DF80700EDE704B080BDBC
:100E100080B582B08DF8070000919DF8070040F082
:100E2000800000F007F8552000F004F800990870E1
:100E300002B080BD80B582B08DF8070069464FF4DE
:100E40007A70086044F60810C2F200000DF1070144
:100E50000DF10602012305F02DFE9DF8060002B0FB
:100E600080BD000080B582B08DF807008DF80610B7
:100E70009DF80700FFF7DEFF9DF80600FFF7DAFF99
:100E800002B080BD80B586B005900598006841F23B
:100E90000041C4F2000188423FD1FFE740F2E8017F
:100EA000C2F20001049108780130087041F64C60EC
:100EB000C2F2000000F026FE43F66840C2F20000D5
:100EC00080ED000A40F25820C2F200006A46D0606D
:100ED00043F24060C2F20000906041F66C51C2F2F1
:100EE0000001516043F2A061C2F2000111601830AC
:100EF00044F66E61C2F2000143F28453C2F2000371
:100F0000012200F0B5FB049A44F66010C2F2000022
:100F100040F2012100F030FAFFE706B080BD00008A
:100F200080B586B005900598006844F60001C4F2CB
:100F30000001884226D1FFE744F6F030C2F20000FB
:100F40000068006800F010010020B0EB111F18D0FD
:100F5000FFE741F63050C2F20000029043F22C71DC
:100F6000C2F2000142F20812C2F200020BF02EFFA0
:100F7000029944F6F030C2F20000252207F0BEFBD1
:100F8000FFE7FFE70598006841F20041C4F2010164
:100F900088424FD1FFE744F63440C2F200000068B7
:100FA000006800F010010020B0EB111F41D0FFE7F6
:100FB00044F63440C2F2000006F05CFEFFE7002079
:100FC000049044F63440C2F20000016809680491BC
:100FD0000068406804900498FFE743F2F460C2F2AE
:100FE0000000019043F2A061C2F2000143F21572C9
:100FF000C2F2000212F0CCFC019944F63440C2F275
:101000000000152207F07AFB44F23C30C2F20000E7
:1010100000684068C0F1FF0143F65E40C2F2000084
:101020000170017841F6C030C2F20000FFF733FAD8
:10103000FFE7FFE70598006841F20001C4F20101F3
:10104000884221D1FFE744F66830C2F20000006810
:10105000006800F010010020B0EB111F13D0FFE773
:1010600043F24062C2F2000202F14000009000210F
:1010700012F0D2FB009944F66830C2F2000013224D
:1010800007F03CFBFFE7FFE706B080BDFFE7FEE7A8
:1010900080B543F6E470C2F2000001F013FE80BD9B
:1010A00080B544F20C00C2F2000001F00BFE80BDDE
:1010B00080B582B00190019800F05EFF41F62050AB
:1010C000C2F2000000F1080243F6E470C2F2000030
:1010D00040F2312115F00EF8012002B080BD000071
:1010E00080B58EB00C90002003908DF814008DF820
:1010F00015008DF816008DF817008DF810008DF88A
:1011000011008DF812008DF813008DF82C008DF869
:101110002D008DF82E008DF82F008DF82800082165
:101120008DF829108DF82A008DF82B008DF82400F9
:101130008DF825008DF826008DF827008DF8200009
:101140008DF821008DF822008DF823008DF81C0009
:101150008DF81D008DF81E008DF81F008DF8180009
:101160008DF819108DF81A008DF81B000C9809F0F5
:10117000FBFB20B9FFE700208DF837006BE00C98EF
:1011800009F0A4FC20B9FFE700208DF8370062E0E9
:101190000C982021232205AB09F00EFD0C98242188
:1011A000272204AB09F008FD0C98002101910322CD
:1011B0000BAB09F001FD0C980421009107220AAB4A
:1011C00009F0FAFC0C9808210B2209AB09F0F4FC99
:1011D0000C981021132208AB09F0EEFC0C98142196
:1011E000172207AB09F0E8FC0C9818211B2206AB6C
:1011F00009F0E2FC009A0C98602109F0BFFC0C9801
:1012000070210122029209F0B9FC019A0C982A215E
:1012100009F0B4FC0C982921912209F0AFFC029A44
:101220000C98282109F0AAFC019A0C982C2109F0AD
:10123000A5FC029A0C982B2109F0A0FC0C9809F04F
:1012400071FC20B9FFE700208DF8370003E0012092
:101250008DF83700FFE79DF837000EB080BD000025
:1012600080B588B007900691002000908DF8170097
:101270008DF81400049003900290079809F05EFB2B
:10128000014600988DF804109DF80410B0EB911FF2
:101290006ED0FFE79DF804104FF0FF3000EB911087
:1012A0006FF00201084207D1FFE70798902102AAD8
:1012B0000D2309F0C7FB0EE09DF804100220B0EBEF
:1012C000911F07D1FFE70798942102AA0D2309F087
:1012D000B9FBFFE7FFE79DF80400C0F3C100022857
:1012E00011D1FFE70699022008709DF808209DF8AB
:1012F00009309DF80A009DF80B1014F063FF069961
:10130000C1F801000CE00699012008709DF8080062
:101310009DF8091014F094FF0699C1F80100FFE749
:101320009DF80C00069948719DF80D00069988718A
:101330009DF80E000699C8719DF80F000699087275
:101340009DF81000069948729DF811000699887260
:101350009DF812000699C8729DF81300069908734B
:101360009DF814000699487301208DF81700FFE7D7
:101370009DF8170008B080BD80B584B00390ADF82B
:101380000A10019244F6B461C2F200010120087013
:10139000BDF90A00C1F8010008204871019A1068DF
:1013A0005268C1F80A20C1F80600039800F002F85C
:1013B00004B080BD80B588B00790069100208DF8FC
:1013C000170044F67841C2F2000108704870887036
:1013D000C870079809F052FB014643F65040C2F22C
:1013E0000000017000788008C007F0B9FFE7069997
:1013F000D1F80100097844F67842C2F20002049262
:1014000014F090FE049A079806994B790631EC4641
:10141000CCF80010402109F0CFFA0798812109F09B
:1014200043FB01208DF817004FE043F65040C2F215
:10143000000000780009C007F0B9FFE70699D1F86D
:101440000100097844F67842C2F20002039214F0D7
:1014500069FE039A079806994B790631EC46CCF859
:101460000010422109F0A8FA0798822109F01CFB1C
:1014700001208DF8170027E043F65040C2F200002B
:1014800000788009C007F0B9FFE70699D1F801009C
:10149000097844F67842C2F20002029214F042FE49
:1014A000029A079806994B790631EC46CCF8001061
:1014B000442109F081FA0798842109F0F5FA012006
:1014C0008DF81700FFE7FFE7FFE79DF8170008B06A
:1014D00080BD000080B590B00E2003900F900B905F
:1014E00001210E9100200C900D910690079008901C
:1014F00009900B900A9043F6E470C2F2000001904C
:1015000006A9029101F010FA019802F029F8019859
:101510000221049101F026F9029903980F900B9093
:1015200044F20C00C2F20000059001F0FDF90598AC
:1015300002F016F80499059801F014F910B080BD76
:1015400084B08DF80F000291ADF806209DF80F00D1
:101550000146009123281DD80099DFE801F01213FD
:101560001415161B1B1B1B1B1B1B1B1B1B1B1B1BDD
:101570001B1B1B1B1B1B1B1B1B1B1B1B1B1B1718C2
:10158000191A08E007E006E005E004E003E002E0E5
:1015900001E000E0FFE7002004B070470020704742
:1015A00080B582B043F67840C2F20000009042F667
:1015B0008451C2F20001002201920EF055FF009802
:1015C00042F28451C2F200010EF030FF019802B0E5
:1015D00080BD000080B584B003900291039943F66A
:1015E0007840C2F2000001900EF020FF01980EF04A
:1015F000C3FE002004B080BD83B0029001918DF83D
:10160000032000208DF802009DF9020003B070470E
:1016100080B586B00490ADF80E1000208DF80D0056
:1016200043F67840C2F20000D0F8BC020290029863
:10163000D0F8140220B1FFE701208DF8170013E065
:101640000499BDF80E2043F67840C2F200000190E4
:101650000EF00AFF01980FF011F88DF80D009DF8BB
:101660000D008DF81700FFE79DF8170006B080BD4C
:1016700010B588B0DDF834C0DDF830C0DDF82CC01E
:10168000DDF828C0079006918DF81720049307987D
:101690000C99049A0A9BDDF82CC00D9CEE46CEF8FE
:1016A0000440CEF800C012F039FF0699CD20087032
:1016B0000798016843F66040C2F2000002900160A2
:1016C0000178069A51704178069A91708178069A4D
:1016D000D170C178069A1171079949680160017843
:1016E000069A51714178069A91718178069AD17162
:1016F000C178069A11720799497D069A5172079925
:10170000896901600178069A91724178069AD172CE
:101710008178069A1173C178069A51730799097FE7
:10172000069A91730799096A01600178069AD17344
:101730004178069A11748178069A5174C178069A94
:1017400091740799496A01600178069AD1744178C9
:10175000069A11758178069A5175C0780699887530
:101760000699DC20C8759DF8170038B9FFE7069880
:101770001821FFF74DFF8DF80F0010E09DF81700BE
:1017800001280BD1FFE7069944F66830C2F2000049
:10179000182206F0F7FF8DF80F00FFE7FFE70120A2
:1017A00008B010BD10B586B08C46864609980899D9
:1017B000CDF814E0ADF812C0ADF81020ADF80E3041
:1017C000ADF80C10ADF80A009DF811008DF802007C
:1017D0009DF810008DF803009DF80F008DF80400AF
:1017E0009DF80E008DF805009DF80D008DF806009F
:1017F0009DF80C008DF807009DF80B008DF808008F
:101800009DF80A008DF809000598BDF812100DF139
:10181000020214F06FFC06B010BD000082B0009010
:101820000099087801380870009890F900000428A1
:1018300006DCFFE70099002008708DF8070003E040
:1018400001208DF80700FFE79DF8070002B0704700
:1018500080B544F2DC20C2F2000002F015F880BD31
:1018600080B544F21C20C2F2000002F00DF880BDE9
:1018700080B544F27C20C2F2000002F005F880BD81
:1018800080B544F2FC00C2F2000001F0FDFF80BD13
:1018900080B544F23C30C2F2000001F0F5FF80BD9B
:1018A00080B544F23C00C2F2000001F0EDFF80BDC3
:1018B00080B544F29C00C2F2000001F0E5FF80BD5B
:1018C00080B544F25C10C2F2000001F0DDFF80BD83
:1018D00080B544F29C30C2F2000001F0D5FF80BD1B
:1018E00080B544F2BC10C2F2000001F0CDFF80BD13
:1018F00082B001900198007810384AF6AB21CAF600
:10190000AA21A0FB01100009009000994BF2D440DD
:10191000C0F60100405C0199C8650098042807D30F
:10192000FFE701990868042262F30900886506E070
:101930000199086840F2FF3290438865FFE70198FB
:10194000806D02B07047000086B0059000208DF8D1
:1019500013000598806A03900598806910BBFFE723
:101960000398029003281BD80299DFE801F0020DCA
:101970000218059890F82F00C00720B1FFE701205A
:101980008DF81300FFE70CE00598C06AB0F1C07F46
:1019900004D1FFE701208DF81300FFE701E000E02C
:1019A000FFE745E005988069B0F5005F25D1FFE7C6
:1019B0000398019003281ED80199DFE801F0020680
:1019C000021101208DF8130016E0059890F82F0001
:1019D000C00720B1FFE701208DF81300FFE70BE0FF
:1019E0000598C06AB0F1C07F04D1FFE701208DF8EF
:1019F0001300FFE700E0FFE719E0039800900328D9
:101A000004D3FFE70098032804D00EE001208DF8EE
:101A100013000BE0059890F82F00C00720B1FFE7F6
:101A200001208DF81300FFE700E0FFE7FFE7FFE785
:101A30009DF8130006B0704784B0039002910192A4
:101A4000009303980168086820F4802008600098DB
:101A500003990968486003988068402809D1FFE726
:101A60000198039909688860029803990968C86019
:101A700008E0029803990968886001980399096849
:101A8000C860FFE704B0704782B00090009991F8F9
:101A90007000013881F87000009890F970000428F7
:101AA00007DCFFE70099002081F870008DF807003F
:101AB00003E001208DF80700FFE79DF8070002B062
:101AC0007047000081B041F20400CEF200000068CF
:101AD0000090009841F61851C2F20001096888424E
:101AE00008D2FFE741F61C51C2F20001086801303C
:101AF0000860FFE7009841F61851C2F20001086043
:101B000001B0704780B584B0039041F20400CEF27A
:101B1000000000680290029803990968401A00EEDC
:101B2000100AB8EE400A41F60050C2F2000090EDF3
:101B3000001AB8EE411A80EE010A8DED010A0298F2
:101B400003990860FFF7BEFF9DED010A04B080BD58
:101B500080B582B000F066F842F23010C2F20000A8
:101B6000016883884FF47A7201FB023100EE101A8B
:101B7000B8EE401AC08800EE100AB8EEC00A9FED19
:101B8000062A20EE020A30EE010A8DED010A9DEDD3
:101B9000010A02B080BD00BF6F12833A81B000908D
:101BA0004EF6FC51CEF20001086840F080700860EB
:101BB00041F20401CEF200010020086041F200026F
:101BC000CEF20002116841F001011160009944F267
:101BD0004022C0F20F024A4341F60051C2F2000116
:101BE0000A600A6844F6D353C1F26203A2FB0332CF
:101BF000920941F60453C2F200031A6009684DF6D7
:101C00008362C4F21B32A1FB0221890C41F6085207
:101C1000C2F20002116041F61C51C2F200010860DC
:101C200001B07047B0B586B041F20400CEF20000BA
:101C300000680590FFF746FF41F61C50C2F2000015
:101C400001680598002302934FF0FF3C1A46E1FB20
:101C50000C0241F61051C2F2000100914A60086086
:101C60000868496841F60054C2F200042268FEF791
:101C70001BFB029B02468C46009941F64850C2F27B
:101C80000000C0F804C00260D1F800C04968D0F874
:101C900000E042682468AEFB04E502FB0452BCEBA2
:101CA0000E0C61EB020241F65051C2F200010391A9
:101CB000C1F800C04A60006842F23012C2F200026D
:101CC000049210600868496841F60452C2F20002AA
:101CD00001921268FEF7E8FADDF804C0029B049A4C
:101CE000014603989180016840689288DCF800C042
:101CF00002FB0CF28A1A60F1000041F65851C2F260
:101D000000010A6048600868496841F60852C2F25A
:101D100000021268FEF7C8FA0499C88006B0B0BD88
:101D20007047000080B582B044F66010C2F2000037
:101D3000009044F65861C2F2000112F06BFC8DF87D
:101D40000700022002F09AF8009812F0D5FC02B0C9
:101D500080BD000081B0EFF3108072B60090FFE705
:101D6000FEE7000080B588B0A820FFF717FFFFF757
:101D7000B1FB44F66010C2F20000FFF7B1F943F680
:101D80007441C2F20001087044F69020C2F20000D3
:101D900005F066FA44F62030C2F2000005F060FA61
:101DA00044F6D820C2F20000082105F065FE44F296
:101DB0005C10C2F20000009001F00CFD44F2BC1077
:101DC000C2F20000019001F005FD009801F0ECFE68
:101DD000019801F0E9FE44F66830C2F2000005F017
:101DE00049FF44F2DC20C2F20000029001F0F2FC54
:101DF000029801F0D9FE44F6F030C2F200000390E0
:101E000005F038FF03980268D16841F01001D160F5
:101E100041F63051C2F20001252206F06FFC44F277
:101E20003C30C2F20000049001F0D4FC44F29C303B
:101E3000C2F20000059001F0CDFC049801F0B4FE60
:101E4000059801F0B1FE44F63440C2F2000006905D
:101E500005F010FF06980268D16841F01001D160CA
:101E600043F2F461C2F20001152206F047FC09F0CA
:101E700001FE40F63C01C4F20001079132200860E7
:101E80004FF4FA7001F0AAFF07990020086008B02B
:101E900080BD000041F66060C2F2000090ED690A6A
:101EA0007047000041F66060C2F2000090ED680AE1
:101EB0007047000080B584B047F61020C1F6FF706F
:101EC0000068039047F61420C1F6FF700068029086
:101ED00047F61820C1F6FF70006801900199039839
:101EE00008440390039888B1FFE7039840F2A811D3
:101EF000C2F2000100910231082207F01BFF009995
:101F000002981231042207F015FFFFE704B080BDEC
:101F100041F66060C2F2000090ED6A0A704700006E
:101F200041F66060C2F2000090ED6B0A704700005D
:101F300082B00190ADF802100198007841F620516E
:101F4000C2F20001087001984078487001988078CA
:101F500088700198C078C87001980079087101985C
:101F6000407948710198807988710198C079C87169
:101F7000002002B07047000080B581B0009000984A
:101F8000418890F8452002F00F00C0EB12104FF48A
:101F90002572504300EB410C41F62051C2F2000182
:101FA000088940F2FE730CEA030C00F478406044A8
:101FB00008810098B0F804C090F844E00EF00F00DB
:101FC000A0EB1E10504300EB4C0C48890CEA030CAC
:101FD00000F47840604448810098B0F80AE06FF05F
:101FE000010C0CEA1E1C90F8460000F00F0000FBEC
:101FF00012C288891A4000F478401044888143F264
:102000001570C2F20000837CCA8903F0020322F03B
:10201000100242EAC302CA81837CCA8903F0040326
:1020200022F0200242EAC302CA81827C5309CA8993
:1020300063F30002CA81437CCA899B089B0863F34F
:102040008202CA81427CC2F380138A8922F4006230
:1020500042EAC3228A81427C02F080038A8922F408
:10206000805242EA43128A81427CC8899208D2088F
:1020700062F3C300C88142F25400C2F20000027849
:10208000C88902F0030220F4C07040EAC210C8817F
:1020900000984289C88902F0080220F4C06040EA32
:1020A0008210C88100984289C88902F0100220F489
:1020B000C05040EAC210C881009890F84A20C889F0
:1020C000C2F3001220F4005040EA4230C8810120DF
:1020D00001B080BD85B00390029100200190FFE720
:1020E000039890F83C00012804D1FFE702208DF806
:1020F0001300F7E00399012081F83C00FFE7FFE7B8
:10210000029800680A281CD3FFE70298008800EBB9
:102110004000A0F11E01072000FA01F203980168B7
:10212000C8689043C86002998868098801EB41013A
:102130001E3900FA01F203980168C8681043C860AC
:1021400018E00298008800EB4001072000FA01F235
:1021500003980168086990430861029988680988B2
:1021600001EB410100FA01F203980168086910438C
:102170000861FFE70298406806281BD8FFE702982D
:10218000406800EB8000411F1F2000FA01F2039815
:102190000168486B9043486302990888496801EBDD
:1021A0008101053900FA01F203980168486B104378
:1021B00048633DE0029840680C281CD8FFE702986D
:1021C000406800EB8000A0F123011F2000FA01F21B
:1021D00003980168086B904308630299088849686E
:1021E00001EB8101233900FA01F203980168086BC1
:1021F000104308631BE00298406800EB8000A0F1E8
:1022000041011F2000FA01F203980168C86A904357
:10221000C86202990888496801EB8101413900FAD6
:1022200001F203980168C86A1043C862FFE7FFE73C
:1022300042F20030C4F2010000900398006842F2BC
:102240000001C4F2010188420BD1FFE70298006847
:10225000122806D1FFE70099486840F480004860E2
:10226000FFE70398006842F20001C4F201018842CE
:102270002ED1FFE702980068102805D0FFE70298EA
:102280000068112824D1FFE70099486840F4000055
:10229000486002980068102819D1FFE740F2E40076
:1022A000C2F2000000684DF68361C4F21B31A0FB4E
:1022B0000110800C00EB800040000190FFE70198C6
:1022C00020B1FFE7019801380190F8E7FFE7FFE749
:1022D000FFE70399002081F83C00FFE700208DF81C
:1022E0001300FFE79DF8130005B0704781B0009020
:1022F00000980068C06C01B07047000080B584B0E1
:10230000029000208DF80700029820B9FFE7012015
:102310008DF80F0042E00298806A0121C0F600713A
:10232000884201D0FFE7FFE70298006C50B9FFE751
:10233000029800F037F8029900204864029981F869
:102340003C00FFE70298006CC006002817D4FFE7A6
:102350000298006C40F0020020F488500299086452
:102360000298FEF72DF90299002048640298006C4B
:1023700040F0010020F002000299086403E001200F
:102380008DF80700FFE7FFE70299002081F83C0085
:10239000FFE79DF807008DF80F00FFE79DF80F009D
:1023A00004B080BD80B58AB00990002008900790E5
:1023B0000690059004900998006842F20001C4F26A
:1023C0000101884212D1FFE7FFE70020039043F6A6
:1023D0004400C4F20200016841F4807101600068A9
:1023E00000F4807003900398FFE73AE009980068D2
:1023F00042F20021C4F20101884231D1FFE7FFE738
:102400000020029043F64400C4F20200016841F447
:1024100080610160006800F4806002900298FFE72C
:10242000FFE70020019043F63000C4F2020001688B
:1024300041F020010160006800F020000190019847
:10244000FFE74FF480600490032005900020069081
:1024500041F20040C4F2020004A901F02BFDFFE7A5
:10246000FFE70AB080BD000080B584B00290019102
:10247000002000900298006880684005002816D56A
:10248000FFE7029800688068C00500280FD5FFE7C5
:102490000299086C40F020000864FFE702990020D0
:1024A00081F83C00FFE701208DF80F006DE001F09E
:1024B000F5FE0090FFE702980068006800F0020057
:1024C000022829D0FFE70198013020B3FFE70198E7
:1024D00040B1FFE701F0E2FE0099401A01998842FD
:1024E00018D9FFE702980068006800F0020002288F
:1024F0000FD0FFE70299086C40F004000864FFE782
:102500000299002081F83C00FFE703208DF80F00BE
:102510003BE0FFE7FFE7CEE7029801686FF01200AB
:1025200008600299086C40F4007008640298006822
:10253000806810F0405F24D1FFE70298007E00BB66
:10254000FFE702980068C06A10F4700F07D0FFE739
:102550000298006880684005002812D4FFE70299BD
:10256000086C20F4807008640298006CC004002895
:1025700006D4FFE70299086C40F001000864FFE709
:10258000FFE700208DF80F00FFE79DF80F0004B073
:1025900080BD000084B0029000200190FFE7029807
:1025A00090F83C00012804D1FFE702208DF80F00CD
:1025B000D4E00299012081F83C00FFE7FFE7029890
:1025C00000688068C007F0B9FFE702980168886872
:1025D00040F00100886040F2E400C2F200000068B0
:1025E0004DF68361C4F21B31A0FB0110800C00EB9F
:1025F00040000190FFE7019820B1FFE70198013802
:102600000190F8E7FFE7029800688068C00700289B
:1026100000F09580FFE70298006C40F4807040F273
:102620000161884302990864029800684068400587
:10263000002809D5FFE70298006C40F4805020F490
:10264000005002990864FFE70298006CC00400285B
:1026500006D5FFE70299486C20F00600486403E0C5
:10266000029900204864FFE7FFE70299002081F803
:102670003C00FFE742F20030C4F2010000900298F3
:1026800001686FF02200086000984068C006E8BB4F
:10269000FFE70298006842F20001C4F2010188429B
:1026A00024D0FFE70298006842F20011C4F2010151
:1026B000884208D1FFE742F20430C4F2010000680A
:1026C000C00698B1FFE70298006842F20021C4F208
:1026D0000101884219D1FFE742F20430C4F201003F
:1026E000006800F01F000F280FD8FFE7029800686D
:1026F000806810F0405F07D1FFE7029801688868A2
:1027000040F080408860FFE7FFE717E0029800682C
:1027100042F20001C4F2010188420ED1FFE70298A3
:102720000068806810F0405F07D1FFE702980168F9
:10273000886840F080408860FFE7FFE70AE0029980
:10274000086C40F0100008640299486C40F00100E9
:102750004864FFE700208DF80F00FFE79DF80F00A9
:1027600004B0704784B002900191029890F8200064
:102770008DF803009DF80300012805D0FFE79DF8C0
:10278000030002280AD1FFE7019A0298016848690C
:102790001043486100208DF80F0008E00299486A54
:1027A00040F48020486201208DF80F00FFE79DF87B
:1027B0000F0004B07047000088B0069005910492A5
:1027C0000393069890F820008DF80700069800689B
:1027D000806800900598806808B9FFE700E0FFE78F
:1027E0009DF80700012806D0FFE79DF807000228A2
:1027F00040F08D80FFE79DF80300400700280CD4CF
:10280000FFE79DF803000007002806D4FFE79DF8C6
:102810000300C006002871D5FFE70098C0F30160EF
:1028200002900298032809D3FFE70699486A40F40A
:102830000000486201208DF81F0071E0029901201C
:102840008840039908600598806868B9FFE7059893
:102850000168C06840EA415006990968029A01EB94
:102860000211C1F880010EE005994A688868C968BC
:1028700040EAC200084306990968029A01EB021176
:10288000C1F88001FFE70598006906990968029A76
:1028900001EB0211C1F884010598007D01280CD1DB
:1028A000FFE706980068029900EB0111D1F8840156
:1028B00040F48070C1F88401FFE7049840680699ED
:1028C0000968029A01EB0211C1F88C0104980068B2
:1028D00006990968029A01EB0211C1F8880106986D
:1028E0000068029900EB0111D1F8800140F001006D
:1028F000C1F8800100208DF81F0011E00699486A98
:1029000040F40010486201208DF81F0008E006998D
:10291000486A40F48020486201208DF81F00FFE7DC
:102920009DF81F0008B0704786B00490039104988A
:1029300000680190049890F820008DF803009DF83D
:102940000300012806D0FFE79DF80300022840F0AD
:10295000B080FFE746F20040C4F200000190019908
:10296000D1F8000240F00100C1F800020199D1F84D
:10297000000220F47C50C1F800020398426A0199D9
:10298000D1F8000240EA0220C1F800020398406931
:1029900000F01F01012088400290029A0199D1F8AD
:1029A0001C029043C1F81C020398C069F0B9FFE70C
:1029B000029A0199D1F80C029043C1F80C02039AD3
:1029C0009088D168526940EA0140019901EBC20147
:1029D000C1F84002039A10889168526940EA0140A8
:1029E000019901EBC201C1F84402FFE70398C069F5
:1029F00001281ED1FFE7029A0199D1F80C02104379
:102A0000C1F80C02039A90881168526940EA0140AB
:102A1000019901EBC201C1F84002039A90899168C3
:102A2000526940EA0140019901EBC201C1F8440238
:102A3000FFE70398806940B9FFE7029A0199D1F84E
:102A400004029043C1F8040207E0029A0199D1F808
:102A500004021043C1F80402FFE70398006940B97B
:102A6000FFE7029A0199D1F814029043C1F81402C9
:102A700007E0029A0199D1F814021043C1F8140238
:102A8000FFE70398006A012808D1FFE7029A01993D
:102A9000D1F81C021043C1F81C02FFE70199D1F8DC
:102AA000000220F00100C1F8000200208DF817009C
:102AB00008E00499486A40F48020486201208DF8BB
:102AC0001700FFE79DF8170006B0704781B000902F
:102AD00001B0704786B0049003910292019304986C
:102AE00090F820008DF803009DF80300012806D01F
:102AF000FFE79DF80300022840F0D780FFE7039826
:102B000080B9FFE704980068C068800748B9FFE70C
:102B10000499486A40F40010486201208DF81700BB
:102B2000CCE00FE0049800680069800748B9FFE72F
:102B30000499486A40F40010486201208DF817009B
:102B4000BCE0FFE704980068039900EB0110D0F89F
:102B5000B00100F00400029988600298806858B9BA
:102B6000FFE704980068039900EB0110D0F8B0016A
:102B7000400D029908600AE004980068039900EB90
:102B80000110D0F8B001C00802994860FFE704982E
:102B90000068039900EB0110D0F8B00100F00200CA
:102BA0000299C86004980068039900EB0110D0F8FE
:102BB000B40100F00F0002990861049800680399BD
:102BC00000EB0110D0F8B40180B2000A02998861CC
:102BD00004980068039900EB0110D0F8B401000CD0
:102BE0000299486104980068039900EB0110D0F83D
:102BF000B8010199087004980068039900EB01106E
:102C0000D0F8B801000A0199487004980068039947
:102C100000EB0110D0F8B801000C019988700498FD
:102C20000068039900EB0110D0F8B801000E01997B
:102C3000C87004980068039900EB0110D0F8BC013B
:102C40000199087104980068039900EB0110D0F80D
:102C5000BC01000A0199487104980068039900EBCF
:102C60000110D0F8BC01000C01998871049800682B
:102C7000039900EB0110D0F8BC01000E0199C87156
:102C8000039838B9FFE704980168C86840F020004D
:102C9000C86006E004980168086940F020000861F7
:102CA000FFE700208DF8170008E00499486A40F417
:102CB0008020486201208DF81700FFE79DF817007B
:102CC00006B0704780B58AB0099000200890099836
:102CD0000068406907900998006840680690099864
:102CE00000688068059009980068C0680490099899
:102CF00000680069039009980068806902909DF857
:102D00001C00C007002800F09480FFE79DF8140025
:102D1000C00758B3FFE709980168012088609DF853
:102D200014008007002804D5FFE7099800F062FC32
:102D30001BE09DF814004007002805D5FFE7089820
:102D400040F4006008900FE09DF814000007002890
:102D500005D5FFE7089840F48050089003E00998F3
:102D600000F044FCFFE7FFE7FFE7FFE79DF81500F1
:102D7000C00760B3FFE7099801684FF4807088606E
:102D80009DF815008007002804D5FFE7099800F09A
:102D900039FC1BE09DF815004007002805D5FFE72A
:102DA000089840F4005008900FE09DF815000007C7
:102DB000002805D5FFE7089840F48040089003E01C
:102DC000099800F01BFCFFE7FFE7FFE7FFE79DF82E
:102DD0001600C00760B3FFE7099801684FF4803020
:102DE00088609DF816008007002804D5FFE7099841
:102DF00000F010FC1BE09DF816004007002805D5E8
:102E0000FFE7089840F4004008900FE09DF8160096
:102E10000007002805D5FFE7089840F480300890A7
:102E200003E0099800F0F2FBFFE7FFE7FFE7FFE7A9
:102E3000FFE79DF81C000007002810D5FFE79DF86C
:102E40001000C006002809D5FFE7089840F400707C
:102E50000890099801681020C860FFE7FFE79DF817
:102E60001C00400700280FD5FFE79DF81000000761
:102E7000002808D5FFE7099801680820C86009986C
:102E800000F0CCFAFFE7FFE79DF81C008007002860
:102E90000BD5FFE709980068C068800720B1FFE7FD
:102EA000099800F0BFFAFFE7FFE79DF81C00400615
:102EB000002810D5FFE79DF80C00C006002809D5B2
:102EC000FFE7089840F48060089009980168102096
:102ED0000861FFE7FFE79DF81C00800600280FD57A
:102EE000FFE79DF80C000007002808D5FFE70998C8
:102EF000016808200861099800F026FBFFE7FFE75A
:102F00009DF81C00C00600280BD5FFE70998006853
:102F10000069800720B1FFE7099800F019FBFFE77F
:102F2000FFE79DF81E00800700280FD5FFE79DF8FA
:102F30001800C006002808D5FFE70998016810208E
:102F40004860099800F008FBFFE7FFE79DF81E00C6
:102F5000C00778B1FFE79DF818000007002808D5E2
:102F6000FFE70998016808204860099800F056FBBF
:102F7000FFE7FFE79DF81D000006002840F18D8067
:102F8000FFE79DF818004007002840F18180FFE727
:102F90009DF81D00C00750B1FFE79DF80800C0076D
:102FA00028B1FFE7089840F001000890FFE79DF87E
:102FB0001D00800700280BD5FFE79DF8080080075B
:102FC000002805D5FFE7089840F002000890FFE7C9
:102FD0009DF81D00400700280BD5FFE79DF808006D
:102FE0004007002805D5FFE7089840F00400089046
:102FF000FFE79DF81D000007002848D5FFE79DF872
:10300000080010F0700F42D0FFE7029800F0700047
:1030100001460191102814D0FFE70198202815D00F
:10302000FFE70198302816D0FFE70198402817D015
:10303000FFE70198502818D0FFE70198602819D0C1
:103040001DE0089840F00800089019E0089840F04A
:103050001000089014E0089840F0200008900FE05D
:10306000089840F0400008900AE0089840F080007E
:10307000089005E0089840F48070089000E0FFE7B1
:1030800009980168886920F070008861FFE7FFE710
:103090000998016804204860FFE7089848B1FFE7F5
:1030A000089A0999486A104348620998FFF70EFD8B
:1030B000FFE70AB080BD000080B584B0029002989E
:1030C00020B9FFE701208DF80F00E0E0029890F8AA
:1030D000200020B9FFE7029800F0DEF8FFE7029831
:1030E0000168086840F00100086001F0D7F801901D
:1030F000FFE7029800684068C007A8B9FFE701F041
:10310000CDF80199401A0B280DD3FFE70299486AC0
:1031100040F4003048620299052081F82000012027
:103120008DF80F00B3E0E4E702980168086820F02A
:103130000200086001F0B2F80190FFE70298006811
:1031400040688007002815D5FFE701F0A7F801992E
:10315000401A0B280DD3FFE70299486A40F400306B
:1031600048620299052081F8200001208DF80F00A7
:103170008DE0E3E70298007E012807D1FFE702987F
:103180000168086840F08000086006E00298016865
:10319000086820F080000860FFE70298407E012860
:1031A00007D1FFE702980168086840F04000086016
:1031B00006E002980168086820F040000860FFE718
:1031C0000298807E012807D1FFE70298016808680D
:1031D00040F02000086006E002980168086820F0CE
:1031E00020000860FFE70298C07E012807D1FFE7B2
:1031F00002980168086820F01000086006E0029854
:103200000168086840F010000860FFE70298007F3E
:10321000012807D1FFE702980168086840F008001C
:10322000086006E002980168086820F0080008605D
:10323000FFE70298407F012807D1FFE70298016865
:10324000086840F00400086006E002980168086819
:1032500020F004000860FFE7029B19685A6898682C
:10326000D3F80CC040EA0C00D3F810C040EA0C00C0
:103270005B691843013A1043C86102990020486213
:10328000029A012182F820108DF80F00FFE79DF8C7
:103290000F0004B080BD000080B590B00F900020FA
:1032A0000E900D900C900B900A900F98006846F2CB
:1032B0000041C4F20001884249D1FFE741F6645061
:1032C000C2F200000168013101600068012812D1DA
:1032D000FFE7FFE70020099043F64000C4F2020038
:1032E000016841F000710160006800F00070099011
:1032F0000998FFE7FFE7FFE70020089043F630005A
:10330000C4F20200016841F008010160006800F0A9
:10331000080008900898FFE703200A9002210B910B
:10332000002103910C910D9009200E9040F6004071
:10333000C4F202000AA900F0BDFD039A1420049013
:10334000052101F087F8049801F07AF864E00F98FD
:10335000006846F60001C4F2000188425BD1FFE735
:10336000FFE70020079043F64000C4F20200016826
:1033700041F080610160006800F08060079007986C
:10338000FFE741F66450C2F20000016801310160BC
:103390000068012812D1FFE7FFE70020069043F6FE
:1033A0004000C4F20200016841F000710160006851
:1033B00000F0007006900698FFE7FFE7FFE70020A7
:1033C000059043F63000C4F20200016841F00201AA
:1033D0000160006800F0020005900598FFE760209A
:1033E0000A9002200B90002001900C9003200D9079
:1033F00009200E9040F20040C4F202000AA900F039
:1034000059FD019A40200290052101F023F802980D
:1034100001F016F8FFE7FFE710B080BD81B0009023
:1034200001B0704780B58AB00990099844F6666388
:10343000C2F20003002102AAFFF74CFB099843F6F1
:10344000E471C2F2000188424CD1FFE7029801907A
:1034500040F20321884237D0FFE7019840F2322141
:10346000884228D0FFE7019840F20131884206D017
:10347000FFE7019840F2023188420ED031E040F27D
:103480005820C2F2000041F28841084444F66661C7
:10349000C2F2000112F0EAFE23E040F25820C2F22C
:1034A000000041F2F861084444F66661C2F200018E
:1034B00012F0DCFE15E044F66660C2F2000040F255
:1034C0003221FEF735FD0CE040F25820C2F2000038
:1034D00000F6281044F66661C2F200010AF0FAFA1A
:1034E000FFE7FFE7099844F20C01C2F200018842AD
:1034F00028D1FFE70298009040F20121884206D0CF
:10350000FFE7009840F2022188420DD019E040F216
:103510005820C2F2000000F5936044F66661C2F2E2
:1035200000010AF043FB0CE040F25820C2F2000018
:1035300000F5DC6044F66661C2F200010AF036FB79
:10354000FFE7FFE70AB080BD81B0009001B070478F
:1035500081B0009001B0704781B0009001B0704719
:1035600080B584B00290029890F8200001282FD1F5
:10357000FFE70299022081F820000298016808689C
:1035800020F00100086000F089FE0190FFE702983A
:1035900000684068C007A8B1FFE700F07FFE01990E
:1035A000401A0B280DD3FFE70299486A40F4003017
:1035B00048620299052081F8200001208DF80F0053
:1035C0000FE0E4E70299002048628DF80F0008E060
:1035D0000299486A40F40020486201208DF80F00EB
:1035E000FFE79DF80F0004B080BD000081B000909F
:1035F00001B0704781B0009001B0704781B0009079
:1036000001B0704781B0009001B0704781B0009068
:1036100001B0704781B0009001B0704781B0009058
:1036200001B0704780B582B00090009820B9FFE7E4
:1036300001208DF8070011E00098407938B9FFE7C4
:10364000009900200871009800F00CF8FFE700993D
:103650000120487100208DF80700FFE79DF8070062
:1036600002B080BD82B001900198006843F2000171
:10367000C4F20201884212D1FFE7FFE70020009068
:1036800043F63000C4F20200016841F48051016049
:10369000006800F4805000900098FFE7FFE702B058
:1036A0007047000080B584B002900298806D019050
:1036B00000F0F4FD0090029890F8350002280DD03B
:1036C000FFE7029980204865FFE70299002081F812
:1036D0003400FFE701208DF80F0055E002980168E3
:1036E000086820F01600086002980168486920F018
:1036F000800048610298006C20B9FFE70298806C56
:1037000038B1FFE702980168086820F008000860F7
:10371000FFE702980168086820F001000860FFE7F1
:10372000029800680068C007C8B1FFE700F0B6FD66
:103730000099401A062811D3FFE702992020486516
:103740000299032081F83500FFE70299002081F8F3
:103750003400FFE703208DF80F0015E0E0E7029842
:10376000C16D3F208840019988600299012081F84D
:103770003500FFE70299002081F83400FFE7FFE7FA
:1037800000208DF80F00FFE79DF80F0004B080BD0A
:1037900082B00090009890F83500022807D0FFE72B
:1037A00000998020486501208DF807000EE00099FF
:1037B000052081F8350000980168086820F00100B4
:1037C0000860FFE700208DF80700FFE79DF807007D
:1037D00002B0704780B584B00290029820B9FFE72C
:1037E00001208DF80F004BE0029890F83500022878
:1037F00004D1FFE702208DF80F0041E00298016834
:10380000086820F00100086002980168002000901C
:1038100008600299096848600299096888600299FD
:103820000968C86002990968086102980168212046
:1038300048610298FEF75CF80146009801910299F0
:10384000C8630299086402994864029988640299DD
:10385000C864029908650299CA6D3F219140019A96
:10386000916002994865029981F83500FFE7029955
:10387000002081F83400FFE700208DF80F00FFE7FB
:103880009DF80F0004B080BD80B586B00590002083
:10389000039040F2E400C2F20000006848F2B51163
:1038A000C1F64E31A0FB0110800A02900598806D90
:1038B000019001980068049004980599C96DC8406A
:1038C000000700281AD5FFE7059800680068400740
:1038D000002812D5FFE705980168086820F0040069
:1038E00008600598C16D0820884001998860059995
:1038F000486D40F001004865FFE7FFE7049805992F
:10390000C96DC840C007A0B1FFE7059800684069CD
:10391000000600280CD5FFE70598C16D01208840FE
:10392000019988600599486D40F002004865FFE7FD
:10393000FFE704980599C96DC8404007002814D5D1
:10394000FFE7059800680068800700280CD5FFE7AE
:103950000598C16D04208840019988600599486DDB
:1039600040F004004865FFE7FFE704980599C96D3A
:10397000C840C006002847D5FFE7059800680068E2
:10398000000700283FD5FFE70598C16D102088404B
:1039900001998860059800680068400300281AD5DE
:1039A000FFE70598006800680003002809D4FFE7D6
:1039B0000598006C20B1FFE70598016C8847FFE788
:1039C00008E00598806C20B1FFE70598816C884776
:1039D000FFE7FFE716E0059800680068C0050028CB
:1039E00007D4FFE705980168086820F00800086020
:1039F000FFE70598006C20B1FFE70598016C884748
:103A0000FFE7FFE7FFE7FFE704980599C96DC840A6
:103A10008006002840F18D80FFE705980068006867
:103A2000C006002840F18480FFE70598C16D202082
:103A3000884001998860059890F83500052834D1B0
:103A4000FFE705980168086820F0160008600598EF
:103A50000168486920F0800048610598006C20B931
:103A6000FFE70598806C38B1FFE7059801680868A2
:103A700020F008000860FFE70598C16D3F208840EE
:103A8000019988600599012081F83500FFE70599C3
:103A9000002081F83400FFE70598006D20B1FFE7B2
:103AA0000598016D8847FFE77BE00598006800688E
:103AB000400300281AD5FFE7059800680068000356
:103AC000002809D4FFE70598406C20B1FFE705986E
:103AD000416C8847FFE708E00598C06B20B1FFE71D
:103AE0000598C16B8847FFE7FFE720E0059800686D
:103AF0000068C005002811D4FFE705980168086830
:103B000020F0100008600599012081F83500FFE7DA
:103B10000599002081F83400FFE7FFE70598C06BA6
:103B200020B1FFE70598C16B8847FFE7FFE7FFE794
:103B3000FFE70598406DA0B3FFE70598406DC0070B
:103B400030B3FFE70599052081F835000598016835
:103B5000086820F001000860FFE703980130039037
:103B60000299884201D9FFE707E0FFE7059800685E
:103B70000068C0070028F0D1FFE70599012081F80F
:103B80003500FFE70599002081F83400FFE7FFE7E3
:103B90000598C06C20B1FFE70598C16C8847FFE726
:103BA000FFE706B080BD000080B586B0049000201D
:103BB000039000F073FB0290049820B9FFE7012006
:103BC0008DF81700A3E00498406A08B1FFE7FFE70B
:103BD0000499022081F83500FFE70499002081F85C
:103BE0003400FFE704980168086820F001000860CD
:103BF000FFE7049800680068C00790B1FFE700F095
:103C00004DFB0299401A06280AD3FFE704992020A9
:103C100048650499032081F835008DF8170076E097
:103C2000E7E70498006800680390039848F23F01B2
:103C3000CFF2100108400390049900914868D1F830
:103C400008C0CB680A6940EA0C00184310434A696F
:103C500010438A691043CA691043096A01430398F3
:103C6000084303900498406A042808D1FFE70499A8
:103C7000C86A096B0143039808430390FFE7039860
:103C800004990968086004980068406903900398E3
:103C900020F0070003900498416A039808430390BA
:103CA0000498406A04281AD1FFE70498816A0398AF
:103CB000084303900498C06A80B1FFE70498FDF7B9
:103CC00043FE50B1FFE70499402048650499012064
:103CD00081F835008DF8170019E0FFE7FFE703983A
:103CE0000499096848610498FDF702FE0190049860
:103CF000C16D3F2088400199886004990020486583
:103D0000049A012182F835108DF81700FFE79DF81D
:103D1000170006B080BD000080B588B00690059100
:103D20000492039300208DF80B000698806D01909B
:103D3000FFE7069890F83400012804D1FFE702203D
:103D40008DF81F0045E00699012081F83400FFE757
:103D5000FFE7069890F8350001282BD1FFE7069978
:103D6000022081F8350006990020486506980599DB
:103D7000049A039BFDF760FE0698C16D3F208840C2
:103D80000199886006980168086840F0160008608C
:103D90000698006C38B1FFE706980168086840F0A3
:103DA00008000860FFE706980168086840F0010015
:103DB000086009E0FFE70699002081F83400FFE77A
:103DC00002208DF80B00FFE79DF80B008DF81F0017
:103DD000FFE79DF81F0008B080BD000080B584B0EB
:103DE000039000F05BFA0290039801900198013073
:103DF00048B1FFE740F2C410C2F200000178019818
:103E000008440190FFE7FFE700F048FA0299401AE2
:103E10000199884201D2FFE7F6E704B080BD0000B7
:103E200080B582B0ADF80600BDF80600022822D1A8
:103E3000FFE744F66010C2F2000044F65861C2F297
:103E4000000110F0E7FB8DF805009DF8050058B162
:103E5000FFE744F66010C2F2000044F65861C2F277
:103E6000000110F029FCFFE744F66010C2F20000E8
:103E700010F042FCFFE702B080BD000080B582B0C8
:103E8000ADF8060043F61440C4F201000068BDF826
:103E9000061008420CD0FFE7BDF8060043F61441B7
:103EA000C4F201010860BDF80600FFF7B9FFFFE7A3
:103EB00002B080BD8EB00D900C9100200A90099048
:103EC00008900B90FFE70B980F2800F2CC81FFE7DA
:103ED0000B99012088400A900C9800680A990840C4
:103EE000099009980A99884240F0B881FFE70C9838
:103EF000406800F00300012807D0FFE70C984068F5
:103F000000F0030002282FD1FFE70D988068089089
:103F10000B984100032000FA01F1089888430890AB
:103F20000C98C0680B99490000FA01F10898084301
:103F3000089008980D9988600D98406808900B9932
:103F4000012000FA01F10898884308900C98406815
:103F5000C0F300100B9900FA01F10898084308908B
:103F600008980D994860FFE70C98406800F003003E
:103F7000032818D0FFE70D98C06808900B984100FF
:103F8000032000FA01F10898884308900C98806893
:103F90000B99490000FA01F1089808430890089825
:103FA0000D99C860FFE70C98406800F003000228F4
:103FB00026D1FFE70D980B996FF0030202EA510139
:103FC0000844006A08900B9800F0070081000F2059
:103FD00000FA01F10898884308900C9800690B9941
:103FE00001F00701890000FA01F1089808430890E0
:103FF00008980D990B9B02EA530211440862FFE7EF
:104000000D98006808900B984100032000FA01F118
:104010000898884308900C98406800F003000B99BA
:10402000490000FA01F108980843089008980D9992
:1040300008600C9880798007002800F00E81FFE767
:10404000FFE70020079043F64400C4F20200016835
:1040500041F480410160006800F4804007900798B7
:10406000FFE70B9820F0030043F60801C4F20101BA
:10407000405808900B9800F0030081000F2000FAD0
:1040800001F10898884308900D980021C4F20201BC
:10409000884203D1FFE7002006905EE00D9840F2D1
:1040A0000041C4F20201884203D1FFE701200590DC
:1040B00050E00D9840F60001C4F20201884203D19D
:1040C000FFE70220049042E00D9840F60041C4F260
:1040D0000201884203D1FFE70320039034E00D98EA
:1040E00041F20001C4F20201884203D1FFE704203B
:1040F000029026E00D9841F20041C4F2020188428C
:1041000003D1FFE70520019018E00D9841F600016A
:10411000C4F20201884203D1FFE7062000900AE0C2
:104120000D9941F60042C4F202020820914208BFF4
:1041300007200090FFE700980190FFE701980290A8
:10414000FFE702980390FFE703980490FFE70498C5
:104150000590FFE705980690FFE70698C0B20B9917
:1041600001F00301890000FA01F108980843089062
:1041700008980B9921F0030143F60802C4F20102EA
:10418000885043F60840C4F201000068089009997D
:104190000898884308900C988079C006002805D5B7
:1041A000FFE70999089808430890FFE7089843F645
:1041B0000841C4F20101086043F60C40C4F201005A
:1041C0000068089009990898884308900C988079AD
:1041D0008006002805D5FFE709990898084308904C
:1041E000FFE7089843F60C41C4F20101086043F66A
:1041F0000440C4F2010000680890099908988843B7
:1042000008900C9880798007002805D5FFE7099968
:10421000089808430890FFE7089843F60441C4F261
:104220000101086043F60040C4F2010000680890F4
:1042300009990898884308900C988079C00728B19C
:10424000FFE70999089808430890FFE7089843F6A4
:104250000041C4F201010860FFE7FFE7FFE70B98A8
:1042600001300B902FE60EB07047000082B0019035
:10427000ADF802108DF801209DF8010028B1FFE78C
:10428000BDF802000199886105E0BDF80200000454
:1042900001998861FFE702B0704700004AF6C860E4
:1042A000C2F200000068704740F2C410C2F2000081
:1042B00002784AF6C861C2F200010868104408603A
:1042C0007047000080B543F60041C4F2020108685F
:1042D00040F400700860086840F480600860086876
:1042E00040F480700860032000F0CEF80F2000F04A
:1042F00005F800F079F8002080BD000080B58CB092
:104300000B90002004900390FFE70020009043F6FC
:104310004000C4F20200016841F001010160006840
:1043200000F0010000900098FFE706A802A901F044
:10433000ADFB09980490049820B9FFE701F0D6FB83
:10434000059004E001F0D2FB40000590FFE70598DE
:104350004DF68361C4F21B31A0FB01014FF0FF3029
:1043600000EB9140039044F64820C2F200004FF069
:104370008041016040F2E731C16003994160002152
:1043800001618160816102F03DFE8DF807009DF8BA
:10439000070028BBFFE744F64820C2F2000002F005
:1043A0005FFF8DF807009DF80700C0B9FFE71C20EC
:1043B00000F046F80B980F280CD8FFE70B991C204B
:1043C000002200F047F80B9840F2C811C2F2000139
:1043D000086003E001208DF80700FFE7FFE7FFE733
:1043E0009DF807000CB080BD80B582B0FFE70020CB
:1043F000019043F64400C4F20200016841F4804198
:104400000160006800F4804001900198FFE7FFE739
:104410000020009043F64000C4F20200016841F021
:1044200080510160006800F0805000900098FFE724
:104430006FF001000F21002200F00CF802B080BDE7
:1044400080B582B08DF807009DF9070010F0B0FC30
:1044500002B080BD80B586B08DF81700049103923C
:104460000020029010F0BCFC02909DF91700019012
:1044700002980499039A07F03DFB0146019810F059
:10448000B7FC06B080BD000080B582B001900198F5
:1044900010F0D0FC02B080BD82B001908DF8031006
:1044A00002B0704782B00190ADF80210BDF8020072
:1044B000019909684862002002B0704784B00390F7
:1044C0008DF80B10ADF8082003980068406A009042
:1044D0009DF80B0048B9FFE7BDF80810009840EAC6
:1044E000014003990968886233E003980068816A93
:1044F000009800EB1140009000208DF80700FFE7C6
:104500009DF807009DF80B100139884213D2FFE790
:10451000039800689DF8071000EB8100D0F80411A3
:10452000009800EB11400090FFE79DF80700013074
:104530008DF80700E4E7BDF80810009840EA014054
:10454000039909689DF80B2001EB8201C1F8000175
:10455000FFE7002004B0704780B582B00190019859
:10456000D0F808050CF024FF02B080BD80B582B001
:1045700001908DF80310019AD2F808059DF80310F8
:1045800001EBC10302EB8302D26C0CF06DFD02B0B3
:1045900080BD000080B582B001908DF80310019AB3
:1045A000D2F808059DF8031001EBC10302EB83026A
:1045B000D2F88C220CF022FE02B080BD80B582B011
:1045C00001900198D0F808050CF0F8FE02B080BD0B
:1045D00080B584B003908DF80B109DF80B00000699
:1045E00000280CD5FFE703989DF80B1001F00F0190
:1045F00001EBC10100EB81003C3001900CE003981D
:104600009DF80B1001F00F0101EBC10100EB8100DF
:1046100000F51F700190FFE70398006801990EF004
:1046200023FD8DF80A009DF80A0004B080BD00004B
:1046300080B584B002908DF807109DF80700000641
:1046400000280FD5FFE702989DF8071001F00F0131
:1046500001EBC10100EB81003C300090009901208A
:1046600048700FE002989DF8071001F00F0101EB70
:10467000C10100EB810000F51F700090009900203F
:104680004870FFE79DF8070000F00F0000990870E0
:10469000FFE7029890F8BC04012804D1FFE702204C
:1046A0008DF80F0014E00299012081F8BC04FFE7A7
:1046B000FFE70298006800990DF0FEFEFFE70299FF
:1046C000002081F8BC04FFE700208DF80F00FFE711
:1046D0009DF80F0004B080BD80B584B002908DF8C5
:1046E00007109DF8070000F00F0002994968884202
:1046F00004D9FFE701208DF80F004DE09DF8070079
:10470000000600280FD5FFE702989DF8071001F07A
:104710000F0101EBC10100EB81003C3000900099DA
:10472000012048700FE002989DF8071001F00F017A
:1047300001EBC10100EB810000F51F7000900099B2
:1047400000204870FFE70099002088709DF807005E
:1047500000F00F0000990870FFE7029890F8BC0481
:10476000012804D1FFE702208DF80F0014E0029920
:10477000012081F8BC04FFE7FFE702980068009978
:104780000EF01AFAFFE70299002081F8BC04FFE757
:1047900000208DF80F00FFE79DF80F0004B080BDEA
:1047A00082B001908DF8031001989DF8031001F07C
:1047B0000F0101EBC10100EB8100D0F89C0202B0B7
:1047C0007047000080B586B004908DF80F10ADF8EA
:1047D0000C208DF80B3000208DF80A009DF80F009A
:1047E000000600280FD5FFE704989DF80F1001F090
:1047F0000F0101EBC10100EB81003C3001900199F8
:10480000012048700FE004989DF80F1001F00F018F
:1048100001EBC10100EB810000F51F7001900199CF
:1048200000204870FFE79DF80F0000F00F0001998D
:104830000870BDF80C000199C8609DF80B00019943
:1048400008710198407820B1FFE701990878088144
:10485000FFE79DF80B00022804D1FFE70199002033
:104860004871FFE7FFE7049890F8BC04012804D1E1
:10487000FFE702208DF8170015E00499012081F868
:10488000BC04FFE7FFE70498006801990DF0CEFC37
:10489000FFE70499002081F8BC04FFE79DF80A00B7
:1048A0008DF81700FFE79DF8170006B080BD0000E7
:1048B00080B586B005908DF8131003920293059889
:1048C0009DF8131001F00F0101EBC10100EB810015
:1048D00000F51F70019003980199086102980199F1
:1048E0008861019900200862019948709DF81300C1
:1048F00000F00F000199087005980069012804D1A3
:10490000FFE7039801994861FFE79DF8130000074E
:1049100038B9FFE7059A10680199127C0EF000F88B
:1049200006E0059A10680199127C0EF0E9F9FFE79C
:10493000002006B080BD000080B584B002908DF8E4
:1049400007109DF8070000F00F000299496888429F
:1049500004D9FFE701208DF80F0058E09DF807000B
:10496000000600280FD5FFE702989DF8071001F018
:104970000F0101EBC10100EB81003C300090009978
:10498000012048700DE002989DF8071001EBC1016D
:1049900000EB810000F51F70009000990020487026
:1049A000FFE70099012088709DF8070000F00F00D4
:1049B00000990870FFE7029890F8BC04012804D120
:1049C000FFE702208DF80F0021E00299012081F815
:1049D000BC04FFE7FFE70298006800990EF03CF97D
:1049E0009DF80700000740B9FFE7029A1068117CA4
:1049F00002F2C4420EF090F8FFE7FFE702990020B0
:104A000081F8BC04FFE700208DF80F00FFE79DF858
:104A10000F0004B080BD000080B586B005908DF811
:104A200013100392029305989DF8131001F00F01E3
:104A300001EBC10100EB81003C300190039801992A
:104A40000861029801998861019900200862019922
:104A5000012048709DF8130000F00F0001990870C4
:104A600005980069012804D1FFE70398019948617E
:104A7000FFE79DF81300000738B9FFE7059A1068B3
:104A80000199127C0DF04CFF06E0059A106801991F
:104A9000127C0EF035F9FFE7002006B080BD000063
:104AA00080B58CB00B900B9800680A900A9809901A
:104AB0000B9800680EF01AFC002840F00D84FFE708
:104AC0000B9800680EF07EFC10B9FFE700F004BC04
:104AD0000998D0F80808C0F30D200B99C1F8FC0420
:104AE0000B9800680EF06EFC8007002807D5FFE7E2
:104AF0000B980168486900F002004861FFE70B98D5
:104B000000680EF05FFCC006002862D5FFE70B9836
:104B10000168886920F0100088610A98006A029094
:104B20000B98029901F00F0101EBC10100EB81002C
:104B300000F51F700890029800F4F0110220B0EB0D
:104B4000514F23D1FFE7BDF8080047F6F071084246
:104B50001BD0FFE70A9808990969029AC2F30A1262
:104B60000EF03EFC029847F6F07100EA0103089A45
:104B7000106900EB13101061029800EA0102089915
:104B8000086A00EB12100862FFE71BE0029800F4CD
:104B9000F0110620B0EB514F12D1FFE70A980B99A4
:104BA00001F2C44108220EF01BFC029847F6F07196
:104BB00000EA01020899086A00EB1210086200E09E
:104BC000FFE7FFE70B980168886940F010008861F3
:104BD000FFE70B9800680EF0F5FB0003002840F19A
:104BE000A680FFE7002004900B9800680EF098FB69
:104BF0000690FFE70698002800F09880FFE79DF8F0
:104C00001800C007002800F08A80FFE70B980068B2
:104C10009DF810100EF0BEFB05909DF81400C00723
:104C200060B1FFE70998049900EB41110120C1F838
:104C3000080B0B98049907F03DFAFFE79DF8140064
:104C4000000700280CD5FFE70998049900EB4111F3
:104C50000820C1F8080B0B98049907F0E5F9FFE765
:104C60009DF81400C006002808D5FFE709980499AC
:104C700000EB41111020C1F8080BFFE79DF814006C
:104C8000800700282DD5FFE70A9840690006002814
:104C900008D5FFE70999D1F8040840F48060C1F80D
:104CA0000408FFE70B98049901EBC10100EB8100B8
:104CB00000F51F7008900898C078012809D1FFE717
:104CC00008990020C8700B989DF8101000F014FB94
:104CD000FFE70998049900EB41110220C1F8080B85
:104CE000FFE79DF814008006002808D5FFE7099823
:104CF000049900EB41112020C1F8080BFFE79DF853
:104D000015008006002809D5FFE70998049900EBF3
:104D100041114FF40050C1F8080BFFE7FFE704987A
:104D20000130049006984008069063E7FFE70B986F
:104D300000680EF047FB4003002840F1C680FFE703
:104D40000B9800680EF0DAFA069000200490FFE756
:104D50000698002800F0B880FFE79DF81800C0070B
:104D6000002800F0AA80FFE70B9800689DF810105B
:104D70000EF0E8FA05909DF81400C00700283ED018
:104D8000FFE7049800F00F01012000FA01F1039100
:104D9000039B099AD2F834189943C2F83418099938
:104DA000049A01EB4211C1F808090B980069012827
:104DB0001FD1FFE70B98049901EBC10100EB8101C2
:104DC0008A6CC86C1044C864049888B9FFE70B98D3
:104DD000049901EBC10100EB8100406D40B9FFE790
:104DE0000B99086801F2C44201210DF095FEFFE71E
:104DF000FFE70B989DF81010FFF7B8FBFFE79DF851
:104E000014000007002808D5FFE70998049900EB73
:104E100041110820C1F80809FFE79DF81400C006F9
:104E2000002808D5FFE70998049900EB41111020EC
:104E3000C1F80809FFE79DF814004006002808D5CE
:104E4000FFE70998049900EB41114020C1F80809D7
:104E5000FFE79DF814008007002822D5FFE70A9895
:104E600004990EF0D9F90B98049901EBC10100EBFC
:104E700081003C3008900898C078012809D1FFE7EC
:104E800008990020C8700B989DF8101000F026FAC1
:104E9000FFE70998049900EB41110220C1F80809C5
:104EA000FFE79DF814000006002805D5FFE70B98E2
:104EB000049907F0E3F9FFE7FFE704980130049055
:104EC00006984008069043E7FFE70B9800680EF04D
:104ED00079FAC00F00B3FFE70999D1F8040820F070
:104EE0000100C1F804080B9890F8F404012808D1D7
:104EF000FFE70B98002180F8F4140B98FFF7CCFA29
:104F000003E00B9800F0E2FBFFE70B9801684869AB
:104F100000F000404861FFE70B9800680EF052FA7D
:104F20000005002811D5FFE70998D0F80808C00748
:104F300020B1FFE70B9800F057FCFFE70B980168E2
:104F4000486900F400604861FFE70B9800680EF0C4
:104F500039FAC004002840F18680FFE70999D1F8AA
:104F6000040820F00100C1F804080B980068102123
:104F70000EF052F900200790FFE707980B99496857
:104F8000884231D2FFE70998079900EB41114FF6AB
:104F90007F30C1F808090999079A01EB4212D2F84B
:104FA000001921F40011C2F800190999079A01EBC0
:104FB0004211C1F8080B0998079900EB4111D1F88B
:104FC000000B20F40010C1F8000B0998079900EBC2
:104FD0004111D1F8000B40F00060C1F8000BFFE771
:104FE000079801300790C8E70999D1F81C0840F0EC
:104FF0000110C1F81C080B98006B78B1FFE7099904
:10500000D1F8840840F00B00C1F884080999D1F860
:10501000440840F00B00C1F844080FE00999D1F8AA
:10502000140842F22B021043C1F814080999D1F870
:10503000100840F00B00C1F81008FFE70999D1F8FB
:10504000000820F4FE60C1F800080B9A1068117C7B
:1050500002F2C4420DF060FD0B980168486900F44B
:1050600080504861FFE70B9800680EF0ABF98004B0
:1050700000281FD5FFE70B9800680DF047F90B9843
:1050800000680EF00DF90B99C8600B98006801904C
:1050900000F026FD014601980B9A127B0EF098FA5B
:1050A0000B9800F0E9FA0B980168486900F4005089
:1050B0004861FFE70B9800680EF084F900070028AC
:1050C0000AD5FFE70B9800F00BFB0B9801684869C5
:1050D00000F008004861FFE70B9800680EF072F9D5
:1050E0000006002825D5FFE70A99886920F080008E
:1050F000886101200490FFE704980B994968884271
:1051000016D2FFE70B98049901EBC10100EB810077
:1051100090F87F02012806D1FFE70B989DF8101048
:10512000FFF756FAFFE7FFE7049801300490E3E742
:10513000FFE70B9800680EF045F9C00200283ED545
:10514000FFE701200490FFE704980B994968884223
:105150002ED2FFE70998049900EB4110D0F800091E
:1051600002900B98049901EBC10100EB810090F8CB
:105170004000012817D1FFE79DF80B00000600282A
:1051800011D5FFE70B98049901EBC10100EB8101F8
:10519000012081F83F000B989DF8101041F080012C
:1051A000FFF716FAFFE7FFE7049801300490CBE71A
:1051B0000B980168486900F480104861FFE70B987C
:1051C00000680EF0FFF88002002855D5FFE70120A7
:1051D0000490FFE704980B994968884245D2FFE79D
:1051E0000998049900EB4110D0F8000B02900B983D
:1051F000049901EBC10100EB810090F880020128C5
:105200002ED1FFE79DF80B000006002828D5FFE708
:10521000029800F480300B99D1F8FC1401F00101E0
:1052200088421DD1FFE70B98049901EBC10100EB07
:105230008101012081F87F020A99886940F080008D
:1052400088610A9840690006002808D4FFE7099998
:10525000D1F8040840F40070C1F8040805E0FFE745
:10526000FFE7049801300490B4E70B98016848699F
:1052700000F400104861FFE70B9800680EF0A2F8F8
:10528000400000280AD5FFE70B98FFF765F90B9857
:105290000168486900F080404861FFE70B980068AA
:1052A0000EF090F84007002815D5FFE70B9800682E
:1052B000406802909DF808004007002804D5FFE7E9
:1052C0000B98FFF77BF9FFE7029A0B980168486893
:1052D00010434860FFE7FFE70CB080BD80B582B0A7
:1052E00001908DF803100198D0F808059DF803107F
:1052F0000CF000F902B080BD80B582B001908DF84D
:1053000003100198D0F808059DF803100CF02AF955
:1053100002B080BD2DE9F04F97B01590159820B9D7
:10532000FFE701208DF85B0049E1159800681490B3
:10533000159890F8BD0440B9FFE71599002081F851
:10534000BC04159800F040F9FFE71599032081F897
:10535000BD041498C06BC005002804D4FFE715995C
:1053600000200861FFE7159800680DF0CFFA159846
:1053700010900168119141688268C368D0F810C02C
:1053800044698569C669076AD0F82480D0F82890F6
:10539000D0F82CA0D0F830B0D0F834E068461290A5
:1053A000C0F824E01198DDF848E0CEF820B0CEF83F
:1053B0001CA0CEF81890CEF81480CEF81070CEF85D
:1053C0000C60CEF80850CEF80440CEF800C00CF0C7
:1053D000B3FF40B1FFE71599022081F8BD04012019
:1053E0008DF85B00EBE01598006800210F910EF03E
:1053F00051F80F988DF84F00FFE79DF84F00159971
:105400004968884245D2FFE715989DF84F1001EB97
:10541000C10100EB8101012081F83D009DF84F00A2
:10542000159900EBC00201EB820181F83C009DF868
:105430004F00159900EBC00201EB8201A1F8440076
:1054400015989DF84F1001EBC10100EB8101002080
:1054500081F8400015999DF84F2002EBC20201EB44
:105460008201886415999DF84F2002EBC20201EB7E
:105470008201C86415999DF84F2002EBC20201EB2E
:1054800082014865FFE79DF84F0001308DF84F001D
:10549000B3E700208DF84F00FFE79DF84F00159906
:1054A000496888423ED2FFE715989DF84F1001EBFE
:1054B000C10100EB8101002081F87D029DF84F10B1
:1054C000159A01EBC10302EB830282F87C12159955
:1054D0009DF84F2002EBC20201EB820181F88002AD
:1054E00015999DF84F2002EBC20201EB8201C1F831
:1054F000880215999DF84F2002EBC20201EB820150
:10550000C1F88C0215999DF84F2002EBC20201EB05
:105510008201C1F89402FFE79DF84F0001308DF839
:105520004F00BAE715980C9001680D9141688268A8
:10553000C368D0F810C044698569C669076AD0F8A5
:105540002480D0F82890D0F82CA0D0F830B0D0F833
:1055500034E068460E90C0F824E00D98DDF838E09D
:10556000CEF820B0CEF81CA0CEF81890CEF814805B
:10557000CEF81070CEF80C60CEF80850CEF804408B
:10558000CEF800C00DF060F840B1FFE71599022099
:1055900081F8BD0401208DF85B0010E01599002012
:1055A0000B9081F838001599012081F8BD041598F9
:1055B00000680DF033F80B988DF85B00FFE79DF85D
:1055C0005B0017B0BDE8F08F80B58AB0099000206D
:1055D0000890079006900590049009980068B0F133
:1055E000A04F47D1FFE7FFE70020039043F63000CC
:1055F000C4F20200016841F001010160006800F09E
:10560000010003900398FFE74FF4C050049002207C
:10561000059000200690032007900A2008900020A3
:10562000C4F2020004A9FEF745FCFFE743F634018B
:10563000C4F20201086840F080000860FFE7002023
:10564000029043F64400C4F20200016841F4804134
:105650000160006800F4804002900298FFE7FFE7D5
:105660004320019005210022FEF7F4FE0198FEF789
:10567000E7FEFFE70AB080BD80B582B0019001204F
:105680008DF803000198C06820B9FFE700208DF86D
:1056900003000CE00198C068022804D1FFE7012054
:1056A0008DF8030002E0FCF755FBFFE7FFE70198E8
:1056B000D0F808059DF803100CF054F80198D0F8C4
:1056C00008050BF0CFFF02B080BD000080B582B0AE
:1056D00001900198D0F808050CF012F802B080BDD6
:1056E00080B582B001900198D0F808050CF01AF846
:1056F00002B080BD80B584B002908DF80710FFE73E
:10570000029890F8BC04012804D1FFE702208DF82C
:105710000F001AE00299012081F8BC04FFE7FFE7BF
:105720009DF80700029981F83800029800689DF8FA
:1057300007100DF01FFFFFE70299002081F8BC045D
:10574000FFE700208DF80F00FFE79DF80F0004B081
:1057500080BD000080B582B001900199D1F80805A4
:1057600001F2C4410CF028F802B080BD80B584B0CD
:105770000290029800680190FFE7029890F8BC043C
:10578000012804D1FFE702208DF80F0027E00299DD
:10579000012081F8BC04FFE7FFE70298806A012836
:1057A0000BD1FFE702988069012806D0FFE7019935
:1057B000886B40F480308863FFE7029800680DF042
:1057C000E1FC029800680CF013FFFFE7029900204B
:1057D00081F8BC04FFE700208DF80F00FFE79DF87B
:1057E0000F0004B080BD000080B582B00190019828
:1057F000D0F808050CF062F801980168D1F8000EA5
:1058000040F00100C1F8000E0198006A48B1FFE7BE
:105810004EF61051CEF20001086840F00600086014
:10582000FFE702B080BD000080B584B00290019116
:10583000029820B9FFE701208DF80F0021E10198BF
:1058400043F60041C4F20201096801F007018842F1
:1058500012D9FFE7019943F60040C4F2020001703B
:10586000006800F007000199884204D0FFE701209A
:105870008DF80F0005E1FFE7029800788007002807
:105880002AD5FFE7029800784007002809D5FFE7EE
:1058900043F60801C4F20201086840F4E0500860D1
:1058A000FFE7029800780007002809D5FFE743F6D4
:1058B0000801C4F20201086840F460400860FFE794
:1058C00043F60801C4F20201086820F0F000029AD1
:1058D000926810430860FFE702980078C00700282C
:1058E0006ED0FFE702984068012811D1FFE743F628
:1058F0000000C4F20200006800F400310020B0EBA8
:10590000514F04D1FFE701208DF80F00B9E02CE0E2
:1059100002984068022805D0FFE7029840680328F3
:1059200011D1FFE743F60000C4F20200006800F066
:1059300000710020B0EB516F04D1FFE701208DF81A
:105940000F009EE010E043F60000C4F20200006881
:1059500000F002010020B0EB510F04D1FFE701205D
:105960008DF80F008DE0FFE7FFE743F60801C4F272
:105970000201086820F00300029A52681043086090
:10598000FEF78CFC0090FFE743F60800C4F202002B
:10599000006800F00C0002994968B0EB810F0ED04E
:1059A000FFE7FEF77BFC0099401A41F289318842FB
:1059B00004D3FFE703208DF80F0062E0E4E7FFE780
:1059C000019843F60041C4F20201096801F00701A1
:1059D000884212D2FFE7019943F60040C4F2020068
:1059E0000170006800F007000199884204D0FFE7C9
:1059F00001208DF80F0044E0FFE70298007840078F
:105A000000280CD5FFE743F60801C4F2020108683C
:105A100020F4E050029AD26810430860FFE7029831
:105A20000078000700280DD5FFE743F60801C4F20F
:105A30000201086820F46040029A126940EAC2003C
:105A40000860FFE700F076F843F60801C4F20201AF
:105A50000968C9B20A094BF2BC41C0F60101895C70
:105A6000C84040F2E401C2F20001086040F2C810F0
:105A7000C2F200000068FEF741FC00208DF80F0024
:105A8000FFE79DF80F0004B080BD000082B00190D8
:105A9000009101990F20086043F60800C4F202004B
:105AA000016801F00301019A5160016801F0F00101
:105AB000019A9160016801F4E051019AD160006897
:105AC00000F46040C0080199086143F60040C4F248
:105AD0000200006800F007000099086002B07047FB
:105AE00040F2E400C2F200000068704780B5FFF7A2
:105AF000F7FF43F60801C4F202010968C1F38222EC
:105B00004BF2CC41C0F60101895CC84080BD000069
:105B100080B5FFF7E5FF43F60801C4F2020109680A
:105B200089B24A0B4BF2CC41C0F60101895CC840F6
:105B300080BD000080B586B00020059004900390E1
:105B4000029043F60800C4F20200006800F00C0066
:105B50000146019140B1FFE7019804280AD0FFE710
:105B6000019808280CD04FE042F20040C0F2F40047
:105B700002904FE041F60030C0F2B700029049E0D9
:105B800043F60400C4F20200016801F03F010591F0
:105B900000684002002813D5FFE743F60400C4F272
:105BA00002000068C0F3881041F60031C0F2B7016E
:105BB000A0FB0101059A0023FAF776FB049012E09E
:105BC00043F60400C4F202000068C0F3881042F2F9
:105BD0000041C0F2F401A0FB0101059A0023FAF78D
:105BE00063FB0490FFE743F60400C4F20200006880
:105BF00000F44031022000EBD13003900498039967
:105C0000B0FBF1F0029005E042F20040C0F2F40077
:105C10000290FFE7029806B080BD000080B586B014
:105C20000490049820B9FFE701208DF8170050E395
:105C300004980078C007002800F0A580FFE743F62D
:105C40000800C4F20200006800F00C00042813D021
:105C5000FFE743F60800C4F20200006800F00C0001
:105C600008281ED1FFE743F60400C4F202000068D2
:105C70004002002815D5FFE743F60000C4F20200F9
:105C8000006800F400310020B0EB514F08D0FFE76E
:105C90000498406820B9FFE701208DF8170018E349
:105CA00070E0FFE704984068B0F5803F09D1FFE756
:105CB00043F60001C4F20201086840F48030086035
:105CC00020E004984068B0F5A02F0DD1FFE743F61F
:105CD0000001C4F20201086840F4802008600868EE
:105CE00040F4803008600CE043F60001C4F2020189
:105CF000086820F480300860086820F4802008607C
:105D0000FFE7FFE7FFE704984068E8B1FFE7FEF729
:105D1000C5FA0390FFE743F60000C4F202000068F2
:105D200000F400310020B0EB514F0CD1FFE7FEF73B
:105D3000B5FA0399401A652804D3FFE703208DF8CC
:105D40001700C6E2E7E71CE0FEF7A8FA0390FFE7BA
:105D500043F60000C4F20200006800F400310020A5
:105D6000B0EB514F0CD0FFE7FEF798FA0399401AB9
:105D7000652804D3FFE703208DF81700A9E2E7E7C1
:105D8000FFE7FFE7FFE7049800788007002840F16D
:105D90009680FFE743F60800C4F20200006810F0A6
:105DA0000C0F13D0FFE743F60800C4F202000068AE
:105DB00000F00C0008282CD1FFE743F60400C4F2E1
:105DC000020000684002002823D4FFE743F60000E9
:105DD000C4F20200006800F002010020B0EB510F95
:105DE00009D0FFE70498C068012804D0FFE701202C
:105DF0008DF817006DE243F60001C4F20201086855
:105E000020F0F800049A126940EAC2000860FFE737
:105E100054E00498C06870B3FFE70021C4F2472142
:105E200001200860FEF73AFA0390FFE743F600000E
:105E3000C4F20200006800F002010020B0EB510F34
:105E40000CD1FFE7FEF72AFA0399401A032804D37E
:105E5000FFE703208DF817003BE2E7E743F6000178
:105E6000C4F20201086820F0F800049A126940EABE
:105E7000C200086021E00021C4F247210020086030
:105E8000FEF70CFA0390FFE743F60000C4F20200AD
:105E9000006800F002010020B0EB510F0CD0FFE7CA
:105EA000FEF7FCF90399401A032804D3FFE7032007
:105EB0008DF817000DE2E7E7FFE7FFE7FFE704983B
:105EC0000078000700284BD5FFE70498406918B315
:105ED000FFE740F68061C4F2472101200860FEF729
:105EE000DDF90390FFE743F67400C4F20200006896
:105EF00000F002010020B0EB510F0CD1FFE7FEF7DC
:105F0000CDF90399401A032804D3FFE703208DF845
:105F10001700DEE1E7E722E040F68061C4F24721A6
:105F200000200860FEF7BAF90390FFE743F674001B
:105F3000C4F20200006800F002010020B0EB510F33
:105F40000CD0FFE7FEF7AAF90399401A032804D3FF
:105F5000FFE703208DF81700BBE1E7E7FFE7FFE766
:105F6000049800784007002840F1CE80FFE7002029
:105F70008DF8070043F64000C4F202000068C0003C
:105F8000002815D4FFE7FFE70020009043F640000B
:105F9000C4F20200016841F080510160006800F025
:105FA000805000900098FFE701208DF80700FFE780
:105FB00047F20000C4F200000068C005002822D4A7
:105FC000FFE747F20001C4F20001086840F4807066
:105FD0000860FEF763F90390FFE747F20000C4F2A0
:105FE00000000068C00500280CD4FFE7FEF756F952
:105FF0000399401A032804D3FFE703208DF8170004
:1060000067E1EAE7FFE7FFE704988068012809D124
:10601000FFE743F67001C4F20201086840F0010096
:1060200008601FE00498806805280DD1FFE743F65B
:106030007001C4F20201086840F0040008600868BA
:1060400040F0010008600CE043F67001C4F2020168
:10605000086820F001000860086820F0040008606B
:10606000FFE7FFE7FFE704988068F8B1FFE7FEF776
:1060700015F90390FFE743F67000C4F202000068D0
:1060800000F002010020B0EB510F0ED1FFE7FEF748
:1060900005F90399401A41F28931884204D3FFE798
:1060A00003208DF8170014E1E5E71EE0FEF7F6F88F
:1060B0000390FFE743F67000C4F20200006800F0AE
:1060C00002010020B0EB510F0ED0FFE7FEF7E6F81B
:1060D0000399401A41F28931884204D3FFE7032033
:1060E0008DF81700F5E0E5E7FFE79DF807000128C8
:1060F00009D1FFE743F64001C4F20201086820F02D
:1061000080500860FFE7FFE704988069002800F0EE
:10611000DC80FFE743F60800C4F20200006800F0EC
:106120000C00082800F08580FFE7049880690228A9
:106130005CD1FFE76021C4F2472100200860FEF730
:10614000ADF80390FFE743F60000C4F202000068D8
:1061500000F000710020B0EB516F0CD0FFE7FEF7AC
:106160009DF80399401A032804D3FFE703208DF814
:106170001700AEE0E7E70499C869D1F820C04B6A80
:106180008A6A40EA0C0040EA8310D2034FF6FF739C
:106190009A43A2F580321043C96A40EA016043F68F
:1061A0000401C4F2020108606021C4F24721012009
:1061B0000860FEF773F80390FFE743F60000C4F2AF
:1061C0000200006800F000710020B0EB516F0CD1AC
:1061D000FFE7FEF763F80399401A032804D3FFE7AB
:1061E00003208DF8170074E0E7E721E06021C4F296
:1061F000472100200860FEF751F80390FFE743F6BF
:106200000000C4F20200006800F000710020B0EB52
:10621000516F0CD0FFE7FEF741F80399401A0328AD
:1062200004D3FFE703208DF8170052E0E7E7FFE70C
:106230004AE004988069012804D1FFE701208DF825
:10624000170046E043F60400C4F202000068029022
:1062500004988069012831D0FFE7029800F480009B
:106260000499C969884229D1FFE7029800F03F00EC
:106270000499096A884221D1FFE7029847F6C07164
:1062800008400499496AB0EB811F17D1FFE70298D3
:1062900000F440300499896AC9034FF6FF729143B4
:1062A000A1F58031884209D1FFE7029800F07060C3
:1062B0000499C96AB0EB016F04D0FFE701208DF8A3
:1062C000170006E0FFE7FFE7FFE700208DF8170063
:1062D000FFE79DF8170006B080BD000081B0009078
:1062E000009890F8510001B07047000080B584B06C
:1062F0000290029820B9FFE701208DF80F0071E0AD
:106300000298406A60B9FFE702984068B0F5827F62
:1063100001D1FFE703E002990020C861FFE705E033
:1063200002990020086102994861FFE70299002064
:106330008862029890F8510040B9FFE70299002066
:1063400081F85000029800F051F8FFE7029902200E
:1063500081F8510002980168086820F04000086048
:10636000029A019211685068D2F808C0D36800F40C
:1063700082700CF4044C604403F400631844136905
:1063800003F002031844536903F0010318449369AE
:1063900003F400731844D36903F038031844136AF4
:1063A00003F080031843926A02F40052104308601D
:1063B000029A508B00F004001168526A02F0100239
:1063C0001044486002980168C86920F40060C86100
:1063D000029900204865029A012182F851108DF837
:1063E0000F00FFE79DF80F0004B080BD80B592B0AC
:1063F0001190002010900F900E900D900C9011981D
:10640000006843F20001C4F20101884240F0B68006
:10641000FFE7FFE700200B9043F64400C4F20200C0
:10642000016841F480510160006800F480500B90D5
:106430000B98FFE7FFE700200A9043F63000C4F214
:106440000200016841F002010160006800F00200F2
:106450000A900A98FFE7FFE70020099043F6300012
:10646000C4F20200016841F001010160006800F01F
:10647000010009900998FFE718200C900220019074
:106480000D90012002900E90032003900F900520A4
:106490000490109040F20040C4F202000CA9059153
:1064A000FDF708FDDDF804C0029B039A04980599E6
:1064B0004FF0800ECDF830E0CDF834C00E930F923F
:1064C00010900020C4F20200FDF7F4FC44F23C00FE
:1064D000C2F20000069046F24041C4F2020101609F
:1064E0004FF0C061416000218160C1604FF4806263
:1064F000026141618161C1614FF4403202624162D7
:10650000FDF752FB18B1FFE7FBF724FCFFE7FFE7BD
:10651000119844F23C01C2F20001C16411988863F1
:10652000FFE744F29C00C2F20000009046F258419E
:10653000C4F2020101604FF0C061416040218160FE
:106540000021C1604FF48062026141618161C161DB
:106550004FF4003202624162FDF726FB18B1FFE7FB
:10656000FBF7F8FBFFE7FFE7119844F29C01C2F24A
:106570000001816411988863FFE73EE0119800688C
:1065800043F60001C4F20001884235D1FFE7FFE77E
:106590000020089043F64000C4F20200016841F474
:1065A00080410160006800F4804008900898FFE78F
:1065B000FFE70020079043F63000C4F202000168B4
:1065C00041F002010160006800F0020007900798A6
:1065D000FFE74FF460400C9002200D9000200E90D9
:1065E00003200F900520109040F20040C4F20200FA
:1065F0000CA9FDF75FFCFFE7FFE712B080BD0000CC
:1066000080B588B006900591ADF812200393002064
:106610008DF8070006984068B0F5827F16D1FFE735
:106620000698806890B9FFE70699042081F8510028
:106630000698059ABDF812300399EC46CCF8001084
:10664000114600F037FA8DF81F00EDE0FFE70698DD
:1066500090F85000012804D1FFE702208DF81F00B8
:10666000E2E00699012081F85000FFE7FFE7FDF71F
:1066700015FE0290069890F85100012804D0FFE71B
:1066800002208DF80700C0E0059820B1FFE7BDF8B3
:10669000120020B9FFE701208DF80700B5E0069948
:1066A000042081F851000699002048650599069A52
:1066B0009163BDF81210069A9187BDF81210069AE0
:1066C000D18706990863069988860699C88606992F
:1066D00008640699486406988068B0F5004F0DD1AB
:1066E000FFE706980168086820F0400008600698F7
:1066F0000168086820F480400860FFE70698006899
:10670000006800F04000402807D0FFE706980168C5
:10671000086840F040000860FFE70698C06880BB4A
:10672000FFE7FFE70698C08F50B3FFE706980068C1
:106730008068C00778B1FFE706980068007B06997B
:10674000896B08700699886B013088630699C88F39
:106750000138C88713E0FDF7A1FD0299401A03999B
:10676000884204D3FFE70398013018B9FFE7039884
:1067700020B9FFE703208DF8070046E0FFE7D1E7E7
:106780002FE0FFE70698C08F50B3FFE70698006838
:106790008068C00778B1FFE706980068C06806996E
:1067A000896B08800699886B023088630699C88FC8
:1067B0000138C88713E0FDF771FD0299401A03996B
:1067C000884204D3FFE70398013018B9FFE7039824
:1067D00020B9FFE703208DF8070016E0FFE7D1E7B7
:1067E000FFE706980399029A07F0F6FE20B1FFE74B
:1067F000069920204865FFE70698406D20B1FFE725
:1068000001208DF80700FFE7FFE70699012081F8D6
:106810005100FFE70699002081F85000FFE79DF83E
:1068200007008DF81F00FFE79DF81F0008B080BD2E
:1068300080B588B006900591ADF812200393002032
:106840008DF80700FFE7069890F85000012804D162
:10685000FFE702208DF81F0028E10699012081F84A
:106860005000FFE7FFE7FDF719FD0290BDF81200A9
:10687000ADF80400069890F85100012804D0FFE715
:1068800002208DF8070002E1059820B1FFE7BDF86E
:10689000120020B9FFE701208DF80700F7E0069904
:1068A000032081F851000699002048650599069A51
:1068B0001163BDF81210069A9186BDF81210069A5F
:1068C000D18606998863069988870699C8870699AC
:1068D00048640699086406988068B0F5004F0DD1A9
:1068E000FFE706980168086820F0400008600698F5
:1068F0000168086840F480400860FFE70698006877
:10690000006800F04000402807D0FFE706980168C3
:10691000086840F040000860FFE70698C068B0F5DE
:10692000006F47D1FFE70698406828B1FFE7BDF840
:10693000040001280ED1FFE706980168006B00886B
:10694000C8600699086B023008630699C88E013842
:10695000C886FFE7FFE70698C08E50B3FFE70698AA
:1069600000688068800700280ED5FFE70698016858
:10697000006B0088C8600699086B023008630699AE
:10698000C88E0138C88613E0FDF788FC0299401ACA
:106990000399884204D3FFE70398013018B9FFE751
:1069A000039820B9FFE703208DF807006FE0FFE7A9
:1069B000D1E746E00698406828B1FFE7BDF804003B
:1069C00001280ED1FFE706980168006B0078087374
:1069D0000699086B013008630699C88E0138C8868D
:1069E000FFE7FFE70698C08E50B3FFE70698006800
:1069F0008068800700280ED5FFE706980168006BC5
:106A0000007808730699086B013008630699C88EF0
:106A10000138C88613E0FDF741FC0299401A03993A
:106A2000884204D3FFE70398013018B9FFE70398C1
:106A300020B9FFE703208DF8070028E0FFE7D1E742
:106A4000FFE706980399029A07F038FE20B1FFE7A6
:106A5000069920204865FFE70698806870B9FFE72F
:106A6000FFE70020009006980068C0680090069834
:106A70000068806800900098FFE7FFE70698406D87
:106A800020B1FFE701208DF80700FFE7FFE7069937
:106A9000012081F85100FFE70699002081F850009D
:106AA000FFE79DF807008DF81F00FFE79DF81F0026
:106AB00008B080BD80B58EB0DDF840C00C900B9161
:106AC0000A92ADF826300120059000208DF81300C1
:106AD000FFE70C9890F85000012804D1FFE702204E
:106AE0008DF8370095E10C99012081F85000FFE7FF
:106AF000FFE7FDF7D3FB06900C9890F851008DF856
:106B00001F000C9840680890BDF82600ADF82400DE
:106B10009DF81F00012812D0FFE70898B0F5827F8A
:106B200009D1FFE70C98806828B9FFE79DF81F009E
:106B3000042804D0FFE702208DF813005AE10B98D7
:106B400038B1FFE70A9820B1FFE7BDF8260020B969
:106B5000FFE701208DF813004CE10C9890F85100EC
:106B6000042805D0FFE70C99052081F85100FFE7C4
:106B70000C99002048650A990C9A9163BDF826107B
:106B80000C9AD187BDF826100C9A91870B990C9A14
:106B90001163BDF826100C9AD186BDF826100C9A08
:106BA00091860C9908640C9948640C9800680068F8
:106BB00000F04000402807D0FFE70C980168086803
:106BC00040F040000860FFE70C98C068B0F5006F27
:106BD00076D1FFE70C98406828B1FFE7BDF82400A4
:106BE00001280ED1FFE70C980168006B0088C8608F
:106BF0000C99086B023008630C99C88E0138C8865E
:106C0000FFE7FFE70C98C18E0120029039B9FFE73A
:106C10000C98C08F002818BF01200290FFE702984F
:106C2000C00700284BD0FFE70C98006880688007F9
:106C3000002818D5FFE70C98C08EA0B1FFE7059893
:106C4000012810D1FFE70C980168006B0088C8602C
:106C50000C99086B023008630C99C88E0138C886FD
:106C600000200590FFE70C9800688068C007A8B175
:106C7000FFE70C98C08F88B1FFE70C980068C068E8
:106C80000C99896B08800C99886B023088630C9989
:106C9000C88F0138C88701200590FFE7FDF7FEFA8D
:106CA0000699401A1099884208D3FFE710980130DE
:106CB00020B1FFE703208DF813009BE0A2E778E006
:106CC0000C98406828B1FFE7BDF8240001280ED1D8
:106CD000FFE70C980168006B007808730C99086B4B
:106CE000013008630C99C88E0138C886FFE7FFE7BA
:106CF0000C98C18E0120019039B9FFE70C98C08F24
:106D0000002818BF01200190FFE70198C007002864
:106D10004ED0FFE70C98006880688007002818D5DF
:106D2000FFE70C98C08EA0B1FFE70598012810D1AD
:106D3000FFE70C980168006B007808730C99086BEA
:106D4000013008630C99C88E0138C8860020059070
:106D5000FFE70C9800688068C007A8B1FFE70C98AF
:106D6000C08F88B1FFE70C980068C0680C99896BE8
:106D700008700C99886B013088630C99C88F0138B2
:106D8000C88701200590FFE7FDF788FA0699401AA9
:106D90001099884204D3FFE71098013018B9FFE733
:106DA000109820B9FFE703208DF8130022E09FE739
:106DB000FFE70C981099069A07F080FC38B1FFE7BE
:106DC00001208DF813000C992020486512E00C98E2
:106DD000806870B9FFE7FFE7002003900C98006817
:106DE000C06803900C980068806803900398FFE7E0
:106DF000FFE7FFE70C99012081F85100FFE70C99AC
:106E0000002081F85000FFE79DF813008DF837004F
:106E1000FFE79DF837000EB080BD000081B0009004
:106E200001B0704781B0009001B0704784B002900B
:106E3000019100200090FFE7029890F83C000128A3
:106E400004D1FFE702208DF80F0044E002990120F1
:106E500081F83C00FFE7FFE7009820F0FF00019970
:106E6000C96808430090009820F44070019989682F
:106E700008430090009820F4806001994968084315
:106E80000090009820F40060019909680843009080
:106E9000009820F4805001990969084300900098F7
:106EA00020F400500199496908430090009820F4AB
:106EB00080400199C96908430090009802990968C7
:106EC0004864FFE70299002081F83C00FFE70020BA
:106ED0008DF80F00FFE79DF80F0004B07047000029
:106EE00085B003900291FFE7039890F83C000128D9
:106EF00004D1FFE702208DF813007EE00399012002
:106F000081F83C00FFE7FFE70399022081F83D008C
:106F100003980068406801900398006880680090BA
:106F2000019820F0700001900298016801980843D0
:106F3000019001980399096848600398006800214E
:106F4000C4F2010188423CD0FFE703980068B0F129
:106F5000804F36D0FFE70398006840F20041C4F24A
:106F6000000188422DD0FFE70398006840F6000139
:106F7000C4F20001884224D0FFE70398006840F67D
:106F80000041C4F2000188421BD0FFE7039800686B
:106F900040F20041C4F20101884212D0FFE7039899
:106FA000006844F20001C4F20101884209D0FFE701
:106FB0000398006841F60001C4F2000188420ED136
:106FC000FFE7009820F08000009002984168009848
:106FD000084300900098039909688860FFE70399C7
:106FE000012081F83D00FFE70399002081F83C0073
:106FF000FFE700208DF81300FFE79DF8130005B0B0
:107000007047000080B582B00090009820B9FFE77B
:1070100001208DF807003FE0009890F83D0040B94E
:10702000FFE70099002081F83C00009800F038F854
:10703000FFE70099022081F83D00009951F8040B08
:1070400007F056FF0099012081F84600FFE70099FC
:10705000012081F83E00009981F83F00009981F8F5
:107060004000009981F84100FFE7FFE70099012007
:1070700081F84200009981F84300009981F84400AA
:10708000009981F84500FFE70099012081F83D0053
:1070900000208DF80700FFE79DF8070002B080BDD3
:1070A00080B58CB00B900B9800680021C4F20101F0
:1070B00088421BD1FFE7FFE700200A9043F6440017
:1070C000C4F20200016841F001010160006800F0B3
:1070D00001000A900A98FFE7192005900521002277
:1070E000FDF7B8F90598FDF7ABF9B7E00B98006824
:1070F00040F20041C4F2000188421BD1FFE7FFE7E4
:107100000020099043F64000C4F20200016841F0FB
:1071100002010160006800F0020009900998FFE791
:107120001D20049005210022FDF794F90498FDF735
:1071300087F992E00B98006840F60001C4F2000164
:1071400088423FD1FFE7FFE70020089043F6400068
:10715000C4F20200016841F004010160006800F01F
:10716000040008900898FFE744F2FC00C2F2000017
:10717000039046F2B801C4F2020101604FF0806151
:10718000416000218160C1604FF4806202614FF470
:10719000006242614FF400528261C161016241624A
:1071A000FCF702FD18B1FFE7FAF7D4FDFFE7FFE7B0
:1071B0000B9844F2FC01C2F20001C1620B98886393
:1071C000FFE749E00B98006841F20041C4F200017A
:1071D00088421BD1FFE7FFE70020079043F64000FD
:1071E000C4F20200016841F020010160006800F073
:1071F000200007900798FFE7372002900521002222
:10720000FDF728F90298FDF71BF924E00B980068B8
:1072100044F20041C4F2010188421BD1FFE7FFE7BD
:107220000020069043F64400C4F20200016841F4D5
:1072300000310160006800F4003006900698FFE716
:107240001920019005210022FDF704F90198FDF7AE
:10725000F7F8FFE7FFE7FFE7FFE7FFE70CB080BDC8
:1072600083B00190019890F83D00012804D0FFE719
:1072700001208DF80B006AE00199022081F83D00A1
:1072800001980168C86840F00100C8600198006872
:107290000021C4F2010188423CD0FFE70198006858
:1072A000B0F1804F36D0FFE70198006840F200410E
:1072B000C4F2000188422DD0FFE70198006840F633
:1072C0000001C4F20001884224D0FFE70198006861
:1072D00040F60041C4F2000188421BD0FFE701984C
:1072E000006840F20041C4F20101884212D0FFE779
:1072F0000198006844F20001C4F20101884209D0FB
:10730000FFE70198006841F60001C4F200018842DD
:1073100012D1FFE701980068806800F00700009034
:107320000098062807D0FFE701980168086840F038
:1073300001000860FFE706E001980168086840F076
:1073400001000860FFE700208DF80B00FFE79DF8C3
:107350000B0003B07047000080B586B00490039125
:1073600000208DF80B00FFE7049890F83C000128FE
:1073700004D1FFE702208DF81700ABE0049901204B
:1073800081F83C00FFE7FFE70499022081F83D0007
:107390000498006880680190019820F077000190BF
:1073A000019820F47F400190019804990968886051
:1073B000039800680090002872D0FFE7009810281A
:1073C0006ED0FFE7009820286AD0FFE700983028A9
:1073D00066D0FFE70098402855D0FFE70098502876
:1073E00037D0FFE70098602840D0FFE7009870286A
:1073F0000BD0FFE70098B0F5805F05D0FFE700985D
:10740000B0F5005F16D052E055E004980068039B89
:107410005A689968DB6807F055FE04980068806830
:107420000190019840F07700019001980499096853
:10743000886040E004980068039B5A689968DB689C
:1074400007F040FE04980168886840F48040886036
:1074500031E004980068039A5168D26808F01EF879
:1074600004980068502107F047FE24E00498006863
:10747000039A5168D26808F039F8049800686021CE
:1074800007F03AFE17E004980068039A5168D26842
:1074900008F004F804980068402107F02DFE0AE087
:1074A000049800680399096807F026FE03E00120AC
:1074B0008DF80B00FFE70499012081F83D00FFE7FC
:1074C0000499002081F83C00FFE79DF80B008DF83F
:1074D0001700FFE79DF8170006B080BD81B000904F
:1074E00001B0704780B582B00190019800680069D2
:1074F00000F002010020B0EB510F28D0FFE7019807
:107500000068C06800F002010020B0EB510F1DD0F0
:10751000FFE7019801686FF00200086101990120FE
:107520000877019800688069800720B1FFE701981B
:10753000FFF7D4FF06E0019800F0A2F9019800F0EF
:1075400097FAFFE7019900200877FFE7FFE7019826
:107550000068006900F004010020B0EB910F29D011
:10756000FFE701980068C06800F004010020B0EB5C
:10757000910F1ED0FFE7019801686FF004000861C9
:1075800001990220087701980068806910F4407F13
:1075900004D0FFE70198FFF7A1FF06E0019800F093
:1075A0006FF9019800F064FAFFE70199002008776D
:1075B000FFE7FFE701980068006900F0080100207C
:1075C000B0EBD10F28D0FFE701980068C06800F049
:1075D00008010020B0EBD10F1DD0FFE70198016832
:1075E0006FF008000861019904200877019800688D
:1075F000C069800720B1FFE70198FFF76FFF06E041
:10760000019800F03DF9019800F032FAFFE7019986
:1076100000200877FFE7FFE701980068006900F0A5
:1076200010010020B0EB111F29D0FFE7019800687E
:10763000C06800F010010020B0EB111F1ED0FFE762
:10764000019801686FF0100008610199082008771F
:1076500001980068C06910F4407F04D0FFE70198EA
:10766000FFF73CFF06E0019800F00AF9019800F0EE
:10767000FFF9FFE7019900200877FFE7FFE701988E
:1076800000680069C00780B1FFE701980068C06822
:10769000C00748B1FFE7019801686FF00100086179
:1076A000019800F0CFFAFFE7FFE701980068006952
:1076B000C1B20020B0EBD11F13D0FFE701980068E2
:1076C000C068C1B20020B0EBD11F09D0FFE701981C
:1076D00001686FF0800008610198FFF79FFBFFE7EA
:1076E000FFE701980068006900F040010020B0EB5E
:1076F000911F14D0FFE701980068C06800F04001B6
:107700000020B0EB911F09D0FFE7019801686FF0EE
:1077100040000861019800F0A3FAFFE7FFE7019835
:107720000068006900F020010020B0EB511F14D068
:10773000FFE701980068C06800F020010020B0EB6E
:10774000511F09D0FFE7019801686FF02000086120
:107750000198FFF767FBFFE7FFE702B080BD00007D
:1077600080B58AB009900020089007900690059097
:107770000490099800680021C4F20101884223D1D5
:10778000FFE7FFE70020039043F63000C4F2020059
:10779000016841F010010160006800F010000390E2
:1077A0000398FFE74FF4206004900220059000202A
:1077B000069007900120089041F20000C4F20200F8
:1077C00004A9FCF777FB58E00998006840F600012F
:1077D000C4F20001884223D1FFE7FFE700200290B6
:1077E00043F63000C4F20200016841F00801016074
:1077F000006800F0080002900298FFE74FF4804014
:107800000490022005900121069103210791089020
:1078100040F60040C4F2020004A9FCF74BFB2BE049
:107820000998006844F20041C4F20101884222D163
:10783000FFE7FFE70020019043F63000C4F20200AA
:10784000016841F020010160006800F02000019013
:107850000198FFE740200490022005900121069145
:1078600007900320089041F20040C4F2020004A9EE
:10787000FCF720FBFFE7FFE7FFE70AB080BD000051
:1078800081B0009001B0704780B586B0049003913C
:10789000029200208DF80700FFE7049890F83C0062
:1078A000012804D1FFE702208DF8170089E0049930
:1078B000012081F83C00FFE7FFE7029800900C28C8
:1078C00000F270800099DFE801F0076D6D6D206DAA
:1078D0006D6D3A6D6D6D530004980068039907F063
:1078E00021FC04980168886940F0080088610498C8
:1078F0000168886920F0040088610398026904988F
:10790000016888691043886150E004980068039911
:1079100007F07EFC04980168886940F40060886183
:1079200004980168886920F480608861039802697E
:1079300004980168886940EA0220886136E004986A
:107940000068039907F0DEFC04980168C86940F0FC
:107950000800C86104980168C86920F00400C86183
:107960000398026904980168C8691043C8611DE062
:1079700004980068039907F03FFD04980168C869FE
:1079800040F40060C86104980168C86920F4806010
:10799000C8610398026904980168C86940EA022036
:1079A000C86103E001208DF80700FFE7FFE70499B5
:1079B000002081F83C00FFE79DF807008DF81700D4
:1079C000FFE79DF8170006B080BD000080B582B0CB
:1079D0000090009820B9FFE701208DF807003FE0F4
:1079E000009890F83D0040B9FFE70099002081F829
:1079F0003C00009800F038F8FFE70099022081F879
:107A00003D00009951F8040B07F072FA009901202B
:107A100081F84600FFE70099012081F83E000099B7
:107A200081F83F00009981F84000009981F84100F9
:107A3000FFE7FFE70099012081F84200009981F8F3
:107A40004300009981F84400009981F84500FFE760
:107A50000099012081F83D0000208DF80700FFE724
:107A60009DF8070002B080BD81B0009001B0704762
:107A700081B0009001B0704780B58CB00A90099138
:107A8000099828B9FFE70A9890F83E0007901CE093
:107A90000998042805D1FFE70A9890F83F0006905E
:107AA00010E00998082805D1FFE70A9890F84000EF
:107AB000059004E00A9890F841000590FFE70598CA
:107AC0000690FFE706980790FFE70798012804D083
:107AD000FFE701208DF82F00AFE0099828B9FFE7F4
:107AE0000A99022081F83E001EE00998042806D178
:107AF000FFE70A99022081F83F00049012E00998FC
:107B0000082806D1FFE70A99022081F84000039077
:107B100005E00A99022081F841000390FFE70398ED
:107B20000490FFE70498FFE70A980068099901228A
:107B3000019207F0ABFA01980A9909680022C4F291
:107B40000102914202900CD0FFE70A9800684FF6BC
:107B50000041CBF6FE710844B0FA80F04009029073
:107B6000FFE70298C00738B1FFE70A980168486C40
:107B700040F400404864FFE70A9800680021C4F21E
:107B8000010188423CD0FFE70A980068B0F1804FBD
:107B900036D0FFE70A98006840F20041C4F20001C5
:107BA00088422DD0FFE70A98006840F60001C4F231
:107BB0000001884224D0FFE70A98006840F600419F
:107BC000C4F2000188421BD0FFE70A98006840F227
:107BD0000041C4F20101884212D0FFE70A98006810
:107BE00044F20001C4F20101884209D0FFE70A987B
:107BF000006841F60001C4F20001884212D1FFE79B
:107C00000A980068806800F0070008900898062825
:107C100007D0FFE70A980168086840F00100086093
:107C2000FFE706E00A980168086840F00100086074
:107C3000FFE700208DF82F00FFE79DF82F000CB024
:107C400080BD000080B582B0019001980068B0F15D
:107C5000804F03D1FFE7FCF727FBFFE702B080BDB1
:107C600081B0009001B0704782B00190ADF8021071
:107C700002B0704780B584B0039000200290039852
:107C800000684069C0B2C0090290039890F83D00B6
:107C9000212823D1FFE7029800B3FFE7FFE7FFE7C2
:107CA0000398006850E8050F20F080000190FFE77E
:107CB00001990398026842E805100028F0D1FFE717
:107CC000FFE70398406B28B1FFE70398406BFBF791
:107CD000E9FCFFE7039807F0B9FDFFE703980068A8
:107CE0004069C0F380100290039890F83E0022286B
:107CF00023D1FFE7029800B3FFE7FFE7FFE7039810
:107D0000006850E8050F20F040000090FFE7009960
:107D10000398026842E805100028F0D1FFE7FFE76A
:107D20000398806B28B1FFE70398806BFBF7BAFCE0
:107D3000FFE7039807F02CFDFFE7002004B080BDAB
:107D400081B0009001B0704780B592B01190119849
:107D500000680068109011980068C0680F90119832
:107D6000006840690E9000200D900C90109800F073
:107D70000F000D900D9888B9FFE79DF84000800630
:107D800000280AD5FFE79DF83C008006002804D5AE
:107D9000FFE7119807F076FDE3E1FFE70D98002873
:107DA00000F0C280FFE79DF83800C00738B9FFE750
:107DB000BDF83C0010F4907F00F0B680FFE79DF81E
:107DC0004000C00758B1FFE79DF83D00C00730B143
:107DD000FFE71199086C40F001000864FFE79DF887
:107DE0004000400700280BD5FFE79DF83800C0078A
:107DF00030B1FFE71199086C40F002000864FFE71A
:107E00009DF84000800700280BD5FFE79DF838005B
:107E1000C00730B1FFE71199086C40F00400086416
:107E2000FFE79DF840000007002811D5FFE79DF807
:107E30003C008006002805D4FFE79DF83800C00705
:107E400030B1FFE71199086C40F008000864FFE7C3
:107E50001198006C002866D0FFE79DF8400080066E
:107E600000280AD5FFE79DF83C008006002804D5CD
:107E7000FFE7119807F006FDFFE7119800684069D9
:107E8000C0F380100C901198006C0007002804D4F7
:107E9000FFE70C9800283ED0FFE7119807F078FC28
:107EA000119800684069400600282FD5FFE7FFE7DA
:107EB000FFE71198006850E8050F20F040000B9094
:107EC000FFE70B991198026842E805100028F0D1ED
:107ED000FFE7FFE71198806B98B1FFE71198816B7E
:107EE0004FF24150C0F6000008651198806BFBF717
:107EF0004FFC28B1FFE71198806B016D8847FFE7C1
:107F000003E01198FFF71CFFFFE703E01198FFF76C
:107F100017FFFFE706E01198FFF712FF1199002005
:107F20000864FFE7FFE71CE11198006B012840F0AF
:107F3000F880FFE79DF84000C006002840F1F1807E
:107F4000FFE79DF83C00C006002840F1EA80FFE70B
:107F5000FFE700200A901198006800680A901198C5
:107F6000006840680A900A98FFE711980068406925
:107F7000400600287ED5FFE71198806B00684068B6
:107F8000ADF82600BDF82600002872D0FFE7BDF846
:107F900026001199898D88426BDAFFE7BDF826002B
:107FA0001199C8851198806BC069B0F5807F58D051
:107FB000FFE7FFE7FFE71198006850E8030F20F4A0
:107FC00080700890FFE708991198026842E8031052
:107FD0000028F0D1FFE7FFE7FFE7FFE7119800680F
:107FE00050E8050F20F001000790FFE7079911986E
:107FF000026842E805100028F0D1FFE7FFE7FFE73D
:10800000FFE71198006850E8050F20F04000069047
:10801000FFE706991198026842E805100028F0D1A0
:10802000FFE7FFE71199202081F83E001199002019
:108030000863FFE7FFE71198006850E8030F20F09E
:1080400010000590FFE705991198026842E80310B7
:108050000028F0D1FFE7FFE71198806BFBF722FBC8
:10806000FFE71198818DC28D891A89B2FFF7FCFD57
:10807000FFE776E01199888DC98D401AADF812009E
:108080001198C08D00284BD0FFE7BDF812000028E2
:1080900046D0FFE7FFE7FFE71198006850E8030FBD
:1080A00020F490700390FFE703991198026842E86A
:1080B00003100028F0D1FFE7FFE7FFE7FFE7119883
:1080C000006850E8050F20F001000290FFE70299D8
:1080D0001198026842E805100028F0D1FFE7FFE799
:1080E0001199202081F83E00119900200863FFE7D4
:1080F000FFE71198006850E8030F20F0100001908E
:10810000FFE701991198026842E803100028F0D1B6
:10811000FFE7FFE71198BDF81210FFF7A5FDFFE795
:108120001FE09DF84000000600280AD5FFE79DF8F3
:108130003C000006002804D5FFE7119807F07EFDFB
:108140000FE09DF84000400600280AD5FFE79DF8A3
:108150003C004006002804D5FFE7119807F062FBB9
:10816000FFE712B080BD000080B582B0009000989B
:1081700020B9FFE701208DF807003EE000988069F4
:1081800008B1FFE700E0FFE7009890F83D0040B934
:10819000FFE70099002081F83C00009800F032F8D9
:1081A000FFE70099242081F83D0000980168C86825
:1081B00020F40050C860009807F016FC0098016891
:1081C000086920F49040086100980168486920F02F
:1081D0002A00486100980168C86840F40050C860EF
:1081E000009900200864009A202182F83D10009A2E
:1081F00082F83E108DF80700FFE79DF8070002B0F7
:1082000080BD000080B5A2B02190002020901F907A
:108210001E901D901C902198006841F20001C4F24C
:108220000101884240F0BB80FFE7FFE700201B9080
:1082300043F64400C4F20200016841F010010160FD
:10824000006800F010001B901B98FFE7FFE700207C
:108250001A9043F63000C4F20200016841F00201B6
:108260000160006800F002001A901A98FFE7FFE72B
:108270000020199043F63000C4F20200016841F07A
:1082800001010160006800F0010019901998FFE7F2
:1082900080201C9002200D901D90002011901E90B7
:1082A00003200E901F9007200F90209040F2004076
:1082B000C4F202001CA91091FBF7FCFDDDF834C0EC
:1082C0000E9A0F981099119B4FF4007ECDF870E034
:1082D000CDF874C01E931F9220900020C4F20200BB
:1082E000FBF7E8FD119944F25C10C2F20000129015
:1082F00046F28842C4F2020202604FF0006242601D
:108300008160C1604FF48062026141618161C1613D
:1083100001624162FBF748FC18B1FFE7F9F71AFD6B
:10832000FFE7FFE7219844F25C11C2F2000181638C
:1083300021988863FFE744F2BC10C2F200000C9061
:1083400046F2B841C4F2020101604FF000614160A1
:10835000402181600021C1604FF48062026141616F
:108360008161C16101624162FBF71EFC18B1FFE748
:10837000F9F7F0FCFFE7FFE7219844F2BC11C2F2E5
:108380000001416321988863FFE725200B900521B8
:108390000022FCF75FF80B98FCF752F8ACE121984B
:1083A000006844F20041C4F20001884240F092802B
:1083B000FFE7FFE70020189043F64000C4F20200F8
:1083C000016841F400310160006800F40030189049
:1083D0001898FFE7FFE70020179043F63000C4F23B
:1083E0000200016841F008010160006800F0080027
:1083F00017901798FFE760201C9002201D90002026
:1084000009901E9003201F900720209040F6004006
:10841000C4F202001CA9FBF74DFD099944F21C208F
:10842000C2F200000A9046F28802C4F20202026020
:108430004FF0006242608160C1604FF4806202616F
:1084400041618161C16101624162FBF7ADFB18B11D
:10845000FFE7F9F77FFCFFE7FFE7219844F21C21D3
:10846000C2F20001816321988863FFE744F27C2017
:10847000C2F20000089046F2A001C4F202010160BD
:108480004FF000614160402181600021C1604FF4E4
:108490008062026141618161C16101624162FBF7F9
:1084A00083FB18B1FFE7F9F755FCFFE7FFE72198D9
:1084B00044F27C21C2F20001416321988863FFE706
:1084C0002620079005210022FBF7C4FF0798FBF741
:1084D000B7FF10E12198006844F60001C4F20001E2
:1084E000884268D1FFE7FFE70020169043F640007E
:1084F000C4F20200016841F480210160006800F4C8
:10850000802016901698FFE7FFE70020159043F6AD
:108510003000C4F20200016841F00401016000680B
:1085200000F0040015901598FFE74FF440601C9090
:1085300002201D90002005901E9003201F90072010
:10854000209040F60000C4F202001CA9FBF7B2FC28
:10855000059944F2DC20C2F20000069046F228029F
:10856000C4F2020202604FF0006242608160C160AA
:108570004FF48062026141618161C16101624162C7
:10858000FBF712FB18B1FFE7F9F7E4FBFFE7FFE7A2
:10859000219844F2DC21C2F20001816321988863B2
:1085A000FFE72720049005210022FBF753FF0498E2
:1085B000FBF746FF9EE02198006841F20041C4F2BB
:1085C0000101884240F09580FFE7FFE7002014900A
:1085D00043F64400C4F20200016841F0200101604A
:1085E000006800F0200014901498FFE7FFE70020D7
:1085F000139043F63000C4F20200016841F04001DC
:108600000160006800F0400013901398FFE74FF4FA
:1086100084401C9002201D90002002901E90032098
:108620001F900820209041F60000C4F202001CA90F
:10863000FBF740FC029944F23C30C2F20000039088
:1086400046F22842C4F2020202604FF02062426009
:108650008160C1604FF480620261416181614FF4C9
:108660008072C26101624162FBF79EFA18B1FFE7B6
:10867000F9F770FBFFE7FFE7219844F23C31C2F2C3
:108680000001816321988863FFE744F29C30C2F2C5
:108690000000019046F2A041C4F2020101604FF0D7
:1086A00020614160402181600021C1604FF48062FF
:1086B000026141618161C16101624162FBF774FA4B
:1086C00018B1FFE7F9F746FBFFE7FFE7219844F20F
:1086D0009C31C2F20001416321988863FFE7472083
:1086E000009005210022FBF7B5FE0098FBF7A8FEDD
:1086F000FFE7FFE7FFE7FFE722B080BD80B584B06A
:1087000002900191ADF80220029890F83E002028D6
:1087100028D1FFE7019820B1FFE7BDF8020020B99A
:10872000FFE701208DF80F0020E0FFE7029890F8A6
:108730003C00012804D1FFE702208DF80F0015E06E
:108740000299012081F83C00FFE7FFE70299002031
:10875000086302980199BDF8022007F0E3F98DF84B
:108760000F0003E002208DF80F00FFE79DF80F00D7
:1087700004B080BD81B0009001B0704781B000901E
:1087800001B0704780B586B004900391ADF80A201F
:10879000049890F83D00202874D1FFE7039820B199
:1087A000FFE7BDF80A0020B9FFE701208DF81700A8
:1087B0006CE0FFE7049890F83C00012804D1FFE743
:1087C00002208DF8170061E00499012081F83C0037
:1087D000FFE7FFE7039804990862BDF80A000499CF
:1087E0008884BDF80A000499C884049900200864AC
:1087F000049A212182F83D1004994A6B4FF2FD61E1
:10880000C0F60001D16304994A6B4FF27971C0F64A
:108810000001116404994A6B4FF26151C0F60001E6
:10882000D1640499496B086503A801900498026813
:10883000406B019909680432BDF80A30FBF76CFA05
:10884000049801686FF040000860FFE70499002079
:1088500081F83C00FFE7FFE7FFE70498006850E875
:10886000050F40F080000090FFE70099049802682F
:1088700042E805100028F0D1FFE7FFE700208DF85F
:10888000170003E002208DF81700FFE79DF817009E
:1088900006B080BD81B0009001B0704781B00090FB
:1088A00001B0704780B584B0039003990020019017
:1088B0000874039BD3F8F400596844F68862C2F246
:1088C0000002009212889B7B5A43F7F7AAFD009999
:1088D000039A50680988927B5143F7F7FEFD00998F
:1088E000039AD2F818010988927B51435143F7F754
:1088F000F4FD0099039AD2F80C010988137B927B4E
:1089000059435143F7F7E9FD01988DF80B00FFE754
:108910009DF80B000399897B884243DAFFE70398AF
:10892000D0F8F4009DF80B1000EB810090ED000AE8
:10893000B5EE400AF1EE10FA2DD0FFE7039AD2F817
:10894000F4109DF80B0051F82000127C41F8220031
:108950009DF80B00039A516A127C8854DDF80CC014
:10896000DCF818009DF80BE050F82E00DCF80C1134
:108970009CF80C209CF81030DCF814C01CF80EC0D9
:1089800012FB03C201EB820141F8040C0399087C3D
:1089900001300874FFE7FFE79DF80B0001308DF808
:1089A0000B00B5E700208DF80A00FFE79DF80A00EC
:1089B0000399097C884216DAFFE7039BD869596A54
:1089C0009DF80A20895C50F82100D3F818111B7C0F
:1089D00012FB032241F82200FFE79DF80A00013054
:1089E0008DF80A00E2E70399087CA1F87800039962
:1089F000087BA1F87A000399087BA1F8800003990D
:108A0000087CA1F882000399087CA1F890000399E2
:108A1000087CA1F892000399087BA1F898000399BB
:108A2000087CA1F89A000399087CA1F8480004B0DA
:108A300080BD0000FFE7FEE780B58AB004A902917F
:108A40000146029809910999D1F8EC10096808913A
:108A50000999D1F8EC10496807910999D1F8EC10FF
:108A6000896806910999D1F8EC10C968059190EDD3
:108A7000040A90ED042A90ED031A90ED033A21EEDA
:108A8000031A20EE020A30EE011A90ED020A90ED70
:108A9000022A20EE020A30EE011A90ED010A90ED52
:108AA000012A20EE020A30EE010A0EF0E9F80298DF
:108AB00080ED000A00208DF80F00FFE79DF80F0001
:108AC000032817DCFFE7029890ED001A0998D0F808
:108AD000EC009DF80F1000EB810090ED000A20EEF5
:108AE000010A80ED000AFFE79DF80F0001308DF8C4
:108AF0000F00E3E7029991ED030A41F66060C2F2CC
:108B00000000009090ED6F1A20EE010AB0EE001AFE
:108B10008DED011A80EE010A099AD2F8002182ED4A
:108B2000040A91ED020A90ED6F2A20EE020A80EE0F
:108B3000010A099AD2F8002182ED050A91ED040A92
:108B400090ED6F2A20EE420A80EE010A099AD2F8CF
:108B5000002182ED0A0A91ED010A90ED6F2A20EEC4
:108B6000020A80EE010A099AD2F8002182ED0B0A6E
:108B700091ED010A90ED6F2A20EE420A80EE010A83
:108B8000099AD2F8002182ED100A91ED040A90EDC5
:108B90006F2A20EE420A80EE010A099AD2F80021DB
:108BA00082ED110A91ED020A90ED6F2A20EE020A81
:108BB00080EE010A099AD2F8002182ED160A91EDA1
:108BC000030A90ED6F2A20EE420A80EE010A09990D
:108BD000D1F8001181ED170A90ED741A0999D1F8B6
:108BE000F81091ED1C0A80EE010A81ED1C0A90ED4F
:108BF000741A0998D0F8F80090ED230A80EE010A63
:108C000080ED230A0998D0F8F80090ED1C0A9FED3A
:108C1000151AB4EE410AF1EE10FA09DDFFE70998E2
:108C2000D0F8F81044F20000C4F21C600867FFE7B7
:108C30000998D0F8F80090ED230A9FED0A1AB4EED7
:108C4000410AF1EE10FA0ADDFFE70998D0F8F810B2
:108C500044F20000C4F21C60C1F88C00FFE70AB0C7
:108C600080BD00BF00401C4680B58CB08DED0B0A66
:108C7000CDED0A0A8DED091ACDED081A8DED072A02
:108C8000CDED062A41F66061C2F200010591012096
:108C900008700B98C1F8B0010A98C1F8B40109989E
:108CA000C1F8B8014CF67740C3F22B20C1F8CC01D3
:108CB000002081F83801C1F84401C1F84001C1F831
:108CC0004C01C1F848010798C1F8BC019DED080AA4
:108CD000B7EE001AB4EE410AF1EE10FA04DDFFE738
:108CE0004FF07E500890FFE7089941F66060C2F2AD
:108CF00000000390C0F8D011043006210022019238
:108D0000032301F055F8039901F5E07001F5E473D0
:108D10000122029211460CF021FC019A029903985B
:108D2000D0F8ECC04FF07E53CCF80030D0F8EC30E7
:108D30005A60D0F8EC309A60D0F8EC30DA6048F63F
:108D4000A552C0F60002C0F8D02048F63922C0F67D
:108D50000002C0F8D42048F6ED52C0F60002C0F878
:108D6000D82049F26942C0F60002C0F8DC2080F841
:108D70002E1080F82F10D0F804014BF2DC41C0F621
:108D8000010190220492F7F74CFB0398049AD0F863
:108D9000FC0040F22C01C2F20001F7F742FB0CB0DC
:108DA00080BD000080B582B001900198D0F8F81025
:108DB00040F22C00C2F200009022F7F732FB01983B
:108DC000D0F81C1141F60460C2F200004822009263
:108DD000F7F727FB009A0198D0F80C1141F6BC5028
:108DE000C2F20000F7F71DFB02B080BD80B586B06F
:108DF00005900598D0F8EC0090ED000A30EE000ADE
:108E00008DED040A0598D0F8EC0090ED010A30EEE3
:108E1000000A8DED030A0598D0F8EC0090ED020AE7
:108E200030EE000A8DED020A0598D0F8EC0090EDC6
:108E3000030A30EE000A8DED010A059BD3F80C0100
:108E400044F68861C2F2000109881A7B9B7B594372
:108E50005143F7F742FB9DED020AB1EE400A059837
:108E6000D0F80C0180ED000A01980599D1F80C1199
:108E700048609DED040AB1EE400A0598D0F80C0157
:108E800080ED020A03980599D1F80C11C860039887
:108E90000599D1F80C11886104980599D1F80C1145
:108EA000C86101980599D1F80C11086202980599DA
:108EB000D1F80C11486204980599D1F80C11086397
:108EC0009DED030AB1EE400A0598D0F80C0180ED43
:108ED0000D0A9DED020AB1EE400A0598D0F80C018A
:108EE00080ED0E0A01980599D1F80C11C86306B0FF
:108EF00080BD000080B590B08DED0F0ACDED0E0A5B
:108F00008DED0D1ACDED0C1A8DED0B2ACDED0A2A43
:108F10009DED0F0A41F66060C2F20000059090EDF1
:108F2000581A30EE410A80ED5B0A9DED0E0A90ED75
:108F3000591A30EE410A80ED5C0A9DED0D0A90ED64
:108F40005A1A30EE410A80ED5D0A90ED5B0A90ED11
:108F50006F1AB6EE002A20EE020A20EE010A8DED0D
:108F6000090A90ED5C0A90ED6F1A20EE020A20EEDD
:108F7000010A8DED080A90ED5D0A90ED6F1A20EE62
:108F8000020A20EE010A8DED070AD0F804014BF227
:108F9000DC41C0F601019022F7F743FA05999DEDF7
:108FA000090AB1EE400AD1F8040180ED010A9DEDF5
:108FB000080AB1EE400AD1F8040180ED020A9DEDE5
:108FC000070AB1EE400AD1F8040180ED030A0998BE
:108FD000D1F8042190610798D1F8042110629DED29
:108FE000080AB1EE400AD1F8040180ED090A089898
:108FF000D1F8042110639DED070AB1EE400AD1F8C3
:10900000040180ED0D0A0998D1F80421D063079876
:10901000D1F8042190640898D1F80421D0649DED22
:10902000090AB1EE400AD1F8040180ED140AD1F822
:109030004801D1F84C110843C8B9FFE70C9841F634
:109040006061C2F20001C1F878010B98C1F87C019F
:109050000A98C1F88001D1F84821D1F84C010132B9
:1090600040F10000C1F84821C1F84C01FFE741F68A
:109070006060C2F20000049090ED5E0A90ED641A08
:1090800090ED6F3A20EE010A33EE012A80EE020ADB
:109090009DED0C1A21EE031A81EE021A30EE010A40
:1090A00080ED5E0A90ED5F0A90ED641A90ED6F3AE4
:1090B00020EE010A33EE012A80EE020A9DED0B1A22
:1090C00021EE031A81EE021A30EE010A80ED5F0AEA
:1090D00090ED600A90ED641A90ED6F3A20EE010A6F
:1090E00033EE012A80EE020A9DED0A1A21EE031AE0
:1090F00081EE021A30EE010A80ED600A90ED5E1AF0
:1091000090ED5F2A90ED600A22EE022A21EE011A0C
:1091100031EE021A20EE000A30EE010A05F026FCBC
:10912000049880ED660A90ED661AB7EE000A80EEAC
:10913000010A8DED060A90ED5E0A9DED061A20EEFD
:10914000010A816881ED000A90ED5F0A9DED061A23
:1091500020EE010A816881ED010A90ED600A9DED23
:10916000061A20EE010A816881ED020A90ED5B1A71
:1091700090ED5C2A90ED5D0A22EE022A21EE011AA2
:1091800031EE021A20EE000A30EE010A05F0EEFB85
:10919000049880ED650A90ED650A9FEDAC1AB4EE77
:1091A000410AF1EE10FA24DAFFE741F66060C2F2FC
:1091B000000090ED660A9FEDA61AB4EE410AF1EEAA
:1091C00010FA16DDFFE741F66060C2F2000090ED94
:1091D000660A9FEDA01AB4EE410AF1EE10FA08DA21
:1091E000FFE741F66061C2F20001012081F8390118
:1091F00007E041F66061C2F20001002081F8390108
:10920000FFE741F66061C2F20001039191ED6C0A43
:1092100091ED6F1A20EE010A081DD1F8182182ED98
:10922000000A91ED6C0A91ED6F1A20EE010AD1F857
:10923000182182ED070A91ED6C0A91ED6F1A20EE6C
:10924000010AD1F8182182ED0E0A91ED6C0A91ED18
:109250006F1A20EE010AD1F8182182ED150A91ED5E
:109260006D0A91ED6F1A20EE010AD1F8182182EDF6
:109270001C0A91ED6D0A91ED6F1A20EE010AD1F8EA
:10928000182182ED230AD1F81C31D1F8B8211A60D7
:10929000D1F81C31D1F8B8211A61D1F81C21D1F8CC
:1092A000B811116201F0DAF9039841680968C0F851
:1092B000501141684968C0F8541141688968C0F884
:1092C00058114168C968C0F85C1190ED540A90EDDE
:1092D000551A90ED562A90ED573A22EE033A20EEB9
:1092E000010A30EE030A21EE013AB6EE001A8DEDC6
:1092F000011A31EE431A22EE022A71EE420A00F5FB
:10930000D0700BF0D9FD039890ED680A9FED521ACA
:109310008DED021A20EE010A80ED680A90ED540AE4
:1093200090ED551A90ED563A90ED572A20EE030A2B
:1093300021EE021A30EE410A30EE000A10F08CFBEA
:109340009DED011A9DED022A039820EE020A80EDA0
:10935000690A90ED544A90ED550A90ED563A90ED19
:10936000572A24EE024A20EE030A30EE040A23EEC6
:10937000033A31EE431A22EE022A71EE420A00F558
:10938000D4700BF099FD9DED021A039890ED6A0AD6
:1093900020EE010A80ED6A0A41680969C0F860118F
:1093A00041684969C0F864110021C0F8681190ED66
:1093B0006A0A90ED761A30EE410A9FED281AB4EE53
:1093C000410AF1EE10FA0ADDFFE741F66061C2F2F0
:1093D0000001B1F8D4010138A1F8D4011CE041F634
:1093E0006060C2F2000090ED6A0A90ED761A30EEED
:1093F000410A9FED1B1AB4EE410AF1EE10FA0ADAA7
:10940000FFE741F66061C2F20001B1F8D40101301A
:10941000A1F8D401FFE7FFE741F66061C2F2000165
:10942000B1F9D40100EE100AB8EEC00A91ED6A1A43
:109430009FED0C2A20EE020A30EE010A81ED6B0A44
:10944000D1F8A801C1F8D80110B080BD9A99993E11
:10945000CDCC1441CDCC2441E12E654200003443F3
:10946000000034C30000B44380B58CB007A9049158
:109470000B900B9901F1780080310CF077FC0B997F
:1094800081F8C8000B99B1F87800A1F8A8000B99F1
:10949000B1F85A00A1F8AA000B9A02F1780002F183
:1094A0005801A8320CF06AFB0B9981F8C8000B999F
:1094B000B1F8A800A1F8B0000B99B1F88200A1F8AA
:1094C000B2000B9A02F1A80002F18001B0320CF058
:1094D00055FB0B9981F8C8000B99B1F89000A1F8E1
:1094E000A0000B99B1F89200A1F8A2000B9A02F12A
:1094F000B00002F19001A0320BF0DAFF0B9981F875
:10950000C8000B9901F1A000B0310CF03BF8014606
:1095100004980B9A82F8C8100B99D1F8EC100968DE
:109520000A910B99D1F8EC10496809910B99D1F87F
:10953000EC10896808910B99D1F8EC10C968079173
:109540000B9AB2F87810A2F8B8100B9A0121A2F881
:10955000BA1090ED020A90ED002A90ED031A90EDFA
:10956000013A21EE031A20EE020A30EE410A30EEF3
:10957000000A0B99D1F82C1181ED000A90ED030A35
:1095800090ED022A90ED011A90ED003A21EE031AB7
:1095900020EE020A30EE010A30EE000A0B99D1F8F3
:1095A0002C1181ED010A90ED030A90ED032A90ED54
:1095B000021A90ED023A21EE031A20EE020A30EE72
:1095C000410A90ED011A90ED012A21EE021A30EEC7
:1095D000411A90ED000A90ED002A20EE020A30EECA
:1095E000010A0B98D0F82C0180ED020A00208DF8BA
:1095F0001B00FFE79DF81B0002281EDCFFE70B980D
:10960000D0F82C019DF81B1000EB810090ED000AB2
:10961000B0EEC00A0BF0C8FE9DF81B1041F660606A
:10962000C2F2000000EB810080ED610AFFE79DF8C7
:109630001B0001308DF81B00DCE70B99B1F84800E6
:10964000A1F8C0000B9901200290A1F8C2000B9A6A
:1096500002F1480002F1B801C0320CF031FB0146C2
:1096600002980B9A82F8C8100B9AB2F8C010A2F8B0
:10967000A8100B99A1F8AA000B9A02F1B00002F110
:10968000C001A8320CF07AFA014602980B9A82F8CF
:10969000C8100B99A1F8B8000B99B1F8C000A1F857
:1096A000BA000B9901F1C000B8310CF05FFB0B99C7
:1096B00081F8C8000B9901F1B800A83141F6606249
:1096C000C2F20002039202F5E0720CF057FA014672
:1096D00003980B9A82F8C81090ED720A90ED731AF5
:1096E000B6EE002A21EE021AB4EE410AF1EE10FAAB
:1096F00008DAFFE741F66061C2F20001012081F85B
:109700003801FFE741F66060C2F2000090ED720A96
:1097100090ED731AB4EE410AF1EE10FA64DDFFE742
:1097200041F66060C2F2000090F8380100285BD07A
:10973000FFE741F66060C2F2000090F8390180B1A5
:10974000FFE741F66061C2F20001D1F84021D1F893
:109750004401013240F10000C1F84021C1F8440148
:1097600009E041F66061C2F200010020C1F8440145
:10977000C1F84001FFE741F66060C2F20000D0F896
:109780004011D0F84401333970F100000BD3FFE7EA
:1097900041F66061C2F20001002081F838010B99A6
:1097A00081F82C001FE00B9BD3F8E800D3F8EC10F5
:1097B00044F68862C2F20002019212881B7B5A436F
:1097C000F6F72FFE019A0B9BD3F8F800D3F8FC10A4
:1097D00012881B7B5A435A43F6F723FE0B9901204C
:1097E00081F82C0063E142E041F66060C2F20000C3
:1097F00090ED720A90ED731A9FEDAE2A21EE021AD7
:10980000B4EE410AF1EE10FA1BDDFFE741F66060AD
:10981000C2F2000090F8380198B1FFE741F66060AD
:10982000C2F2000090ED720A90ED731A31EE400A18
:109830009FEDA12A21EE021A80EE010A80ED670A4F
:1098400008E041F66061C2F200014FF07E50C1F8BD
:109850009C01FFE741F66061C2F200010020C1F8FF
:109860004401C1F840010B9981F82C00FFE70B99E6
:10987000B1F85800A1F8A8000B99B1F88200A1F83E
:10988000AA000B9A02F1580002F18001A8320CF0F4
:1098900075F90B9981F8C8000B9A02F1A80002F142
:1098A000B00198320CF06AF90B9981F8C8000020D9
:1098B0008DF81A00FFE79DF81A000B9AB2F898107D
:1098C000B2F89A20514388421ADAFFE741F6606005
:1098D000C2F2000090ED671A0B98D0F81C019DF8B9
:1098E0001A1000EB810090ED000A20EE010A80EDD5
:1098F000000AFFE79DF81A0001308DF81A00DAE738
:1099000004208DF81900FFE79DF81900052835DCC3
:10991000FFE700208DF81800FFE79DF818000228E7
:1099200025DCFFE79DF8191041F66060C2F20000E7
:1099300000EB810090ED5D0A9FED621A80EE011A46
:109940000B98D0F81C0101EB41019DF8182011443F
:1099500000EB810090ED000A20EE010A80ED000A84
:10996000FFE79DF8180001308DF81800D5E7FFE7F4
:109970009DF8190001308DF81900C5E70B99B1F871
:109980009800A1F8B8000B990120A1F8BA000B9A31
:1099900002F1980002F1C001B8320CF0EFF80B9917
:1099A00081F8C80041F66060C2F2000090F838010A
:1099B00000286BD0FFE704208DF81700FFE79DF823
:1099C0001700052861DCFFE70B98D0F8BC009DF874
:1099D000171000EB810090ED000A41F66060C2F2C2
:1099E000000090ED6F1A9FED352A21EE021AB4EEB9
:1099F000410AF1EE10FA14DDFFE741F66060C2F2B1
:109A0000000090ED6F0A9FED2D1A20EE010A0B98D1
:109A1000D0F8BC009DF8171000EB810080ED000A23
:109A2000FFE70B98D0F8BC009DF8171000EB810001
:109A300090ED000A41F66060C2F2000090ED6F1AEE
:109A40009FED1F2A21EE021AB4EE410AF1EE10FA40
:109A500014DAFFE741F66060C2F2000090ED6F0A91
:109A60009FED171A20EE010A0B98D0F8BC009DF864
:109A7000171000EB810080ED000AFFE7FFE79DF87B
:109A8000170001308DF8170099E7FFE70B98D0F821
:109A9000BC100020C8600B9A02F1380002F1B80136
:109AA00030320BF005FD0B9981F8C800FFE70CB0D0
:109AB00080BD00BFCDCCCC3D6666663F0AD7233C57
:109AC0000AD723BCDA0FC93F80B584B00390029156
:109AD0000298039991ED090ADFED0F0A02F0AAFD41
:109AE000029890ED080AB5EE400AF1EE10FA04DA99
:109AF000FFE7029900200862FFE7029890ED080A4C
:109B0000BDEEC00A10EE100AADF80600BDF8060062
:109B100004F056FD04B080BD0000224280B584B040
:109B2000039002910020002840F0B380FFE7039AE1
:109B300002F10C0002F118012432F7F767F80398DC
:109B400090F8480002285AD1FFE741F66061C2F25E
:109B50000001019146F26660C3F66670C1F890019B
:109B6000039890ED001A90ED030A30EE410A80ED63
:109B7000030A039890ED011A90ED040A30EE410AB1
:109B800080ED040A039890ED021A90ED050A30EE7C
:109B9000410A80ED050A039890ED030AD0ED040A0E
:109BA00090ED051AD0ED061A90ED072AD0ED082A9F
:109BB000FFF7A0F9F8F76EF9039880ED0E0AF8F7B1
:109BC00071F9039880ED0F0AF8F7A2F9039880ED78
:109BD000100AF8F7A5F9DDF804C0039880ED110A22
:109BE0000399DCF85001DCF85421DCF85831DCF83A
:109BF0005CC1C1F834C00B63CA62886248E0039854
:109C000090F84800012842D1FFE7039890ED000A40
:109C100090ED031A30EE010A80ED000A039890EDF2
:109C2000010A90ED041A30EE010A80ED010A039852
:109C300090ED020A90ED051A30EE010A80ED020A5D
:109C40000399C86C0130C8640398C06CB0F57A7F82
:109C50001CD3FFE7039890ED000A9FED341A80EEC5
:109C6000010A80ED000A039890ED010A80EE010AD6
:109C700080ED010A039890ED020A80EE010A80ED62
:109C8000020A0399022081F84800FFE7FFE7FFE797
:109C9000FFE741F65060C2F2000000684CF6CD418B
:109CA000CCF6CC4148434FEA700049F69911C1F611
:109CB0009911884231D8FFE703980299FFF704FF12
:109CC000039890ED090A9FED1A1A30EE010ABEEED4
:109CD000001A30EE010AB0EEC00AB7EE001AB4EE78
:109CE000410AF1EE10FA17DAFFE7039890F84800FE
:109CF00090B9FFE744F68C60C2F2000001680131C0
:109D000001600068B0F5967F05D9FFE7039901204F
:109D100081F84800FFE7FFE7FFE741F65061C2F234
:109D2000000108680130086004B080BD00007A447A
:109D3000000022C283B0029001918DF80320002020
:109D40008DF802008DF80200FFE79DF802009DF8F3
:109D50000310884229DAFFE70298000F092809D882
:109D6000FFE70298000F303001999DF8022001F8BA
:109D7000120009E00299372000EB117001999DF85B
:109D8000022001F81200FFE70298000102900198FA
:109D90009DF8021000EB410100204870FFE79DF89C
:109DA000020001308DF80200CFE703B070470000D9
:109DB00080B58AB009908DF823108DF822208DF897
:109DC000213044F68861C2F2000106910420088027
:109DD00044F68661C2F20001082008809DF8230045
:109DE000099908739DF82200099948739DF821008C
:109DF000099988730999002008749DF821000EF0D4
:109E0000A5F809994861099840699DF82110F6F76D
:109E100042FB069800889DF8211048430EF096F802
:109E20000699099A90610998806909889DF821200E
:109E30005143F6F752FB069800889DF821104843DD
:109E40000EF084F80699099AD0610998C0690988CA
:109E50009DF821205143F6F740FB069800889DF8B5
:109E6000231048430EF072F80699099A1062099877
:109E7000006A09889DF823205143F6F72EFB9DF8D0
:109E800021000EF063F8099948620998406A9DF82C
:109E90002110F6F700FB069800889DF82310484330
:109EA0000EF054F80699099A10600998006809881C
:109EB0009DF823205143F6F710FB069800889DF883
:109EC000211048430EF042F80699099A506009980B
:109ED000406809889DF821205143F6F7FEFA06985C
:109EE00000889DF8221048430EF030F80699099A30
:109EF00090600998806809889DF822205143F6F700
:109F0000ECFA069800889DF8231048430EF01EF8DE
:109F10000699099AC2F8E8000998D0F8E80009887B
:109F20009DF823205143F6F7D8FA099A02F1300040
:109F3000117BD2F8E830012207920BF00FFB069854
:109F400000889DF8231048430EF000F80699099AFE
:109F5000C2F8EC000998D0F8EC0009889DF823209D
:109F60005143F6F7BAFA079A099B03F13800197BB7
:109F7000D3F8EC300BF0F2FA9DF8220010B3FFE7B3
:109F800044F68860C2F20000059000889DF8221017
:109F900048430DF0DBFF0599099AC2F8F0000998D3
:109FA000D0F8F00009889DF822205143F6F795FA81
:109FB000099A02F14000517BD2F8F03001220BF0F7
:109FC000CDFAFFE744F68860C2F2000004900088F2
:109FD0009DF8211048430DF0B9FF0499099AC2F881
:109FE000F4000998D0F8F40009889DF82120514325
:109FF000F6F773FA099A02F14800917BD2F8F4302F
:10A0000001220BF0ABFA049800889DF82310484316
:10A0100048430DF09BFF0499099AC2F8F80009988B
:10A02000D0F8F80009889DF8232051435143F6F7F2
:10A0300054FA099901F150000A7BD1F8F830114621
:10A040000BF08CFA049800889DF82310484348438D
:10A050000DF07CFF0499099AC2F8FC000998D0F829
:10A06000FC0009889DF8232051435143F6F735FA47
:10A07000099901F158000A7BD1F8FC3011460BF028
:10A080006DFA049800889DF82310484348430DF06A
:10A090005DFF01460498099AC2F8001100889DF8F6
:10A0A0002310484348430DF051FF0499099AC2F820
:10A0B00004010998D0F8000109889DF82320514334
:10A0C0005143F6F70AFA04990998D0F8040109886F
:10A0D0009DF8232051435143F6F7FFF9099901F107
:10A0E00060000A7BD1F8003111460BF037FA09996C
:10A0F00001F168000A7BD1F8043111460BF02EFA09
:10A100009DF8220040B3FFE744F68860C2F20000E9
:10A11000039000889DF8231048439DF8221048437F
:10A120000DF014FF0399099AC2F808010998D0F8B4
:10A13000080109889DF8232051439DF822205143AE
:10A14000F6F7CBF9099B03F17000197B5A7BD3F822
:10A1500008310BF003FAFFE744F68860C2F2000012
:10A16000019000889DF8211048439DF82310484332
:10A170000DF0ECFE01460198099AC2F80C11008816
:10A180009DF8231048439DF8211048430DF0DEFE52
:10A190000199099AC2F810010998D0F80C010988B0
:10A1A0009DF8212051439DF823205143F6F795F95E
:10A1B00001990998D0F8100109889DF8232051438E
:10A1C0009DF821205143F6F788F9099B03F17800A7
:10A1D0001A7B997BD3F80C310BF0C0F9099B03F182
:10A1E0008000197B9A7BD3F810310BF0B7F90198F6
:10A1F00000889DF82310484348430DF0A7FE0199BD
:10A20000099AC2F814010998D0F8140109889DF838
:10A21000232051435143F6F760F9099901F1880071
:10A220000A7BD1F8143111460BF098F90198008897
:10A230009DF82110484348430DF088FE0199099A82
:10A24000C2F818010998D0F8180109889DF8212052
:10A2500051435143F6F741F9099901F190008A7B86
:10A26000D1F8183111460BF079F9019800889DF862
:10A27000231048439DF8211048430DF067FE0199D3
:10A28000099AC2F81C010998D0F81C0109889DF8A8
:10A29000232051439DF821205143F6F71EF9099BD5
:10A2A00003F19800197B9A7BD3F81C310BF056F917
:10A2B000019800880999097B484348430DF046FE00
:10A2C0000199099AC2F82001099AD2F82001098857
:10A2D000127B51435143F6F700F901980088099920
:10A2E000097B484348430DF031FE0199099AC2F8B1
:10A2F0002401099AD2F824010988127B5143514361
:10A30000F6F7EBF8019800880999097B4843484320
:10A310000DF01CFE0199099AC2F82801099AD2F899
:10A3200028010988127B51435143F6F7D6F801986A
:10A3300000880999097B48430DF008FE0199099AA4
:10A34000C2F82C01099AD2F82C010988127B5143DA
:10A35000F6F7C3F8019800880999097B48430DF086
:10A36000F5FD0199099AC2F83001099AD2F82C0139
:10A370000988127B5143F6F7B0F8099901F1A00062
:10A380000A7BD1F8203111460BF0E8F8099901F168
:10A39000A8000A7BD1F8243111460BF0DFF80999A7
:10A3A00001F1B0000A7BD1F8283111460BF0D6F844
:10A3B000099A02F1B800117BD2F82C3101220292E5
:10A3C0000BF0CCF8029A099B03F1C000197BD3F87B
:10A3D00030310BF0C3F80999002081F82800099961
:10A3E00081F82900099981F82A00099981F82B0040
:10A3F000099981F82C000AB080BD000080B582B0B8
:10A4000001900198C07B20B1FFE70198FEF74AFA5E
:10A4100016E0019BD3F8F400596844F68862C2F252
:10A420000002009212889B7B5A43F5F7FAFF0099CD
:10A43000019A50680988927B5143F6F74EF8FFE77E
:10A44000019BD3F8F000996844F68862C2F20002DA
:10A4500012885B7B5A43F5F7E4FF02B080BD000031
:10A4600080B582B00190019890F82C00B0BBFFE756
:10A470000199B1F89800A1F8A8000199B1F87A0003
:10A48000A1F8AA000199B1F8A800A1F8B0000199BB
:10A49000B1F85A00A1F8B200019A02F1980002F155
:10A4A0007801A8320BF06AFB019981F8C800019A83
:10A4B00002F1A80002F15801B0320BF05FFB0199E4
:10A4C00081F8C800019A02F1580002F1B00150323F
:10A4D0000BF0F6FB019981F8C800FFE702B080BDE0
:10A4E00080B582B00190019890F82900A8BBFFE7E1
:10A4F000019901F1600068310BF038FC019981F895
:10A50000C800019A02F1600002F1500158320BF0CC
:10A5100035FB019981F8C8000199B1F85800A1F8FC
:10A52000A8000199B1F86A00A1F8AA00019A02F105
:10A53000580002F16801A8320BF020FB019981F864
:10A54000C800019A02F1A80002F1880158320AF00D
:10A55000AFFF019981F8C800FFE702B080BD00009D
:10A5600080B582B00190019890F82A00002872D13D
:10A57000FFE7019901F1780080310BF0F7FB0199B9
:10A5800081F8C8000199B1F87800A1F8A8000199F4
:10A59000B1F85A00A1F8AA00019A02F1780002F17C
:10A5A0005801A8320BF0EAFA019981F8C800019924
:10A5B000B1F8A800A1F8B0000199B1F88200A1F8A3
:10A5C000B200019A02F1A80002F18001B0320BF052
:10A5D000D5FA019981F8C8000199B1F89000A1F865
:10A5E000A0000199B1F89200A1F8A200019A02F12D
:10A5F000B00002F19001A0320AF05AFF019981F8EF
:10A60000C800019901F1A000B0310AF0BBFF019927
:10A6100081F8C8000199B1F85800A1F8A800019983
:10A62000B1F88200A1F8AA00019A02F1580002F1E3
:10A630008001A8320BF0A2FA019981F8C800019AB2
:10A6400002F1A80002F1B00198320BF097FA0199DB
:10A6500081F8C800FFE702B080BD000080B584B07B
:10A6600003900398FFF7CAFE0398D0F8CC0028B1F6
:10A67000FFE70398D0F8CC108847FFE7039800F075
:10A68000B5F80398D0F8D00028B1FFE70398D0F8C8
:10A69000D0108847FFE70398FFF722FF0398D0F810
:10A6A000D40028B1FFE70398D0F8D4108847FFE71B
:10A6B0000398007C20B9FFE70398C07BF0B9FFE75F
:10A6C0000398FFF74DFF0398D0F8D80028B1FFE7B3
:10A6D0000398D0F8D8108847FFE7039800F0D8F81F
:10A6E0000398D0F8DC0028B1FFE70398D0F8DC101D
:10A6F0008847FFE70398FFF7B3FE1BE0039BD3F8FF
:10A70000E800D3F8EC1044F68862C2F2000201922D
:10A7100012881B7B5A43F5F784FE019A039BD3F8FA
:10A72000F800D3F8FC1012881B7B5A435A43F5F704
:10A7300078FEFFE70398D0F8E00028B1FFE7039820
:10A74000D0F8E0108847FFE700208DF80B00FFE706
:10A750009DF80B000399097B88422CDAFFE70398E8
:10A76000D0F8F8209DF80B10037B11FB031302EBCC
:10A77000830292ED000A006A00EB810090ED001A5E
:10A78000B4EE410AF1EE10FA0EDAFFE7039B186A05
:10A790009DF80B2050F82200D3F8F8101B7B12FB19
:10A7A000032241F82200FFE7FFE79DF80B0001308C
:10A7B0008DF80B00CCE7039B1868D3F8E81044F63B
:10A7C0008862C2F2000212881B7B5A43F5F729FE09
:10A7D0000398D0F8E40028B1FFE70398D0F8E4101C
:10A7E0008847FFE70398006804B080BD80B582B059
:10A7F0000190019890F82800002846D1FFE70198C1
:10A80000407B012834DBFFE70199087BA1F8B80001
:10A81000019901200090A1F8BA00019A02F16000AC
:10A8200002F13001B8320BF0A9F901460098019A03
:10A8300082F8C810019A117BA2F8C0100199A1F802
:10A84000C200019A02F1700002F14001C0320BF027
:10A8500095F9019981F8C800019A02F1B80002F156
:10A86000C00138320AF024FE019981F8C8000BE0DB
:10A87000019A02F1600002F1300138320BF07EF9EA
:10A88000019981F8C800FFE7FFE702B080BD000032
:10A8900080B582B00190019890F82B0000284BD130
:10A8A000FFE70199B1F87800A1F8B80001990120FB
:10A8B0000090A1F8BA00019A02F1780002F1380183
:10A8C000B8320BF05BF901460098019A82F8C81083
:10A8D000019AB2F84810A2F8C0100199A1F8C2007C
:10A8E000019A02F1480002F1B801C0320BF0E8F918
:10A8F00001460098019A82F8C810019AB2F898109F
:10A90000A2F8B8100199A1F8BA00019A02F19800D2
:10A9100002F1C001B8320BF031F9019981F8C80099
:10A92000019A02F1380002F1B80130320AF0C0FD9C
:10A93000019981F8C800FFE702B080BD80B582B000
:10A940000190019809F0A0FE0198B02103F026FFC4
:10A95000019803F005FF8DF80300019809F07CFED3
:10A960009DF8030002B080BD80B584B002900298CB
:10A9700009F072FE0A208DF80700FFE70298FBF746
:10A98000ADFC012804D1FFE701208DF80F000EE097
:10A990009DF8070001388DF80700FFE79DF80700D4
:10A9A0000028EBDCFFE700208DF80F00FFE79DF8A3
:10A9B0000F0004B080BD000080B584B0DDF818C081
:10A9C00003908DF80B1001928DF80330039809F075
:10A9D0005BFE03989DF80B1003F0E0FE03980199CD
:10A9E000042203F0E9FE03989DF8031003F0D6FE5D
:10A9F000039806999DF8032003F0DEFE039809F002
:10AA00002BFE04B080BD000080B582B001908DF8AF
:10AA10000310019809F038FE0198032103F0BEFEEF
:10AA200001989DF8031003F0B9FE019803F098FE19
:10AA30008DF80200019809F00FFE9DF8020002B0A7
:10AA400080BD000080B584B003908DF80B1001929A
:10AA50008DF80330039809F017FE03989DF80B104A
:10AA600003F09CFE039801999DF8032003F086FEF5
:10AA7000039809F0F1FD04B080BD000080B582B0FC
:10AA80000190019809F000FE0198A02103F086FED4
:10AA9000019803F065FE8DF80300019809F0DCFDD4
:10AAA0009DF8030002B080BD80B582B001908DF8A2
:10AAB0000310019809F0E8FD01989DF8031003F0D8
:10AAC0006DFE019809F0C8FD02B080BD80B584B06C
:10AAD000029002980F21802200F050F80A208DF891
:10AAE0000700FFE702980E21FFF78EFF00F0E0005D
:10AAF000802804D1FFE701208DF80F000EE09DF8BB
:10AB0000070001388DF80700FFE79DF807000028CF
:10AB1000E8DCFFE700208DF80F00FFE79DF80F004D
:10AB200004B080BD80B584B0029002980F2100224D
:10AB300000F024F80A208DF80700FFE702980E21A4
:10AB4000FFF762FF10F0E00F04D1FFE701208DF85E
:10AB50000F000EE09DF8070001388DF80700FFE7B1
:10AB60009DF807000028E9DCFFE700208DF80F00C2
:10AB7000FFE79DF80F0004B080BD000080B582B0F3
:10AB800001908DF803108DF80220019809F07CFDEA
:10AB90000198022103F002FE01989DF8031003F0D2
:10ABA000FDFD01989DF8021003F0F8FD019809F0F1
:10ABB00053FD02B080BD000080B584B003908DF8D5
:10ABC0000B108DF80A200193039809F05DFD03989E
:10ABD000022103F0E3FD03989DF80B1003F0DEFD66
:10ABE000039801999DF80A209DF80B30D21A013282
:10ABF000D2B203F0E1FD039809F02EFD04B080BD50
:10AC000080B59AB019901891189843F63041C2F265
:10AC1000000191ED000ADFED470A04F023F900225C
:10AC200004921792169215924BF29033C0F60103DC
:10AC3000186859689B681493139112904BF2A833CB
:10AC4000C0F60103186859689B68119310910F9022
:10AC5000199841F6100108449FED370ADFED370AD5
:10AC600012A9DFED372ACDED032A81230193B0EE3F
:10AC7000621AF0EE621AB0EE622A01F07BFC019BD0
:10AC8000DDED032A049A199841F6BA0108449FEDB4
:10AC90002D0A8DED020ADFED2C0A0FA9B0EE621A23
:10ACA000F0EE621AB0EE622A01F064FC9DED032A18
:10ACB000049A0E920D920C924BF29C33C0F6010353
:10ACC000186859689B680B930A9109904BF2B4334A
:10ACD000C0F60103186859689B68089307910690AD
:10ACE000199800F5AD50DFED190A09A9DFED181A22
:10ACF000F6EE002AF5230593B0EE610AB0EE611A74
:10AD000001F038FC9DED020A9DED032A049A059B93
:10AD1000199841F24A610844DFED0E0A06A9DFEDF9
:10AD20000E2AB0EE421AF0EE421A01F023FC012086
:10AD30001AB080BDA69B443B00803B4600004844BF
:10AD4000000000000060EA4600803B450000A04291
:10AD500000007A440000FA43CDCC4C3E80B59CB054
:10AD60001B904BF2C032C0F6010210685168926825
:10AD70001A92199118904BF2E432C0F60102106851
:10AD8000516892681792169115901B9800F20A600C
:10AD90009FED490A8DED010ADFED480ACDED020A6B
:10ADA00015A9DFED472ACDED032A00220492812365
:10ADB0000593B0EE621AF0EE621AB0EE622A01F06C
:10ADC000D9FB9DED010ADDED020ADDED032A049AAF
:10ADD000059B4BF2CC3CC0F6010CDCF80000DCF823
:10ADE0000410DCF808C0CDF850C0139112904BF25B
:10ADF000FC3CC0F6010CDCF80000DCF80410DCF8C8
:10AE000008C0CDF844C010910F901B9800F6520076
:10AE10000FA9B0EE621AF0EE621AB0EE622A01F0EB
:10AE2000A9FBDDED020ADDED032A049A059B0E92D3
:10AE30000D920C924BF2D83CC0F6010CDCF80000ED
:10AE4000DCF80410DCF808C0CDF82CC00A91099099
:10AE50004BF2F03CC0F6010CDCF80000DCF804100A
:10AE6000DCF808C0CDF820C0079106901B9800F5CB
:10AE70001F609FED140A09A9B0EE621AF0EE621A83
:10AE8000B0EE622A01F076FB9DED010ADDED020ACB
:10AE9000DDED032A049A059B1B9800F69A2006A96B
:10AEA000B0EE621AF0EE621AB0EE622A01F062FBB6
:10AEB00001201CB080BD00BF0060EA460000FA44DB
:10AEC0000000000000606A4680B586B00022009253
:10AED000059204920392029243F65470C2F200006B
:10AEE000019042F20001C4F2010101604FF480318F
:10AEF000416082600261027680F82020C2620121F6
:10AF0000C0F600718162C2600121C16180F8302009
:10AF10004161F7F7F3F918B1FFE7F6F71BFFFFE719
:10AF200010200290012003900020049043F65470FA
:10AF3000C2F2000002A9F7F7CDF818B1FFE7F6F763
:10AF400009FFFFE706B080BD80B586B00022009201
:10AF5000059204920392029243F69C70C2F20000A2
:10AF6000019042F20021C4F2010101604FF48031EE
:10AF7000416082600261027680F82020C262012175
:10AF8000C0F600718162C2600121C16180F8302089
:10AF90004161F7F7B3F918B1FFE7F6F7DBFEFFE71A
:10AFA00008200290012003900020049043F69C703A
:10AFB000C2F2000002A9F7F78DF818B1FFE7F6F723
:10AFC000C9FEFFE706B080BD80B582B043F6E470ED
:10AFD000C2F20000019046F20041C4F2000101609B
:10AFE0000321416000218160C1604FF410220261A1
:10AFF0004FF4001242610176012242768176C276D8
:10B0000001774177F8F758F818B1FFE7F6F7A2FE95
:10B01000FFE702B080BD000080B582B044F20C00B2
:10B02000C2F20000019046F60001C4F20001016086
:10B030000321416000218160C1604FF41022026150
:10B040004FF4001242610176012242768176C27687
:10B0500001774177F8F730F818B1FFE7F6F77AFE95
:10B06000FFE702B080BD000080B544F23400C2F2B8
:10B07000000043F20001C4F202010160F8F7D2FAC5
:10B0800018B1FFE7F6F766FEFFE780BD80B58EB02A
:10B09000FFE700200D9043F63000C4F20200016883
:10B0A00041F480010160006800F480000D900D986B
:10B0B000FFE7FFE700200C9043F63000C4F20200E7
:10B0C000016841F400110160006800F400100C9068
:10B0D0000C98FFE70C2000900521099100220A92AC
:10B0E000F9F7B8F90098F9F7ABF909990A9A10201D
:10B0F0000190F9F7AFF90198F9F7A2F909990A9ABD
:10B1000011200290F9F7A6F90298F9F799F909992F
:10B110000A9A2F200390F9F79DF90398F9F790F90F
:10B1200009990A9A39200490F9F794F90498F9F7E3
:10B1300087F909990A9A3A200590F9F78BF9059849
:10B14000F9F77EF909990A9A3B200690F9F782F9F6
:10B150000698F9F775F909990A9A44200790F9F7C2
:10B1600079F90798F9F76CF909990A9A4520089036
:10B17000F9F770F90898F9F763F909990A9A4620DE
:10B180000B90F9F767F90B98F9F75AF90EB080BDF3
:10B19000B0B5ACB04BF29440C0F601000168426813
:10B1A0008368D0F80CC0D0F810E044692A94CDF838
:10B1B000A4E0CDF8A0C027932692259180692B901A
:10B1C00025A8002101910BF0EBFD019943F66442A3
:10B1D000C2F2000210604BF25C40C0F6010002684F
:10B1E0004368D0F808C0D0F80CE00469456923959D
:10B1F0002294CDF884E0CDF880C01F931E92806920
:10B2000024901EA80BF0CCFD019942F22012C2F24C
:10B21000000210604BF24040C0F601000268436833
:10B22000D0F808C0D0F80CE0046945691C951B945F
:10B23000CDF868E0CDF864C01893179280691D902E
:10B2400017A80BF0ADFD019941F65462C2F200025D
:10B2500010604BF20840C0F6010002684368D0F865
:10B2600008C0D0F80CE00469456915951494CDF830
:10B270004CE0CDF848C0119310928069169010A848
:10B280000BF08EFD019941F66052C2F2000210608F
:10B290004BF22440C0F6010002684368D0F808C0B1
:10B2A000D0F80CE0046945690E950D94CDF830E0B6
:10B2B000CDF82CC00A93099280690F9009A80BF071
:10B2C0006FFD019941F66852C2F2000210604BF224
:10B2D0007840C0F6010002684368D0F808C0D0F892
:10B2E0000CE00469456907950694CDF814E0CDF8A3
:10B2F00010C0039302928069089002A80BF050FDE1
:10B3000042F22411C2F2000108602CB0B0BD00006E
:10B3100080B598B000201790169015901490139057
:10B32000FFE70020129043F63000C4F202000168EB
:10B3300041F002010160006800F0020012901298D2
:10B34000FFE7FFE70020119043F63000C4F202004F
:10B35000016841F040010160006800F04000119078
:10B360001198FFE7FFE70020109043F63000C4F289
:10B370000200016841F001010160006800F0010075
:10B3800010901098FFE7FFE700200F9043F6300081
:10B39000C4F20200016841F008010160006800F099
:10B3A00008000F900F98FFE7FFE700200E9043F68C
:10B3B0003000C4F20200016841F00401016000683D
:10B3C00000F004000E900E98FFE7FFE700200D90BC
:10B3D00043F63000C4F20200016841F080010160D0
:10B3E000006800F080000D900D98FFE7FFE7002057
:10B3F0000C9043F63000C4F20200016841F02001D5
:10B400000160006800F020000C900C98FFE7FFE757
:10B4100000200B9043F63000C4F20200016841F0B6
:10B4200010010160006800F010000B900B98FFE71E
:10B4300041F60040C4F2020001904FF4E051009147
:10B4400000220992F8F712FF0020C4F202000390D4
:10B450001021029101220592F8F708FF099A40F2A3
:10B460000040C4F2020007904FF480510491F8F7B5
:10B47000FDFE059A07981146F8F7F8FE0598022197
:10B48000069113914FF404111491159041F200406C
:10B49000C4F2020013A90891F8F70CFDDDF800C012
:10B4A0000198059B0899099ACDF84CC01493159200
:10B4B0001692F8F7FFFC0398059A0899099B1392D6
:10B4C00014931592F8F7F6FCDDF808C00398059B75
:10B4D000069A0899CDF84CC0149315931692F8F774
:10B4E000E9FC05980899302213924FF488121492BF
:10B4F000159040F60000C4F20200F8F7DBFC049B54
:10B50000059A079808991393149215921692F8F7D2
:10B51000D1FC059B069A07980899139314931593E9
:10B520001692F8F7C7FC099A07200A900521F8F748
:10B5300091FF0A98F8F784FF18B080BD80B582B0FB
:10B5400044F60810C2F20000019043F20001C4F278
:10B55000010101604FF48271416000218160C1608E
:10B5600002220261012242614FF4007282611022C4
:10B57000C2610162416281620A21C162FAF7B6FECC
:10B5800018B1FFE7F6F7E6FBFFE702B080BD000069
:10B5900080B582B044F66010C2F20000019043F61C
:10B5A0000001C4F2000101604FF48271416000218A
:10B5B0008160C160016141614FF4007282611022BB
:10B5C000C2610162416281620A21C162FAF78EFEA4
:10B5D00018B1FFE7F6F7BEFBFFE702B080BD000041
:10B5E00080B588B0002100910791069105910491E2
:10B5F00003910291019144F60020C2F2000044F24E
:10B600000042C4F20102026053224260816040F2B3
:10B61000CF72C26001618161FBF7F4FC18B1FFE7F2
:10B62000F6F798FBFFE744F60020C2F20000FCF7B3
:10B63000CDF918B1FFE7F6F78DFBFFE76020019029
:10B64000002202920392059244F60020C2F200000A
:10B6500001A9FCF719F918B1FFE7F6F77BFBFFE743
:10B6600044F60020C2F20000FCF77AF808B080BD72
:10B6700080B598B000210191179116911591149100
:10B6800013911291119110910F910E910D910C91B6
:10B690000B910A91099108910791069105910491E6
:10B6A000039144F6B810C2F2000002900022C4F2E6
:10B6B00001020260A7224260816044F61F62C260FC
:10B6C0000161416180218161FBF79CFC18B1FFE7BA
:10B6D000F6F740FBFFE74FF48050149044F6B810A3
:10B6E000C2F2000014A9FBF737FE18B1FFE7F6F726
:10B6F00031FBFFE744F6B810C2F20000FCF766F930
:10B7000018B1FFE7F6F726FBFFE700201290139031
:10B7100044F6B810C2F2000012A9FBF7E1FB18B121
:10B72000FFE7F6F717FBFFE760200B904FF4FA7086
:10B730000C9000220D920E920F921092119244F6EC
:10B74000B810C2F200000BA9FCF79EF818B1FFE791
:10B75000F6F700FBFFE744F6B810C2F200000BA9B1
:10B760000422FCF791F818B1FFE7F6F7F3FAFFE7C8
:10B770000020039004900590069007904FF400502D
:10B7800008904FF480400A9044F6B810C2F20000CE
:10B7900003A9FBF74BFB18B1FFE7F6F7DBFAFFE76E
:10B7A00044F6B810C2F20000FBF7DAFF18B080BD13
:10B7B00080B588B00021019107910691059104910F
:10B7C0000391029144F69020C2F2000040F2004240
:10B7D000C4F200020260A7224260816040F2E732B8
:10B7E000C26001618161FBF70DFC18B1FFE7F6F75C
:10B7F000B1FAFFE74FF48050049044F69020C2F273
:10B80000000004A9FBF7A8FD18B1FFE7F6F7A2FABC
:10B81000FFE700200290039044F69020C2F200005F
:10B8200002A9FBF75DFB18B1FFE7F6F793FAFFE714
:10B8300008B080BD80B58EB0002100910D910C91B3
:10B840000B910A9109910891079106910591049134
:10B8500003910291019144F6D820C2F2000040F613
:10B860000002C4F2000202604160816045F20722DA
:10B87000C26001618161FBF7C5FB18B1FFE7F6F714
:10B8800069FAFFE74FF480500A9044F6D820C2F2DC
:10B8900000000AA9FBF760FD18B1FFE7F6F75AFAB6
:10B8A000FFE744F6D820C2F20000FCF78FF818B189
:10B8B000FFE7F6F74FFAFFE700200890099044F6FB
:10B8C000D820C2F2000008A9FBF70AFB18B1FFE775
:10B8D000F6F740FAFFE76020019000200290039005
:10B8E000059044F6D820C2F2000001A90822FBF717
:10B8F000CBFF18B1FFE7F6F72DFAFFE744F6D820A3
:10B90000C2F20000FBF72CFF0EB080BD80B582B004
:10B9100000210191009144F62030C2F2000041F272
:10B920000042C4F200020260A7224260816040F23D
:10B93000E732C2608161FBF765FB18B1FFE7F6F7FC
:10B9400009FAFFE700200090019044F62030C2F28F
:10B9500000006946FBF7C4FA18B1FFE7F6F7FAF9F9
:10B96000FFE702B080BD000080B582B044F66830C9
:10B97000C2F20000019041F20001C4F20101016035
:10B980004FF4E131416000218160C16001610C220E
:10B9900042618161C161FCF7E7FB18B1FFE7F6F78F
:10B9A000D9F9FFE702B080BD80B582B044F6AC3073
:10B9B000C2F20000019044F20041C4F200010160B3
:10B9C0004FF4E131416000218160C16001610C22CE
:10B9D00042618161C161FCF7C7FB18B1FFE7F6F76F
:10B9E000B9F9FFE702B080BD80B582B044F6F0300F
:10B9F000C2F20000019044F60001C4F200010160AF
:10BA000048F2A061C0F2010141604FF480518160B1
:10BA10000021C1604FF4806202610C2242618161A9
:10BA2000C161FCF7A1FB18B1FFE7F6F793F9FFE757
:10BA300002B080BD80B582B044F63440C2F200004E
:10BA4000019041F20041C4F2010101604FF4612113
:10BA5000416000218160C16001610C22426181610D
:10BA6000C161FCF781FB18B1FFE7F6F773F9FFE757
:10BA700002B080BD80B543F67840C2F2000040F2CB
:10BA80001001C2F20001002205F07CFA18B1FFE7B4
:10BA9000F6F760F9FFE743F67840C2F2000040F2A3
:10BAA000F401C2F2000105F06DFF18B1FFE7F6F7EF
:10BAB00051F9FFE743F67840C2F2000040F29011DE
:10BAC000C2F2000104F098FC18B1FFE7F6F742F962
:10BAD000FFE743F67840C2F2000006F0DDF818B147
:10BAE000FFE7F6F737F9FFE780BD0000FFE7FEE765
:10BAF000FFE7FEE788B0079006910592079800F0EF
:10BB0000070004900498C0F10700052803D3FFE75D
:10BB10000420019004E00498C0F107000190FFE7C1
:10BB20000198039004980430062803D8FFE700200A
:10BB3000009003E0049803380090FFE7009802901B
:10BB400006980399012202FA01F101390840029B8B
:10BB5000984005999A40013A1140084308B070474F
:10BB600086B003A9009101460098059180ED010A75
:10BB7000C0ED000A0598D0F80600406841F658610B
:10BB8000C2F2000108600020ADF80A00FFE7BDF82E
:10BB90000A00059909880139884224DAFFE70598E7
:10BBA000D0F80600BDF80A1000EB810090ED010A04
:10BBB00041F65861C2F2000191ED001A30EE410ADF
:10BBC00080ED000A0598D0F80A10BDF80A2001EBB4
:10BBD0008200406841F82200FFE7BDF80A0001300A
:10BBE000ADF80A00D3E70099059AD2F8060012884A
:10BBF00000EB820010ED020A91ED011A30EE010A0D
:10BC000000ED010A0398059AD2F80A10128801EB98
:10BC1000820141F8040C0599D1F802000988884294
:10BC200007D2FFE70599D1F802000130C1F8020000
:10BC3000FFE705990020C1F82600C1F82200C1F8ED
:10BC40001E00C1F81A0005990888D1F80210401AA0
:10BC5000ADF80800FFE7BDF808000599098888429B
:10BC60005DDAFFE70599BDF80830D1F80620D1F874
:10BC70001A0002EB830292ED000A01EE100A20EE98
:10BC8000000A30EE010A10EE100AC1F81A000599F8
:10BC9000BDF80830D1F80620D1F81E0002EB83026F
:10BCA00092ED001A00EE100A30EE010A10EE100AB2
:10BCB000C1F81E000599BDF80830D1F806C0D1F8CA
:10BCC0000A20D1F822000CEB830C9CED000A02EB59
:10BCD000830292ED002A01EE100A20EE020A30EEF5
:10BCE000010A10EE100AC1F822000599BDF80830CB
:10BCF000D1F80A20D1F8260002EB830292ED001A57
:10BD000000EE100A30EE010A10EE100AC1F826000B
:10BD1000FFE7BDF808000130ADF808009BE7059982
:10BD20000A4652F81A0F5368D2F808C0D26802EED9
:10BD300010CAB1F800C000EE10CAB8EEC03A01EE69
:10BD4000103A00EE102A21EE000A22EE032A30EE0D
:10BD5000420A02EE100A21EE011A22EE032A31EE07
:10BD6000421A80EE010A10EE100AC1F80E00059981
:10BD70000020C1F8160005990888D1F80210401A71
:10BD8000ADF80600FFE7BDF806000599098888426E
:10BD900030DAFFE70599D1F806C0D1F80A00D1F8EA
:10BDA0000E20D1F8123000EE102ABDF806200CEB60
:10BDB000820C9CED002A01EE103A20EE020A30EED1
:10BDC000010A00EB820090ED001A30EE410AB0EE5D
:10BDD000C01AD1F8160000EE100A30EE010A10EE7B
:10BDE000100AC1F81600FFE7BDF806000130ADF8F3
:10BDF0000600C8E70599088800EE100AB8EEC01AD8
:10BE0000D1F8160000EE100A80EE010A10EE100ABA
:10BE1000C1F816000598D0F80E0000EE100A06B022
:10BE20007047000080B584B00390ADF80A10BDF8EB
:10BE30000A0003990880039900200190C1F80200CC
:10BE4000BDF80A0080000BF05BFF0399C1F8060003
:10BE5000BDF80A0080000BF053FF01460198039AD9
:10BE6000C2F80A100399C1F80E000399C1F8120034
:10BE70000398D0F80600BDF80A108900F4F70BFB10
:10BE80000398D0F80A00BDF80A108900F4F703FB04
:10BE900001980399C1F82600C1F82200C1F81E00DC
:10BEA000C1F81A0004B080BD80B544F2FC30C2F283
:10BEB0000000F8F7F5FD80BD80B588B08DED060A6D
:10BEC000CDED050A8DED041A4CF6CD40C3F64C704D
:10BED00003904CF6CD40C3F64C6002909DED060AEF
:10BEE00001F0B6FD8DED010A9DED050A01F0B0FDF2
:10BEF000B0EE401A9DED010A30EE410A01F0A8FDB6
:10BF00009DED041AB4EE410AF1EE10FA11DBFFE7E1
:10BF10009DED050A9DED061A9FED122A21EE021AEB
:10BF20009FED0E2A20EE020A30EE010A8DED070A7F
:10BF300010E09DED050A9DED061A9FED082A21EE01
:10BF4000021A9FED072A20EE020A30EE010A8DED5B
:10BF5000070AFFE79DED070A08B080BDCDCC4C3F36
:10BF6000CDCC4C3ECCCC4C3E85B0ADF81000ADF8FD
:10BF70000E108DED020A4CF6CD40C3F64C700190C8
:10BF80000090BDF91000BDF90E10401A00EE100A25
:10BF9000B8EEC00A9DED021AB4EE410AF1EE10FAB5
:10BFA0001DDBFFE7BDF90E0000EE100AB8EEC00A77
:10BFB000BDF9100001EE100AB8EEC11A9FED182A63
:10BFC00021EE021A9FED172A20EE020A30EE010A36
:10BFD000BDEEC00A10EE100AADF812001CE0BDF96B
:10BFE0000E0000EE100AB8EEC00ABDF9100001EE16
:10BFF000100AB8EEC11A9FED0A2A21EE021A9FED2F
:10C00000092A20EE020A30EE010ABDEEC00A10EE47
:10C01000100AADF81200FFE7BDF9120005B0704735
:10C02000CCCC4C3ECDCC4C3F80B586B00590049135
:10C03000059800680390039802900398006C0190A3
:10C040000298049900EB4110D0F8080B0090019879
:10C0500043F20B01C4F6547188420FD3FFE79DF8F9
:10C0600001000006002809D5FFE70298049900EBBB
:10C0700041114FF40040C1F8080BFFE70598F9F7AC
:10C0800069FB019843F20B01C4F6547188420DD349
:10C09000FFE705980069012808D1FFE705990868BE
:10C0A00001F2C442012106F037FDFFE7002006B08F
:10C0B00080BD000080B588B00790069107980068A1
:10C0C0000490049803900498006C029003980699D9
:10C0D00000EB4110D0F8080B019007980069012887
:10C0E00040F08180FFE79DF804000007002818D584
:10C0F000FFE7029843F20B01C4F6547188420FD354
:10C10000FFE79DF805000006002809D5FFE7039822
:10C11000069900EB41114FF40040C1F8080BFFE70E
:10C1200060E09DF804008006002808D5FFE703982A
:10C13000069900EB41112020C1F8080B51E09DF851
:10C14000040010F0280F4AD1FFE7029843F20B01D8
:10C15000C4F6547188420FD3FFE79DF8050000062E
:10C16000002809D5FFE70398069900EB41114FF429
:10C170000040C1F8080B31E00798069901EBC101B6
:10C1800000EB810000F51F7005900598C0690399C8
:10C19000069A01EB4211D1F8101B6FF3DF41401AF0
:10C1A00005990862069898B9FFE70598806940B933
:10C1B000FFE70799086801F2C442012106F0ACFCD0
:10C1C00005E0059908690A6A10440861FFE7FFE77E
:10C1D00007989DF81810F8F7DDF9FFE700E0FFE792
:10C1E000FFE7FFE747E0029843F20A11C4F65471F3
:10C1F000884224D1FFE79DF805000006002809D5F4
:10C20000FFE70398069900EB41114FF40040C1F895
:10C21000080B13E09DF804008006002808D5FFE70E
:10C220000398069900EB41112020C1F8080BFFE7A5
:10C2300007989DF81810F8F7ADF9FFE71AE006988F
:10C2400090B9FFE70798069901EBC10100EB810067
:10C25000D0F8940240B9FFE70799086801F2C44298
:10C26000002106F059FCFFE707989DF81810F8F731
:10C2700091F9FFE7FFE7002008B080BD80B58CB0E2
:10C280000A9009910A9800680890089807900A98FF
:10C29000099901EBC10100EB81003C300690069842
:10C2A0008169006A884204D9FFE701208DF82F00D8
:10C2B00079E006998869096A401A059005980699F7
:10C2C000C968884204D9FFE70698C0680590FFE76F
:10C2D0000598033080080490FFE70798099900EB60
:10C2E0004110D0F8180981B2049A002091420290BE
:10C2F0000FD3FFE706988269016A002091420290FD
:10C3000007D2FFE706988069002818BF0120029035
:10C31000FFE70298C00770B3FFE706998869096ACA
:10C32000401A059005980699C968884204D9FFE724
:10C330000698C0680590FFE70598033080080490D0
:10C340000898069909699DF82420BDF81430DDF895
:10C3500028C09CF810C0EE46CEF800C007F016FAD0
:10C36000059A0699086910440861059A0699086AB1
:10C3700010440862B1E706998869096A88420ED8B4
:10C38000FFE7099800F00F01012088400390039A0D
:10C390000799D1F834089043C1F83408FFE700202A
:10C3A0008DF82F00FFE79DF82F000CB080BD000036
:10C3B00080B586B005908DED040ACDED030A059891
:10C3C00090F898000006002804D5FFE705980AF0C9
:10C3D00019FAFFE70598D0F88C00029002A8F5F74B
:10C3E00091FB059910EE100AC1F89000029805998A
:10C3F000C1F88C00049805990861039805990860B4
:10C4000005990A68086900EE102A01EE100A30EE5C
:10C41000410A10EE100A886105994A68886900EEA1
:10C42000102A01EE100A20EE010A10EE100A4862EE
:10C4300005998B688A69D1F8900000EE103A01EEF8
:10C44000102A20EE010A01EE100A20EE010A10EE79
:10C45000100A08630598B0F8600003281BDBFFE7AB
:10C460000598C3688169D0F8902000EE103A8DEDF0
:10C47000010A623000EE102A00EE901AFFF770FBFE
:10C48000B0EE401A9DED010A20EE010A059910EE6A
:10C49000100AC86218E00599D1F80CC08B69CA6906
:10C4A000D1F8900000EE10CA01EE103A02EE102A08
:10C4B00031EE421A20EE010A01EE100A80EE010A66
:10C4C00010EE100AC862FFE7059890F89800400740
:10C4D000002804D5FFE705980AF0FAF9FFE7059868
:10C4E00090F898008006002804D5FFE705980AF028
:10C4F00025F8FFE7059890F89800C00720B1FFE7FE
:10C5000005980AF0BFF8FFE70599886A0A6B01EE03
:10C51000102A00EE100A30EE010A10EE100A8862AE
:10C5200005994B6A8A6AC86A00EE103A01EE102A31
:10C5300030EE010A01EE100A30EE010A10EE100A88
:10C54000486305980AF034F9059908694861059926
:10C55000486B88630599C86AC86305998869C8618A
:10C560000599086B08620598406B00EE100A06B04A
:10C5700080BD000080B58CB00DF1100CCDF804C06A
:10C5800084460198CDF82CC080ED060AC0ED050A5E
:10C59000089180ED031AC0ED021A80ED012AC0ED6A
:10C5A000002AADF80E208DF80D3009980B994864DB
:10C5B0000A980B9908640B9900200290086008996A
:10C5C00009680B9A5160089949680B9A916008991B
:10C5D00089680B9AD1600B99086307980B990865D5
:10C5E00006980B99486505980B99886504980B99EE
:10C5F000C865BDF80E000B99A1F860000B98623079
:10C60000BDF80E10FFF70EFC02980B99C1F88C00D4
:10C610009DF80D100B9A82F898100B99C1F89D00A7
:10C62000C1F899000B9981F8A1000B9948630CB0EF
:10C6300080BD000084B002908DED010ACDED000AAE
:10C64000029818B9FFE70020039015E10299086CE1
:10C6500048640299C86B086400980299886101983F
:10C660000299C8619DED000A9DED011A30EE410A64
:10C67000029880ED0F0A02980078002840F0878029
:10C68000FFE7029890ED010A90ED0F1A20EE010AE3
:10C6900080ED090A029890ED020A90ED0A1A90EDD9
:10C6A0000F2A20EE020A30EE010A80ED0A0A0299F2
:10C6B000486B88630299086B4863029890ED0F0AF3
:10C6C00090ED101A30EE410A80ED0C0A029890EDC0
:10C6D000030A90ED0C1A20EE010A80ED0B0A029875
:10C6E00090ED051A90ED0A0AB4EE410AF1EE10FA47
:10C6F00004DDFFE702994869886215E0029890ED31
:10C70000051A90ED0A0AB1EE411AB4EE410AF1EEB3
:10C7100010FA08DAFFE7029890ED050AB1EE400A38
:10C7200080ED0A0AFFE7FFE7029890ED090A90ED15
:10C730000A2A90ED0B1A30EE020A30EE010A80ED63
:10C74000080A029890ED041A90ED080AB4EE410A26
:10C75000F1EE10FA04DDFFE702990869086215E0BE
:10C76000029890ED041A90ED080AB1EE411AB4EE69
:10C77000410AF1EE10FA08DAFFE7029890ED040A98
:10C78000B1EE400A80ED080AFFE7FFE770E002988B
:10C79000007801286BD1FFE7029890ED010A90ED37
:10C7A0000F1A90ED102A31EE421A20EE010A80EDA8
:10C7B000090A029890ED020A90ED0F1A20EE010A84
:10C7C00080ED0A0A0299486B88630299086B4863F6
:10C7D000029890ED0F0A90ED102A90ED111A32EEAA
:10C7E000022A30EE420A30EE010A80ED0C0A02986D
:10C7F00090ED030A90ED0C1A20EE010A80ED0B0A71
:10C80000029890ED080A90ED091A90ED0A3A90ED21
:10C810000B2A31EE031A31EE021A30EE010A80EDD6
:10C82000080A029890ED041A90ED080AB4EE410A45
:10C83000F1EE10FA04DDFFE702990869086215E0DD
:10C84000029890ED041A90ED080AB1EE411AB4EE88
:10C85000410AF1EE10FA08DAFFE7029890ED040AB7
:10C86000B1EE400A80ED080AFFE7FFE7FFE7FFE7C8
:10C870000298006A0390FFE79DED030A04B0704739
:10C8800086B005908DF8131003928DED020ACDED60
:10C89000010A059818B1FFE7039808B9FFE72CE0F3
:10C8A0009DF8130005990870039800680599486081
:10C8B0000398406805998860039880680599C86066
:10C8C0000298059908610198059948610599002029
:10C8D0000090886305994863059908630599086283
:10C8E0000599C86205998862059948620599486466
:10C8F000059908640599C863FFE706B07047000012
:10C90000EFF30980BFF36F8F154B1A681EF0100FFD
:10C9100008BF20ED108A20E9F04F10602DE90900D2
:10C920004FF0500080F31188BFF34F8FBFF36F8F2C
:10C930000BF000FF4FF0000080F31188BDE8090004
:10C9400019680868B0E8F04F1EF0100F08BFB0EC8F
:10C95000108A80F30988BFF36F8F704700BF00BF54
:10C96000B44D00200000000080B5A2B021902198B5
:10C97000006C0EF0C3FB41EC100B51EC100B9FED63
:10C98000FC0B53EC102B019300920EF0F3F841ECEA
:10C99000100B51EC100B9FEDF80B53EC102B039385
:10C9A00002920DF033FF41EC100B51EC100B0DF027
:10C9B00053FE44F6A861C2F2000104910860219878
:10C9C000806B0EF09BFB009A019B41EC100B51EC2D
:10C9D000100B0EF0CFF8029A039B41EC100B51ECB8
:10C9E000100B0DF013FF41EC100B51EC100B0DF080
:10C9F00033FE44F6AC61C2F2000105910860219853
:10CA0000C06B0EF07BFB009A019B41EC100B51ECCC
:10CA1000100B0EF0AFF8029A039B41EC100B51EC97
:10CA2000100B0DF0F3FE41EC100B51EC100B0DF060
:10CA300013FE0146049844F6B062C2F20002069268
:10CA4000116000680EF05AFB41EC100B0DF000F97C
:10CA500051EC100B0DF000FE014604981F91006888
:10CA60000EF04CFB41EC100B0DF08EF851EC100B5E
:10CA70000DF0F2FD014605981C9100680EF03EFB9A
:10CA800041EC100B0DF0E4F851EC100B0DF0E4FD4F
:10CA900001460598209100680EF030FB41EC100B28
:10CAA0000DF072F851EC100B0DF0D6FD0146069812
:10CAB0001D9100680EF022FB41EC100B0DF0C8F840
:10CAC00051EC100B0DF0C8FD014606981E91006850
:10CAD0000EF014FB41EC100B0DF056F851EC100B5E
:10CAE0000DF0BAFD1B909DED1D0A9DED1C1A20EE68
:10CAF000010A9DED1B2A9DED201A9DED1F3A21EEA6
:10CB0000031A9DED1E3A21EE031A20EE020A30EEC2
:10CB1000010A8DED1A0A9DED1E0A9DED1D1A20EEEB
:10CB2000010A9DED1C2A9DED1B1A9DED203A21EE78
:10CB3000031A9DED1F3A21EE031A20EE020A30EE91
:10CB4000410A8DED190A9DED1C0A9DED201A20EE7B
:10CB5000010A9DED1B2A9DED1F1A9DED1D3A21EE48
:10CB6000031A9DED1E3A21EE031A20EE020A30EE62
:10CB7000010A8DED180A9DED1F0A9DED1D1A20EE8C
:10CB8000010A9DED1B2A9DED1C1A9DED203A21EE18
:10CB9000031A9DED1E3A21EE031A20EE020A30EE32
:10CBA000410A8DED170A9DED1A0A8DED070A10EE68
:10CBB000100A0EF0A3FA9DED070A41EC110B8DED62
:10CBC000081B9DED191A21EE011A20EE000A30EE25
:10CBD000011A9DED180A20EE000A30EE011A9DEDB3
:10CBE000170A20EE000A30EE010A10EE100A0EF0CD
:10CBF00085FA41EC100B0DF08FF8B0EE401AF0EE14
:10CC0000601A9DED080B53EC112B51EC100B0DF03D
:10CC1000FDFD41EC100B51EC100B0DF01DFD44F629
:10CC20009061C2F2000108609DED190A8DED0B0ABA
:10CC300010EE100A0EF062FA9DED0B1A41EC100B8B
:10CC40008DED0C0B9DED1A0A21EE011A20EE000A63
:10CC500030EE011A9DED180A20EE000A30EE011A9E
:10CC60009DED170A20EE000A30EE010A10EE100AC0
:10CC70000EF044FA41EC100B0DF04EF8B0EE401AF5
:10CC8000F0EE601A9DED0C0B53EC112B51EC100BD8
:10CC90000DF0BCFD41EC100B51EC100B0DF0DCFC69
:10CCA00044F69461C2F2000108609DED180A8DED12
:10CCB0000F0A10EE100A0EF021FA9DED0F0A41EC5A
:10CCC000110B8DED101B9DED1A1A9DED192A22EE08
:10CCD000022A21EE011A31EE021A20EE000A30EE8D
:10CCE000011A9DED170A20EE000A30EE010A10EE3F
:10CCF000100A0EF003FA41EC100B0DF00DF8B0EE37
:10CD0000401AF0EE601A9DED100B53EC112B51EC14
:10CD1000100B0DF07BFD41EC100B51EC100B0DF0E6
:10CD20009BFC44F69861C2F2000108609DED170A71
:10CD30008DED130A10EE100A0EF0E0F99DED130AC6
:10CD400041EC110B8DED141B9DED1A1A9DED192A66
:10CD500022EE022A21EE011A31EE022A9DED181A66
:10CD600021EE011A31EE021A00F00AB800BF00BF2E
:10CD70009836359D46DF913F0000000000000040DE
:10CD800020EE000A30EE010A10EE100A0EF0B6F99D
:10CD900041EC100B0CF0C0FFB0EE401AF0EE601A40
:10CDA0009DED140B53EC112B51EC100B0DF02EFDDF
:10CDB00041EC100B51EC100B0DF04EFC44F69C6155
:10CDC000C2F20001086022B080BD000080B588B0CA
:10CDD00007900691059206991E2081F84600059855
:10CDE00007991322F3F7D8FA05984068C0F3013089
:10CDF0000699087305984068C0F381300699487316
:10CE0000059800686FF3DF20A0F5806006994880E0
:10CE100005980068C0F3CA20A0F580600699888054
:10CE2000059908684968800D40EA81206FF3DF208A
:10CE3000A0F580600699C88005984068C0F34A0054
:10CE4000A0F5806006990881059800696FF3DF20DE
:10CE5000A0F580600699488105980088400560B972
:10CE6000FFE7069900204880069988800699C880C7
:10CE70000699088106994881FFE70598C06840F344
:10CE8000C011C0B240EA0120069A92F8352000F0A5
:10CE900063FC0246069991F8340002F00F0200F09C
:10CEA000F000104481F834000598C06840F3C031A8
:10CEB000C0F3072040EA0120069A92F8362000F0DD
:10CEC0004BFC0246069991F8340000F00F0040EA4E
:10CED000021081F834000598D0F80E0000F001002F
:10CEE000069991F840200021019100F035FC01994C
:10CEF0000346069A92F8380003F00F0300F0F000A2
:10CF0000184482F838000598C068C0F38040069A3B
:10CF100092F8422000F020FC01990346069A92F80C
:10CF2000390003F00F0300F0F000184482F83900D4
:10CF30000598C068C0F34040069A92F8412000F07E
:10CF40000BFC01990346069A92F8380000F00F0096
:10CF500040EA031082F838000598C068C0F3C0406A
:10CF6000069A92F8432000F0F7FB0246069991F8E2
:10CF7000390000F00F0040EA021081F839000698ED
:10CF800090ED040A8DED020A05984068C117000C67
:10CF900040EA01400EF0E0F89DED020A00EE900A32
:10CFA0009FEDD91A8DED041AFEF786FF069880EDE5
:10CFB000040A069890ED070A8DED030A059880682B
:10CFC00040F3C031C0EA01400EF0C6F89DED030AFF
:10CFD0009DED041A00EE900AFEF76EFF069880EDB4
:10CFE000070A0598C068C0F30052069991F83A0004
:10CFF00000F0F000104481F83A00069890F83A00EA
:10D0000000F00F00012818D1FFE742F24800C2F2F9
:10D010000000007888B9FFE7069A92F844100120D2
:10D0200020EA010301F0FE01194482F8441042F2A3
:10D030004801C2F20001087015E0069890F83A0025
:10D04000000778B9FFE742F24800C2F2000000781A
:10D05000012807D1FFE742F24801C2F20001002097
:10D060000870FFE7FFE70598C068C0F340520699D3
:10D0700091F83A0000F00F0040EA021081F83A00FF
:10D08000069890F83A100120B0EB111F19D1FFE774
:10D0900042F24200C2F20000007890B9FFE7069A1F
:10D0A00092F84410012020EA510301F0FD0141EA09
:10D0B000430182F8441042F24201C2F200010870BA
:10D0C00017E0069890F83A100020B0EB111F0FD12E
:10D0D000FFE742F24200C2F200000078012807D1C7
:10D0E000FFE742F24201C2F2000100200870FFE7B0
:10D0F000FFE70598C068C0F38052069991F83B009D
:10D1000000F0F000104481F83B00069890F83B00D6
:10D1100000F00F00012819D1FFE742F24600C2F2E9
:10D120000000007890B9FFE7069A92F844100120B9
:10D1300020EA910301F0FB0141EA830182F84410E7
:10D1400042F24601C2F20001087015E0069890F81C
:10D150003B00000778B9FFE742F24600C2F2000048
:10D160000078012807D1FFE742F24601C2F2000130
:10D1700000200870FFE7FFE70598C068C0F3C052C1
:10D18000069991F83B0000F00F0040EA021081F888
:10D190003B00069890F83B100120B0EB111F19D10D
:10D1A000FFE742F24300C2F20000007890B9FFE7C7
:10D1B000069A92F84410012020EAD10301F0F70109
:10D1C00041EAC30182F8441042F24301C2F2000175
:10D1D000087017E0069890F83B100020B0EB111F84
:10D1E0000FD1FFE742F24300C2F2000000780128AD
:10D1F00007D1FFE742F24301C2F2000100200870AC
:10D20000FFE7FFE70598C07B00F00102069991F85F
:10D210003C0000F0F000104481F83C00069890F8C3
:10D220003C0000F00F00012819D1FFE742F247004F
:10D23000C2F20000007890B9FFE7069A92F8441015
:10D24000012020EA111301F0EF0141EA031182F8F5
:10D25000441042F24701C2F20001087015E006983E
:10D2600090F83C00000778B9FFE742F24700C2F2AD
:10D2700000000078012807D1FFE742F24701C2F21F
:10D28000000100200870FFE7FFE70598C068C0F3C1
:10D290004062069991F83C0000F00F0040EA02104D
:10D2A00081F83C00069890F83C100120B0EB111F6B
:10D2B00019D1FFE742F24400C2F20000007890B9B1
:10D2C000FFE7069A92F84410012020EA511301F07A
:10D2D000DF0141EA431182F8441042F24401C2F2F4
:10D2E000000108701AE0069890F83C100020B0EB9E
:10D2F000111F12D1FFE742F24400C2F20000007891
:10D3000001280AD102E000BF0000FA4342F24401C2
:10D31000C2F2000100200870FFE7FFE70598C0682F
:10D32000C0F3C062069991F83D0000F00F0040EA9A
:10D33000021081F83D00069890F83D100120B0EBF6
:10D34000111F19D1FFE742F24B00C2F20000007832
:10D3500090B9FFE7069A92F84410012080EAD113B1
:10D3600001F07F0141EAC31182F8441042F24B01FF
:10D37000C2F20001087017E0069890F83D100020F6
:10D38000B0EB111F0FD1FFE742F24B00C2F20000D9
:10D390000078012807D1FFE742F24B01C2F20001F9
:10D3A00000200870FFE7FFE70598C068C0F38062BF
:10D3B000069991F83D0000F0F000104481F83D001E
:10D3C000069890F83D0000F00F00012819D1FFE702
:10D3D00042F24500C2F20000007890B9FFE7069AD9
:10D3E00092F84410012020EA911301F0BF0141EAB4
:10D3F000831182F8441042F24501C2F20001087024
:10D4000015E0069890F83D00000778B9FFE742F272
:10D410004500C2F200000078012807D1FFE742F280
:10D420004501C2F2000100200870FFE7FFE7059800
:10D43000C068C0F30072069991F83E0000F0F00059
:10D44000104481F83E00069890F83E0000F00F006E
:10D45000012818D1FFE742F24A00C2F2000000782A
:10D4600088B9FFE7069A92F84510012020EA0103E7
:10D4700001F0FE01194482F8451042F24A01C2F25D
:10D480000001087015E0069890F83E00000778B992
:10D49000FFE742F24A00C2F200000078012807D1FB
:10D4A000FFE742F24A01C2F2000100200870FFE7E4
:10D4B000FFE70598C068C0F34072069991F83E00F6
:10D4C00000F00F0040EA021081F83E00069890F844
:10D4D0003E100120B0EB111F19D1FFE742F24100CD
:10D4E000C2F20000007890B9FFE7069A92F8451062
:10D4F000012020EA510301F0FD0141EA430182F8D5
:10D50000451042F24101C2F20001087017E006988E
:10D5100090F83E100020B0EB111F0FD1FFE742F250
:10D520004100C2F200000078012807D1FFE742F273
:10D530004101C2F2000100200870FFE7FFE70598F3
:10D54000C068C0F38072069991F83F0000F0F000C7
:10D55000104481F83F00069890F83F0000F00F005B
:10D56000012819D1FFE742F24900C2F20000007819
:10D5700090B9FFE7069A92F84510012020EA91033E
:10D5800001F0FB0141EA830182F8451042F24901B2
:10D59000C2F20001087015E0069890F83F000007FD
:10D5A00078B9FFE742F24900C2F200000078012892
:10D5B00007D1FFE742F24901C2F2000100200870E2
:10D5C000FFE7FFE70598C168102000EAD1620699DD
:10D5D00091F83F0000F00F00104481F83F000698DA
:10D5E00090F83F100120B0EB111F19D1FFE742F274
:10D5F0004000C2F20000007890B9FFE7069A92F866
:10D600004510012020EAD10301F0F70141EAC301EE
:10D6100082F8451042F24001C2F20001087017E0A2
:10D62000069890F83F100020B0EB111F0FD1FFE7D4
:10D6300042F24000C2F200000078012807D1FFE763
:10D6400042F24001C2F2000100200870FFE7FFE74C
:10D650000598427B069991F8340000F00F0040EAEB
:10D66000021081F83400069890F834100120B0EBD5
:10D67000111F16D1FFE742F24C00C2F20000007801
:10D6800078B9FFE7069991F83600B0FA80F04009C2
:10D6900081F8360042F24C01C2F20001012008700C
:10D6A00017E0069890F834100020B0EB111F0FD14E
:10D6B000FFE742F24C00C2F200000078012807D1D7
:10D6C000FFE742F24C01C2F2000100200870FFE7C0
:10D6D000FFE70598027B069991F8340002F00F02EB
:10D6E00000F0F000104481F83400069890F83400FF
:10D6F00000F00F00012816D1FFE742F24D00C2F200
:10D700000000007878B9FFE7069991F83500B0FA83
:10D7100080F0400981F8350042F24D01C2F200016B
:10D720000120087015E0069890F83400000778B9D9
:10D73000FFE742F24D00C2F200000078012807D155
:10D74000FFE742F24D01C2F2000100200870FFE73E
:10D75000FFE708B080BD000086B0039102908DF80D
:10D7600007200298039980F00100084390B9FFE771
:10D770009DF80700142809DCFFE79DF80700013039
:10D780008DF8070001208DF8170009E002208DF8C0
:10D79000170005E000208DF807008DF81700FFE75F
:10D7A0009DF8170006B0704780B586B08DF8170059
:10D7B0000491F4F7CDF9BCEEC00A8DED030A9DF893
:10D7C000170040F2E001C2F2000191F90010884216
:10D7D00024D0FFE700200290FFE70298022815DC22
:10D7E000FFE7029A40F2D400C2F2000050F8220093
:10D7F00040F2CE01C2F2000131F812100122F6F718
:10D8000035FDFFE7029801300290E6E79DF817002A
:10D8100040F2E001C2F200010870FFE7039842F213
:10D820005001C2F200010968401A0499884210D9D7
:10D83000FFE742F24E01C2F200010878B0FA80F030
:10D8400040090870039842F25001C2F200010860DA
:10D85000FFE700200190FFE70198022846DCFFE780
:10D860009DF8170000EB400140F2BC00C2F200003E
:10D8700008440199405CA0B3FFE742F24E00C2F2B7
:10D88000000090F9000088B9FFE7019A40F2D40047
:10D89000C2F2000050F8220040F2CE01C2F20001B4
:10D8A00031F812100022F6F7E1FCFFE742F24E00D9
:10D8B000C2F2000090F90000012811DBFFE7019A95
:10D8C00040F2D400C2F2000050F8220040F2CE0133
:10D8D000C2F2000131F812100122F6F7C7FCFFE78F
:10D8E000FFE7FFE7019801300190B5E706B080BD82
:10D8F00080B582B001900198007B0146009120B173
:10D90000FFE70098012805D097E003206421FFF786
:10D910004BFF92E001980078012832D1FFE701988F
:10D92000807801282DD1FFE70198C078012828D1FF
:10D93000FFE70198C079012823D1FFE70198007A19
:10D9400001281ED1FFE70198407A012819D1FFE78D
:10D950000198807A012814D1FFE701980079012805
:10D960000FD1FFE70198407901280AD1FFE701981C
:10D970008079012805D1FFE70520C821FFF714FFB2
:10D98000FFE70198007848BBFFE70198807800B373
:10D99000FFE70198C078E0B1FFE70198C079C0B116
:10D9A000FFE70198007AA0B1FFE70198407A80B1C3
:10D9B000FFE70198807A60B1FFE70198007940B1F4
:10D9C000FFE70198407920B1FFE70198807928B9F5
:10D9D000FFE704203221FFF7E7FEFFE70198007818
:10D9E000012829D1FFE70198807800B3FFE701986B
:10D9F000C078E0B1FFE70198C079C0B1FFE70198B6
:10DA0000007AA0B1FFE70198407A80B1FFE7019862
:10DA1000807A60B1FFE70198007940B1FFE7019893
:10DA2000407920B1FFE70198807928B9FFE7052008
:10DA30003221FFF7B9FEFFE7FFE702B080BD00002B
:10DA400081B0009000990120087301B07047000078
:10DA500082B08DED010A01980090009820F00040FE
:10DA600000909DED000A02B07047000085B08DED7A
:10DA7000040ACDED030A8DED021A9DED020A9DED1B
:10DA8000041AB4EE410AF1EE10FA05DDFFE79DED50
:10DA9000040A8DED010A18E09DED020A9DED031ABE
:10DAA000B4EE410AF1EE10FA05DAFFE79DED030A44
:10DAB0008DED000A04E09DED020A8DED000AFFE7FE
:10DAC0009DED000A8DED010AFFE79DED010A05B00D
:10DAD0007047000082B001900091019988884880C9
:10DAE00000980178407840EA0120019988800199E6
:10DAF0000889C88000988178C07840EA012001999F
:10DB0000088100980179407940EA01200199C88193
:10DB10000198B0F90210B0F90400401A10F57A6FBC
:10DB200005DAFFE70199888C013088840FE00198BD
:10DB3000B0F90210B0F90400401AB0F57A6F05DDB3
:10DB4000FFE70199888C01388884FFE7FFE7019897
:10DB5000B0F9242047F6F460002182420846C8BF8D
:10DB6000012048F20C13CFF6FF739A42B8BF01218F
:10DB7000084368B1FFE70199002088840198B0F953
:10DB8000041000EE101AB8EEC00A80ED0B0AFFE791
:10DB90000199B1F90400B1F9242000EB4230486149
:10DBA00001990F20087002B07047000082B0019008
:10DBB000009101998888488000980178407840EA6F
:10DBC00001200199888001990889C880009881788E
:10DBD000C07840EA012001990881009801794079D4
:10DBE00040EA01200199C881009880790199087460
:10DBF0000198B0F90210B0F90400401A10F57A6FDC
:10DC000005DAFFE70199888C013088840FE00198DC
:10DC1000B0F90210B0F90400401AB0F57A6F05DDD2
:10DC2000FFE70199888C01388884FFE7FFE70198B6
:10DC3000B0F9242047F6F460002182420846C8BFAC
:10DC4000012048F20C13CFF6FF739A42B8BF0121AE
:10DC5000084368B1FFE70199002088840198B0F972
:10DC6000041000EE101AB8EEC00A80ED0B0AFFE7B0
:10DC700001990F2008700199B1F90400B1F924202D
:10DC800000EB4230486102B07047000080B584B0BC
:10DC9000039002910192009303980299019A009BCC
:10DCA00000F008F80398FFF7CBFE0398FFF720FE7B
:10DCB00004B080BD80B584B00390029101920093BE
:10DCC000029890F85200042808DCFFE7029903202C
:10DCD00081F8520003990020087003E003990120A5
:10DCE0000870FFE7029991F85200013881F852005C
:10DCF000009890F90E00042807DCFFE70099032044
:10DD0000887303990020C87203E003990120C87248
:10DD1000FFE7019841F290410844F3F7B5FE0399FB
:10DD2000C870019800F5B850F3F7AEFE03998870FB
:10DD3000019800F59360F3F771FD0399087101985C
:10DD400000F5DC60F3F76AFD03994871019800F66D
:10DD50002810F3F763FD03998871019800F5376087
:10DD6000F3F75CFD0399C871019800F6B850F3F71A
:10DD700055FD03990872019800F58050F3F74EFDA8
:10DD800003994872019841F248210844F3F746FD8F
:10DD90000399887204B080BD80B58EB0DDF858C09C
:10DDA000DDF854C0DDF850C0DDF84CC0DDF848C0E7
:10DDB000DDF844C0DDF840C08DF837000C910B92BF
:10DDC0000A939DF83700013801460891032800F2B4
:10DDD000AD810899DFE811F00400A200A801A901B3
:10DDE0001399B1F8780BB1F8762B801AA1F87A0B59
:10DDF0001399B1F8C00DB1F8BE2D801AA1F8C20D6B
:10DE0000139941F20800085A41F206028A5A801A10
:10DE100041F20A028852139941F25020085A41F205
:10DE20004E228A5A801A41F2522288520C9890F857
:10DE300045008008C007A0B1FFE7109890ED030AE5
:10DE40009FEDC41AB4EE410AF1EE10FA04DCFFE7CC
:10DE50001298C07A28B9FFE70020C4F27A300990FE
:10DE600018E00A98B0F8400050B1FFE70A98B0F8FF
:10DE7000400000EE100AB8EE400A8DED070A04E0FB
:10DE80009FEDB50A8DED070AFFE79DED070A8DEDC1
:10DE9000090AFFE71698B0F9021001EB410190F86A
:10DEA000452002F00F00C0EB12104FF425725043D2
:10DEB00000EB4100404200EE100AB8EEC00A0B9899
:10DEC00080ED010A1698B0F9041001EB410190F8B9
:10DED000443003F00F00A0EB1310504300EB41005F
:10DEE000404200EE100AB8EEC00A0B9880ED000A1E
:10DEF0001698B0F90A10491101EB410190F846005B
:10DF000000F00F00504300EB4100404200EE100AC9
:10DF1000B8EEC00A0B9880ED020A07E11698807AE5
:10DF2000800788B1FFE7169890F846100020B0EB04
:10DF3000111F40F09980FFE71698807A00F00300E7
:10DF4000012840F09180FFE70B99012081F89800AB
:10DF50001698B0F9081000EE101AB8EEC00A90ED4D
:10DF6000071A9FED792A21EE021A9FED782A20EEFA
:10DF7000020A30EE011A0B9890ED080A30EE010A01
:10DF800080ED080A0B9890ED081A90ED090AD0ED83
:10DF90000A0AFFF76BFD0B9880ED080A1698B0F996
:10DFA000061000EE101AB8EEC00A8DED010A90EDD1
:10DFB000040AB6EE001A20EE011AB7EE000AFFEED0
:10DFC000000AFFF753FDB0EE401A9DED010A9FEDE8
:10DFD000602A20EE020A30EE410A10EE100A0DF01F
:10DFE0008DF841EC100B8DED020B169890F8471050
:10DFF00001F00F00C0EB111000EE100AB8EEC00ADD
:10E0000010EE100A0DF07AF841EC100B51EC100BE9
:10E010009FED470B53EC102B0CF0ACFD9DED020B6C
:10E0200053EC102B41EC100B51EC100B0CF046FB99
:10E0300041EC100B8DED040B0B980690C06A0DF0AF
:10E040005DF89DED041B41EC100B53EC112B51ECD2
:10E05000100B0CF033FB41EC100B51EC100B0CF0DF
:10E06000FBFA0699C8625EE01698807A00F0030019
:10E07000022808D0FFE7169890F846100120B0EB70
:10E08000111F4FD1FFE70B99002081F898001198DC
:10E09000007AC007002844D0FFE743F64C40C2F2A4
:10E0A000000090ED000AB7EE001A30EE010A80ED94
:10E0B000000A90ED000A9FED201AB4EE410AF1EE3D
:10E0C00010FA2DDDFFE7119890ED001A90ED040A8B
:10E0D0009FED1A5A20EE050AB1EE0C4A20EE040A12
:10E0E0009FED173A80EE030A9FED162A21EE021AE1
:10E0F00030EE410A0B9880ED080A119890ED011A54
:10E1000090ED030A20EE050A20EE040A80EE030AD1
:10E1100021EE021A30EE410A0B9880ED0B0AFFE760
:10E12000FFE7FFE7FFE701E000E0FFE70EB080BD9B
:10E1300066666666666606C00000FA436F12833A3A
:10E140000000B443610BB6419A9999BE0AD723BD2A
:10E15000A69BC4BB000034430000344280B586B0A7
:10E1600005900491039243F27470C2F20000019092
:10E17000FFE70198007818B9FFE706F0E5FAFFE736
:10E18000FFE7EFF311804FF0200181F31188009039
:10E1900005980499039A00F007F80290009880F31C
:10E1A0001188029806B080BD80B58AB009900891A8
:10E1B000079208980490099800EB400143F27470AC
:10E1C000C2F2000000EBC1001830039003984069D0
:10E1D000029040B1FFE70298012819D0FFE70298AA
:10E1E00002282CD032E0039806F000FB0590059839
:10E1F0000799884203D2FFE70020069007E00798BE
:10E20000069003980499079A06F07AFDFFE720E04C
:10E21000039806F0EBFA059005980799884203D217
:10E22000FFE70598019002E007980190FFE7019849
:10E23000069003980499069A06F062FD09E0039897
:10E240000499079A06F0EAFC069002E00020069086
:10E25000FFE706980AB080BD82B080B584B007930E
:10E2600006920390029106A80090039802996A46CC
:10E2700000F008F80190019804B0BDE8804002B0B9
:10E280007047000080B5A4B023902291219207A886
:10E290001B9040201C9000201D9023991F911E90E0
:10E2A000FFE7229800788DF88300229801302290B1
:10E2B0009DF8830008B9FFE76DE19DF883002528EC
:10E2C00040F05C81FFE70020189001201A90FFE7E2
:10E2D000229800788DF883009DF88300233801464A
:10E2E00004910D2829D80499DFE801F01F2727277A
:10E2F0002727272717270727270F189840F00100FF
:10E3000018902298013022901AE0189840F00200EC
:10E31000189022980130229012E0189840F00400E2
:10E3200018902298013022900AE0189840F00800D6
:10E33000189022980130229002E000201A90FFE706
:10E34000FFE71A980028C3D1FFE700201790FFE7E6
:10E35000229800788DF883009DF88300302805DB33
:10E36000FFE79DF883003A2801DBFFE710E02298E1
:10E3700001302290179800EB80019DF8830000EB9C
:10E38000410030381790FFE701200028E0D1FFE777
:10E3900000201990229800788DF883009DF8830062
:10E3A0002E2825D1FFE7229801302290FFE72298FE
:10E3B00000788DF883009DF88300302805DBFFE7A7
:10E3C0009DF883003A2801DBFFE710E02298013036
:10E3D0002290199800EB80019DF8830000EB41002A
:10E3E00030381990FFE701200028E0D1FFE7FFE770
:10E3F000229800788DF88300FFE79DF883006C2851
:10E4000005D0FFE79DF88300682808D1FFE7229830
:10E4100001302290229800788DF8830000E004E01B
:10E42000FFE701200028E8D1FFE79DF883000146BF
:10E430000391252800F09880FFE7039858284FD0D3
:10E44000FFE70398632814D0FFE7039864281FD0E0
:10E45000FFE70398702876D0FFE70398732853D01E
:10E46000FFE70398752827D0FFE70398782837D06F
:10E470007FE0219A1068011D116000681A901A98B7
:10E480008DF81B009DF81B101BA806F08BFB71E09C
:10E49000219A1068011D116000681A901A99199B41
:10E4A0001798DDF860C06A46C2F804C010601BA867
:10E4B0000A2206F0BBF95DE0219A1068011D116087
:10E4C00000681A901A99199B1798DDF860C06A467F
:10E4D000C2F804C010601BA80A2206F08DFA49E0B9
:10E4E000219A1068011D116000681A901A99199BF1
:10E4F0001798DDF860C06A46C2F804C010601BA817
:10E50000102206F079FA35E0219A1068011D116099
:10E5100000680590FFE7059800788DF8830005985E
:10E52000013005909DF8830008B9FFE70AE09DF8E7
:10E5300083101BA806F036FBFFE71E98B0F1FF3FE3
:10E54000E9DCFFE716E0219A1068011D1160006800
:10E550001A901A99684600224260082303601BA89B
:10E56000102206F049FA05E01BA8252106F01AFB47
:10E5700000E0FFE722980130229005E09DF883102B
:10E580001BA806F00FFBFFE7FFE71E98B0F1FF3F67
:10E590003FF787AEFFE71E9801280EDBFFE71D98C7
:10E5A00030B1FFE723981D9A07A9FFF7D7FDFFE7D2
:10E5B0001D991E9808441E90FFE71E9824B080BD48
:10E5C00081B0ADF80200BDF8020044F23441C4F25B
:10E5D0000101086001B0704780B586B004900391D6
:10E5E000029204984068B0F5827F13D1FFE7049847
:10E5F0008068B0F5004F06D0FFE704988068B0F55A
:10E60000806F07D1FFE704980168086820F0400098
:10E610000860FFE704984068B0F5827F31D1FFE7DA
:10E6200004988068B0F5806F15D0FFE70498039BCD
:10E6300002996A4611608021002200F0CDF848B1AD
:10E64000FFE70499486D40F02000486503208DF8ED
:10E6500017002FE014E00498039B02996A461160AA
:10E660000121002200F0B8F848B1FFE70499486D95
:10E6700040F02000486503208DF817001AE0FFE7FE
:10E6800014E00498039B02996A461160012100225C
:10E6900000F0A2F848B1FFE70499486D40F020006F
:10E6A000486503208DF8170004E0FFE700208DF88F
:10E6B0001700FFE79DF8170006B080BD80B586B053
:10E6C00004900391029240F2E400C2F2000000685C
:10E6D0004AF6AB21CAF6AA21A0FB011000094DF6AB
:10E6E0008361C4F21B31A0FB0110800C4FF47A71DE
:10E6F0004843019004984068B0F5827F15D1FFE748
:10E700000498039B02996A4611608021002200F060
:10E7100063F848B1FFE70499486D40F02000486570
:10E7200003208DF8170017E012E0FFE7019808B901
:10E73000FFE70CE0019801380190FFE704980068BA
:10E740008068C1B20020B0EBD11FEFD1FFE7FFE737
:10E7500000208DF81700FFE79DF8170006B080BD78
:10E7600080B582B0019001980DF1030101220A23C6
:10E77000F7F746FF9DF8030002B080BD80B584B076
:10E78000039002918DF80720039802999DF80720C5
:10E790000A23F7F735FF04B080BD000080B582B0D2
:10E7A00001908DF8031001980DF1030101220A2355
:10E7B000F8F73EF802B080BD80B584B003900291B6
:10E7C0008DF80720039802999DF807200A23F8F78F
:10E7D0002FF804B080BD000080B58AB0DDF830C0ED
:10E7E000089007918DF81B20059305980190F5F787
:10E7F00055FD024601980C99891A08440390F5F7D3
:10E800004DFD0290039840F2E401C2F20001096854
:10E81000C1F3CB3148430490FFE708980068806853
:10E8200007990840401AB0FA80F040099DF81B1083
:10E8300088425ED0FFE705980130002858D0FFE7F6
:10E84000F5F72CFD0299401A0399884204D2FFE79C
:10E850000398002842D1FFE708980168486820F033
:10E86000E000486008984068B0F5827F13D1FFE768
:10E8700008988068B0F5004F06D0FFE708988068D8
:10E88000B0F5806F07D1FFE708980168086820F0AD
:10E8900040000860FFE70898806AB0F5005F0FD17C
:10E8A000FFE7FFE708980168086820F40050086057
:10E8B00008980168086840F400500860FFE7FFE727
:10E8C0000899012081F85100FFE70899002081F89C
:10E8D0005000FFE703208DF827000EE0049818B9D8
:10E8E000FFE700200390FFE7049801380490FFE75A
:10E8F00093E700208DF82700FFE79DF827000AB076
:10E9000080BD0000000000000000000000000000CA
:10E91000074B19680868B0E8F04F80F30988BFF327
:10E920006F8F4FF0000080F31188704700BF00BF69
:10E93000B44D002084B003900398009000980078B4
:10E94000ADF8080000980130009000980078ADF80C
:10E950000600BDF80610BDF8080040EA0120ADF839
:10E960000A00BDF80A0004B07047000086B08DEDC3
:10E97000040A9DED040AB5EE400AF1EE10FA03DC3C
:10E98000FFE7002005904AE09DED040AB0EE001A72
:10E9900080EE010A8DED030A9DED040A9FED221A17
:10E9A00020EE010A8DED010AFFE79DED030A9DEDC2
:10E9B000041A20EE000A30EE410A8DED020A9DEDA8
:10E9C000021A9DED030A30EE002A81EE021A30EEA3
:10E9D000410A8DED030AFFE79DED020A9DED011A44
:10E9E0000120B4EE410AF1EE10FA00900FDCFFE7CF
:10E9F0009DED020A9DED011AB1EE411A0020B4EE20
:10EA0000410AF1EE10FAB8BF01200090FFE700982C
:10EA1000C0070028C9D1FFE703980590FFE79DEDE7
:10EA2000050A06B0704700BF6F12833A80B586B002
:10EA30000590F3F797F900200490FFE70498013060
:10EA4000049004984BF6C872C0F60102029269461F
:10EA50004A6008604CF22E01C0F601014BF6D572F7
:10EA6000C0F601024BF6C073C0F60103002003900C
:10EA7000FFF7F2FB029903986A4611604CF20A0113
:10EA8000C0F601014BF6CD72C0F601024BF6BC7325
:10EA9000C0F60103FFF7E0FB029903986A46116094
:10EAA0004BF6E571C0F601014BF6DD72C0F60102CE
:10EAB0004BF6C473C0F60103FFF7CEFB012008F04C
:10EAC0003DF9BBE780B584B003900AF067FC029083
:10EAD00040F25820C2F200000190FCF73FF9019883
:10EAE000F1F702FFFFE743F2A060C2F2000040F23C
:10EAF0005821C2F20001F1F729FE02A8022108F014
:10EB000031F9F0E780B588B007900AF047FC06902D
:10EB10004BF2B042C0F6010210685168926805924B
:10EB20000491039044F67C40C2F20000002102915F
:10EB300003AA9FED210ADFED210AFDF7A1FEB2EE47
:10EB4000040A9FED1F1AF7EE001A9FED1E2ADFED53
:10EB50001E2AF0EE420AFAF787F8029944F60020DE
:10EB6000C2F20000F8F788FFFFE7F2F731F808B1CA
:10EB7000FFE7FAE7FFE741F66C50C2F200000190B0
:10EB800044F67C41C2F20001FAF7C8FF42F22810B5
:10EB9000C2F20000F2F7B6FF0198BCEEC00A42F2E2
:10EBA0002C11C2F2000181ED000AFDF7DDFE06A87E
:10EBB000012108F0D7F8DEE700A08C4500001644DC
:10EBC0008096184B6F12833A0000000080B590B019
:10EBD0000F900AF0E3FB0E9042F26801C2F20001CE
:10EBE0000D9141F65630A1F8480040F25820C2F28B
:10EBF000000042F23811C2F20001FCF701F80D9951
:10EC000043F62C42C2F20002107041F64E20C4F2CC
:10EC1000094048624BF6B400CCF2A0308862FFE7AE
:10EC200042F26800C2F2000009908C30F2F76AFFED
:10EC3000099880ED1E0AF2F78BFF099880ED210AF2
:10EC400043F2A060C2F200000790F2F731FA099A8D
:10EC500007986946886142F23810C2F200000890B5
:10EC6000486141F66C50C2F200000C90086140F21D
:10EC70005820C2F200000B90C86042F25400C2F269
:10EC800000000A90886043F24060C2F200004860D1
:10EC900041F6E840C2F20000086043F22C71C2F273
:10ECA000000143F28453C2F200030220FFF774F81C
:10ECB000DDF820C009980A990B9A0C9BEE46CEF815
:10ECC00000C007F089FE44F6C441C2F2000108709A
:10ECD000012009F08FFBA3E780B582B001900AF014
:10ECE0005DFB0090FFE76846282108F03BF8FAE753
:10ECF00080B584B003900AF051FB0290FFE742F226
:10ED00006800C2F2000001909030F2F7FBFE01981B
:10ED100080ED1F0A41F6E840C2F2000000F108034E
:10ED200042F25400C2F2000043F2A061C2F20001BC
:10ED300040F25822C2F20002FEF7A8FF07F0E8FDF9
:10ED40004AF6E060C2F2000080ED000A02A8052148
:10ED500008F008F8D3E7000080B582B04FF050000B
:10ED600080F31188BFF36F8FBFF34F8F00900AF0CD
:10ED70001FFB40B1FFE74EF60451CEF200014FF009
:10ED800080500860FFE700200190019880F311880F
:10ED900002B080BD80B594B008A83021F1F79DFB8A
:10EDA000002007900690059004900390FFE7002054
:10EDB000029043F64000C4F20200016841F0805125
:10EDC0000160006800F0805002900298FFE7FFE7C2
:10EDD0000020019047F20000C4F20000016841F4F5
:10EDE00080410160006800F4804001900198FFE7D5
:10EDF000012008904FF48030099002200E904FF4CB
:10EE000080010F9106211091A821119112900720E5
:10EE1000139008A8F6F702FF18B1FFE7F2F79AFF80
:10EE2000FFE70F20039002200490002005904FF48C
:10EE3000A05006904FF48050079003A80521F6F7E4
:10EE4000F3FC18B1FFE7F2F785FFFFE714B080BDD0
:10EE50004EF68851CEF20001086840F47000086058
:10EE60007047000083B002908DED010ACDED000ADD
:10EE700001980299886000980299486002990020E0
:10EE8000C8600299086102994861029988610299F3
:10EE9000C86103B07047000080B544F6B810C2F2F4
:10EEA0000000F8F71FFB44F60020C2F20000F8F75C
:10EEB00019FB80BD80B544F64820C2F20000F8F787
:10EEC00011FB80BD80B544F69020C2F20000F8F737
:10EED00009FB80BD80B582B044F62030C2F200004C
:10EEE0000190F8F7FFFA0198F1F7CCFF02B080BD6E
:10EEF00083B002900191029800680090029800216E
:10EF0000C4F20101884225D0FFE70298B0F1804F9A
:10EF100020D0FFE7029840F20041C4F2000188428D
:10EF200018D0FFE7029840F60001C4F200018842C1
:10EF300010D0FFE7029840F60041C4F20001884279
:10EF400008D0FFE7029840F20041C4F20101884274
:10EF50000AD1FFE7009820F0700000900198416806
:10EF6000009808430090FFE702980021C4F20101D5
:10EF7000884255D0FFE70298B0F1804F50D0FFE7AC
:10EF8000029840F20041C4F20001884248D0FFE7F5
:10EF9000029840F60001C4F20001884240D0FFE729
:10EFA000029840F60041C4F20001884238D0FFE7E1
:10EFB000029840F20041C4F20101884230D0FFE7DC
:10EFC000029844F20001C4F20101884228D0FFE710
:10EFD000029844F20041C4F20101884220D0FFE7C8
:10EFE000029844F60001C4F20101884218D0FFE7FC
:10EFF000029841F60001C4F20001884210D0FFE7F8
:10F00000029841F60041C4F20001884208D0FFE7AF
:10F01000029842F20001C4F2000188420AD1FFE7DF
:10F02000009820F4407000900198C168009808434F
:10F030000090FFE7009820F080000199496908439B
:10F040000090009802990860019880680299C8624F
:10F05000019800680299886202980021C4F20101B7
:10F06000884208D0FFE7029840F20041C4F2010153
:10F07000884205D1FFE70198006902990863FFE71C
:10F0800002990120486103B07047000084B00390EA
:10F0900002910192029800F01F0101208840009027
:10F0A000009A0399086A904308620198029901F056
:10F0B0001F0100FA01F20399086A1043086204B0C4
:10F0C0007047000085B00490039102920193049868
:10F0D00080680090009820F47F4000900398029987
:10F0E000019A41EA022101430098084300900098E8
:10F0F0000499886005B0704783B00290019102982E
:10F1000080680090009820F07000009001980099AD
:10F11000084340F00700009000980299886003B00F
:10F120007047000085B0049003910499086A20F0AC
:10F13000010008620498006A0190049840680090F9
:10F14000049880690290029820F070000290029862
:10F1500020F003000290039801680298084302908F
:10F16000019820F0020001900398816801980843FB
:10F17000019004980021C4F20101884208D0FFE701
:10F18000049840F20041C4F2010188420ED1FFE729
:10F19000019820F0080001900398C1680198084385
:10F1A0000190019820F004000190FFE704980021ED
:10F1B000C4F20101884208D0FFE7049840F2004100
:10F1C000C4F20101884213D1FFE7009820F4807057
:10F1D0000090009820F40070009003984169009816
:10F1E0000843009003988169009808430090FFE766
:10F1F00000980499486002980499886103984068CF
:10F200000499486301980499086205B070470000AA
:10F2100085B0049003910499086A20F010000862F8
:10F220000498006A019004984068009004988069EE
:10F230000290029820F4E0400290029820F440707E
:10F24000029003980168029840EA01200290019818
:10F2500020F02000019003988168019840EA011095
:10F26000019004980021C4F20101884208D0FFE710
:10F27000049840F20041C4F2010188420FD1FFE737
:10F28000019820F0800001900398C168019840EA3D
:10F2900001100190019820F040000190FFE70498D0
:10F2A0000021C4F20101884208D0FFE7049840F22F
:10F2B0000041C4F20101884215D1FFE7009820F413
:10F2C00080600090009820F40060009003984169ED
:10F2D000009840EA8100009003988169009840EA14
:10F2E00081000090FFE70098049948600298049913
:10F2F00088610398406804998863019804990862BA
:10F3000005B0704785B0049003910499086A20F411
:10F31000807008620498006A019004984068009028
:10F320000498C0690290029820F070000290029840
:10F3300020F00300029003980168029808430290AD
:10F34000019820F40070019003988168019840EAC8
:10F350000120019004980021C4F20101884208D0E4
:10F36000FFE7049840F20041C4F2010188420FD146
:10F37000FFE7019820F4006001900398C1680198AC
:10F3800040EA01200190019820F480600190FFE79D
:10F3900004980021C4F20101884208D0FFE70498D4
:10F3A00040F20041C4F20101884215D1FFE7009804
:10F3B00020F480500090009820F4005000900398B2
:10F3C0004169009840EA0110009003988169009813
:10F3D00040EA01100090FFE7009804994860029805
:10F3E0000499C861039840680499C8630198049916
:10F3F000086205B07047000085B00490039104993D
:10F40000086A20F4805008620498006A0190049809
:10F41000406800900498C0690290029820F4E0408F
:10F420000290029820F440700290039801680298BC
:10F4300040EA01200290019820F4005001900398C6
:10F440008168019840EA0130019004980021C4F2DB
:10F450000101884208D0FFE7049840F20041C4F25D
:10F46000010188420BD1FFE7009820F48040009012
:10F4700003984169009840EA81100090FFE70098E6
:10F480000499486002980499C861039840680499F7
:10F49000086401980499086205B0704785B004902B
:10F4A000039102920498006A00900499086A20F07F
:10F4B00001000862049880690190019820F0F00032
:10F4C00001900299019840EA01100190009820F003
:10F4D0000A0000900399009808430090019804994D
:10F4E000886100980499086205B0704785B004905F
:10F4F000039102920499086A20F0100008620498AF
:10F50000806901900498006A0090019820F470408E
:10F5100001900299019840EA01300190009820F092
:10F52000A00000900399009840EA01100090019813
:10F530000499886100980499086205B0704700003A
:10F5400080B582B001900198806B009000990020F6
:10F55000C8850099C8840098F8F7F2FB02B080BD16
:10F5600080B584B00390002002900398806B0190D6
:10F57000019800684069C0B2C0090290019890F8F3
:10F580003D0021280AD1FFE7029838B1FFE7019931
:10F590000020C884019800F059F9FFE7019800683D
:10F5A0004069C0F380100290019890F83E00222834
:10F5B0000AD1FFE7029838B1FFE701990020C8851A
:10F5C000019800F0E5F8FFE70199086C40F01000A1
:10F5D00008640198F8F7B4FB04B080BD80B586B02C
:10F5E00005900598806B0490059800680068C00538
:10F5F00000285AD4FFE704990020C885FFE7FFE7F9
:10F600000498006850E8030F20F480700390FFE72F
:10F6100003990498026842E803100028F0D1FFE73C
:10F62000FFE7FFE7FFE70498006850E8050F20F0C8
:10F6300001000290FFE702990498026842E8051071
:10F640000028F0D1FFE7FFE7FFE7FFE70498006835
:10F6500050E8050F20F040000190FFE70199049861
:10F66000026842E805100028F0D1FFE7FFE704999F
:10F67000202081F83E000498006B012814D1FFE798
:10F68000FFE7FFE70498006850E8030F20F0100040
:10F690000090FFE700990498026842E803100028F0
:10F6A000F0D1FFE7FFE7FFE7FFE70498006B0128D1
:10F6B00005D1FFE70498818DF8F7D6FA03E00498A6
:10F6C000F9F758F8FFE706B080BD000080B582B0BA
:10F6D00001900198806B00900098006B012806D182
:10F6E000FFE70098818D4908F8F7BEFA03E000981B
:10F6F000F9F744F8FFE702B080BD000080B584B0A0
:10F7000003900398806B0290039800680068C0051E
:10F7100000282AD4FFE702990020C884FFE7FFE70A
:10F720000298006850E8050F20F080000190FFE784
:10F7300001990298026842E805100028F0D1FFE71D
:10F74000FFE7FFE7FFE70298006850E8030F40F08B
:10F7500040000090FFE700990298026842E8031019
:10F760000028F0D1FFE7FFE703E00298F9F792F8ED
:10F77000FFE704B080BD000080B582B00190019821
:10F78000806B00900098F9F789F802B080BD000006
:10F7900084B00390FFE7FFE70398006850E8030F89
:10F7A00020F490700290FFE702990398026842E803
:10F7B00003100028F0D1FFE7FFE7FFE7FFE703981A
:10F7C000006850E8050F20F001000190FFE7019963
:10F7D0000398026842E805100028F0D1FFE7FFE730
:10F7E0000398006B012814D1FFE7FFE7FFE70398B8
:10F7F000006850E8030F20F010000090FFE7009928
:10F800000398026842E803100028F0D1FFE7FFE701
:10F81000FFE70399202081F83E0003990020086348
:10F8200004B0704780B582B0019001980168C86843
:10F8300020F04000C8600199202081F83D00019827
:10F84000F9F728F8002002B080BD000082B00190D6
:10F85000FFE7FFE70198006850E8030F20F0C000C1
:10F860000090FFE700990198026842E80310002821
:10F87000F0D1FFE7FFE70199202081F83D0002B0B9
:10F880007047000080B586B00490049890F83E0060
:10F89000222840F0A180FFE704988068B0F5805FDF
:10F8A00015D1FFE70498006988B9FFE700200390AD
:10F8B0000498806A02900498006840686FF35F20A3
:10F8C000029908800499886A0230886225E00498C9
:10F8D000806A03900020029004988068B0F5805FF1
:10F8E00008D0FFE70498806850B9FFE704980069E2
:10F8F00030B9FFE70498006840680399087007E092
:10F9000004980068406800F07F0003990870FFE7E2
:10F910000499886A01308862FFE70499C88D01382C
:10F92000C8850004002853D1FFE704980168C8681F
:10F9300020F02000C86004980168C86820F4807036
:10F94000C86004980168486920F001004861049982
:10F95000202081F83E000498006B012830D1FFE799
:10F96000049900200863FFE7FFE70498006850E867
:10F97000030F20F010000190FFE70199049802683E
:10F9800042E803100028F0D1FFE7FFE70498006881
:10F990000068C00600280ED5FFE7FFE700200090B2
:10F9A000049800680068009004980068406800901F
:10F9B0000098FFE7FFE70498818DF8F755F903E019
:10F9C0000498F8F7D7FEFFE700208DF8170007E04E
:10F9D00000208DF8170003E002208DF81700FFE7E4
:10F9E0009DF8170006B080BD80B586B005900598DB
:10F9F0000068006920F44050059A1168D2681043ED
:10FA00000861059988680B694A69C96918431043F8
:10FA10000843049005980068C06849F20C61884367
:10FA20000499084305990968C86005980068406909
:10FA300020F44070059A1168926910434861059856
:10FA4000006841F20001C4F20101884209D0FFE7D9
:10FA50000598006841F20041C4F20101884204D1D6
:10FA6000FFE7F6F755F8039003E0F6F73FF8039049
:10FA7000FFE70598C069B0F5004F29D1FFE703986B
:10FA80001921A0FB0101059A1368029353685A00DB
:10FA9000DB0FF0F709FC0299864648F21F53C5F2C6
:10FAA000EB13AEFB0320420910014FF0640C02FB84
:10FAB0001CEC322202EBCC02A2FB0332F82303EA55
:10FAC000521300EB4300C2F342121044886026E058
:10FAD00003981921A0FB0101059A1368019353684B
:10FAE0009A009B0FF0F7E0FB0199844648F21F5201
:10FAF000C5F2EB12ACFB02304309642003FB10CCCF
:10FB0000322000EB0C10A0FB0202F02000EA5210A1
:10FB100000EB0310C2F3431210448860FFE706B005
:10FB200080BD000080B588B007900691ADF8162022
:10FB3000069807998862BDF8160007998885079985
:10FB400000200864079A222182F83E1007998A6BE8
:10FB50004FF2DD51C0F60001D16307998A6B4FF275
:10FB6000CD61C0F60001116407998A6B4FF26151B3
:10FB7000C0F60001D1640799896B086506A8049056
:10FB800007980168806B0431049A1268BDF816303A
:10FB9000F4F7C2F8FFE700200390079800680068B8
:10FBA000039007980068406803900398FFE7FFE719
:10FBB0000799002081F83C00FFE707980069A0B191
:10FBC000FFE7FFE7FFE70798006850E8030F40F4FE
:10FBD00080700290FFE702990798026842E80310DC
:10FBE0000028F0D1FFE7FFE7FFE7FFE7FFE707980F
:10FBF000006850E8050F40F001000190FFE701990F
:10FC00000798026842E805100028F0D1FFE7FFE7F7
:10FC1000FFE7FFE70798006850E8050F40F0400055
:10FC20000090FFE700990798026842E80510002855
:10FC3000F0D1FFE7FFE7002008B080BD83B001905E
:10FC4000019890F83D0021283AD1FFE7019880689B
:10FC5000B0F5805F13D1FFE70198006978B9FFE73D
:10FC60000198006A0090009800886FF35F20019966
:10FC7000096848600199086A0230086208E0019A40
:10FC8000106A411C11620078019909684860FFE719
:10FC90000199C88C0138C884000468B9FFE701984D
:10FCA0000168C86820F08000C86001980168C868D1
:10FCB00040F04000C860FFE700208DF80B0003E033
:10FCC00002208DF80B00FFE79DF80B0003B0704792
:10FCD00080B582B044F66830C2F200000190F8F7B7
:10FCE00033F80198F1F71CF902B080BD80B544F6F5
:10FCF000AC30C2F20000F8F727F880BD80B582B0C2
:10FD000044F6F030C2F200000190F8F71DF80198B7
:10FD1000F1F706F902B080BD80B582B044F63440F8
:10FD2000C2F200000190F8F70FF80198F1F7F8F827
:10FD300002B080BD80B586B004908DF80F10049895
:10FD4000D0F8C80201900498D0F8D41200EB8100DA
:10FD5000D0F8C00220B9FFE703208DF817005FE05C
:10FD60000498D0F8D41200EB8100D0F8C0020290C1
:10FD700004989DF80F1001F00F0101EB810100EBD9
:10FD80008100806940B3FFE704989DF80F1001F0EF
:10FD90000F0101EB810200EB82008269019801EB07
:10FDA000C10100EB8100816CB2FBF1F000FB11207E
:10FDB00090B9FFE704989DF80F1001F00F0101EBD7
:10FDC000810100EB81000023836104989DF80F10EE
:10FDD0001A4601F083FD1FE002990020C1F81402C9
:10FDE0000498D0F8D41200EB8100D0F8C402006966
:10FDF00088B1FFE70498D0F8D41200EB8100D0F866
:10FE0000C40203690299D1F8080201F504719DF852
:10FE10000F209847FFE7FFE700208DF81700FFE766
:10FE20009DF8170006B080BD80B584B002908DF8B3
:10FE300007100298D0F8D41200EB8100D0F8C0026D
:10FE400000900298D0F8D41200EB8100D0F8C002E4
:10FE500020B9FFE703208DF80F0019E002989DF804
:10FE6000071001F0CBFA0099C1F80C020298D0F803
:10FE7000D41200EB8100D0F8C402C2680099D1F816
:10FE8000040201F50371904700208DF80F00FFE791
:10FE90009DF80F0004B080BD80B586B005908DF848
:10FEA0001310059840F20D01C2F20001009109788B
:10FEB00001F0BCF800990598097801F00F0101EBF9
:10FEC000810100EB8101002003908884059840F2B5
:10FED0000E01C2F200010191097801F0A7F8019A20
:10FEE00003980599127802F00F0202EB820201EBEF
:10FEF0008201A1F86401059840F20C01C2F20001F0
:10FF00000291097801F092F8029A03980599137802
:10FF100003F00F0303EB830301EB8301888405994E
:10FF2000127802F00F0202EB820201EB8201C88418
:10FF30000598D0F8D41200EB8100D0F8C002F0B1DF
:10FF4000FFE70598D0F8D41200EB8100D0F8C40286
:10FF5000406880470598D0F8D41200EB8100D0F8B3
:10FF6000C00202F057F90598D0F8D41200EB8101D5
:10FF70000020C1F8C0020599C1F8BC02FFE70020CB
:10FF800006B080BD80B584B002900298D0F8D4123B
:10FF900000EB8100D0F8C0020190019820B9FFE782
:10FFA00003208DF80F0025E00298D0F8D41200EB62
:10FFB0008100D0F8C402C8B1FFE7019890F80002B0
:10FFC000FF2813D0FFE70298D0F8D41200EB81008D
:10FFD000D0F8C4028368019991F8000291F80122D7
:10FFE00098470199FF2081F80002FFE700208DF873
:10FFF0000F00FFE79DF80F0004B080BD81B00090B6
:020000040801F1
:1000000000990A20088040F27010C2F2000001B08E
:100010007047000080B586B0059040F22C10C2F207
:1000200000000190822100F09BFE0146019804919E
:10003000012100F095FE014601980391812100F015
:100040008FFE0290049820B1FFE704991020887178
:10005000FFE7039820B1FFE7039940208880FFE77E
:10006000029820B1FFE7029940208880FFE70599B8
:100070004320088040F22C10C2F2000006B080BD80
:1000800080B586B0059040F22C10C2F200000190BD
:10009000822100F065FE014601980491012100F0E3
:1000A0005FFE014601980391812100F059FE029004
:1000B000049820B1FFE7049910208871FFE70398A6
:1000C00028B1FFE703994FF400708880FFE702989A
:1000D00028B1FFE702994FF400708880FFE7059987
:1000E0004320088040F22C10C2F2000006B080BD10
:1000F00080B586B0059040F22C10C2F2000001904D
:10010000822100F02DFE014601980491012100F0AA
:1001100027FE014601980391812100F021FE029003
:10012000049820B1FFE7049910208871FFE7039835
:1001300020B1FFE7039940208880FFE7029820B1B3
:10014000FFE7029940208880FFE705994320088057
:1001500040F22C10C2F2000006B080BD80B590B015
:100160000E908DF837104FF4077002F057F80C908E
:100170000C9860B9FFE70E98D0F8D41200EB81011B
:100180000020C1F8C00202208DF83F00F0E00C987A
:100190004FF40771F0F7A1F90C980E99D1F8D42219
:1001A00001EB8201C1F8C0020E99D1F8D40201EB33
:1001B0008000D0F8C002C1F8BC020E98007C002874
:1001C00040D1FFE70E9840F20D01C2F20001079105
:1001D0000978022208924FF40073099301F0FAF9AA
:1001E0000799089A099B0E98097801F00F0101EB15
:1001F000810100EB810101200B9088840E9840F270
:100200000E01C2F200010A91097801F0E3F90A9A9D
:100210000B980E99127802F00F0202EB820201EBAA
:100220008201A1F864010E9840F20C01C2F20001B3
:10023000097801F00F0101EB810100EB8101102031
:10024000C8843EE00E9840F20D01C2F20001029116
:100250000978022203924023049301F0BBF902992A
:10026000039A049B0E98097801F00F0101EB8101BC
:1002700000EB81010120069088840E9840F20E0167
:10028000C2F200010591097801F0A4F9059A0698D7
:100290000E99127802F00F0202EB820201EB82014A
:1002A000A1F864010E9840F20C01C2F20001097835
:1002B00001F00F0101EB810100EB81011020C884E6
:1002C000FFE70E9840F20C01C2F20001009109789C
:1002D0000322082301F07EF900990E98097801F0B5
:1002E0000F0101EB810100EB8101012088840C9951
:1002F00000200190C1F804020E98D0F8D41200EB4F
:100300008100D0F8C4020068804701980C99C1F8B8
:1003100014020C99C1F818020C98D0F8040220B904
:10032000FFE702208DF83F0022E00E98007C70B9B4
:10033000FFE70E9840F20E01C2F2000109780C9A14
:10034000D2F804224FF4007301F06AF90CE00E9821
:1003500040F20E01C2F2000109780C9AD2F8042290
:10036000402301F05DF9FFE700208DF83F00FFE733
:100370009DF83F0010B080BD80B584B00290029817
:10038000D0F8D41200EB8100D0F8C002019002989E
:10039000D0F8D41200EB8100D0F8C00220B9FFE7FA
:1003A00003208DF80F0022E00298007C70B9FFE76F
:1003B000029840F20E01C2F200010978019AD2F8C7
:1003C00004224FF4007301F02BF90CE0029840F284
:1003D0000E01C2F200010978019AD2F804224023EA
:1003E00001F01EF9FFE700208DF80F00FFE79DF8F0
:1003F0000F0004B080BD000083B001900091009810
:1004000020B9FFE703208DF80B000BE0009801995D
:10041000D1F8D42201EB8201C1F8C40200208DF88A
:100420000B00FFE79DF80B0003B0704784B002900B
:1004300001910298D0F8D41200EB8100D0F8C002EC
:100440000090009820B9FFE703208DF80F0007E027
:1004500001980099C1F8040200208DF80F00FFE711
:100460009DF80F0004B0704785B00390029101928F
:100470000398D0F8D41200EB8100D0F8C0020090AD
:10048000009820B9FFE703208DF813000BE00298D5
:100490000099C1F8080201980099C1F810020020E3
:1004A0008DF81300FFE79DF8130005B070470000BA
:1004B00080B58AB0089007910898D0F8D41200EB64
:1004C0008100D0F8C002069000208DF81500ADF82C
:1004D00012008DF81100069820B9FFE703208DF86F
:1004E0002700C7E00798007800F0600001460391FC
:1004F00000285ED0FFE70398202840F0AE80FFE799
:100500000798C088002846D0FFE7079800780006C3
:10051000002823D5FFE70898D0F8D41200EB81001B
:10052000D0F8C4028368079A50780699D288984711
:100530000798C088082803D3FFE70720029003E04C
:100540000798C0880290FFE70298ADF81600089857
:100550000699BDF8162000F081F91BE00798407855
:10056000069981F800020798C0883F2804D8FFE761
:100570000798C088019002E040200190FFE70198B1
:10058000069981F801020898069991F8012200F075
:1005900037F9FFE70CE00898D0F8D41200EB81009F
:1005A000D0F8C40283680799487800229847FFE78B
:1005B0005BE007984078014600910B2844D80099E9
:1005C000DFE801F0064142424242424242421C32CE
:1005D000089890F89C02032807D1FFE708980DF1CE
:1005E0001201022200F03AF907E00898079900F09A
:1005F000F9F803208DF81100FFE72DE0089890F836
:100600009C02032807D1FFE708980DF1150101228C
:1006100000F024F907E00898079900F0E3F80320B8
:100620008DF81100FFE717E0089890F89C02032866
:1006300008D0FFE70898079900F0D4F803208DF858
:100640001100FFE708E007E00898079900F0CAF8F2
:1006500003208DF81100FFE707E00898079900F0E4
:10066000C1F803208DF81100FFE79DF811008DF807
:100670002700FFE79DF827000AB080BD80B584B051
:1006800002900298D0F8D41200EB8100D0F8C0029A
:10069000019001208DF803000298D0F8D41200EBED
:1006A0008100D0F8C00220B9FFE703208DF80F00C9
:1006B0002AE00198D0F8140208BBFFE70199012055
:1006C000C1F814020198D0F81002029A40F20D010C
:1006D000C2F200010B7803F00F0303EB830302EB7C
:1006E0008302906102980978019BD3F80822D3F81D
:1006F000103201F0F3F800208DF80300FFE79DF8B9
:1007000003008DF80F00FFE79DF80F0004B080BDD7
:1007100080B582B001908DF8031000208DF80200A2
:100720000198D0F8B8124A689DF80310904720B19C
:10073000FFE703208DF80200FFE79DF8020002B0FA
:1007400080BD000080B582B001900091019890F8C2
:100750009C02013802280ED8FFE700984088012843
:1007600008D1FFE701990020C1F8A402019800F028
:100770008FF8FFE704E00198009900F033F8FFE7F5
:1007800002B080BD82B001908DF80310002002B04D
:100790007047000082B001908DF80310002002B075
:1007A0007047000080B584B00390029101920398D5
:1007B000029A019B0021009100F032FF009804B0E2
:1007C00080BD000080B584B003900291019203982F
:1007D000029A019B0021009101F080F8009804B07A
:1007E00080BD000080B582B0019000910198802109
:1007F00001F02CF80198002101F028F802B080BD2A
:1008000080B584B003900291019203990320C1F84E
:10081000940201980399C1F8580101980399C1F80D
:100820005C010398029A019B0021009100F0F8FE00
:10083000009804B080BD000080B582B0019001999D
:100840000520C1F8940201980023009319461A4626
:1008500000F0E6FE009802B080BD000080B584B0D4
:1008600003900291019203990220C1F89402019829
:100870000399886101980399C8610398029A019BC2
:100880000021009101F02AF8009804B080BD00001A
:1008900080B582B0019001990420C1F894020198BA
:1008A0000023009319461A4601F018F8009802B088
:1008B00080BD000080B582B08DF8070000919DF8E2
:1008C000070060B9FFE7009A4CF29400C0F60100FF
:1008D00042F26411C2F2000100F0DEFA0BE0009A6D
:1008E0004CF29400C0F6010042F26411C2F2000121
:1008F00000F0D2FAFFE742F26410C2F2000002B048
:1009000080BD000082B08DF8070000910099122090
:10091000088040F27C10C2F2000002B07047000074
:1009200080B582B08DF8070000919DF8070060B98E
:10093000FFE7009A4CF28600C0F6010042F2641113
:10094000C2F2000100F0A8FA0BE0009A4CF2860017
:10095000C0F6010042F26411C2F2000100F09CFAFC
:10096000FFE742F26410C2F2000002B080BD000056
:1009700082B08DF80700009100990420088040F2B1
:10098000A410C2F2000002B07047000080B584B02D
:100990008DF80F000291029A4CF29F00C0F6010000
:1009A00042F26411C2F20001019100F075FA01985F
:1009B00004B080BD80B582B08DF8070000919DF82D
:1009C000070060B9FFE7009A4CF2B200C0F60100E0
:1009D00042F26411C2F2000100F05EFA0BE0009AEC
:1009E0004CF2B200C0F6010042F26411C2F2000102
:1009F00000F052FAFFE742F26410C2F2000002B0C7
:100A000080BD000080B582B08DF80700009100998C
:100A10001A200880F1F74EFA40F2A810C2F2000046
:100A200002B080BD80B584B0039002910298C08866
:100A3000012805D0FFE703980299FFF7D3FE21E0D4
:100A4000039890F89C12481E0191022804D3FFE7F6
:100A5000019803280AD00FE00399002088600398CA
:100A600000F108010122FFF7F9FE0AE00398011DD9
:100A70000122FFF7F3FE04E003980299FFF7B2FEAC
:100A8000FFE7FFE704B080BD80B588B0079006910E
:100A90000020ADF8160004908DF80F000698C0787D
:100AA000013801460291062800F21E810299DFE812
:100AB00011F0070011002E001B011B01E8000001CE
:100AC0000798D0F8B4120A68007C0DF1160190471F
:100AD000049013E10798007C60B9FFE70798D0F80D
:100AE000B802816A0DF1160088470490049902202B
:100AF00048700BE00798D0F8B802C16A0DF11600F3
:100B000088470490049902204870FFE7F6E00698B1
:100B1000807801460191052800F2A8800199DFE85C
:100B200001F0031E39546F8A0798D0F8B402406868
:100B300050B1FFE70798D0F8B4124A68007C0DF175
:100B400016019047049009E007980699FFF74AFEBE
:100B50009DF80F0001308DF80F00FFE790E0079837
:100B6000D0F8B402806850B1FFE70798D0F8B4120B
:100B70008A68007C0DF116019047049009E00798FF
:100B80000699FFF72FFE9DF80F0001308DF80F003A
:100B9000FFE775E00798D0F8B402C06850B1FFE7EE
:100BA0000798D0F8B412CA68007C0DF1160190477E
:100BB000049009E007980699FFF714FE9DF80F00CE
:100BC00001308DF80F00FFE75AE00798D0F8B40223
:100BD000006950B1FFE70798D0F8B4120A69007CA9
:100BE0000DF116019047049009E007980699FFF768
:100BF000F9FD9DF80F0001308DF80F00FFE73FE091
:100C00000798D0F8B402406950B1FFE70798D0F8D0
:100C1000B4124A69007C0DF116019047049009E076
:100C200007980699FFF7DEFD9DF80F0001308DF85B
:100C30000F00FFE724E00798D0F8B402806950B1B4
:100C4000FFE70798D0F8B4128A69007C0DF116010D
:100C50009047049009E007980699FFF7C3FD9DF8B7
:100C60000F0001308DF80F00FFE709E007980699A3
:100C7000FFF7B8FD9DF80F0001308DF80F00FFE77A
:100C80003CE00798007C48B9FFE70798D0F8B80225
:100C9000416B0DF116008847049009E0079806990A
:100CA000FFF7A0FD9DF80F0001308DF80F00FFE762
:100CB00024E00798007C60B9FFE70798D0F8B802F5
:100CC000016B0DF1160088470490049907204870C5
:100CD00009E007980699FFF785FD9DF80F000130A0
:100CE0008DF80F00FFE709E007980699FFF77AFDF6
:100CF0009DF80F0001308DF80F00FFE79DF80F0001
:100D000008B1FFE72AE00698C08818B3FFE7BDF8EE
:100D10001600C8B1FFE7BDF816000699C9888842D9
:100D200004DAFFE7BDF81600009003E00698C088DB
:100D30000090FFE70098ADF8160007980499BDF8F9
:100D40001620FFF78BFD04E007980699FFF74AFD90
:100D5000FFE703E00798FFF79BFDFFE708B080BDC2
:100D600080B586B005908DF813100598039005980E
:100D7000029000200190029948880978884227DD76
:100D8000FFE702980078ADF80200FFE7BDF8020027
:100D90000299498888421ADAFFE703980DF10201A7
:100DA00000F034F803900398407805280ED1FFE74F
:100DB00003980190019880789DF81310884201D122
:100DC000FFE704E000200190FFE7FFE7DEE7FFE731
:100DD000019806B080BD000083B0029000208DF81D
:100DE000070002980090FFE70098007848B1FFE7FD
:100DF0009DF8070001308DF8070000980130009041
:100E0000F2E79DF8070003B07047000083B002903E
:100E10000191029800900098027801990888104486
:100E2000088002980099097808440090009803B05F
:100E30007047000080B582B001900091019890F851
:100E40009C02013802281FD8FFE70098C0880228BA
:100E500005D0FFE701980099FFF7C4FC19E001995C
:100E60000120C8600198D0F8A40230B1FFE70199D1
:100E7000C86840F00200C860FFE7019800F10C016B
:100E80000222FFF7EBFC04E001980099FFF7AAFCAF
:100E9000FFE702B080BD000080B586B005900491E8
:100EA000039200208DF80B00059808B9FFE73DE09C
:100EB000059801900198FFF78FFF0146022000EB93
:100EC0004100039908800398007804999DF80B204D
:100ED00088549DF80B0001308DF80B0004999DF8A3
:100EE0000B20032088549DF80B0001308DF80B0077
:100EF000FFE701980078C8B1FFE7019800780499EE
:100F00009DF80B2088540198013001909DF80B004A
:100F100001308DF80B0004999DF80B2000208854B7
:100F20009DF80B0001308DF80B00E2E706B080BDA4
:100F300082B08DF8070000208DF806009DF80700AC
:100F400001460091032814D80099DFE801F0020659
:100F50000A0E00208DF806000FE003208DF8060031
:100F60000BE001208DF8060007E003208DF8060055
:100F700003E003208DF80600FFE79DF8060002B0AD
:100F80007047000080B584B0029001918DF8032075
:100F9000029820B9FFE703208DF80F0023E00299A3
:100FA0000020C1F8B8020299C1F8C4020299C1F840
:100FB000D002019828B1FFE701980299C1F8B40264
:100FC000FFE70299012081F89C029DF80300029935
:100FD0000870029800F020FA8DF802009DF80200D7
:100FE0008DF80F00FFE79DF80F0004B080BD0000F2
:100FF00080B582B001908DF8031000208DF80200BA
:101000008DF801000198D0F8C8029DF80310F3F79D
:1010100063FB8DF802009DF80200FFF789FF8DF851
:1010200001009DF8010002B080BD000080B582B0D3
:1010300001908DF8031000208DF802008DF801005A
:101040000198D0F8C8029DF80310F3F7F1FA8DF873
:1010500002009DF80200FFF76BFF8DF801009DF87C
:10106000010002B080BD000080B588B006908DF808
:10107000171004929DF81700002875D1FFE7069815
:10108000143003900698D0F8940202285DD1FFE74F
:1010900003998868C968884212D9FFE7039988686C
:1010A000CA68801A886006980499039A9268FFF7C4
:1010B00089FB0698002319461A4600F0B1FA43E06E
:1010C00003988168C06888421ED1FFE70399486889
:1010D000C968884218D3FFE7039840680699D1F899
:1010E0009812884210D2FFE706980022019211461A
:1010F000FFF768FB019B0698C0F8983206981946DE
:101100001A4600F08DFA1EE0069890F89C0203281B
:1011100011D1FFE70698D0F8B802C06850B1FFE7D8
:1011200006990020C1F8D4020698D0F8B812C96810
:101130008847FFE7FFE70698802100F087FB0698C5
:10114000FFF77AFBFFE7FFE700E0FFE7069890F87C
:10115000A00240B1FFE7069800F04EFC069900207F
:1011600081F8A002FFE740E006989DF8171041F0D3
:101170008001FFF707FB8DF80A009DF80A00FF28A1
:1011800032D0FFE79DF80A0070BBFFE7069890F8A1
:101190009C02032827D1FFE706989DF80A1000EB70
:1011A0008100D0F8B8024069E0B1FFE79DF80A007D
:1011B0000699C1F8D40206989DF80A1000EB810147
:1011C000D1F8B8124A699DF8171090478DF80B00B6
:1011D0009DF80B0028B1FFE79DF80B008DF81F006C
:1011E00007E0FFE7FFE7FFE7FFE700208DF81F00BC
:1011F000FFE79DF81F0008B080BD000080B58AB0F1
:1012000008908DF81F10069200208DF813009DF8AD
:101210001F00002840F08380FFE7089800F5AA70BF
:1012200005900898D0F89402032876D1FFE7059935
:101230008868C96888421DD9FFE705998868CA6827
:10124000801A88600898029006980390059988682B
:10125000C968884204D2FFE705988068019003E0DE
:101260000598C0680190FFE703990298019AFFF77B
:1012700099FA51E0089890F8AA0200F01F00014680
:10128000009140B1FFE70098012808D0FFE70098DF
:1012900002280CD013E000208DF8120013E008980B
:1012A00090F8AE12FFF776FA8DF812000BE008986E
:1012B00090F8AE12FFF766FA8DF8120003E00020F6
:1012C0008DF81200FFE79DF8120008BBFFE70898B1
:1012D00090F89C0203281AD1FFE708989DF8121095
:1012E00000EB8100D0F8B802006978B1FFE79DF803
:1012F00012000899C1F8D40208989DF8121000EB6A
:101300008101D1F8B81209698847FFE7FFE7FFE7D5
:101310000898FFF7BDFAFFE700E0FFE740E0089814
:101320009DF81F1001F07F01FFF72CFA8DF81200D5
:101330009DF81200FF2832D0FFE79DF8120070BB25
:10134000FFE7089890F89C0203281ED1FFE7089851
:101350009DF8121000EB8100D0F8B802806998B1B6
:10136000FFE79DF812000899C1F8D40208989DF88B
:10137000121000EB8101D1F8B8128A699DF81F1094
:1013800090478DF81300FFE7FFE79DF8130028B1A1
:10139000FFE79DF813008DF8270005E0FFE7FFE762
:1013A00000208DF82700FFE79DF827000AB080BDD8
:1013B00081B00090002001B07047000080B582B07D
:1013C000019000208DF803000199012081F89C0212
:1013D0000198D0F8B80268B1FFE70198D0F8B812C8
:1013E0004A680179904720B1FFE703208DF8030098
:1013F000FFE7FFE79DF8030002B080BD80B582B033
:1014000001908DF803100198D0F8C8029DF80310E0
:10141000F3F7C6F902B080BD80B584B0039003989D
:101420000078A8BBFFE7039944F2FC30C2F2000049
:101430000290C0F808150399C1F8C8024FF0A04106
:101440000160042141600222C260002101618261C9
:10145000C16101624162C1620163F3F75BFF18B1D0
:10146000FFE7F0F777FCFFE744F2FC30C2F2000040
:10147000019080210091F3F715F801980021402296
:10148000F3F71CF8009A01980121F3F717F8FFE72A
:10149000002004B080BD000084B002908DF80710D9
:1014A0000298D0F8C80200909DF8070000060028B6
:1014B0000ED5FFE700989DF8071001F07F0101EBC2
:1014C000C10100EB810090F83E008DF80F000DE0A7
:1014D00000989DF8071001F07F0101EBC10100EBBE
:1014E000810090F87E028DF80F00FFE79DF80F0055
:1014F00004B0704780B584B002908DF80710029850
:10150000D0F8D41200EB8100D0F8B80220B9FFE780
:1015100003208DF80F0020E0029890F89C02032829
:1015200017D1FFE70298D0F8D41200EB8100D0F871
:10153000B802006A60B1FFE70298D0F8D41200EB5D
:101540008101D1F8B8120A6A9DF807109047FFE7A9
:10155000FFE700208DF80F00FFE79DF80F0004B0B3
:1015600080BD000080B584B002908DF8071002980D
:10157000D0F8D41200EB8100D0F8B80220B9FFE710
:1015800003208DF80F0020E0029890F89C020328B9
:1015900017D1FFE70298D0F8D41200EB8100D0F801
:1015A000B802406A60B1FFE70298D0F8D41200EBAD
:1015B0008101D1F8B8124A6A9DF807109047FFE7F9
:1015C000FFE700208DF80F00FFE79DF80F0004B043
:1015D00080BD000080B584B003908DF80B108DF8AD
:1015E0000A20ADF8083000208DF807008DF80600BD
:1015F0000398D0F8C8029DF80B10BDF808209DF89C
:101600000A30F3F7DFF88DF807009DF80700FFF7C1
:101610008FFC8DF806009DF8060004B080BD000028
:1016200080B586B005908DF81310039202930020C8
:101630008DF807008DF806000598D0F8C8029DF8CF
:101640001310039A029BF3F733F98DF807009DF806
:101650000700FFF76DFC8DF806009DF8060006B048
:1016600080BD000080B586B0059000208DF8130085
:10167000059A012182F89C120599C1F894020599F6
:1016800048600599C1F8A402059981F8A00205985F
:10169000D0F8B802A0B1FFE70598D0F8B8024068CA
:1016A00068B1FFE70598D0F8B8124A680179904709
:1016B00020B1FFE703208DF81300FFE7FFE7FFE706
:1016C000059800220192402303931146FFF782FF01
:1016D000019A039B059901200290A1F864010598E5
:1016E000C0F8603105988021FFF774FF02990398D4
:1016F000059A9184059908629DF8130006B080BD93
:1017000081B00090009890F89C02042807D1FFE770
:10171000009890F89D02009981F89C02FFE7002054
:1017200001B0704780B582B00190019890F89C029A
:10173000032813D1FFE70198D0F8B80268B1FFE79A
:101740000198D0F8B802C06930B1FFE70198D0F82D
:10175000B812C9698847FFE7FFE7FFE7002002B03A
:1017600080BD000082B001908DF803109DF8030049
:1017700001990874002002B07047000080B582B063
:1017800001908DF8031000208DF802008DF8010003
:101790000198D0F8C8029DF80310F3F7ABFF8DF85D
:1017A00002009DF80200FFF7C3FB8DF801009DF8D1
:1017B000010002B080BD000080B584B003900291AA
:1017C000039800F2AA20029900F0AAF803990120D8
:1017D000C1F894020399B1F8B002C1F898020398D5
:1017E00090F8AA0200F01F000146009140B1FFE707
:1017F000009801280CD0FFE70098022810D017E0CD
:10180000039800F2AA2100F04FFA8DF8070019E0C2
:10181000039800F2AA2100F083FC8DF8070011E084
:10182000039800F2AA2100F0A5FA8DF8070009E05C
:10183000039890F8AA1201F0800100F007F88DF8E3
:101840000700FFE79DF8070004B080BD80B582B0B7
:1018500001908DF8031000208DF802008DF8010032
:101860000198D0F8C8029DF80310F3F765F88DF8D9
:1018700002009DF80200FFF75BFB8DF801009DF868
:10188000010002B080BD000080B582B00190002050
:101890008DF803008DF802000198D0F8C802F3F724
:1018A00065FF8DF803009DF80300FFF741FB8DF8FD
:1018B00002009DF8020002B080BD000081B00090DF
:1018C000009890F89C02009981F89D0200990420EC
:1018D00081F89C02002001B07047000080B586B0FE
:1018E00005908DF813100392029300208DF80700E5
:1018F0008DF806000598D0F8C8029DF81310039AD9
:10190000029BF3F789F88DF807009DF80700FFF7B1
:101910000FFB8DF806009DF8060006B080BD0000A4
:1019200080B584B0039002910298019001980078EC
:10193000039908700198013001900198007803998B
:1019400048700198013001900198FCF7F3FF03996A
:101950004880019801300190019801300190019870
:10196000FCF7E8FF03998880019801300190019805
:10197000013001900198FCF7DDFF0399C88004B0A5
:1019800080BD000080B584B0029001910020ADF8C8
:101990000200019820B9FFE703208DF80F0026E030
:1019A00001980299C1F8B8020298D0F8D41200EB5D
:1019B0008100D0F8B802C06A78B1FFE70298D0F889
:1019C000D41200EB8100D0F8B802C16A0DF1020018
:1019D00088470299C1F8D002FFE70299D1F8D802EE
:1019E0000130C1F8D80200208DF80F00FFE79DF804
:1019F0000F0004B080BD000081B00090002001B055
:101A00007047000080B584B00390029102988088EE
:101A1000B8BBFFE70298C08898BBFFE702984088F0
:101A20007F282ED8FFE70298807800F07F008DF89D
:101A30000700039890F89C02032805D1FFE703985C
:101A40000299FEF7CFFE1BE09DF80700039981F88D
:101A50009E0203989DF80710FFF790FE0398FEF78B
:101A600017FF9DF8070028B1FFE70399022081F8CE
:101A70009C0204E00399012081F89C02FFE7FFE744
:101A800004E003980299FEF7ADFEFFE704B080BDC5
:101A900080B582B001908DF8031000208DF802000F
:101AA0000198D0F8B80250B1FFE70198D0F8B81209
:101AB0000A689DF8031090478DF80200FFE79DF833
:101AC000020002B080BD000080B586B00490039192
:101AD00000208DF80B000398817842F26010C2F26A
:101AE000000001700078022808D3FFE704980399EA
:101AF000FEF778FE03208DF81700A0E0049890F818
:101B00009C0201460191022804D0FFE701980328B6
:101B10002FD07FE042F26010C2F20000007818B3CC
:101B2000FFE742F26011C2F200010878049A5060A7
:101B300004980978FFF7ACFF8DF80B009DF80B00B7
:101B400048B1FFE704980399FEF74CFE0499022080
:101B500081F89C0207E00498FEF79AFE049903209E
:101B600081F89C02FFE703E00498FEF791FEFFE78F
:101B700060E042F26010C2F20000007898B9FFE71E
:101B80000499022081F89C0242F26011C2F2000125
:101B90000878049A506004980978FEF7B9FD049813
:101BA000FEF776FE35E042F26010C2F200000078E7
:101BB00004994968884227D0FFE704980179FEF725
:101BC000A7FD42F26011C2F200010878049A506049
:101BD00004980978FFF75CFF8DF80B009DF80B0067
:101BE00068B1FFE704980399FEF7FCFD04980179BA
:101BF000FEF78EFD0499022081F89C0203E0049810
:101C0000FEF746FEFFE703E00498FEF741FEFFE71C
:101C1000FFE70FE004980399FEF7E4FD049842F211
:101C20006011C2F200010978FEF772FD03208DF801
:101C30000B00FFE79DF80B008DF81700FFE79DF8FC
:101C4000170006B080BD000080B582B00190009101
:101C500000984088012808D1FFE701990120C1F8C8
:101C6000A4020198FEF714FE13E0009840880228B1
:101C700009D1FFE700984079019981F8A002019805
:101C8000FEF706FE04E001980099FEF7ABFDFFE7C2
:101C9000FFE702B080BD000080B582B001900198DE
:101CA000FFF7F2FD02B080BD80B586B005900491CB
:101CB00000208DF80F000498007800F060000146C5
:101CC0000291A8B1FFE70298202804D0FFE702980C
:101CD000402846D1FFE70598D0F8D41200EB8101E7
:101CE000D1F8B8128A68049990478DF80F003DE04A
:101CF000049840780146019109282CD80199DFE821
:101D000001F01B252A202A0A052A160F0598049996
:101D1000FEF7BAFE24E005980499FFF773FE1FE072
:101D200005980499FFF7D0FE8DF80F0018E005988C
:101D30000499FEF777FE13E005980499FFF77AF807
:101D40000EE005980499FFF77FFF09E005980499D4
:101D5000FEF7F8FC04E005980499FEF743FDFFE761
:101D600004E005980499FEF73DFDFFE79DF80F009C
:101D700006B080BD80B58CB00B900A9100208DF824
:101D800021000A9880888DF823000A98007800F0D6
:101D9000600001460791B8B3FFE70798202805D0F7
:101DA000FFE70798402840F0B281FFE70B989DF8C5
:101DB0002310FEF7E7FC8DF822009DF82200FF2893
:101DC00021D0FFE79DF82200E8B9FFE79DF8220047
:101DD0000B99C1F8D4020B989DF8221000EB8100FA
:101DE000D0F8B802806868B1FFE70B989DF8221020
:101DF00000EB8101D1F8B8128A680A9990478DF8F2
:101E00002100FFE7FFE787E10A9840780146069145
:101E1000002800F0BD80FFE7069801284CD0FFE7BE
:101E20000698032840F06D81FFE70B9890F89C021C
:101E300001460591022804D0FFE70598032819D030
:101E400034E09DF8230078B1FFE79DF82300802857
:101E50000AD0FFE70B989DF82310FFF7F7FC0B98CB
:101E60008021FFF7F3FC04E00B980A99FEF7BAFC17
:101E7000FFE720E00A984088A0B9FFE79DF823001B
:101E800078B1FFE79DF8230080280AD0FFE70A9881
:101E9000C08830B9FFE70B989DF82310FFF7D6FCF8
:101EA000FFE7FFE70B98FEF7F3FC04E00B980A99B5
:101EB000FEF798FCFFE729E10B9890F89C02014699
:101EC0000491022804D0FFE70498032819D059E0B0
:101ED0009DF8230078B1FFE79DF8230080280AD001
:101EE000FFE70B989DF82310FFF7B0FC0B988021BB
:101EF000FFF7ACFC04E00B980A99FEF773FCFFE7D0
:101F000045E00A984088E0BBFFE79DF823004006C3
:101F100030B1FFE70B989DF82310FFF769F8FFE752
:101F20000B98FEF7B5FC0B989DF82310FEF72AFCE2
:101F30008DF822009DF82200FF2821D0FFE79DF8B0
:101F40002200E8B9FFE79DF822000B99C1F8D402FE
:101F50000B989DF8221000EB8100D0F8B802806841
:101F600068B1FFE70B989DF8221000EB8101D1F8D2
:101F7000B8128A680A9990478DF82100FFE7FFE7B9
:101F8000FFE704E00B980A99FEF72CFCFFE7BDE0A1
:101F90000B9890F89C0201460391022804D0FFE7B9
:101FA0000398032838D0A6E09DF8230050B1FFE73E
:101FB0009DF82300802805D0FFE70B980A99FEF7CB
:101FC00011FC9DE09DF82300000600280CD5FFE7DA
:101FD0000B989DF8231001F07F0101EB810100EBCC
:101FE0008100143002900CE00B989DF8231001F052
:101FF0007F0101EB810100EB810000F5AA700290E6
:10200000FFE7029809900999002008600B98099948
:102010000222FEF723FC73E09DF82300000600284F
:1020200012D5FFE70B989DF8231001F00F0101EB8B
:10203000810100EB8100808C28B9FFE70B980A9999
:10204000FEF7D0FB5CE012E00B989DF8231001F046
:102050000F0101EB810100EB8100B0F8640128B9A8
:10206000FFE70B980A99FEF7BDFB49E0FFE79DF8F3
:102070002300000600280CD5FFE70B989DF82310DD
:1020800001F07F0101EB810100EB81001430019030
:102090000CE00B989DF8231001F07F0101EB81010A
:1020A00000EB810000F5AA700190FFE7019809900C
:1020B0009DF8230028B1FFE79DF82300802804D174
:1020C000FFE70999002008600FE00B989DF82310A6
:1020D000FFF7E2F920B1FFE709990120086003E06A
:1020E000099900200860FFE7FFE70B980999022291
:1020F000FEF7B4FB04E00B980A99FEF773FBFFE7C9
:1021000004E00B980A99FEF76DFBFFE704E00B98DB
:102110000A99FEF767FBFFE79DF821000CB080BD30
:1021200080B584B00390029100208DF807000298DA
:10213000007800F060000146009140B1FFE7009890
:10214000202804D0FFE7009840285AD1FFE70398E1
:1021500090F89C02013802284DD8FFE702980079D8
:10216000012842D8FFE7039802990979FEF712FB8C
:102170008DF806009DF80600FF2825D0FFE79DF8A2
:10218000060008BBFFE703989DF8061000EB8100EE
:10219000D0F8B802806890B1FFE79DF80600039977
:1021A000C1F8D40203989DF8061000EB8101D1F824
:1021B000B8128A68029990478DF8070003E003205F
:1021C0008DF80700FFE703E003208DF80700FFE725
:1021D0000298C08840B9FFE79DF8070020B9FFE7E3
:1021E0000398FEF755FBFFE704E003980299FEF71A
:1021F000F9FAFFE704E003980299FEF7F3FAFFE724
:1022000004E003980299FEF7EDFAFFE79DF8070056
:1022100004B080BD81B0009001B0704781B00090E3
:1022200042F26430C2F2000001B0704784B0039003
:1022300002910398019002980078009002984078EB
:10224000012830D1FFE70298007800F00F0101204B
:1022500000FA01F20199D1F81C081043C1F81C08DA
:102260000198009900EB4110D0F800090004002803
:1022700018D4FFE70299C8686FF3DF20097940EAB4
:102280008140009A40EA8250019901EB4211D1F855
:102290000029104348F20002C1F200021043C1F8C5
:1022A0000009FFE72EE00298007800F00F010120FE
:1022B00000FA01F20199D1F81C0840EA0240C1F885
:1022C0001C080198009900EB4110D0F8000B0004A5
:1022D000002816D4FFE70299C8686FF3DF20097958
:1022E00040EA81400199009A01EB4211D1F8002B9C
:1022F000104348F20002C1F200021043C1F8000B83
:10230000FFE7FFE7002004B07047000082B00190B3
:10231000019800900099D1F8000940F2FF729043B3
:10232000C1F800090099D1F8040840F48070C1F8A0
:102330000408002002B070472DE9F04F91B00191E0
:10234000DDF88CB0DDF888A0DDF88490DDF88080C1
:102350001F9F1E9E1D9D1C9CDDF86CE0DDF868C073
:1023600001990199CDF840B0CDF83CA0CDF8389056
:10237000CDF834800C970B960A950994CDF820E09F
:10238000CDF81CC00693059204910390099801288A
:1023900022D1FFE70399886B20F48030886303998A
:1023A000C8684FF6BF72CFF6BD721040C86003997F
:1023B000C86820F44010C8601098012806D1FFE7D3
:1023C0000399C86840F48010C860FFE7039800F0E4
:1023D00031F88DF80B0019E00399C86840F040000F
:1023E000C860039800F026F88DF80B000D9830B9FE
:1023F000FFE70399886B40F48030886305E0039918
:10240000886B20F480308863FFE7FFE70798012896
:102410000BD1FFE70399886840F0060088600399B4
:10242000886840F020008860FFE79DF80B0011B03D
:10243000BDE8F08F83B0019000200090FFE7009886
:1024400001300090009840F64151C0F203018842EB
:1024500004D3FFE703208DF80B0028E0FFE7019885
:102460000069C00F0028EAD0FFE700200090019922
:10247000086940F001000861FFE700980130009012
:10248000009840F64151C0F20301884204D3FFE7AF
:1024900003208DF80B000AE0FFE701980069C007F0
:1024A0000028EAD1FFE700208DF80B00FFE79DF838
:1024B0000B0003B07047000084B0039002910398B2
:1024C000019002980078009002984078012845D148
:1024D000FFE70198009900EB4110D0F80009C00F08
:1024E000A8B1FFE70198009900EB4111D1F800096C
:1024F00040F00060C1F800090198009900EB41111B
:10250000D1F8000940F08040C1F80009FFE70298C7
:10251000007800F00F01012000FA01F3019AD2F8CF
:102520003C189943C2F83C180299097801F00F0150
:1025300000FA01F20199D1F81C089043C1F81C0877
:102540000198009900EB4111D1F8000947F600020B
:10255000CEF633421040C1F8000946E001980099D8
:1025600000EB4110D0F8000BC00FA8B1FFE70198B5
:10257000009900EB4111D1F8000B40F00060C1F868
:10258000000B0198009900EB4111D1F8000B40F0CD
:102590008040C1F8000BFFE70298007800F00F01BF
:1025A000012000FA01F3019AD2F83C1821EA034114
:1025B000C2F83C180299097801F00F0100FA01F203
:1025C0000199D1F81C0820EA0240C1F81C080198C2
:1025D000009900EB4111D1F8000B47F60002CEF64E
:1025E000F3721040C1F8000BFFE7002004B0704701
:1025F00082B00190019800900099D1F8000E20F06F
:102600000300C1F8000E0099D1F8040820F0020080
:10261000C1F80408002002B07047000082B00190A9
:10262000019800900099D1F8000E20F00300C1F845
:10263000000E0099D1F8040840F00200C1F8040827
:10264000002002B0704700002DE9F04F93B00191D7
:10265000DDF894B0DDF890A0DDF88C90DDF888808E
:10266000219F209E1F9D1E9CDDF874E0DDF870C048
:1026700001990199CDF848B0CDF844A0CDF840902B
:10268000CDF83C800E970D960C950B94CDF828E074
:10269000CDF824C0089307920691059000208DF88C
:1026A0001300059903910290FFE702980E280CD8B9
:1026B000FFE70598029900EB81010020C1F80401B1
:1026C000FFE7029801300290EFE71098B8B9FFE7F2
:1026D0000399D1F8040840F00200C1F804080599F4
:1026E000886B40F4001088630599886B20F4002003
:1026F00088630599886B20F4802088630AE0059937
:10270000886B20F4001088630599886B40F40020E2
:102710008863FFE703990020C1F8000E0399D1F800
:102720000008C1F800080B9801280ED1FFE70898AF
:1027300028B9FFE70598002100F038FF04E005986C
:10274000012100F033FFFFE704E00598032100F0CA
:102750002DFFFFE70598102100F05EFD20B1FFE797
:1027600001208DF81300FFE7059800F015FD20B15A
:10277000FFE701208DF81300FFE703990020C1F85F
:1027800010080399C1F814080399C1F81C080290B5
:10279000FFE70298069988423BD2FFE70398029927
:1027A00000EB4110D0F80009C00FB0B1FFE702986C
:1027B00048B9FFE70398029900EB41114FF0006020
:1027C000C1F8000908E00398029900EB41114FF0AD
:1027D0009040C1F80009FFE707E00398029900EB79
:1027E00041110020C1F80009FFE70398029900EBAE
:1027F00041110020C1F810090398029900EB411122
:102800004FF67F30C1F80809FFE7029801300290C7
:10281000BFE700200290FFE70298069988423BD26A
:10282000FFE70398029900EB4110D0F8000BC00FAE
:10283000B0B1FFE7029848B9FFE70398029900EBAF
:1028400041114FF00060C1F8000B08E003980299B5
:1028500000EB41114FF09040C1F8000BFFE707E09B
:102860000398029900EB41110020C1F8000BFFE72B
:102870000398029900EB41110020C1F8100B039856
:10288000029900EB41114FF67F30C1F8080BFFE7CA
:10289000029801300290BFE70399D1F8100820F4A4
:1028A0008070C1F8100805990020886105996FF0C3
:1028B00080404861099830B9FFE70599886940F080
:1028C00010008861FFE70599886943F60002C8F2A5
:1028D0003C02104388610C9830B1FFE70599886984
:1028E00040F008008861FFE71098012808D1FFE751
:1028F000059988690422C4F2000210438861FFE749
:102900009DF8130013B0BDE8F08F000081B0009077
:102910000099886820F001008860002001B07047AD
:1029200085B0049003918DF80B20049801900398D2
:102930000078009003984078012840F09580FFE7E8
:1029400003988069F8B9FFE70198009900EB4111FD
:10295000D1F810096FF3DC40C1F810090198009913
:1029600000EB4111D1F8100940F40020C1F8100922
:102970000198009900EB4111D1F810096FF3120092
:10298000C1F8100935E00198009900EB4111D1F828
:1029900010096FF31200C1F810090198009900EBBB
:1029A0004111D1F810096FF3DC40C1F81009039808
:1029B000C1688069884204D9FFE70399C8688861C3
:1029C000FFE70198009900EB4111D1F8100940F49C
:1029D0000020C1F81009039882696FF3DF42019863
:1029E000009900EB4111D1F810091043C1F810090A
:1029F000FFE79DF80B00012818D1FFE70398406915
:102A000048B1FFE7039840690199009A01EB421130
:102A1000C1F81409FFE70198009900EB4111D1F8C2
:102A2000000940F00440C1F800091CE00198009939
:102A300000EB4111D1F8000940F00440C1F8000951
:102A40000398806970B1FFE70398007800F00F01E8
:102A5000012000FA01F20199D1F834081043C1F8BD
:102A60003408FFE7FFE753E00198009900EB4111BC
:102A7000D1F8100B6FF31200C1F8100B01980099F8
:102A800000EB4111D1F8100B6FF3DC40C1F8100BD3
:102A90000398806920B1FFE70399C8688861FFE760
:102AA0000399C868C8610198009900EB4111D1F8F9
:102AB000100B40F40020C1F8100B0398C2696FF3AB
:102AC000DF420198009900EB4111D1F8100B10433F
:102AD000C1F8100B9DF80B0001280ED1FFE70398F9
:102AE000006948B1FFE7039800690199009A01EB7A
:102AF0004211C1F8140BFFE7FFE70198009900EBC2
:102B00004111D1F8000B40F00440C1F8000BFFE781
:102B1000002005B07047000086B004908DF80F10BB
:102B20000292049801900498006C0090009843F27F
:102B30000B01C4F6547188420BD3FFE70198D0F81B
:102B4000000BC00F20B1FFE700208DF817002EE02A
:102B5000FFE701990020C1F8100B0199D1F8100B83
:102B600040F40020C1F8100B0199D1F8100B40F08F
:102B70001800C1F8100B0199D1F8100B40F0C040BB
:102B8000C1F8100B9DF80F0001280CD1FFE7029847
:102B90000199C1F8140B0199D1F8000B40F0802085
:102BA000C1F8000BFFE700208DF81700FFE79DF844
:102BB000170006B07047000084B00390029103989C
:102BC000019002980078009002984078012820D166
:102BD000FFE70198009900EB4111D1F8000920F4BA
:102BE0000010C1F8000902980079032805D0FFE71A
:102BF0000298007902280BD1FFE70198009900EBB9
:102C00004111D1F8000940F08050C1F80009FFE7F8
:102C10001FE00198009900EB4111D1F8000B20F45E
:102C20000010C1F8000B02980079032805D0FFE7D7
:102C30000298007902280BD1FFE70198009900EB78
:102C40004111D1F8000B40F08050C1F8000BFFE7B4
:102C5000FFE7002004B0704784B00390029103980E
:102C6000019002980078009002984078012822D1C3
:102C7000FFE70198009900EB4110D0F80009C00F60
:102C800070B9FFE7009858B1FFE70198009900EB91
:102C90004111D1F8000920F08040C1F80009FFE798
:102CA0000198009900EB4111D1F8000940F400109F
:102CB000C1F8000921E00198009900EB4110D0F81B
:102CC000000BC00F70B9FFE7009858B1FFE70198FB
:102CD000009900EB4111D1F8000B20F08040C1F8C1
:102CE000000BFFE70198009900EB4111D1F8000BB0
:102CF00040F40010C1F8000BFFE7002004B070475B
:102D000080B588B0079006918DF817200798049039
:102D100006980078039006984078012840F00381D7
:102D2000FFE706988069F8B9FFE70498039900EB7C
:102D30004111D1F810096FF3DC40C1F81009049873
:102D4000039900EB4111D1F8100940F40020C1F8BB
:102D500010090498039900EB4111D1F810096FF3A1
:102D60001200C1F8100950E00498039900EB4111DA
:102D7000D1F810096FF31200C1F8100904980399F3
:102D800000EB4111D1F810096FF3DC40C1F81009D4
:102D90000698C168806908440138B0FBF1F1002051
:102DA000C1F6F87000EAC1420498039900EB4111A2
:102DB000D1F810091043C1F81009069882696FF321
:102DC000DF420498039900EB4111D1F81009104338
:102DD000C1F8100906980079012815D1FFE7049879
:102DE000039900EB4111D1F8100920F0C040C1F85F
:102DF00010090498039900EB4111D1F8100940F033
:102E00000050C1F81009FFE7FFE79DF817000128FF
:102E10003BD1FFE70698406948B1FFE70698406953
:102E20000499039A01EB4211C1F81409FFE70698CF
:102E3000007901281ED1FFE70498D0F80808C005E2
:102E400000280BD4FFE70498039900EB4111D1F857
:102E5000000940F00050C1F800090AE00498039905
:102E600000EB4111D1F8000940F08050C1F8000991
:102E7000FFE7FFE70498039900EB4111D1F800093F
:102E800040F00440C1F800094CE00498039900EBBD
:102E90004111D1F8000940F00440C1F8000906983A
:102EA0000079012813D0FFE70698806970B1FFE729
:102EB0000698007800F00F01012000FA01F2049951
:102EC000D1F834081043C1F83408FFE729E004982A
:102ED000D0F80808C00500280BD4FFE70498039930
:102EE00000EB4111D1F8000940F00050C1F8000991
:102EF0000AE00498039900EB4111D1F8000940F071
:102F00008050C1F80009FFE70798069B19691A78F5
:102F10001B8B9DF817C0EE46CEF800C000F036FCC3
:102F2000FFE7FFE79DE00498039900EB4111D1F81A
:102F3000100B6FF31200C1F8100B0498039900EB0B
:102F40004111D1F8100B6FF3DC40C1F8100B06985B
:102F50008069C0B9FFE70698C2686FF3DF42049842
:102F6000039900EB4111D1F8100B1043C1F8100B7D
:102F70000498039900EB4111D1F8100B40F40020A4
:102F8000C1F8100B2CE00698C1688069084401382C
:102F9000B0FBF1F0ADF80A000699C868BDF80A2048
:102FA0005043C861BDF80A100020C1F6F87000EA6D
:102FB000C1420498039900EB4111D1F8100B104362
:102FC000C1F8100B0698C2696FF3DF4204980399A9
:102FD00000EB4111D1F8100B1043C1F8100BFFE7C3
:102FE0009DF8170001280ED1FFE70698006948B147
:102FF000FFE7069800690499039A01EB4211C1F8B2
:10300000140BFFE7FFE70698007901281ED1FFE7C0
:103010000498D0F80808C00500280BD4FFE70498EE
:10302000039900EB4111D1F8000B40F00050C1F8BA
:10303000000B0AE00498039900EB4111D1F8000B52
:1030400040F08050C1F8000BFFE7FFE704980399B8
:1030500000EB4111D1F8000B40F00440C1F8000B27
:10306000FFE7002008B080BD85B0049003910020E8
:1030700002908DF80700049800900398407801288A
:103080003ED1FFE700980399097800EB4110D0F892
:103090000009C00F98B3FFE700980399097800EB87
:1030A0004111D1F8000940F00060C1F80009009812
:1030B0000399097800EB4111D1F8000940F08040F4
:1030C000C1F80009FFE7029801300290029842F22D
:1030D0001171884204D3FFE701208DF807000DE04D
:1030E000FFE700980399097800EB4110D0F8000938
:1030F00000F00040B0F1004FE5D0FFE7FFE73DE012
:1031000000980399097800EB4110D0F8000BC00F2C
:1031100098B3FFE700980399097800EB4111D1F8C3
:10312000000B40F00060C1F8000B0098039909788B
:1031300000EB4111D1F8000B40F08040C1F8000BCA
:10314000FFE7029801300290029842F21171884222
:1031500004D3FFE701208DF807000DE0FFE700989A
:103160000399097800EB4110D0F8000B00F0004003
:10317000B0F1004FE5D0FFE7FFE7FFE79DF807005C
:1031800005B0704781B000900099886840F0010058
:103190008860002001B0704783B00190002000904B
:1031A000FFE7009801300090009840F64151C0F2CE
:1031B0000301884204D3FFE703208DF80B0027E0CA
:1031C000FFE701980069C00F0028EAD0FFE7002060
:1031D0000090019910200861FFE7009801300090ED
:1031E000009840F64151C0F20301884204D3FFE742
:1031F00003208DF80B000BE0FFE70198006900F059
:1032000010001028E9D0FFE700208DF80B00FFE741
:103210009DF80B0003B0704784B00290019100202C
:103220000090FFE7009801300090009840F641516F
:10323000C0F20301884204D3FFE703208DF80F009A
:1032400029E0FFE702980069C00F0028EAD0FFE7F5
:103250000020009001988001203002990861FFE76A
:10326000009801300090009840F64151C0F20301EF
:10327000884204D3FFE703208DF80F000BE0FFE73F
:103280000298006900F020002028E9D0FFE7002024
:103290008DF80F00FFE79DF80F0004B070470000A5
:1032A00084B00390039802900298D0F8080800F0C8
:1032B00006000090009820B9FFE700208DF8070075
:1032C00010E00098022804D0FFE70098062804D1F7
:1032D000FFE702208DF8070003E00F208DF80700BC
:1032E000FFE7FFE79DF8070004B0704781B000904A
:1032F0000098406900F0010001B0704783B002906F
:10330000029801900198D0F8180800900198D0F820
:103310001C18009808400090BDF8000003B07047EA
:1033200083B00290029801900198D0F8180800909C
:103330000198D0F81C18009808400090BDF80200D1
:1033400003B0704786B005908DF813100598039070
:103350000398D0F8100801900398D0F83408009032
:1033600000989DF8131001F00F01C84000F0010112
:10337000019840EAC110019003989DF8131000EBEA
:103380004110D0F80809019908400290029806B04F
:103390007047000084B003908DF80B1003980190E3
:1033A00001989DF80B1000EB4110D0F8080B00902D
:1033B0000198D0F81418009808400090009804B0C4
:1033C0007047000082B00190019840690090019818
:1033D0008169009808400090009802B07047000092
:1033E00089B008900791ADF81A20089805900798C1
:1033F0000490BDF81A0080080190BDF81A0000F092
:103400000300ADF8020000200290FFE70298019946
:10341000884217D2FFE705984FF48051405804992D
:1034200008600498013004900498013004900498D6
:1034300001300490049801300490FFE702980130B5
:103440000290E3E7BDF8020008B3FFE70020029016
:1034500005984FF4805140580390FFE703989DF87A
:103460000810C900C8400499087002980130029001
:10347000049801300490BDF802000138ADF8020054
:10348000FFE7BDF802000028E8D1FFE7FFE7049856
:1034900009B0704780B586B004908DF80F100020F9
:1034A00002900499C86820F0C040C8609DF80F00E1
:1034B000012823D1FFE70499C86840F00050C86094
:1034C000FFE70120F0F78AFC029801300290FFE745
:1034D0000498FFF70BFF014600200129019007D057
:1034E000FFE702990020322938BF01200190FFE751
:1034F0000198C0070028E4D1FFE72AE09DF80F00FB
:1035000010BBFFE70499C86840F08040C860FFE73F
:103510000120F0F763FC029801300290FFE7049865
:10352000FFF7E4FE01460020009039B1FFE7029961
:103530000020322938BF01200090FFE70098C00723
:103540000028E5D1FFE703E001208DF817000CE02B
:10355000FFE70298322804D1FFE701208DF8170019
:1035600003E000208DF81700FFE79DF8170006B074
:1035700080BD000083B002908DF807100298009083
:103580000099D1F8000820F4FE60C1F800089DF809
:10359000070000F07F020099D1F8000840EA02100D
:1035A000C1F80008002003B07047000083B002900B
:1035B0008DF80710029800909DF807200099D1F827
:1035C00000081043C1F80008002003B07047000055
:1035D00084B0039002918DF807209DF8070002281F
:1035E00040F0B880FFE702984AF6C041C0F2D80127
:1035F00088420BD3FFE702984EF2BF11C0F2E401FC
:10360000884203D8FFE70F200090A2E002984EF214
:10361000C011C0F2E40188420BD3FFE7029842F2E6
:10362000FF31C0F2F401884203D8FFE70E2000907A
:103630008EE0029842F20041C0F2F40188420BD3BE
:10364000FFE7029847F27F31C0F20611884203D8A3
:10365000FFE70D2000907AE0029847F28031C0F237
:10366000061188420BD3FFE7029844F69F11C0F27F
:103670001A11884203D8FFE70C20009066E00298F8
:1036800044F6A011C0F21A1188420BD3FFE702984A
:1036900042F6FF41C0F23111884203D8FFE70B2008
:1036A000009052E0029842F60051C0F23111884277
:1036B0000BD3FFE702984AF23F41C0F24C11884217
:1036C00003D8FFE70A2000903EE002984AF240410A
:1036D000C0F24C1188420BD3FFE7029843F2FF512E
:1036E000C0F26E11884203D8FFE7092000902AE05B
:1036F000029843F20061C0F26E1188420BD3FFE7DB
:1037000002984AF61F31C0F2A611884203D8FFE79B
:103710000820009016E002984AF62031C0F2A61167
:1037200088420BD3FFE7029844F2FF71C0F2E81120
:10373000884203D8FFE70720009002E006200090AF
:10374000FFE7FFE7FFE7FFE7FFE7FFE7FFE7FFE749
:10375000FFE70AE09DF8070018B9FFE7092000908D
:1037600002E009200090FFE7FFE70399C86820F412
:103770007050C860009800F00F020399C86840EAD2
:103780008220C860002004B07047000080B588B077
:1037900084460A98CDF81CC006918DF81720ADF824
:1037A00014308DF8130007980390069802909DF846
:1037B000130048BBFFE7BDF81400033080080190F8
:1037C00000200090FFE70098019988421BD2FFE794
:1037D0000298006803999DF8172001EB02314FF41D
:1037E0008052885002980130029002980130029075
:1037F000029801300290029801300290FFE7009891
:1038000001300090DFE7FFE7002008B080BD000036
:10381000FFE7FEE70000000080B588B006908DF855
:103820001710049206980078CD2840F0A580FFE795
:103830000698807CDC2840F09F80FFE79DF8170009
:1038400038B9FFE70498403006991322ECF7A4FD3D
:10385000FFE7049890F8411043F66040C2F2000080
:1038600001900170049991F842104170049991F807
:1038700043108170049991F84410C1700168049A52
:103880001160049991F845100170049991F846105F
:103890004170049991F847108170049991F848108B
:1038A000C1700168049A5160049A92F84910C1F3FA
:1038B00000111172049A92F84910C1F3C0015172BB
:1038C000049A92F8491001F00701002918BF01215C
:1038D0009172049991F84A100170049991F84B1073
:1038E0004170049991F84C108170049991F84D1031
:1038F000C170006807F002FC41EC100B51EC100B9A
:103900009FED210B53EC102B0393029206F07EFFE8
:1039100041EC100B51EC100B06F09EFE0146019895
:10392000049AD160049991F84E100170049991F8AD
:103930004F104170049991F850108170049991F8DA
:103940005110C170006807F0D9FB029A039B41EC4B
:10395000100B51EC100B06F059FF41EC100B51EC21
:10396000100B06F079FE049908610499012081F892
:1039700054008DF81F0003E000208DF81F00FFE7C2
:103980009DF81F0008B080BD6666666666A64C405E
:1039900080B588B007900691059207980078A9280D
:1039A00040F01385FFE707984078532840F00D85D5
:1039B000FFE70798152104F01DFF002800F005859A
:1039C000FFE706991E2081F85200069901204870F1
:1039D000059807991522ECF7DFFC0598D0F802004E
:1039E0006FF3DF20A0F58060069948800598D0F835
:1039F0000200C0F3CA20A0F580600699888005986F
:103A0000D0F80600C0F34A00A0F580600699C8808F
:103A10000599D1F80200D1F80610800D40EA812006
:103A20006FF3DF20A0F58060069908810598D0F833
:103A30000600000B06994A8962F30400A0F50040D5
:103A400048810598D0F80600020B0699488962F370
:103A5000010048810598D0F806000699C0F380322D
:103A6000488920F0040040EA820048810598D0F897
:103A700006000699C0F3C032488920F0080040EAE9
:103A8000C200488105980089069900F00102488922
:103A900020F0100040EA021048810598D0F8060096
:103AA000C0F300720699087B00F0FE001044087312
:103AB0000598007C00F00300069991F83C20002155
:103AC000019100F089FC01990346069A92F83400AE
:103AD00000F00F0040EA031082F834000598007CE3
:103AE000C0F38100069A92F8382000F075FC019925
:103AF0000346069A92F8340003F00F0300F0F0003A
:103B0000184482F834000598007CC0F30110069A2E
:103B100092F8402000F060FC01990346069A92F862
:103B2000350003F00F0300F0F000184482F8350070
:103B30000598407C00F00100069A92F84C2000F0B5
:103B40004BFC01990346069A92F8440003F00F03D8
:103B500000F0F000184482F844000598407CC0F35F
:103B60008000069A92F84E2000F036FC0199034638
:103B7000069A92F8450003F00F0300F0F000184495
:103B800082F845000598407C5FEA51024FEA300018
:103B900000F00100069A92F84D2000F01DFC0199FA
:103BA0000346069A92F8440000F00F0040EA031022
:103BB00082F844000598407CC0F3C000069A92F851
:103BC0004F2000F009FC0246069991F8450000F0EC
:103BD0000F0040EA021081F84500069890ED040AB3
:103BE0000598B0F90A0001EE100AF8EEC10A9FED3F
:103BF000DE1A8DED021A00F017FC9DED021A0698F0
:103C000080ED040A069890ED070A0598B0F90C00BB
:103C100002EE100AF8EEC20A00F006FC9DED021A50
:103C2000069880ED070A069890ED0A0A0598B0F903
:103C30000E0002EE100AF8EEC20A00F0F5FB06983C
:103C400080ED0A0A069890ED040ADFEDC80ACDED72
:103C5000030A9FEDC71A8DED041A00F03DFCDDED5F
:103C6000030A9DED041A069880ED040A069890ED6B
:103C7000070A00F031FCDDED030A9DED041A0698F9
:103C800080ED070A069890ED0A0A00F025FC0698D8
:103C900080ED0A0A0598407CC0F30012069991F85D
:103CA000460000F0F000104481F84600069890F8B5
:103CB000460000F00F00012818D1FFE743F2117011
:103CC000C2F20000007888B9FFE7069A92F8501017
:103CD000012020EA010301F0FE01194482F850108E
:103CE00043F21171C2F20001087015E0069890F8D5
:103CF0004600000778B9FFE743F21170C2F20000F6
:103D00000078012807D1FFE743F21171C2F20001E8
:103D100000200870FFE7FFE70598437C069991F8BB
:103D20004600102202EA530200F00F00104481F80E
:103D30004600069890F846100120B0EB111F19D1EB
:103D4000FFE743F20B70C2F20000007890B9FFE782
:103D5000069A92F85010012020EA510301F0FD016B
:103D600041EA430182F8501043F20B71C2F20001A4
:103D7000087017E0069890F846100020B0EB111F6D
:103D80000FD1FFE743F20B70C2F200000078012868
:103D900007D1FFE743F20B71C2F200010020087067
:103DA000FFE7FFE70598407CC0F38012069991F881
:103DB000470000F0F000104481F84700069890F8A2
:103DC000470000F00F00012819D1FFE743F20F7000
:103DD000C2F20000007890B9FFE7069A92F85010FE
:103DE000012020EA910301F0FB0141EA830182F8FE
:103DF000501043F20F71C2F20001087015E00698EE
:103E000090F84700000778B9FFE743F20F70C2F25D
:103E100000000078012807D1FFE743F20F71C2F2DA
:103E2000000100200870FFE7FFE70598417C1020A3
:103E300000EAD102069991F8470000F00F00104403
:103E400081F84700069890F847100120B0EB111F49
:103E500019D1FFE743F20C70C2F20000007890B96C
:103E6000FFE7069A92F85010012020EAD10301F0F2
:103E7000F70141EAC30182F8501043F20C71C2F21B
:103E80000001087017E0069890F847100020B0EB8A
:103E9000111F0FD1FFE743F20C70C2F2000000784F
:103EA000012807D1FFE743F20C71C2F200010020A4
:103EB0000870FFE7FFE70598807C00F00102069993
:103EC00091F8480000F0F000104481F8480006988E
:103ED00090F8480000F00F00012819D1FFE743F2E5
:103EE0001070C2F20000007890B9FFE7069A92F8CD
:103EF0005010012020EA111301F0EF0141EA0311F3
:103F000082F8501043F21071C2F20001087015E0FF
:103F1000069890F84800000778B9FFE743F2107060
:103F2000C2F200000078012807D1FFE743F21071C8
:103F3000C2F2000100200870FFE7FFE70598827CCD
:103F4000069991F8480002F0020200F00F0040EAE2
:103F5000C20081F84800069890F848100120B0EBA4
:103F6000111F20D106E000BF0000FA43A69B44BB0E
:103F7000A69B443B43F20D70C2F20000007890B95A
:103F8000FFE7069A92F85010012020EA511301F041
:103F9000DF0141EA431182F8501043F20D71C2F281
:103FA0000001087017E0069890F848100020B0EB68
:103FB000111F0FD1FFE743F20D70C2F2000000782D
:103FC000012807D1FFE743F20D71C2F20001002082
:103FD0000870FFE7FFE70598827C069991F8490091
:103FE00002F0080200F00F0040EA420081F84900A8
:103FF000069890F849100120B0EB111F19D1FFE786
:1040000043F21470C2F20000007890B9FFE7069AFC
:1040100092F85010012080EAD11301F07F0141EAAB
:10402000C31182F8501043F21471C2F200010870FB
:1040300017E0069890F849100020B0EB111F0FD13F
:10404000FFE743F21470C2F200000078012807D1A4
:10405000FFE743F21471C2F2000100200870FFE78D
:10406000FFE70598807CC0F38002069991F849002B
:1040700000F0F000104481F84900069890F84900DB
:1040800000F00F00012819D1FFE743F20E70C2F2D1
:104090000000007890B9FFE7069A92F850100120CE
:1040A00020EA911301F0BF0141EA831182F8501018
:1040B00043F20E71C2F20001087015E0069890F804
:1040C0004900000778B9FFE743F20E70C2F2000022
:1040D0000078012807D1FFE743F20E71C2F2000118
:1040E00000200870FFE7FFE70598807CC0F300120E
:1040F000069991F84A0000F0F000104481F84A0057
:10410000069890F84A0000F00F00012818D1FFE748
:1041100043F21370C2F20000007888B9FFE7069AF4
:1041200092F85110012020EA010301F0FE01194428
:1041300082F8511043F21371C2F20001087015E0C9
:10414000069890F84A00000778B9FFE743F2137029
:10415000C2F200000078012807D1FFE743F2137193
:10416000C2F2000100200870FFE7FFE70598837C9A
:10417000069991F84A00102202EA530200F00F005B
:10418000104481F84A00069890F84A100120B0EBDC
:10419000111F19D1FFE743F20A70C2F20000007844
:1041A00090B9FFE7069A92F85110012020EA5103D6
:1041B00001F0FD0141EA430182F8511043F20A7116
:1041C000C2F20001087017E0069890F84A1000202B
:1041D000B0EB111F0FD1FFE743F20A70C2F20000EB
:1041E0000078012807D1FFE743F20A71C2F200010B
:1041F00000200870FFE7FFE70598807CC0F380127D
:10420000069991F84B0000F0F000104481F84B0043
:10421000069890F84B0000F00F00012819D1FFE735
:1042200043F21270C2F20000007890B9FFE7069ADC
:1042300092F85110012020EA910301F0FB0141EABC
:10424000830182F8511043F21271C2F2000108702A
:1042500015E0069890F84B00000778B9FFE743F2A5
:104260001270C2F200000078012807D1FFE743F284
:104270001271C2F2000100200870FFE7FFE7059805
:10428000817C102000EAD102069991F84B0000F0E1
:104290000F00104481F84B00069890F84B10012055
:1042A000B0EB111F19D1FFE743F20970C2F2000011
:1042B000007890B9FFE7069A92F85110012020EAA1
:1042C000D10301F0F70141EAC30182F8511043F232
:1042D0000971C2F20001087017E0069890F84B10BF
:1042E0000020B0EB111F0FD1FFE743F20970C2F2BB
:1042F00000000078012807D1FFE743F20971C2F2FC
:10430000000100200870FFE7FFE70598007C00F03F
:10431000030001280ED1FFE70699C86B0130C8637E
:104320000698C06BFB2804D3FFE706991420C863E6
:10433000FFE709E00598007C800720B9FFE70699B0
:104340000020C863FFE7FFE70598007CC0F3810009
:1043500001280ED1FFE70699886B01308863069823
:10436000806BFB2804D3FFE7069900208863FFE7F2
:104370000AE00598007C8008800720B9FFE70699CD
:1043800000208863FFE7FFE70598007CC0F3011079
:1043900001280ED1FFE70699086C013008640698E1
:1043A000006CFB2804D3FFE7069900200864FFE7B0
:1043B0000AE00598007C0009800720B9FFE706990C
:1043C00000200864FFE7FFE703E00699002048703B
:1043D000FFE708B080BD000086B0039102908DF821
:1043E00007200298039980F00100084390B9FFE785
:1043F0009DF80700142809DCFFE79DF8070001304D
:104400008DF8070001208DF8170009E002208DF8D3
:10441000170005E000208DF807008DF81700FFE772
:104420009DF8170006B0704780B588B08DED060A7C
:10443000CDED050A8DED041A4CF6CD40C3F64C7057
:1044400003904CF6CD40C3F64C6002909DED060AF9
:10445000F9F7FEFA8DED010A9DED050AF9F7F8FA74
:10446000B0EE401A9DED010A30EE410AF9F7F0FA7C
:104470009DED041AB4EE410AF1EE10FA11DBFFE7EC
:104480009DED050A9DED061A9FED122A21EE021AF6
:104490009FED0E2A20EE020A30EE010A8DED070A8A
:1044A00010E09DED050A9DED061A9FED082A21EE0C
:1044B000021A9FED072A20EE020A30EE010A8DED66
:1044C000070AFFE79DED070A08B080BDCDCC4C3F41
:1044D000CDCC4C3ECCCC4C3E83B08DED020ACDED24
:1044E000010A8DED001A9DED020A9DED001AB4EE51
:1044F000410AF1EE10FA0DDAFFE79DED020A9DED9B
:10450000011AB4EE410AF1EE10FA03DDFFE70020D4
:104510000290FFE79DED020A03B0704784B0DDF81A
:1045200014C0DDF810C0039002910192009304982A
:1045300090ED0E0AB1EE400A039880ED000A04984F
:1045400090ED100AB1EE400A039880ED010A04983C
:10455000C06B039988600198D0F86A000399C8601D
:104560000298806A03990861029890F82C000399D8
:1045700000F0010008750298006B039988610399A7
:1045800014200877059841F2CE41405E00EB4000D0
:10459000400000EE100AB8EEC00A039880ED080A49
:1045A000059841F23E71405E00EB4000400000EE95
:1045B000100AB8EEC00A039880ED090A009890F836
:1045C0004B100020B0EB111F0ED0FFE7009890F8C1
:1045D0005100C008C00738B9FFE743F22A71C2F2A0
:1045E000000102200870FFE7009991F84B3091F824
:1045F0005100082202EA530200F0F700104481F84B
:10460000510043F22A70C2F2000000780399487505
:1046100004B0704780B584B00290019102982C21BB
:10462000F6F7F2F98DF803009DF80300C00758B1C2
:10463000FFE702980199ECF713FE8DF802009DF850
:1046400002008DF80F0003E000208DF80F00FFE757
:104650009DF80F0004B080BD80B582B00190019834
:1046600044F66011C2F2000188420AD1FFE740F22D
:104670000040C4F202004FF480510122EFF7F6FD32
:10468000FFE702B080BD000080B582B001900198C4
:1046900044F66011C2F2000188420AD1FFE740F2FD
:1046A0000040C4F202004FF480510022EFF7DEFD1B
:1046B000FFE702B080BD000084B003900291039830
:1046C000006843F60001C4F20001884211D1FFE7FF
:1046D0000299D1F80600D1F80A10019100900298D1
:1046E000D0F8010040F20121884201D1FFE7FFE745
:1046F000FFE704B07047000080B582B001900198D8
:104700002C21F6F781F98DF803009DF8030090B194
:10471000FFE79DF80300C00730B1FFE701982C21A7
:104720000022F6F72BFA05E09DF8030001388DF81A
:104730000300FFE705E09DF8030001388DF8030052
:10474000FFE702B080BD000080B582B043F2747014
:10475000C2F2000001900198A821EBF7BEFE01997A
:10476000032008610199486101984CF2DA01C0F612
:1047700001018161019A43F62C00C2F20000D06170
:10478000019A4FF480601062019A00209062019AB1
:104790005062019AD062019A1166019A43F61C0197
:1047A000C2F200015166019A1021916601990867D1
:1047B0000199C86601994867BFF35F8F0090FFE7D2
:1047C00000980F280ED8FFE7009A4BF26C50C0F605
:1047D0000100801AC07B01998854FFE700980130DE
:1047E0000090EDE7BFF35F8F02B080BD84B003900F
:1047F0000398006902900398C0680190029801999B
:10480000884209D8FFE7039880680199401A029905
:1048100008440138009005E002990198C04308441B
:104820000090FFE7009804B07047000010B58CB00E
:10483000DDF83CC0DDF838C00B900A91099208936E
:104840000A98B0F1FF3F04DCFFE70A984042059068
:1048500002E00A980590FFE705980690012007906E
:10486000FFE706980999884209DBFFE7069809994E
:1048700090FBF1F00690079801300790F1E7089857
:104880000799884203D9FFE708980790FFE70E9839
:1048900070B1FFE70A98002806D4FFE79DF83C00B6
:1048A0004007002804D5FFE70E9801380E90FFE777
:1048B0009DF83C008007002803D5FFE7089858B30F
:1048C000FFE79DF83C00C00730BBFFE70E9810B330
:1048D000FFE7FFE70E990020049041B1FFE7079939
:1048E0000E9A0020914238BF01200490FFE70498FF
:1048F000C00778B1FFE70E9801380E900B98202181
:1049000000F050F90B98C068B0F1FF3F01DCFFE701
:1049100000E0DFE7FFE7FFE70B98C068002869D4F5
:10492000FFE70A98B0F1FF3F08DCFFE70A98404232
:104930000A900B982D2100F035F90CE09DF83C0011
:104940004007002805D5FFE70B982B2100F02AF936
:1049500000E0FFE7FFE70B98C068002849D4FFE7B5
:104960009DF83C00800700282ED5FFE79DF83C000D
:10497000C00748BBFFE7089830BBFFE70E9810B3AD
:10498000FFE7FFE70E990020039041B1FFE7079989
:104990000E9A0020914238BF01200390FFE7039850
:1049A000C00778B1FFE70E9801380E900B983021C0
:1049B00000F0F8F80B98C068B0F1FF3F01DCFFE7AA
:1049C00000E0DFE7FFE7FFE70B98C06800280FD49F
:1049D000FFE70B980A99099A089BDDF838C00F9CED
:1049E000EE46CEF80440CEF800C000F005F8FFE730
:1049F000FFE7FFE70CB010BD80B58CB0DDF83CC020
:104A0000DDF838C00B900A91099208930A98059036
:104A1000012006900490FFE705980999884209D380
:104A2000FFE705980999B0FBF1F005900498013073
:104A30000490F1E708980499884203D9FFE70898A1
:104A40000490FFE79DF83C00C007C0BBFFE70E984D
:104A5000A0B3FFE79DF83C008007002807D5FFE7DB
:104A6000089820B9FFE730208DF80F0003E02020E0
:104A70008DF80F00FFE7FFE70E990020029041B18B
:104A8000FFE704990E9A0020914238BF012002905E
:104A9000FFE70298C00780B1FFE70E9801380E903B
:104AA0000B989DF80F1000F07DF80B98C068B0F1DE
:104AB000FF3F01DCFFE700E0DEE7FFE7FFE70B98E1
:104AC000C06800286CD4FFE7FFE70898022804D3E9
:104AD000FFE70898013808900BE00A980699B0FBA8
:104AE000F1F0079007980999884201D2FFE705E0A5
:104AF000FFE70999069848430690E6E7FFE70A981A
:104B00000699B0FBF1F00790079806990A9A00FB06
:104B100011200A900B98079A4BF27D51C0F60101C3
:104B2000895C00F03FF80B98C068B0F1FF3F01DCF2
:104B3000FFE709E009990698B0FBF1F00690FFE75E
:104B400006980028DBD1FFE79DF83C00C00730B392
:104B5000FFE70E9810B3FFE7FFE70E9900200190E2
:104B600041B1FFE704990E9A0020914238BF01201D
:104B70000190FFE70198C00778B1FFE70E98013870
:104B80000E900B98202100F00DF80B98C068B0F142
:104B9000FF3F01DCFFE700E0DFE7FFE7FFE7FFE7BC
:104BA0000CB080BD80B584B003908DF80B100398D5
:104BB00080680190019801300399496888420FD8B4
:104BC000FFE79DF80B0003990968019A8854019842
:104BD0000130039988600399C8680130C860FFE715
:104BE000039841688068884215D1FFE703980168FF
:104BF00082680069F9F7B2FA03998968884205D09A
:104C0000FFE703994FF0FF30C86003E003990020ED
:104C10008860FFE7FFE704B080BD000080B58AB080
:104C2000099008910792002005900998C0680390A8
:104C3000FFE709980069049004980399884206D90F
:104C4000FFE704990398C0430844069008E00998D8
:104C500081680398049A801AC04308440690FFE7CD
:104C6000069809998968039A891A884203D2FFE74E
:104C70000698019005E0099880680399401A019010
:104C8000FFE70198069006980799884203D2FFE74C
:104C90000698009002E007980090FFE700980690C1
:104CA0000998406803990844029002980899069A66
:104CB000EBF772FB06990598084405900699089849
:104CC0000844089006990798401A07900699039897
:104CD00008440390039809998968884203D1FFE743
:104CE00000200390FFE7BFF35F8F03980999C86026
:104CF000FFE7079800289CD1FFE705980AB080BD20
:104D000080B588B00790069105920798C068039017
:104D1000079880680399401A029002980599884282
:104D200012D9FFE707984068039908440190019859
:104D30000699059AEBF730FBBFF35F8F039805994F
:104D400008440799C8601FE00298049007984068DB
:104D500003990844019001980699049AEBF71CFB0B
:104D600005980299401A04900798406801900198AC
:104D70000699029A1144049AEBF70EFBBFF35F8F7A
:104D800004980799C860FFE708B080BD82B041EC85
:104D9000100B8DED000B0198C00F02B070470000A2
:104DA00081B000EE100A00900098C00F01B070476B
:104DB00081B08DF803009DF9030000280ED4FFE7B1
:104DC0009DF9031001F01F02012090404A094EF2A4
:104DD0000011CEF2000141F82200FFE701B0704758
:104DE0004EF60C50CEF200000068C0F3022070476F
:104DF00082B08DF8070000919DF9070000280AD4C1
:104E0000FFE7009800019DF907104EF20042CEF234
:104E1000000288540BE0009800019DF8071001F093
:104E20000F014EF61452CEF200028854FFE702B092
:104E30007047000083B00290029800F007000090D5
:104E40004EF60C51CEF200010868019001984FF621
:104E5000FF02104001900198009A40EA02200022CF
:104E6000C0F2FA52104301900198086003B07047F5
:104E700080B582B001900091009843F63841C2F2AB
:104E80000001086001204860002088600198EDF76B
:104E900021F918B1FFE7ECF75DFFFFE70198EDF7A7
:104EA00079FB01980A21EDF7DFFA0198EDF71EFA78
:104EB00080B202B080BD000080B5A0B08DED030AC5
:104EC000CDED020A01909DED020AB5EE400AF1EE29
:104ED00010FA40F3A280FFE79DED030A9DED021A50
:104EE00080EE010A8DED0D0A00200C900B909DEDD7
:104EF0000D0AB5EE400AF1EE10FA09DAFFE70120DB
:104F00000C909DED0D0AB1EE400A8DED0D0AFFE704
:104F10009DED0D0AB7EE001AB4EE410AF1EE10FA5B
:104F200039DDFFE79DED0D1AB7EE000A80EE010AAC
:104F30008DED0D0A0D98109049F2A520CBF6045086
:104F40000F9001200E900E90FFE70E98092819DCB3
:104F5000FFE79DED100A9DED0F2A0E98C0F10901A3
:104F60004BF29050C0F6010000EB810090ED001A6A
:104F700020EE020A30EE010A8DED0F0A0E98013084
:104F80000E90E2E79DED0F1A9FEDD90A30EE410A2F
:104F90008DED0B0A30E00D98139049F2A520CBF669
:104FA00004501290012011901190FFE711980928E8
:104FB00019DCFFE79DED130A9DED122A1198C0F14F
:104FC00009014BF29050C0F6010000EB810090ED1A
:104FD000001A20EE020A30EE010A8DED120A119835
:104FE00001301190E2E79DED121A9DED0B0A30EEB3
:104FF000010A8DED0B0AFFE70C9838B1FFE79DED34
:105000000B0AB1EE400A8DED0B0AFFE70B980199F0
:10501000086000208DF81300BCE19DED020AB5EE9A
:10502000400AF1EE10FA80F28481FFE79DED030A59
:10503000B5EE400AF1EE10FA40F3A580FFE79DEDD2
:10504000030A9DED021A80EE010A8DED0A0A002086
:10505000099008909DED0A0AB5EE400AF1EE10FAAB
:1050600009DAFFE7012009909DED0A0AB1EE400A36
:105070008DED0A0AFFE79DED0A0AB7EE001AB4EEBD
:10508000410AF1EE10FA39DDFFE79DED0A1AB7EE9D
:10509000000A80EE010A8DED0A0A0A98169049F27C
:1050A000A520CBF604501590012014901490FFE732
:1050B0001498092819DCFFE79DED160A9DED152AC5
:1050C0001498C0F109014BF29050C0F6010000EBBA
:1050D000810090ED001A20EE020A30EE010A8DEDFB
:1050E000150A149801301490E2E79DED151A9FED12
:1050F000AB0A30EE410A8DED080A30E00A981990AB
:1051000049F2A520CBF60450189001201790179073
:10511000FFE71798092819DCFFE79DED190A9DEDB7
:10512000182A1798C0F109014BF29050C0F60100FF
:1051300000EB810090ED001A20EE020A30EE010A29
:105140008DED180A179801301790E2E79DED181AB7
:105150009DED080A30EE010A8DED080AFFE7099877
:1051600038B1FFE79DED080AB1EE400A8DED080A5F
:10517000FFE79DED080A9FED8B1A30EE010A0198BA
:1051800080ED000AD1E09DED030AB5EE400AF1EE94
:1051900010FA80F2A580FFE79DED030A9DED021A4B
:1051A00080EE010A8DED070A0020069005909DED26
:1051B000070AB5EE400AF1EE10FA09DAFFE701201E
:1051C00006909DED070AB1EE400A8DED070AFFE754
:1051D0009DED070AB7EE001AB4EE410AF1EE10FA9F
:1051E00039DDFFE79DED071AB7EE000A80EE010AF0
:1051F0008DED070A07981C9049F2A520CBF60450C4
:105200001B9001201A901A90FFE71A98092819DCC0
:10521000FFE79DED1C0A9DED1B2A1A98C0F10901BC
:105220004BF29050C0F6010000EB810090ED001AA7
:1052300020EE020A30EE010A8DED1B0A1A980130A9
:105240001A90E2E79DED1B1A9FED540A30EE410AD9
:105250008DED050A30E007981F9049F2A520CBF6A6
:1052600004501E9001201D901D90FFE71D980928F5
:1052700019DCFFE79DED1F0A9DED1E2A1D98C0F168
:1052800009014BF29050C0F6010000EB810090ED57
:10529000001A20EE020A30EE010A8DED1E0A1D985A
:1052A00001301D90E2E79DED1E1A9DED050A30EEDE
:1052B000010A8DED050AFFE7069838B1FFE79DED7D
:1052C000050AB1EE400A8DED050AFFE79DED050ADE
:1052D0009FED331A30EE010A019880ED000A23E0B9
:1052E000002038B9FFE70398FFF75AFD68B913E0CB
:1052F000DB0FC93F039805F001FF41EC100B51ECA7
:10530000100BFFF743FD38B1FFE7019940F6DB7062
:10531000CCF24900086006E0019940F6DB70C4F267
:1053200049000860FFE7FFE7FFE700208DF8130062
:1053300030E09DED020AB5EE400AF1EE10FA25D1FB
:10534000FFE79DED030AB5EE400AF1EE10FA0ADD23
:10535000FFE7019940F6DB70C3F6C97008600020D2
:105360008DF8130016E09DED030AB5EE400AF1EE4C
:1053700010FA0ADAFFE7019940F6DB70CBF6C97044
:10538000086000208DF8130004E0FFE7FC208DF892
:105390001300FFE79DF9130020B080BDDB0FC93F6C
:1053A000DB0F49C0DB0F494089B08DED080A9DED48
:1053B000080A9FED3C1A20EE010AB5EE001A30EE05
:1053C000010A8DED050A9DED050ABDEEC00A8DEDC1
:1053D000010A9DED050AB5EE400AF1EE10FA04DA75
:1053E000FFE7019801380190FFE79DED050A9DED6B
:1053F000011AB8EEC11A30EE410A8DED050A9DED95
:10540000050A9FED291A20EE010A8DED000A9DED97
:10541000000ABDEEC00A10EE100AADF81200BDF889
:105420001200B0F5007F0CDBFFE70020ADF81200A2
:105430009DED000A9FED1D1A30EE010A8DED000A68
:10544000FFE79DED000ABDF8120001EE100AB8EE6C
:10545000411A30EE410A8DED060ABDF812104BF2EA
:10546000B870C0F6010050F821100391BDF8121079
:1054700000EB8100406802909DED061AB7EE000A2D
:1054800030EE410A9DED032A9DED023A21EE031A0A
:1054900020EE020A30EE010A8DED070A9DED070AA3
:1054A00009B0704783F9223E00000044000000C4A8
:1054B00089B008900791069208984068059007986F
:1054C00040680490069840680390089800880799FF
:1054D0000988884215D1FFE70898408807994988CC
:1054E00088420ED1FFE7089800880699098888420B
:1054F00007D1FFE70898408806994988884204D078
:10550000FFE7FD208DF8030023E00899088849880B
:105510004843029002980190FFE70198A8B1FFE785
:105520000598011D059190ED000A0498011D049154
:1055300090ED001A30EE010A0398011D039180EDF1
:10554000000A019801380190E7E700208DF8030078
:10555000FFE79DF9030009B07047000083B0029097
:10556000ADF80610ADF804200093BDF806000299CE
:105570000880BDF8040002994880009802994860AC
:1055800003B07047BBB03990389139984068379074
:105590003898406836903998008834903998408817
:1055A00033900020329031902B90399908884988A7
:1055B00088420DD1FFE7389908884988884207D189
:1055C000FFE73998008838990988884204D0FFE7B6
:1055D000FD208DF8A300C8E23698359034982C90C1
:1055E000FFE72C9858B3FFE734982C99401A2A907B
:1055F000FFE72A9848B1FFE73599081D359000204C
:1056000008602A9801382A90F3E73599081D3590EB
:105610004FF07E5008602C9801382A90FFE72A98B6
:1056200048B1FFE73599081D3590002008602A9899
:1056300001382A90F3E72C9801382C90D1E700200C
:105640002990FFE729983399884280F05382FFE739
:1056500029982F90399948684988299A01FB022195
:1056600000EB810035903598006832902998309091
:10567000299801302D90FFE72D983499884225D242
:10568000FFE73999486849882D9A299B01FB023127
:1056900000EB810035903598006831909DED310A1E
:1056A000B0EEC00A9DED321AB0EEC11AB4EE410A56
:1056B000F1EE10FA05DDFFE72D9830903198329029
:1056C000FFE7FFE72D9801302D90D5E79DED320AD9
:1056D000B5EE400AF1EE10FA76D0FFE7309829993E
:1056E000884271D0FFE73998406825903998406822
:1056F000249039984088239023982999401A229021
:105700002F982399299A00FB0121259800EB81000D
:10571000259030982399299A00FB0121249800EBC9
:105720008100249000202790FFE727982299884243
:1057300013DAFFE7259800682690249800682599D9
:105740000A1D25920860269824990A1D2492086053
:10575000FFE7279801302790E7E7389840681F90C7
:10576000389840681E90389840881D901D981C906D
:105770002F981D9941431F9800EB81001F9030988E
:105780001D9941431E9800EB81001E90002021903E
:10579000FFE721981C99884213DAFFE71F980068F9
:1057A00020901E9800681F990A1D1F92086020987B
:1057B0001E990A1D1E920860FFE721980130219072
:1057C000E7E701202B90FFE72B9801280CD0FFE79B
:1057D0009DED320AB5EE400AF1EE10FA04D1FFE772
:1057E000FB208DF8EB00C5E19DED321AB7EE000A03
:1057F00080EE010A8DED320A399840681A90399886
:105800004088199019982999401A18902F98199939
:10581000299A00FB01211A9800EB81001A900020C0
:105820001B90FFE71B981899884210DAFFE79DED5F
:10583000321A1A98011D1A9190ED000A20EE010A01
:1058400080ED000AFFE71B9801301B90EAE73898CB
:1058500040681690389840881590159814902F98A5
:1058600015994143169800EB81001690002017907F
:10587000FFE717981499884210DAFFE79DED321A76
:105880001698011D169190ED000A20EE010A80ED98
:10589000000AFFE7179801301790EAE700202D90E3
:1058A000FFE72D982F99884280F08B80FFE7399988
:1058B000486849882D9A299B01FB023100EB810041
:1058C0003590359800683290399840681290399830
:1058D0004068119039984088109010982999401A82
:1058E0000F9012982D99109A514300EB810029993D
:1058F00000EB8100129011982F99109A514300EB00
:105900008100299900EB8100119000201390FFE79E
:1059100013980F99884217DAFFE79DED321A119814
:10592000011D119190ED002A1298011D129190ED28
:10593000000A21EE021A30EE410A80ED000AFFE76C
:10594000139801301390E3E7389840680D90389829
:1059500040680C90389840880B900B980A900D98EE
:105960002D990B9A514300EB81000D900C982F99C3
:105970000B9A514300EB81000C9000200E90FFE742
:105980000E980A99884217DAFFE79DED321A0C98B3
:10599000011D0C9190ED002A0D98011D0D9190EDC7
:1059A000000A21EE021A30EE410A80ED000AFFE7FC
:1059B0000E9801300E90E3E7FFE72D9801302D900F
:1059C0006FE72F9801302D90FFE72D98349988428A
:1059D00080F08B80FFE73999486849882D9A299B88
:1059E00001FB023100EB8100359035980068329060
:1059F00039984068089039984068079039984088ED
:105A0000069006982999401A059008982D99069AAB
:105A1000514300EB8100299900EB81000890079821
:105A20002F99069A514300EB8100299900EB8100E0
:105A3000079000200990FFE709980599884217DA36
:105A4000FFE79DED321A0798011D079190ED002A9E
:105A50000898011D089190ED000A21EE021A30EE1F
:105A6000410A80ED000AFFE7099801300990E3E759
:105A70003898406803903898406802903898408879
:105A800001900198009003982D99019A514300EBE1
:105A90008100039002982F99019A514300EB8100F5
:105AA000029000200490FFE704980099884217DADA
:105AB000FFE79DED321A0298011D029190ED002A38
:105AC0000398011D039190ED000A21EE021A30EEB9
:105AD000410A80ED000AFFE7049801300490E3E7F3
:105AE000FFE72D9801302D906FE7FFE729980130EF
:105AF0002990A7E500208DF8A3002B98012833D02A
:105B0000FFE79DED320AB5EE400AF1EE10FA2BD117
:105B1000FFE739984068379000202E90FFE72E98D5
:105B20003499339A5143884212D2FFE737982E991D
:105B300000EB810090ED000AB5EE400AF1EE10FA9C
:105B400001D0FFE704E0FFE72E9801302E90E6E752
:105B50002E983499339A5143884204D1FFE7FB20B1
:105B60008DF8A300FFE7FFE7FFE79DF8A3008DF89E
:105B7000EB00FFE79DF9EB003BB0704792B008AB3C
:105B80000093119010910F92119840680E90109808
:105B900040680D90119840680C90109840680B90E8
:105BA0000F9840680A9011980088ADF81E00109870
:105BB0004088ADF81C0011984088ADF81A0000200C
:105BC0000490BDF81E000390119840881099098830
:105BD00088420ED1FFE7119800880F990988884202
:105BE00007D1FFE7109840880F994988884204D070
:105BF000FFE7FD208DF807005EE0FFE70A980499B3
:105C000000EB81000990BDF81C00059010984068D9
:105C10000D90FFE7002008900C980E90BDF81A0038
:105C20000290FFE70298D8B1FFE700980E990A1D8D
:105C30000E9291ED000A0D9991ED002A90ED001A57
:105C400020EE020A30EE010A80ED000ABDF81C10B9
:105C50000D9800EB81000D90029801380290E1E769
:105C6000089809990A1D099208600598013805905D
:105C70000B98BDF81C10059A891A00EB81000D9055
:105C8000FFE705980028C5D1FFE70498BDF81C1070
:105C9000084404900C98BDF81A1000EB81000C9099
:105CA000039801380390FFE703980028A6D1FFE787
:105CB00000208DF80700FFE79DF9070012B070473C
:105CC00089B0089007910692089840680590079857
:105CD00040680490069840680390089800880799E7
:105CE0000988884215D1FFE70898408807994988B4
:105CF00088420ED1FFE708980088069909888842F3
:105D000007D1FFE70898408806994988884204D05F
:105D1000FFE7FD208DF8030023E0089908884988F3
:105D20004843029002980190FFE70198A8B1FFE76D
:105D30000598011D059190ED000A0498011D04913C
:105D400090ED001A30EE410A0398011D039180ED99
:105D5000000A019801380190E7E700208DF8030060
:105D6000FFE79DF9030009B0704700008AB0099071
:105D7000089109984068079008984068069009982B
:105D80000088ADF8120009984088ADF81000BDF801
:105D90001200029000200190099800880899498813
:105DA000884207D1FFE70998408808990988884206
:105DB00004D0FFE7FD208DF803002BE0FFE70698F5
:105DC000019900EB81000590BDF810000390FFE7FA
:105DD000039880B1FFE70798011D079100680599B6
:105DE0000860BDF81210059800EB8100059003983B
:105DF00001380390ECE701980130019002980138D6
:105E00000290FFE702980028D9D1FFE700208DF823
:105E10000300FFE79DF903000AB0704780B588B022
:105E200000208DF81E008DF81D00EAF753FE80203B
:105E30000490EAF7FFFF55200590EAF7FBFF05986D
:105E4000EAF7F8FF8DF81E00EAF73AFE9620069072
:105E5000EAF776FEEAF73EFE0498EAF7EBFF0598CC
:105E6000EAF7E8FF0598EAF7E5FF8DF81E00EAF784
:105E700027FE0698EAF764FEEAF72CFE7E20B6219C
:105E8000EAF7F0FFEAF71CFE5020EAF745FEEAF7D2
:105E900021FE0498EAF7CEFF0598EAF7CBFF0598B4
:105EA000EAF7C8FF8DF81E00EAF70AFE0698EAF73F
:105EB00047FEEAF70FFE0498EAF7BCFF0598EAF7F9
:105EC000B9FF0598EAF7B6FF8DF81E00EAF7F8FD6E
:105ED0000698EAF735FE9DF81E001E2804D0FFE75D
:105EE000FF208DF81F005CE000208DF81D00FFE70B
:105EF0009DF81D00052850DCFFE7EAF7EBFD9DF853
:105F00001D0000EB400240F2D410C2F200000390EA
:105F10008118805C4978EAF7A5FFEAF7D1FD962061
:105F20000290EAF70DFEEAF7D5FD03989DF81D10E3
:105F300001EB4101405C40F08000EAF77BFF552017
:105F40000190EAF777FF0198EAF774FF8DF81E00D9
:105F5000EAF7B6FD0298EAF7F3FD03999DF81E00F3
:105F60009DF81D2002EB42021144497888420DD071
:105F7000FFE79DF81D0000EB400140F2D410C2F293
:105F80000000084480788DF81F000AE0FFE79DF8C4
:105F90001D0001308DF81D00AAE700208DF81F00BC
:105FA000FFE79DF81F0008B080BD000080B586B0F7
:105FB000002002908DF816008DF81500EAF7A0FD7C
:105FC00002980DF115010391EAF722FFEAF78EFD21
:105FD00096200490EAF7B4FDEAF792FD029803993F
:105FE000EAF716FFEAF782FD0498EAF7A9FDEAF757
:105FF00087FD1420B621EAF735FFEAF777FD502038
:10600000EAF78AFDEAF77CFD02980399EAF700FFB8
:10601000EAF76CFD0498EAF793FDEAF771FD029840
:106020000399EAF7F5FEEAF761FD0498EAF788FDBF
:106030009DF815000F2804D0FFE7FF208DF817000A
:1060400053E000208DF81600FFE79DF816000528A4
:1060500047DCFFE7EAF754FD9DF8160000EB40022D
:1060600040F2E610C2F2000001908118805C49788D
:10607000EAF7F8FEEAF73AFD96200090EAF760FDAD
:10608000EAF73EFD01989DF8161001EB4101405CD6
:106090000DF11501EAF7BCFEEAF728FD0098EAF7D2
:1060A0004FFD01999DF815009DF8162002EB420264
:1060B0001144497888420DD0FFE79DF8160000EBA7
:1060C000400140F2E610C2F20000084480788DF8EA
:1060D00017000AE0FFE79DF8160001308DF8160062
:1060E000B3E700208DF81700FFE79DF8170006B012
:1060F00080BD000080B58AB00990ADF822100792EB
:1061000008200590002003900490BDF82210019112
:1061100002900998079A01A96B46ECF74DFB0AB06B
:1061200080BD000084B003908DF80B100192002018
:106130008DF803009DF80B0002282ED1FFE703988D
:106140000199C8700398000A039003980199887018
:106150000398000A0390039800F003008DF80300F1
:106160000398C0000390039800F0E0009DF803102E
:1061700008448DF803009DF8030008308DF80300F3
:106180009DF8030000F0EB00019948700398000AA5
:10619000039003980199087011E00199002088701C
:1061A0000199C870039840010390039801994870C1
:1061B0000398000A0390039801990870FFE704B060
:1061C0007047000084B08DF80F008DF80E108DF828
:1061D0000D208DF80C300020029001909DF80C00ED
:1061E00000F003008DF803009DF80C0040098DF8C5
:1061F00002009DF80D00C000019001989DF802106A
:106200000844019001988000019001989DF80310C6
:106210000844019001980002019001989DF80F1028
:106220000844019001980002019001989DF80E1019
:106230000844019001980290029804B07047000051
:1062400083B08DF80B008DF80A10002001909DF8A6
:106250000B00C000009000989DF80A1000EB511050
:10626000009000980190019803B0704780B582B00B
:10627000019000910199B1F84200A1F84000009806
:106280000178407840EA01200199A1F84200009885
:106290008178C07840EA012044F68A61C2F20001A8
:1062A000088000980179407940EA012043F6544182
:1062B000C2F200010880019941F65630A1F87A0037
:1062C0000199B1F84200B1F87A10411A43F64840FA
:1062D000C2F200000180B0F90000B0F5805F09DD76
:1062E000FFE743F64841C2F200010888A0F50050DC
:1062F000088013E043F64840C2F20000B0F9000005
:1063000010F5805F09DAFFE743F64841C2F2000169
:10631000088800F500500880FFE7FFE743F6484093
:10632000C2F20000B0F9000000EE100AB8EEC00A98
:106330009FED511A20EE010A019880ED1F0A019885
:10634000B0F94010B0F94200401A10F5805F07DA4A
:10635000FFE70199B1F880000130A1F8800011E059
:106360000198B0F94010B0F94200401AB0F5805FD2
:1063700007DDFFE70199B1F880000138A1F880003E
:10638000FFE7FFE70198B0F980200021B2F5FA4F4E
:106390000846C8BF012012F5FA4FB8BF01210843D3
:1063A00070B1FFE701990020A1F880000198B0F9D1
:1063B000421000EE101AB8EEC00A80ED1B0AFFE78B
:1063C0000199B1F84600A1F8440044F68A60C2F28F
:1063D0000000B0F9000048F21F51C5F2EB1150FB6C
:1063E00001F1480900EBD1700199A1F8460001982C
:1063F000B0F94410B0F946009FED200AF5F7B4FD5E
:106400000199A1F8460043F65440C2F20000B0F9E9
:10641000000000EE100AB8EEC00A9FED191A80EED7
:10642000010A019880ED130A0098807900EE100AA5
:10643000B8EE400A019880ED0F0A0098C07900EE8E
:10644000100AB8EE400A019880ED0E0A0198B0F9E2
:106450004210B0F98020520300EE102AB8EEC00AB4
:1064600001EE101AB8EEC11A30EE010ABDEEC00AF4
:1064700080ED210A02B080BD5839343D0000FA4356
:10648000CDCC4C4480B588B00790ADF81A108DED96
:10649000050ACDED040A8DED031ACDED021A9DED2E
:1064A000050A9FED251A20EE010ABDEEC00A10EE86
:1064B000100AADF806009DED040A20EE010ABDEEBB
:1064C000C00A10EE100AADF804009DED030A20EE9C
:1064D000010ABDEEC00A10EE100AADF802009DEDF3
:1064E000020A20EE010ABDEEC00A10EE100AADF855
:1064F00000009DF8070043F65642C2F200021070F9
:106500009DF8060050709DF8050090709DF80400FD
:10651000D0709DF8030010719DF8020050719DF835
:10652000010090719DF80000D0710798BDF81A1015
:10653000FFF7E0FD08B080BD0000A03A85B00490F0
:1065400004988169806A00EE101A01EE100A20EEAC
:10655000010AB5EE400AF1EE10FA40F39180FFE730
:106560000498806900EE100AB5EE400AF1EE10FAC8
:1065700007DDFFE70498806900EE100A8DED030A3D
:1065800008E00498806980F0004000EE100A8DED6C
:10659000030AFFE79DED030A0498406D01EE100A1F
:1065A000B4EE410AF1EE10FA01DCFFE768E004986E
:1065B000806900EE100AB5EE400AF1EE10FA07DD30
:1065C000FFE70498806900EE100A8DED020A08E0EA
:1065D0000498806980F0004000EE100A8DED020AF8
:1065E000FFE79DED020A0498016D406D01EE101A5F
:1065F00002EE100A31EE021AB4EE410AF1EE10FA80
:1066000039DCFFE704998869096D00EE101A8DEDF9
:10661000010A00EE100AB5EE400AF1EE10FA07DDAD
:10662000FFE70498806900EE100A8DED000A08E08B
:106630000498806980F0004000EE100A8DED000A99
:10664000FFE79DED010A9DED001A30EE410A049925
:10665000086B0A6D4B6D01EE103A30EE010A01EE47
:10666000102A80EE011A00EE100A20EE010A10EE48
:10667000100A086303E0049900200863FFE7FFE7BE
:1066800005B0704782B001900198816A006B00EEFE
:10669000101A01EE100A30EE010A43F66C40C2F205
:1066A000000080ED000A0198426A816AC06A00EE2B
:1066B000102A01EE101A30EE010A01EE100A30EE37
:1066C000010A43F67040C2F2000080ED000A90ED2E
:1066D000000AB5EE400AF1EE10FA09DDFFE743F6D5
:1066E0007040C2F2000090ED000A8DED000A0AE051
:1066F00043F67040C2F2000090ED000AB1EE400A8D
:106700008DED000AFFE79DED000A0198006C01EE97
:10671000100AB4EE410AF1EE10FA14DDFFE7019819
:106720008169806A00EE101A01EE100A20EE010A5B
:10673000B5EE400AF1EE10FA04DDFFE70199002002
:106740000863FFE7FFE743F66C40C2F2000090EDFC
:10675000000A0198406C01EE100AB4EE410AF1EE15
:1067600010FA07DDFFE70199002008630199486CE2
:106770008862FFE743F66C40C2F2000090ED000A29
:106780000198406C80F0004001EE100AB4EE410A1E
:10679000F1EE10FA09DAFFE7019900200863019988
:1067A000486C80F000408862FFE702B0704700004C
:1067B00081B000900098416B006C00EE101A01EE61
:1067C000100AB4EE410AF1EE10FA04DDFFE7009979
:1067D000086C4863FFE70098416B006C00EE101AEC
:1067E00080F0004001EE100AB4EE410AF1EE10FA1A
:1067F00006DAFFE70099086C80F000404863FFE785
:1068000001B0704781B000900098416B006C00EEC1
:10681000101A01EE100A9FED2B2A21EE021AB4EE97
:10682000410AF1EE10FA0EDBFFE70098006820F055
:10683000004000EE100A9FED241AB4EE410AF1EE7A
:1068400010FA01DAFFE73BE000980168006901EE09
:10685000101A00EE100A31EE400AB0EEC00AB0EE97
:10686000C11A80EE010A9FED191AB4EE410AF1EE49
:1068700010FA0DDDFFE70099D1F89920D1F89D00BD
:10688000013240F10000C1F89920C1F89D0006E0F6
:1068900000990020C1F89D00C1F89900FFE7009819
:1068A000D0F89910D0F89D0040F2F512891A70F1D5
:1068B000000005D3FFE70099012081F8A100FFE760
:1068C00001B070476F12833A17B7D1383333733F33
:1068D00081B000900099D1F808C08B69CA69D1F8DD
:1068E000900000EE10CA01EE103A02EE102A31EECE
:1068F000021AB0EE002A81EE021A20EE010A01EE21
:10690000100A20EE010A10EE100A086301B0704769
:1069100080B584B003A801900020ADF80A0043F6CA
:106920009C70C2F200000821FEF7A2FA014601980D
:10693000ADF80A10BDF80A1000EE101AB8EE400AC1
:1069400040F2D011C2F2000191ED001A20EE010ACE
:106950009FED041A20EE010A80ED000A90ED000A76
:1069600004B080BD5D74214184B00290ADF8061082
:10697000ADF80420029828B9FFE74FF6FF70ADF894
:106980000E0023E0FFE7BDF80600411EADF806103B
:10699000B8B1FFE70298411C029100788DF803001E
:1069A000BDF804109DF803004840C2B24BF2B85045
:1069B000C0F6010030F8120080EA1120ADF80400A2
:1069C000E1E7BDF80400ADF80E00FFE7BDF80E00EA
:1069D00004B070470000000080B590B0DDF848C0FA
:1069E0000E900D910C920B9343F67640C2F200008C
:1069F000007801280DD0FFE70C981299F4F700F900
:106A000043F67641C2F20001087000208DF83F0085
:106A100024E10C9841F2CE41405A0E99A1F84E0063
:106A20000E98B0F94C00B0F5805F08DDFFE70E99D5
:106A3000B1F84C00A0F50050A1F84C000FE00E9802
:106A4000B0F94C0010F5805F08DAFFE70E99B1F855
:106A50004C0000F50050A1F84C00FFE7FFE70E984E
:106A6000006A0C9941F2647288500E98C06A0C99C1
:106A700041F2F44288500D980078002840F081805F
:106A8000FFE70B9890ED0E0A43F2A060C2F20000FF
:106A9000049090ED071A31EE012A9FED751A20EE51
:106AA000010A30EE420A0C9841F26471084480ED0C
:106AB000000A0B9890ED110A20EE010A10EE100A60
:106AC00004F01CFB0246049803920A46039942EC28
:106AD000101B8DED080B90ED040A9FED661A20EE59
:106AE000011AB7EE000AFFEE000AF6F7BFFF10EE3C
:106AF000100A04F003FB0246049805920A46059921
:106B000042EC101B8DED060B90F8471001F00F00C2
:106B1000C0EB111000EE100AB8EEC00A10EE100A19
:106B200004F0ECFA41EC100B51EC100B9FED4E0B06
:106B300053EC102B04F01EF89DED060B53EC102BBC
:106B400041EC100B51EC100B04F0EAF99DED080B31
:106B500041EC110B53EC112B51EC100B03F0AEFD7B
:106B600041EC100B51EC100B03F076FD0C9941F247
:106B7000F442885043F67541C2F2000100200870CB
:106B8000FFE70C9941F6100008440B9A92ED0E0AAB
:106B90009FED371A8DED011A20EE010A41F2647261
:106BA0001144D1ED000AF5F703FC0C9941F6BA0047
:106BB00008440B9A92ED040A9FED2F1A8DED021AEC
:106BC00020EE010A41F644021144D1ED000AF5F726
:106BD000EFFB9DED011A0C9901F5AD500B9A92ED6A
:106BE000110A20EE010A41F2F4421144D1ED000AEB
:106BF000F5F7DEFB9DED021A0C9941F24A6008445C
:106C00000B9A92ED050A20EE010A41F2D45211448A
:106C1000D1ED000AF5F7CCFB0C9841F27E614158AA
:106C200044F6A060C2F2000001600C9941F6EE0249
:106C30008958416090ED000A43F6E470C2F200000A
:106C400040F2FE31DFED0D1AF0EE610AB0EE611A8E
:106C5000FFF718FC01208DF83F00FFE79DF83F008B
:106C600010B080BD00BF00BF66666666666606C07F
:106C7000610BB6419A99993E0000C842000000009D
:106C800080B582B08DED010A4FF07E5000909DEDF1
:106C9000010AF7F76BFEB0EE401A9DED000A80EE98
:106CA000010A8DED000A9DED000A02B080BD0000D2
:106CB00080B582B000200190EDF704FBF8F76AF888
:106CC000F4F726FBF4F7E2F9F4F77EF9F4F7A4F908
:106CD000F4F734FCF4F748FEF4F7ACFEF4F7C4F92B
:106CE000F4F77EFCF4F780FEF4F7A4FDF4F7ECF87B
:106CF000F4F72AF9F4F70AFEF4F74AFCF4F754FE25
:106D0000F4F7B6FCF4F754FDF4F742FA00F042F859
:106D1000FFE7FEE782B0ADF8060000200090BDF965
:106D20000600842807D0FFE7BDF906000099084453
:106D300003300090FFE7009802B0704780B584B040
:106D4000039003980290029818B1FFE7029801900F
:106D500002E001200190FFE7019801F04BFB0020C9
:106D600004B080BD80B586B005900491049803906E
:106D700005980290039818B1FFE70398019002E08C
:106D800001200190FFE70298019901F06BFB0020C0
:106D900006B080BD80B501F055FC002080BD00002C
:106DA000B0B590B00E900D910E98406938B3FFE7E2
:106DB0000E98806918B3FFE70E9801680891416842
:106DC0000B91016909910D990A91B0F90800FFF73B
:106DD000A1FF0899099A0A9B84460B98DDF838E0D0
:106DE000DEF81440DEF81850EE46CEF80850CEF823
:106DF0000440CEF800C002F04DFA0C9020E00E984E
:106E00000168049141680791018A05910D990691E5
:106E1000B0F90800FFF77EFF0499059A069B8446A7
:106E20000798EE460CACCEF80440CEF800C002F055
:106E3000E1F9012803D0FFE700200F9003E0FFE70E
:106E40000C980F90FFE70F9810B0B0BD80B584B0DC
:106E5000039002914BF23420C2F2000000680090CF
:106E600044F6B450C2F200000268002182F85210C9
:106E70000068043001F076F888B9FFE744F6B450B2
:106E8000C2F200000068C16A012000FA01F24AF66D
:106E9000DC61C2F2000108689043086000E0FFE78F
:106EA0000398013080B9FFE7029868B1FFE744F624
:106EB000B450C2F200000068011D4BF20C20C2F277
:106EC000000001F0F5F83DE00098039908440190B6
:106ED000019844F6B451C2F2000109684860019873
:106EE000009988420ED2FFE744F6C450C2F2000077
:106EF000006844F6B451C2F200010968043101F09F
:106F0000A1F81EE044F6BC50C2F20000006844F64E
:106F1000B451C2F200010968043101F093F80198FC
:106F20004BF29811C2F200010968884207D2FFE7CC
:106F300001984BF29811C2F20001086000E0FFE7EF
:106F4000FFE7FFE704B080BD80B582B0019001F09B
:106F5000D7F84AF6CC61C2F2000108680130086037
:106F600044F6B450C2F20000006898B9FFE70198F7
:106F700044F6B451C2F2000108604AF6CC60C2F295
:106F800000000068012803D1FFE700F0EBFA00E001
:106F9000FFE71CE04BF20020C2F200000068A0B93D
:106FA000FFE744F6B450C2F200000068C06A0199DD
:106FB000C96A884207D8FFE7019844F6B451C2F283
:106FC0000001086000E0FFE700E0FFE7FFE74AF6A6
:106FD000D861C2F200010868013008600198C16AF6
:106FE000012000FA01F24AF6DC61C2F200010868F1
:106FF000104308600199C86A00EB800244F6CC5047
:10700000C2F2000000EB8200043101F051F801F0FF
:10701000A3F84BF20020C2F200000068C8B1FFE7FD
:1070200044F6B450C2F200000068C06A0199C96A0F
:1070300088420CD2FFE74EF60451CEF200014FF029
:1070400080500860BFF34F8FBFF36F8F00E0FFE702
:1070500000E0FFE702B080BD80B584B001F050F8D9
:107060004BF23820C2F200000068002840D1FFE750
:107070004AF6E460C2F20000029000F0C3FF4AF654
:10708000F860C2F20000039000F0BCFF0299039880
:1070900044F6B852C2F20002116044F6C851C2F27E
:1070A0000001086069460020086044F6C542C2F24B
:1070B000000244F66853C2F200030A20102101F0D6
:1070C0008DFC01464BF23820C2F2000001600068DE
:1070D00060B1FFE74BF23820C2F2000000684CF2CA
:1070E000CD01C0F6010101F029F900E0FFE700E061
:1070F000FFE701F031F804B080BD000080B582B038
:10710000FFE74AF6D060C2F20000006808B3FFE76C
:1071100000F0F6FF4BF22020C2F20000C068C06809
:1071200001900198043000F01DFF4AF6CC61C2F2D4
:1071300000010868013808604AF6D061C2F2000117
:1071400008680138086001F007F8019800F08CF831
:10715000D7E702B080BD000080B582B001900091F9
:107160000198006CB8B1FFE70199C8680A6C104437
:10717000C86001988168C068884204D3FFE701991C
:107180000868C86000E0FFE70098019AD168126CB7
:10719000E9F702F9FFE702B080BD000080B586B0D4
:1071A000059004910392002002900598806B019055
:1071B0000598006C78B9FFE70598006848B9FFE7C3
:1071C0000598806802F0D0F9029005990020886047
:1071D00000E0FFE741E00398B8B9FFE7059A04999A
:1071E0005068126CE9F7D8F8059948680A6C1044A1
:1071F0004860059948688968884204D3FFE7059983
:107200000868486000E0FFE726E0059A0499D06826
:10721000126CE9F7C1F80599C8680A6C801AC86051
:1072200005980168C068884206D2FFE7059988681A
:107230000A6C801AC86000E0FFE70398022809D1B1
:10724000FFE7019820B1FFE701980138019000E0C5
:10725000FFE700E0FFE7FFE7FFE70198013005994E
:107260008863029806B080BD80B582B00090009817
:1072700090F8510040B9FFE70098006B00F092FFD2
:10728000009800F08FFF1CE0009890F85100012852
:1072900004D1FFE7009800F085FF11E0009890F816
:1072A000510002280BD0FFE74FF0500080F3118807
:1072B000BFF36F8FBFF34F8F0190FFE7FEE7FFE74C
:1072C000FFE702B080BD000082B0019044F6B850E4
:1072D000C2F2000000680068B0FA80F0400901992D
:1072E00008600198006848B9FFE744F6B850C2F258
:1072F00000000068C0680068009002E00020009074
:10730000FFE7009802B0704784B04FF4C04000908F
:1073100044F6C260C2F2000001909DF804004007EC
:1073200088B1FFE7019807300190019820F007002D
:107330000190019A44F6C261C2F200010098891AD4
:1073400008440090FFE70198029002994BF2042054
:10735000C2F200000160002141600298009A1044CE
:107360000190019808380190019820F007000190E1
:10737000019A44F6C050C2F20000026002685160F7
:1073800002681160029903910199039A891A516068
:10739000006803990860039840684BF29411C2F2A8
:1073A00000010860039840684AF63871C2F2000193
:1073B00008604AF60C71C2F200014FF0004008600C
:1073C00004B0704780B582B00190FFE7FFF796FEEA
:1073D00044F6CC50C2F20000006802280CD3FFE74C
:1073E0004EF60451CEF200014FF080500860BFF31A
:1073F0004F8FBFF36F8F00E0FFE7E7E780B584B002
:10740000DDF818C00390029101928DF803300298C4
:1074100018B9FFE70698006003E001980699086034
:10742000FFE703980699C8630298069908640698CE
:10743000012101F05BFB04B080BD000080B588B085
:10744000DDF834C0DDF830C0DDF82CC0DDF828C030
:1074500006900591049203930C98006B049989009F
:10746000A522E9F710F80C98006B049900EB810055
:1074700004380290029820F0070002909DF808005E
:10748000400758B1FFE74FF0500080F31188BFF379
:107490006F8FBFF34F8F0790FFE7FEE70598F8B1B6
:1074A000FFE700200190FFE701980F2813D8FFE7BE
:1074B0000598019A805C0C99114481F83400059874
:1074C0000199405C08B9FFE705E0FFE7FFE7019895
:1074D00001300190E8E70C99002081F8430004E0B6
:1074E0000C99002081F83400FFE70A98072803D39D
:1074F000FFE706200A9000E0FFE70A980C99C862AF
:107500000A980C9948640C990020009088640C98A3
:10751000043000F08FFD0C98183000F08BFD0098BF
:107520000C9909610A99C1F107010C9A91610C99B2
:1075300049620C99C8640C9981F850000C9981F843
:10754000520002980699039A00F0D0FC0C9908604A
:107550000B9820B1FFE70C980B99086000E0FFE75B
:1075600008B080BD80B584B000200390FFE7039889
:10757000062810D8FFE7039800EB800144F6CC50B2
:10758000C2F2000000EB810000F03CFDFFE7039831
:1075900001300390EBE74AF61070C2F20000019050
:1075A00000F030FD4AF62470C2F20000029000F0B4
:1075B00029FD4BF2AC10C2F2000000F023FD4BF2AB
:1075C0002020C2F2000000F01DFD4BF20C20C2F2A0
:1075D000000000F017FD0199029844F6BC52C2F277
:1075E0000002116044F6C451C2F20001086004B008
:1075F00080BD000083B002904BF20420C2F2000074
:107600000190FFE7019800680299884205D2FFE7E0
:10761000FFE7019800680190F4E701980090009856
:107620000199496808440299884209D1FFE7029804
:10763000426801994868104448600198029000E04F
:10764000FFE7029800900098029949680844019960
:107650000968884220D1FFE70198006844F6C051CC
:10766000C2F20001096888420DD0FFE70198006866
:1076700042680299486810444860019800680068B0
:107680000299086007E044F6C050C2F200000068AA
:1076900002990860FFE704E0019800680299086019
:1076A000FFE701980299884204D0FFE70298019908
:1076B000086000E0FFE703B07047000080B586B0C7
:1076C000059004910392029300200190049805997B
:1076D00048600598006104980399884216D8FFE72E
:1076E00003980299401A05998969884203D3FFE7F4
:1076F0000120019009E044F6C850C2F20000006881
:107700000599043100F09EFCFFE717E00398029909
:10771000884208D2FFE704980299884203D3FFE722
:107720000120019009E044F6B850C2F20000006860
:107730000599043100F086FCFFE7FFE7019806B0E9
:1077400080BD000080B582B0019000F0D9FC0198A6
:10775000806B18B9FFE70120009002E00020009044
:10776000FFE700F0F9FC009802B080BD80B582B060
:10777000019000F0C5FC0198806B0199C96B8842AB
:1077800003D1FFE70120009002E000200090FFE716
:1077900000F0E2FC009802B080BD000008480068DC
:1077A000006880F308884FF0000080F3148862B608
:1077B00061B6BFF34F8FBFF36F8F00DF00BF0000D4
:1077C00008ED00E080B586B00490039144F6B8500F
:1077D000C2F200000068C068C068019001980430DF
:1077E00000F0C0FB019890F824004007002823D542
:1077F000FFE70198049B81691944039AFFF75EFF34
:10780000C0B1FFE70198049A694600230B6019464E
:1078100002F09EF80290029858B9FFE74FF050002E
:1078200080F31188BFF36F8FBFF34F8F0590FFE791
:10783000FEE700E0FFE707E0019991F8240000F07F
:10784000FE0081F82400FFE70198016A884706B02E
:1078500080BD000080B58EB0FFE74BF23820C2F249
:107860000000006807A9002201F05AFB002800F080
:10787000B880FFE70798B0F1FF3F17DCFFE707A8E4
:1078800004300290029858B9FFE74FF0500080F39F
:107890001188BFF36F8FBFF34F8F0D90FFE7FEE7A7
:1078A00002990A6848688968904700E0FFE70798EE
:1078B000002800F19580FFE7099806900698406936
:1078C00028B1FFE70698043000F04CFB00E0FFE72A
:1078D00005A800F0FBF8039007980190092800F232
:1078E0007D800199DFE801F00505053D4566050548
:1078F0003D45069991F8240040F0010081F82400EC
:107900000698089B81691944039AFFF7D7FE30B3A4
:10791000FFE70698016A8847069890F82400400718
:1079200000281AD5FFE70698089982690A44694633
:1079300000230B60194602F00BF80490049858B924
:10794000FFE74FF0500080F31188BFF36F8FBFF354
:107950004F8F0C90FFE7FEE700E0FFE700E0FFE756
:107960003DE0069991F8240000F0FE0081F8240023
:1079700035E0069991F8240040F0010081F82400D8
:107980000898069988610698806958B9FFE74FF012
:10799000500080F31188BFF36F8FBFF34F8F0B90B0
:1079A000FFE7FEE70698039B816919441A46FFF733
:1079B00085FE14E0069890F824008007002804D47F
:1079C000FFE7069800F0EEFB07E0069991F8240027
:1079D00000F0FE0081F82400FFE700E0FFE7FFE78A
:1079E0003BE70EB080BD000080B584B003900291EB
:1079F00000F098FE684600F069F801900098D8BB46
:107A0000FFE7029860B9FFE703980199884207D819
:107A1000FFE701F097FE03980199FFF7D3FE2AE0F4
:107A2000029858B1FFE744F6C850C2F2000000685F
:107A30000068B0FA80F040090290FFE74BF238206E
:107A4000C2F2000000680399019A891A029A00F0B4
:107A50009FFC01F077FE60B9FFE74EF60451CEF2CD
:107A600000014FF080500860BFF34F8FBFF36F8F5E
:107A700000E0FFE7FFE702E001F064FEFFE704B08B
:107A800080BD000081B044F6BC50C2F20000006826
:107A9000006840B9FFE74BF29811C2F200014FF0C5
:107AA000FF3008600FE044F6BC50C2F200000068EE
:107AB000C068C0680090009840684BF29811C2F20C
:107AC00000010860FFE701B07047000080B582B098
:107AD000019001F063FC0090009844F6B051C2F2AE
:107AE00000010968884206D2FFE700F011F8019909
:107AF0000120086003E0019900200860FFE700987A
:107B000044F6B051C2F200010860009802B080BD96
:107B100080B588B0FFE744F6B850C2F200000068B4
:107B2000006800284ED0FFE744F6B850C2F20000CB
:107B30000168C968096806910068C068C068039058
:107B40000398043000F00EFA0398016A88470398FE
:107B500090F824004007002832D5FFE706980399E3
:107B60008969084405900598069988420FD9FFE76E
:107B70000598039948600398006144F6B850C2F232
:107B8000000000680399043100F05CFA17E00398E4
:107B9000069A694600230B60194601F0D9FE02904F
:107BA000029858B9FFE74FF0500080F31188BFF3F7
:107BB0006F8FBFF34F8F0790FFE7FEE7FFE700E00F
:107BC000FFE7A8E744F6B852C2F20002106804903A
:107BD00044F6C851C2F200010868106004980860B9
:107BE00008B080BD83B00020009040F2CC10C2F2FB
:107BF00000000068013058B1FFE74FF0500080F3FB
:107C00001188BFF36F8FBFF34F8F0290FFE7FEE73E
:107C10004FF0500080F31188BFF36F8FBFF34F8F89
:107C20000190FFE7009808B9FFE7FBE703B0704752
:107C300080B584B00390FFE701A8FFF745FB0290F1
:107C400002980199FFF7D0FEFFF704FEF4E7000069
:107C500080B582B0019000F053FA019890F8450089
:107C60008DF80300FFE79DF90300012816DBFFE70D
:107C70000198406A58B1FFE70198243001F000FDF7
:107C800018B1FFE700F08AFC00E0FFE700E005E044
:107C90009DF8030001388DF80300E4E70199FF2007
:107CA00081F8450000F058FA00F02AFA019890F89F
:107CB00044008DF80200FFE79DF90200012816DB61
:107CC000FFE70198006980B1FFE70198103001F0EB
:107CD000D7FC18B1FFE700F061FC00E0FFE79DF87A
:107CE000020001388DF8020000E000E0E4E70199AD
:107CF000FF2081F8440000F02FFA02B080BD0000A0
:107D000080B58AB006900020029000F00BFD44F68A
:107D1000C050C2F20000006818B9FFE7FFF7F4FA9C
:107D200000E0FFE706984AF60C71C2F2000109680C
:107D3000084240F0C580FFE7069800B3FFE70698C9
:107D4000083006909DF818004007B0B1FFE706988C
:107D500020F00700083006909DF81800400758B141
:107D6000FFE74FF0500080F31188BFF36F8FBFF330
:107D70004F8F0990FFE7FEE700E0FFE700E0FFE735
:107D80000698002800F09A80FFE706984AF63871B6
:107D9000C2F200010968884200F29080FFE74BF2CE
:107DA0000420C2F20000049000680590FFE70598E7
:107DB0004168069A00209142019007D2FFE705989A
:107DC0000068002818BF01200190FFE70198C00754
:107DD00030B1FFE705980490059800680590E6E744
:107DE000059844F6C051C2F200010968884263D088
:107DF000FFE704980068083002900598006804992D
:107E00000860059840680699401A112821D3FFE7B9
:107E100005980699084403909DF80C00400758B156
:107E2000FFE74FF0500080F31188BFF36F8FBFF36F
:107E30004F8F0890FFE7FEE7059840680699401AC3
:107E4000039948600698059948600398FFF7D2FBAC
:107E500000E0FFE7059842684AF63870C2F2000079
:107E60000168891A016000684BF29411C2F20001A6
:107E7000096888420BD2FFE74AF63870C2F2000068
:107E800000684BF29411C2F20001086000E0FFE7C5
:107E90004AF60C70C2F20000026805994868104367
:107EA00048600599002008604BF2A011C2F2000161
:107EB00008680130086000E0FFE700E0FFE700E04D
:107EC000FFE701F03FFC9DF80800400758B1FFE7CD
:107ED0004FF0500080F31188BFF36F8FBFF34F8FC7
:107EE0000790FFE7FEE702980AB080BD83B00290DA
:107EF0000191009202980438029002994FF080702C
:107F00000860029804380290019820F0010002995C
:107F10000860029804380290029947F6E530C0F6EE
:107F200001000860029814380290009802990860D5
:107F300002980438029002996FF0020008600298DB
:107F400020380290029803B07047000080B582B0DC
:107F50000190002000900198FFF7D2FE0090009859
:107F600002B080BD82B00190019800690090019834
:107F7000416880688860019948688968486000980D
:107F800040680199884205D1FFE70198806800990F
:107F9000486000E0FFE70199002008610099086847
:107FA000013808600098006802B0704783B0029002
:107FB0000191009202994BF24010C2F20000086059
:107FC00001994AF63C70C2F20000086000998020D6
:107FD000086003B07047000083B0029001910092E6
:107FE00002994BF24060C2F20000086001994BF226
:107FF0003C20C2F20000086000994FF480700860D5
:1080000003B0704781B00090009901F1080048600A
:1080100000994FF0FF308860009901F10800C860B6
:10802000009901F10800086100990020086001B082
:108030007047000081B0009000990020086101B0F5
:108040007047000084B0039002910298006800908D
:108050000098013020B9FFE703980069019010E013
:10806000039808300190FFE7019840680068009984
:10807000884205D8FFE7FFE7019840680190F3E7E1
:10808000FFE701984068029948600298416888605B
:1080900001980299886002980199486003980299B2
:1080A0000861039908680130086004B07047000057
:1080B00083B0029001910298406800900098019965
:1080C00048600098806801998860019800998968E3
:1080D00048600198009988600298019908610299A6
:1080E00008680130086003B070470000DFF80C003A
:1080F000016841F4700101607047000088ED00E004
:1081000082B04FF0500080F31188BFF36F8FBFF340
:108110004F8F019040F2CC10C2F200000168013193
:1081200001600068012814D1FFE74EF60450CEF23A
:1081300000000068000658B1FFE74FF0500080F3E0
:108140001188BFF36F8FBFF34F8F0090FFE7FEE7FB
:10815000FFE702B07047000082B040F2CC10C2F2DC
:108160000000006858B9FFE74FF0500080F3118815
:10817000BFF36F8FBFF34F8F0090FFE7FEE740F232
:10818000CC10C2F20000016801390160006830B90A
:10819000FFE700200190019880F31188FFE702B00B
:1081A0007047000080B586B0039003980290039852
:1081B00000285CD0FFE702980838029002980190EE
:1081C000019840684AF60C71C2F200010968084241
:1081D0000BD1FFE74FF0500080F31188BFF36F8F92
:1081E000BFF34F8F0590FFE7FEE70198006858B195
:1081F000FFE74FF0500080F31188BFF36F8FBFF39C
:108200004F8F0490FFE7FEE7019840684AF60C7133
:10821000C2F200010968084227D0FFE70198006810
:1082200008BBFFE74AF60C70C2F200000268019931
:1082300048689043486000F075FA019842684AF631
:108240003871C2F200010868104408600198FFF715
:10825000D1F94BF2A411C2F20001086801300860A4
:1082600001F070FA00E0FFE700E0FFE7FFE706B08B
:1082700080BD00004EF21001CEF200010020086027
:108280004EF21802CEF20002106040F2E400C2F298
:108290000000006844F6D352C1F26202A0FB020261
:1082A0004FF0FF3000EB92104EF21402CEF20002BB
:1082B000106007200860704784B0EFF305800190DC
:1082C000019810281ED3FFE701984EF2F031CEF24C
:1082D0000001405C8DF803009DF803004AF6C2617E
:1082E000C2F20001097888420BDAFFE74FF0500034
:1082F00080F31188BFF36F8FBFF34F8F0390FFE7B9
:10830000FEE7FFE74EF60C50CEF20000006800F4E6
:10831000E0604AF6C461C2F20001096888420BD9E4
:10832000FFE74FF0500080F31188BFF36F8FBFF36A
:108330004F8F0290FFE7FEE704B0704783B00290D2
:10834000019100200090FFE7009807281DD8FFE763
:1083500000994BF2C010C2F2000050F8310070B921
:10836000FFE70198009A4BF2C011C2F2000141F8F8
:1083700032000298009A01EBC201486005E0FFE775
:10838000FFE7009801300090DEE703B0704700007F
:1083900080B584B003900291019203980090FFF79A
:1083A000AFFE009890F94400013028B9FFE700992A
:1083B000002081F84400FFE7009890F94500013063
:1083C00028B9FFE70099002081F84500FFE7FFF793
:1083D000C3FE0098806B38B9FFE7009824300299FB
:1083E000019A00F005F900E0FFE70098FFF730FC84
:1083F00004B080BD80B584B0029000200190029846
:10840000E0B1FFE74AF6D460C2F20000006858B15C
:10841000FFE74FF0500080F31188BFF36F8FBFF379
:108420004F8F0390FFE7FEE700F07CF902980021F0
:10843000FEF70CFD01F086F9019000E0FFE70198DE
:1084400060B9FFE74EF60451CEF200014FF08050C4
:108450000860BFF34F8FBFF36F8F00E0FFE704B0FA
:1084600080BD000080B58AB0069005910020029082
:10847000069858B9FFE74FF0500080F31188BFF31A
:108480006F8FBFF34F8F0990FFE7FEE7059858B94C
:10849000FFE74FF0500080F31188BFF36F8FBFF3F9
:1084A0004F8F0890FFE7FEE74AF6D460C2F2000063
:1084B000006858B1FFE74FF0500080F31188BFF318
:1084C0006F8FBFF34F8F0790FFE7FEE700F02AF9A9
:1084D0004BF23420C2F20000006801900698006858
:1084E000059908440490019806990968884210D2B9
:1084F000FFE7049806990968884208D2FFE70498C4
:108500000199884203D9FFE70120029000E0FFE7CC
:108510000FE0049806990968884205D3FFE704989C
:108520000199884203D9FFE70120029000E0FFE7AC
:10853000FFE7049806990860029838B1FFE70498AD
:108540000199401A0021FEF781FC00E0FFE701F0ED
:10855000F9F80390039860B9FFE74EF60451CEF2A4
:1085600000014FF080500860BFF34F8FBFF36F8F53
:1085700000E0FFE70AB080BD81B000904BF29C1094
:10858000C2F200000068009908604BF23420C2F289
:10859000000000680099486001B070474BF2946198
:1085A000C2F20001012008607047000080B584B06D
:1085B00002900191029858B9FFE74FF0500080F304
:1085C0001188BFF36F8FBFF34F8F0390FFE7FEE774
:1085D000029844F6B451C2F2000109681831FFF75D
:1085E00031FD01980121FEF731FC04B080BD00008F
:1085F00080B584B0029001910092029858B9FFE7CB
:108600004FF0500080F31188BFF36F8FBFF34F8F8F
:108610000390FFE7FEE7029844F6B451C2F200016E
:1086200009681831FFF744FD009820B1FFE74FF0CB
:10863000FF300190FFE701980099FEF707FC04B0B6
:1086400080BD000080B58AB00020039006900590A0
:1086500006A805A904AAFFF7A9FC039B049A05999B
:10866000DDF818C06846C0F808C04160036047F2F2
:10867000C530C0F601004CF2C801C0F6010100F09F
:1086800009FE01464BF23C10C2F200000160006896
:1086900018B1FFE70120079002E000200790FFE7F4
:1086A0000798012804D1FFE701F008F9079000E0DE
:1086B000FFE70798012823D1FFE74FF0500080F330
:1086C0001188BFF36F8FBFF34F8F09904BF2981152
:1086D000C2F200014FF0FF3008604BF20021C2F2FD
:1086E0000001012008604BF23421C2F20001002099
:1086F000086000F0C7F808B1FFE700E0FFE70FE00F
:108700000798013058B9FFE74FF0500080F3118807
:10871000BFF36F8FBFF34F8F0890FFE7FEE7FFE7D0
:108720000AB080BD4AF6D461C2F200010868013087
:108730000860704785B04AF6D460C2F20000006855
:1087400038B1FFE74BF29461C2F2000101200860EA
:108750004DE04BF29461C2F20001002008604AF63D
:10876000DC60C2F20000006804900498B0FA80F067
:108770008DF80F009DF80F00C0F11F0001900198C7
:1087800000EB800144F6CC50C2F2000050F821000A
:1087900058B9FFE74FF0500080F31188BFF36F8F97
:1087A000BFF34F8F0290FFE7FEE7019800EB8001D7
:1087B00044F6CC50C2F2000000EB8100009000991A
:1087C000486840684860009948680831884205D187
:1087D000FFE70099486840684860FFE700984068F4
:1087E000C06844F6B451C2F200010860FFE705B06A
:1087F0007047000080B584B00290ADF806100020EC
:10880000ADF80400029828B1FFE7BDF80600022881
:1088100004DCFFE700208DF80F002EE00298BDF881
:108820000610023940F2C212C2F20002128889B266
:10883000FEF79AF8ADF804009DF80410029ABDF80E
:108840000600104410F8022C0020914200900ED136
:10885000FFE79DF80500029ABDF80610114411F8D3
:10886000011C401AB0FA80F040090090FFE7009820
:1088700000F001008DF80F00FFE79DF80F0004B035
:1088800080BD000080B588B04EF60050CEF20000EA
:1088900000684CF27121C4F20F1188420BD1FFE73E
:1088A0004FF0500080F31188BFF36F8FBFF34F8FED
:1088B0000790FFE7FEE74EF60050CEF2000000689A
:1088C0004CF27021C4F20F1188420BD1FFE74FF038
:1088D000500080F31188BFF36F8FBFF34F8F069066
:1088E000FFE7FEE74EF20040CEF200000390017871
:1088F0000491FF21017000788DF80B009DF80B00AA
:1089000000F050004AF6C261C2F2000108704AF657
:10891000C461C2F2000107200860FFE79DF80B0068
:10892000000600280DD5FFE74AF6C461C2F2000137
:108930000868013808609DF80B0040008DF80B00B6
:10894000ECE74AF6C460C2F20000006803280BD0CE
:10895000FFE74FF0500080F31188BFF36F8FBFF334
:108960004F8F0590FFE7FEE74AF6C461C2F20001AF
:10897000086800020860086800F4E0600860049875
:108980004EF20041CEF2000108704EF62051CEF2B8
:108990000001086840F470000860086840F070400A
:1089A0000860FFF767FC40F2CC11C2F20001002022
:1089B00001900860FFF79AFB4EF63471CEF2000189
:1089C000086840F040400860FEF7E8FEFFF7B2FE9E
:1089D000FFF708F9019808B080BD000080B590B09D
:1089E00084461298CDF828C00991089207938DF813
:1089F0001B000A9858B9FFE74FF0500080F3118828
:108A0000BFF36F8FBFF34F8F0F90FFE7FEE707981D
:108A100058B9FFE74FF0500080F31188BFF36F8F14
:108A2000BFF34F8F0E90FFE7FEE7089900200390F9
:108A300031B1FFE70998B0FA80F040090390FFE7F1
:108A40000398C00758B1FFE74FF0500080F311883A
:108A5000BFF36F8FBFF34F8F0D90FFE7FEE70899CD
:108A60000020029031B9FFE70998002818BF0120C3
:108A70000290FFE70298C00758B1FFE74FF050009F
:108A800080F31188BFF36F8FBFF34F8F0C90FFE718
:108A9000FEE748200490049848280BD0FFE74FF0E9
:108AA000500080F31188BFF36F8FBFF34F8F0B908F
:108AB000FFE7FEE7049807980590059888B1FFE75F
:108AC0000599012081F846000A980999089A9DF8AD
:108AD0001B30DDF814C0EE46CEF800C0FEF78EFC69
:108AE00000E0FFE7059810B080BD000080B584B0BD
:108AF0000290019102980090009858B9FFE74FF05A
:108B0000500080F31188BFF36F8FBFF34F8F039036
:108B1000FFE7FEE7FFF7F4FA00990B68C86B0A6CF1
:108B200000FB023088600099002088630099086883
:108B3000486000990B68C86B0A6C013800FB023072
:108B4000C8600099FF2081F84400009981F8450031
:108B50000198D0B9FFE700980069A0B1FFE700983D
:108B6000103000F08DFD60B1FFE74EF60451CEF2FB
:108B700000014FF080500860BFF34F8FBFF36F8F3D
:108B800000E0FFE700E0FFE708E000981030FFF7A3
:108B900039FA00982430FFF735FAFFE7FFF7DCFADF
:108BA000012004B080BD000080B592B00C900B9104
:108BB0000A920993002008900C980490049858B9E0
:108BC000FFE74FF0500080F31188BFF36F8FBFF3C2
:108BD0004F8F1190FFE7FEE70B990020039039B902
:108BE000FFE70498006C002818BF01200390FFE7FE
:108BF0000398C00758B1FFE74FF0500080F3118889
:108C0000BFF36F8FBFF34F8F1090FFE7FEE7099917
:108C100000200229029007D1FFE70498C06B0138B9
:108C200018BF01200290FFE70298C00758B1FFE784
:108C30004FF0500080F31188BFF36F8FBFF34F8F59
:108C40000F90FFE7FEE700F08DFB0146002001904A
:108C500031B9FFE70A98002818BF01200190FFE70B
:108C60000198C00758B1FFE74FF0500080F311881A
:108C7000BFF36F8FBFF34F8F0E90FFE7FEE7FFE765
:108C8000FFF73EFA0498806B0499C96B884204D3BD
:108C9000FFE70998022834D1FFE704980B99099A55
:108CA000FEF77CFA07900498406AA0B1FFE70498A9
:108CB000243000F0E5FC60B1FFE74EF60451CEF23F
:108CC00000014FF080500860BFF34F8FBFF36F8FEC
:108CD00000E0FFE710E0079860B1FFE74EF60451AF
:108CE000CEF200014FF080500860BFF34F8FBFF30A
:108CF0006F8F00E0FFE7FFE7FFF72EFA01200D90EE
:108D000065E00A9828B9FFE7FFF726FA00200D90E2
:108D10005DE0089830B9FFE705A8FFF72DFC0120BA
:108D2000089000E0FFE7FFE7FFE7FFF715FAFFF71E
:108D3000F9FCFFF7E5F9049890F94400013028B9EF
:108D4000FFE70499002081F84400FFE7049890F9B8
:108D50004500013028B9FFE70499002081F845005B
:108D6000FFE7FFF7F9F905A80AA900F0C7F928BB42
:108D7000FFE70498FEF7FAFCC8B1FFE7049810304B
:108D80000A99FFF713FC0498FEF762FF00F0DAFC83
:108D900060B9FFE74EF60451CEF200014FF080506B
:108DA0000860BFF34F8FBFF36F8FFFE705E00498B4
:108DB000FEF74EFF00F0C6FCFFE707E00498FEF761
:108DC00047FF00F0BFFC00200D9000E058E70D9831
:108DD00012B080BD80B592B00B900A9109920893B1
:108DE0000B980590059858B9FFE74FF0500080F3B5
:108DF0001188BFF36F8FBFF34F8F0E90FFE7FEE731
:108E00000A990020029039B9FFE70598006C002804
:108E100018BF01200290FFE70298C00758B1FFE792
:108E20004FF0500080F31188BFF36F8FBFF34F8F67
:108E30000D90FFE7FEE7089900200229019007D175
:108E4000FFE70598C06B013818BF01200190FFE7CC
:108E50000198C00758B1FFE74FF0500080F3118828
:108E6000BFF36F8FBFF34F8F0C90FFE7FEE7FFF765
:108E700023FAEFF311814FF0500080F31188BFF314
:108E80006F8FBFF34F8F10910F9010980690059839
:108E9000806B0599C96B884204D3FFE708980228C4
:108EA00033D1FFE7059890F845008DF81300059839
:108EB000806B039005980A99089AFEF76FF99DF95F
:108EC00013000130B8B9FFE70598406A88B1FFE7A1
:108ED0000598243000F0D4FB48B1FFE7099820B191
:108EE000FFE709990120086000E0FFE700E0FFE7E5
:108EF00000E0FFE706E09DF813000130059981F8D6
:108F00004500FFE70120079002E000200790FFE7FF
:108F100006981190119880F31188079812B080BDBF
:108F200080B58EB0099008910792002006900998AC
:108F30000390039858B9FFE74FF0500080F3118871
:108F4000BFF36F8FBFF34F8F0D90FFE7FEE70899D8
:108F50000020019039B9FFE70398006C002818BF82
:108F600001200190FFE70198C00758B1FFE74FF0DB
:108F7000500080F31188BFF36F8FBFF34F8F0C90B9
:108F8000FFE7FEE700F0EEF901460020009031B95E
:108F9000FFE70798002818BF01200090FFE700981E
:108FA000C00758B1FFE74FF0500080F31188BFF3BE
:108FB0006F8FBFF34F8F0B90FFE7FEE7FFE7FFF7E1
:108FC0009FF80398806B0290029830B3FFE70398F4
:108FD0000899FEF7C1F8029801380399886303984D
:108FE0000069A0B1FFE70398103000F049FB60B1C1
:108FF000FFE74EF60451CEF200014FF080500860BA
:10900000BFF34F8FBFF36F8F00E0FFE700E0FFE794
:10901000FFF7A2F801200A906DE0079828B9FFE752
:10902000FFF79AF800200A9065E0069830B9FFE74C
:1090300004A8FFF7A1FA0120069000E0FFE7FFE790
:10904000FFE7FFF789F8FFF76DFBFFF759F8039883
:1090500090F94400013028B9FFE70399002081F816
:109060004400FFE7039890F94500013028B9FFE775
:109070000399002081F84500FFE7FFF76DF804A889
:1090800007A900F03BF830BBFFE70398FEF75AFB57
:10909000D0B1FFE7039824300799FFF787FA0398C8
:1090A000FEF7D6FD00F04EFB60B9FFE74EF6045127
:1090B000CEF200014FF080500860BFF34F8FBFF336
:1090C0006F8F00E0FFE705E00398FEF7C1FD00F0B9
:1090D00039FBFFE70EE00398FEF7BAFD00F032FB24
:1090E0000398FEF72FFB18B1FFE700200A9002E07B
:1090F000FFE7FFE763E70A980EB080BD80B588B050
:1091000005900491059858B9FFE74FF0500080F39F
:109110001188BFF36F8FBFF34F8F0790FFE7FEE714
:10912000049858B9FFE74FF0500080F31188BFF35F
:109130006F8FBFF34F8F0690FFE7FEE7FEF7E0FF6C
:109140004BF23420C2F200000068029002980599A8
:109150004968401A019044F6B450C2F20000006819
:1091600090F8520058B1FFE744F6B450C2F2000044
:109170000168002081F852000120039034E0049837
:109180000068013018B9FFE7002003902BE04BF294
:109190009C10C2F20000006805990968884209D055
:1091A000FFE7029805994968884203D3FFE7012049
:1091B000039017E001980499096888420BD2FFE7F1
:1091C000019A04990868801A08600598FFF7D4F995
:1091D0000020039005E0049900200860012003901E
:1091E000FFE7FFE7FFE7FFE7FEF7B6FF039808B0EA
:1091F00080BD000070B58CB0DDF844C0DDF840C023
:109200000B900A91ADF826200893BDF82600800047
:10921000FEF776FD0590059880B1FFE75420FEF734
:109220006FFD0790079820B1FFE70598079908633D
:1092300003E00598FEF7B6FFFFE702E00020079085
:10924000FFE70798F0B1FFE70798002680F8516024
:109250000B980A99BDF82620089BDDF840C0119CA8
:10926000079DEE46CEF80C60CEF80850CEF80440CC
:10927000CEF800C0FEF7E2F80798FDF765FE012082
:10928000069003E04FF0FF300690FFE706980CB021
:1092900070BD0000B0B58EB0DDF850C0DDF84CC038
:1092A000DDF848C00A90099108920793139858B9BD
:1092B000FFE74FF0500080F31188BFF36F8FBFF3CB
:1092C0004F8F0D90FFE7FEE7149858B9FFE74FF076
:1092D000500080F31188BFF36F8FBFF34F8F0C9056
:1092E000FFE7FEE754200490049854280BD0FFE7D2
:1092F0004FF0500080F31188BFF36F8FBFF34F8F93
:109300000B90FFE7FEE70498149820B3FFE713984B
:1093100008B3FFE714980690139806990863069916
:10932000022081F851000A980999089A079BDDF8F4
:1093300048C0069CEE460025CEF80C50CEF80840FA
:1093400005ACCEF80440CEF800C0FEF777F80698DA
:10935000FDF7FAFD02E000200590FFE705980EB04A
:10936000B0BD000081B04BF20020C2F200000068E6
:1093700018B9FFE7012000900DE04AF6D460C2F270
:109380000000006818B9FFE70220009002E000200A
:109390000090FFE7FFE7009801B0704781B04BF203
:1093A0003420C2F2000000680090009801B07047BD
:1093B00080B586B0002002904AF6D460C2F2000068
:1093C0000068002840F0C580FFE74BF23421C2F26C
:1093D000000108680130019001980860019858BBAD
:1093E000FFE744F6BC50C2F200000068006858B1C4
:1093F000FFE74FF0500080F31188BFF36F8FBFF38A
:109400004F8F0590FFE7FEE744F6BC52C2F2000220
:109410001068009044F6C451C2F200010868106060
:10942000009808604BF29C11C2F2000108680130FC
:109430000860FEF727FB00E0FFE701984BF2981168
:10944000C2F200010968884262D3FFE7FFE744F6F1
:10945000BC50C2F200000068006840B9FFE74BF260
:109460009811C2F200014FF0FF3008604FE044F65F
:10947000BC50C2F200000068C068C0680490049844
:109480004068039001980399884207D2FFE7039848
:109490004BF29811C2F20001086038E0FFE704982F
:1094A0000430FEF75FFD0498806A28B1FFE7049856
:1094B0001830FEF757FD00E0FFE70498C16A01206D
:1094C00000FA01F24AF6DC61C2F2000108681043BA
:1094D00008600499C86A00EB800244F6CC50C2F2DE
:1094E000000000EB82000431FEF7E2FD0498C06A40
:1094F00044F6B451C2F200010968C96A884203D334
:10950000FFE70120029000E0FFE7FFE79FE7FFE7AA
:1095100044F6B450C2F200000068C06A00EB80015B
:1095200044F6CC50C2F2000050F82100022803D3C8
:10953000FFE70120029000E0FFE74BF29460C2F2E7
:109540000000006818B1FFE70120029000E0FFE78B
:1095500007E04BF2A811C2F2000108680130086070
:10956000FFE7029806B080BD80B586B003900398EF
:109570000290002001900398002800F07D80FFE712
:10958000029844F6B451C2F20001096888420BD037
:10959000FFE74FF0500080F31188BFF36F8FBFF3E8
:1095A0004F8F0590FFE7FEE70298806C58B9FFE700
:1095B0004FF0500080F31188BFF36F8FBFF34F8FD0
:1095C0000490FFE7FEE70299886C013888640299ED
:1095D000C86A496C88424DD0FFE70298806C002829
:1095E00046D1FFE702980430FEF7BCFCD0B9FFE794
:1095F0000298C06A00EB800144F6CC50C2F2000031
:1096000050F8210068B9FFE70298C16A012000FA0A
:1096100001F24AF6DC61C2F200010868904308607A
:10962000FFE700E0FFE70299486CC8620299C86A48
:10963000C0F1070088610298C16A0120009000FA19
:1096400001F24AF6DC61C2F20001086810430860CA
:109650000299C86A00EB800244F6CC50C2F20000C6
:1096600000EB82000431FEF723FD0098019000E03A
:10967000FFE700E0FFE700E0FFE7019806B080BDEC
:1096800080B584B002900298C068C06801900198CB
:1096900058B9FFE74FF0500080F31188BFF36F8F88
:1096A000BFF34F8F0390FFE7FEE701981830FEF7F6
:1096B00059FC4AF6D460C2F200000068F0B9FFE736
:1096C00001980430FEF74EFC0198C16A012000FAAF
:1096D00001F24AF6DC61C2F200010868104308603A
:1096E0000199C86A00EB800244F6CC50C2F2000037
:1096F00000EB82000431FEF7DBFC09E0019800F189
:1097000018014BF2AC10C2F20000FEF7D1FCFFE7EB
:109710000198C06A44F6B451C2F200010968C96AEE
:10972000884208D9FFE7012000904BF29461C2F211
:109730000001086002E000200090FFE7009804B0FC
:1097400080BD000080B584B00020029001904AF6F0
:10975000D460C2F20000006858B9FFE74FF0500033
:1097600080F31188BFF36F8FBFF34F8F0390FFE734
:10977000FEE7FEF7C5FC4AF6D460C2F200000168BD
:10978000013901600068002840F09280FFE74AF646
:10979000CC60C2F200000068002800F08880FFE77B
:1097A000FFE74BF2AC10C2F200000068E0B3FFE745
:1097B0004BF2AC10C2F20000C068C0680290029880
:1097C0001830FEF7CFFB02980430FEF7CBFB02986F
:1097D000C16A012000FA01F24AF6DC61C2F200011E
:1097E0000868104308600299C86A00EB800244F6DA
:1097F000CC50C2F2000000EB82000431FEF758FCAE
:109800000298C06A44F6B451C2F200010968C96AFC
:10981000884207D3FFE74BF29461C2F200010120B6
:10982000086000E0FFE7BCE7029818B1FFE7FEF729
:1098300029F9FFE74BF2A810C2F20000006800907F
:109840000098E0B1FFE7FFE7FFF7B2FD38B1FFE7AF
:109850004BF29461C2F200010120086000E0FFE7D2
:10986000009801380090FFE700980028ECD1FFE74E
:109870004BF2A811C2F200010020086000E0FFE7EF
:109880004BF29460C2F20000006870B1FFE7012063
:1098900001904EF60451CEF200014FF08050086066
:1098A000BFF34F8FBFF36F8F00E0FFE7FFE700E0EC
:1098B000FFE7FEF751FC019804B080BD80B58AB087
:1098C00000200890FDF7C8FB4BF23820C2F20000E0
:1098D000006858B3FFE7002004900790069007A89F
:1098E00006A905AAFEF778FB049B059A0698DDF801
:1098F0001CC06946C1F808C048600220086047F6ED
:109900003140C0F601004CF2D201C0F60101FFF770
:10991000C1FC01464BF23C60C2F2000001600068ED
:1099200018B1FFE701200890FFE700E0FFE7089883
:1099300058B9FFE74FF0500080F31188BFF36F8FE5
:10994000BFF34F8F0990FFE7FEE708980AB080BD8C
:1099500080B58AB0DDF830C0089007910692059373
:1099600000200490089858B9FFE74FF0500080F3AA
:109970001188BFF36F8FBFF34F8F0990FFE7FEE7AA
:109980004BF23820C2F200000068A8B3FFE7079846
:1099900000900698019008980290079805281EDC10
:1099A000FFE7FFF7DFFC02280CD1FFE74BF238207E
:1099B000C2F2000000680C9A69460023FFF7F4F831
:1099C00004900BE04BF23820C2F2000000686946B8
:1099D00000231A46FFF7E8F80490FFE70BE04BF28C
:1099E0003820C2F200000068059A69460023FFF79C
:1099F000F1F90490FFE700E0FFE704980AB080BDAA
:109A000003B401984100009850EAC12018BF042017
:109A10004A0D18BF40F0010040F2FF72B2EB515FF7
:109A200008BF40F00200012808BF052002B07047BF
:109A30004100080218BF04200A0E18BF40F00100C0
:109A40004FF07F4232EA010108BF40F002000128D6
:109A500008BF05207047000010B54FF00E402DEDF7
:109A6000028BB0EE408A18EE104A00EB4400B0F1D1
:109A7000506F4AD84FF0FC40B0EB440F22D2B0EE0A
:109A8000C80AF7EE000A30EEC00AF6EE000A60EEF1
:109A9000208A18EE900A00F0B3FD01EE100A14F0CF
:109AA000004F1DBFDFED2D0A9FED2D0AB1EE411ACB
:109AB000DFED2C0A08BF9FED2C0AF8EE001A21EE0C
:109AC000218A05E0DFED290A68EE088AB0EE600A17
:109AD0009FED271ADFED271A30EE080A48EE811AAB
:109AE0009FED251A08EEA11ADFED241A48EE811A1F
:109AF0009FED231A08EEA11A68EE281ABDEC028B1E
:109B000001EE810A30EE200A10BD4FF0E440B0EBC8
:109B1000440F0CD918EE100AFFF78AFF042808BF7B
:109B200000F05AFDB0EE480ABDEC028B10BD4FF0BC
:109B30007F40B0EB440F07D2B0EE480ABDEC028B79
:109B4000BDE8104000F03CBD0120E6F7F5FCBDEC9F
:109B5000028BBDE8104000F037BD00000000C9BF17
:109B600022AAFDB90000C93F22AAFD390000000069
:109B700024FE1C3DC78AD83C1E67383D1B93993D87
:109B8000AFAA2A3E0000000010B52F499FED2C1B04
:109B90002DED020B84B0059820F000408842D8BF1C
:109BA0009DED040B2DDD2949884209D1049840B967
:109BB0004FF00100E6F7C0FC00F0E2FC06B010BD7B
:109BC00005DB9DED040B00F0CFFC06B010BD684630
:109BD0009DED040B00F0E0F810F0030004BF9DEDD4
:109BE000021B9DED000B0CD001280ED09DED021B39
:109BF0009DED000B022817D0012000F01DFC06B0DF
:109C000010BD00F0E5FA06B010BD9DED021B9DED04
:109C1000000B012000F010FC51EC100B00F00FFDC8
:109C200006B041EC100B10BD00F0D2FA51EC100B55
:109C300000F005FD06B041EC100B10BD0000000067
:109C40000000000000000000FB21E93F0000F07F61
:109C500010B52F499FED2C1B2DED020B84B00598FC
:109C600020F000408842DCBF00209DED040B32DD77
:109C70002849884209D1049840B94FF00100E6F71D
:109C80005BFC00F07DFC06B010BD05DB9DED040B18
:109C900000F06AFC06B010BD68469DED040B00F0B4
:109CA0007BF810F0030011D0012818D09DED021BA5
:109CB0009DED000B02281AD000F08AFA51EC100B2F
:109CC00000F0BDFC06B041EC100B10BD9DED021B79
:109CD0009DED000B012000F0AFFB06B010BD9DED27
:109CE000021B9DED000B00F073FA06B010BD0120C1
:109CF00000F0A2FB51EC100B00F0A1FC06B041EC0F
:109D0000100B10BD0000000000000000000000006B
:109D1000FB21E93F0000F07F00B52DED048BB0EE94
:109D2000409AF0EE609A83B051EC190B01F02CF8D8
:109D300041EC180B18EE100A18EE901A8DED008BFE
:109D4000002818BF0120084320F00040C0F17F60C8
:109D500000F1E040C00F14D019EE101A19EE900A6D
:109D60008DED009B002918BF0121084320F0004021
:109D7000C0F17F6000F1E040C00F04BF0120E6F7B2
:109D8000DBFBB0EE480A03B0F0EE680ABDEC048BD2
:109D900000BD0000000000002DE9F14F04462DED4C
:109DA000020B2DED088B8AB09FEDE70B80ED020BC7
:109DB000139EE74826F0004585420ADC9DED120B14
:109DC000002084ED000B0AB0BDEC088B03B0BDE8A9
:109DD000F08FE0489FEDE0AB9FEDE1BBA84247DD8F
:109DE000E14F9FEDE39B9FEDE48B9DED120B53EC58
:109DF0001A2B51EC100B002E1CDD01F091F841ECF8
:109E0000100BBD4208D053EC1B2B51EC100B01F092
:109E100087F8C4E900010BE053EC192B51EC100B4F
:109E200001F07EF853EC182B01F07AF8C4E9000138
:109E30000120C8E700F042FC41EC100BBD4208D005
:109E400053EC1B2B51EC100B00F038FCC4E9000163
:109E50000BE053EC192B51EC100B00F02FFC53ECE2
:109E6000182B00F02BFCC4E900014FF0FF30AAE7EB
:109E7000C348A84279DB9DED120B51EC100B00F0AA
:109E8000B3FB41EC180B9FEDC00B53EC102B00F013
:109E900071FE9FEDBF1B53EC112B00F00FFC00F087
:109EA0000FFE074600F03BFE41EC190B53EC1A2B5A
:109EB00000F060FE53EC182B00F05AFF41EC180B39
:109EC00053EC1B2B51EC190B00F054FEDFF8C8A229
:109ED00041EC100B4FEA15580125FA4453EC102BB6
:109EE00051EC180B01F01CF8032DC4E900013DD022
:109EF000C1F30A5005EB4511A8EB0000113981426E
:109F000034DA0AEB051BB0EE48AA9BED000BF0EE2D
:109F100068AA53EC102B51EC190B00F02BFE41EC0E
:109F20001B0B51EC1A0B53EC1B2B00F0F9FF41EC0F
:109F3000180B51EC1A0B53EC182B00F0F1FF53ECFB
:109F40001B2B00F0EDFF9BED020B41EC1A0B53ECC9
:109F5000102B51EC190B00F00DFE53EC1A2B00F0F6
:109F6000DFFF41EC100B6D1CB8E70EE0002EA8BF20
:109F70003846BFF628AF94ED000B51EC100B00F003
:109F80005EFBC4E9000178421DE7C6F3130040F40C
:109F9000801EC6F30A50A0F2F530471100F01F05ED
:109FA000C5F12000DDF848B0089000200690079029
:109FB0000520EC467949002D07EB0002794408BFE3
:109FC00051F8221009D051F8223001EB8201AB4048
:109FD0004A68089922FA01F11943A1FB0E26A1FB58
:109FE0000B131A449A4234BF0123002303EB0608E3
:109FF0000CEB8003D3E901A60E448E4234BF01214D
:10A00000002192448A4411B1924502D903E092455D
:10A0100001D2012100E00021C3E901A641444CF82E
:10A020002010011EA0F10100C4DC029800F10050D4
:10A03000850F0298DDE903678000DDF8148000F0E9
:10A040006EFD41EC1A0B304600F080FD9FED541B75
:10A0500053EC112B00F08EFD41EC1B0B384600F049
:10A0600075FD9FED511B53EC112B00F083FD41EC6E
:10A07000180B404600F06AFD9FED4D1B53EC112B71
:10A0800000F078FD41EC190B51EC180B53EC192B37
:10A0900000F014FB53EC1B2B00F010FB53EC1A2BBD
:10A0A00000F00CFBCDE90801002008909DED080BA5
:10A0B00053EC1A2B51EC100B00F032FF53EC1B2B1E
:10A0C00000F02EFF53EC182B00F02AFF53EC192B55
:10A0D00000F04EFE9FED381B53EC112B00F04AFDB3
:10A0E0009FED370B41EC180B53EC102B9DED080B3B
:10A0F00051EC100B00F03EFD53EC182B00F0DEFA93
:10A100009FED310B41EC180B53EC102B9DED080B20
:10A1100051EC100B00F02EFD53EC182B00F0CEFA92
:10A1200041EC100B139810F0004F06D06D4251EC2B
:10A13000100B00F084FA41EC100B284684ED000B64
:10A1400041E60000000000000000000000000000E8
:10A15000FB21E93F7CD9024000004054FB21F93F3C
:10A160003163621A61B4D03DFB21F93F0000000069
:10A170000000601A61B4D03D7370032E8A19A33BAE
:10A18000FB2139410000000083C8C96D305FE43F06
:10A19000000000000000E03FBA13000008130000B8
:10A1A000000000000000103E000000000000103C15
:10A1B000000000000000103A182D4454FB21F93D26
:10A1C0003326A611460B113C00000054FB21F93D3B
:10A1D00010B52DED040B2DED088B82B0B0EE419A39
:10A1E000F0EE619A0B9820F000449FED4BABB4F178
:10A1F000795F11DA9DED0A0B51EC100B00F060FC59
:10A20000002801BFB0EE4A0AF0EE6A0A02B0BDECC7
:10A21000088B04BF04B010BD9DED0A0B53EC102B4E
:10A2200051EC100B00F0A6FC41EC180B3C48062149
:10A23000B0EE480AF0EE680A784400F081F853EC7A
:10A24000182B51EC100B00F095FC9DED0A0B41EC26
:10A250001B0B53EC192B51EC100B00F08BFC41EC59
:10A26000190B53EC1B2B51EC180B00F083FC53EC37
:10A27000192B00F055FE9FED2C0B41EC190B53EC04
:10A28000102B51EC180B00F075FC41EC100B28481A
:10A29000844210DA53EC192B51EC100B00F040FE05
:10A2A00053EC1A2B00F064FD41EC100B02B0BDEC36
:10A2B000088B04B010BD1F48A042BCBF9FED1E1B01
:10A2C0008DED001B06DBA4F500100190002000902E
:10A2D0009DED001B51EC100B53EC112B00F020FEF8
:10A2E0009DED000B41EC180B53EC102B51EC1A0BAD
:10A2F00000F016FE41EC1A0B53EC192B51EC180B25
:10A3000000F00EFE53EC1A2B00F032FD41EC100B66
:10A31000CCE7000000000000000000000000F03F5B
:10A320002C10000000000000000000000000E03FD2
:10A330003333D33F0000E93F000000000000D23F6C
:10A3400070B504462DED028B4D1E00EBC500B0EE3E
:10A35000408AF0EE608A90ED000B35F0060017D0D1
:10A3600053EC182B51EC100B00F004FC41EC100BDB
:10A370006D1E04EBC50090ED001B51EC100B53EC6F
:10A38000112B00F09BF941EC100B35F00600E7D1E2
:10A39000022D36D0042D1CD0062D1CBFBDEC028B27
:10A3A00070BD53EC182B51EC100B00F0E3FB94ED57
:10A3B0000A1B53EC112B00F081F953EC182B00F021
:10A3C000D9FB94ED081B53EC112B00F077F941EC0D
:10A3D000100B53EC182B51EC100B00F0CBFB94ED51
:10A3E000061B53EC112B00F069F953EC182B00F00D
:10A3F000C1FB94ED040B53EC102B00F05FF941EC22
:10A40000100B53EC182B51EC100B00F0B3FB94ED38
:10A41000021B53EC112B00F051F953EC182B00F0F8
:10A42000A9FB94ED001B53EC112B00F047F9BDEC98
:10A43000028B41EC100B70BD31B504462DED040BC1
:10A440002DED0A8BB0EE41BAF0EE61BA0B989DED9E
:10A450000A0B20F00040B0F1795F0DDA51EC100BDF
:10A46000FFF7CEFA042808BF00F09AF89DED0A0B1A
:10A47000BDEC0A8B05B030BD53EC102B51EC100B2A
:10A4800000F078FB41EC180B9DED0A0B53EC182BF8
:10A4900051EC100B00F06EFB41EC190B2C48B0EEA8
:10A4A000480AF0EE680A05217844FFF749FF9FED5E
:10A4B0002ACBB0EE40AAF0EE60AA9CB353EC1C2B62
:10A4C00051EC190B00F056FB41EC1C0B53EC1A2B12
:10A4D00051EC190B00F04EFB9FED210B41EC190BD9
:10A4E00053EC102B51EC1B0B00F044FB53EC192BDD
:10A4F00000F016FD53EC182B00F03CFB53EC1B2B2B
:10A5000000F00EFD53EC1C2B00F00AFD9DED0A1B24
:10A5100053EC112B00F02CFCBDEC0A8B05B041EC88
:10A52000100B30BDFFE753EC1A2B51EC180B00F069
:10A5300021FB53EC1C2B00F0C1F853EC192B00F05D
:10A5400019FB9DED0A1B53EC112B00F0B7F8E3E764
:10A55000BC0E000000000000495555555555C5BFBB
:10A56000000000000000E03F10B553EC102B51EC50
:10A57000100B00F0A3F841EC100B10BD0000000020
:10A580009FED050B10B553EC102B51EC100B00F0A8
:10A590003DF941EC100B10BD000000000000000070
:10A5A0009FED050B10B553EC102B51EC100B00F088
:10A5B000E1FA41EC100B10BD00000000000000109B
:10A5C00030EE000A70470000DFED020A80EEA00ABC
:10A5D00070470000000000009FED020A20EE000A14
:10A5E000704700000000001082B0CDE9000121F0AA
:10A5F000004001909DED000B02B051EC100B704734
:10A6000010B500EE100A2DED028BB1EEC08A18EEE7
:10A61000100A20F00040C0F1FF40C00F0AD010EE39
:10A62000100A20F00040C0F1FF40C00F04BF01201D
:10A63000E5F782FF18EE100ABDEC028B10BD81F029
:10A640000041704780F00040704721F000417047A2
:10A6500020F000407047000021F0004201F000436C
:10A66000A2F16052B2F5801F28BFD2F17F6C0BD9E6
:10A670005FEA001C43EAC20242EB507018BF704709
:10A6800028BF20F001007047B2F5801FBCBF1846FC
:10A6900070474FEA410C1CF5001F02D2084600F03B
:10A6A000DBBD70B500F010FB00000089FFF7F6BFBE
:10A6B0004FF00040A0F580007047000010B591EA0F
:10A6C000030F48BF83F0004300F13284841A71EB1A
:10A6D000030C05D2121943EB0C03001B61EB0C01B8
:10A6E0004FEA1154A4EB135CDFF81CE11EEA430FA0
:10A6F00018BF9EEA445F00F0748021EA045123EA07
:10A700000E0343F48013DCF1200E32D322FA0CFE48
:10A7100010EB0E0023FA0CFE41EB0E01CCF1200EE3
:10A7200003FA0EFE10EB0E00CCF1200E51F10001E9
:10A73000B1F5801F32D201EB045112FA0EF2BDE8DE
:10A74000104058BF7047401C38BF5FEA420218BF34
:10A750007047002814BF20F0010041F100014FEACA
:10A76000410313F5001F38BF7047A1F1C04100F04D
:10A77000F9BA012A43EB0302ACF1200CDCF11F0E05
:10A7800032BF4FF0000E23FA0CF310EB030041EB45
:10A790000451B4EB115FD0D0A1EB045101F580114D
:10A7A000490801EB04515FEA30000ED350F100007C
:10A7B00038BF12FA0EFE08D1BDE81040C9E7401CB0
:10A7C00038BF5FEA4202CAD1C3E7BDE810404FEA92
:10A7D000410313F5001F38BF7047A1F1C04100F0DD
:10A7E000C1BA9EEA445F08D011EA5E0FBDE810408E
:10A7F00004BF01F0004100207047BDE8104070B573
:10A8000000F062FA64FBBE3E0000E0FF2DE9C041AB
:10A8100030B4DFF8A4C23CEA111418BF3CEA1314A8
:10A8200000F0ED801CEA111481EA030544EAD574B6
:10A8300018BF1CEA131500F0C880A4EB050404F14E
:10A840007F7404F500344FF0004545EAC12145EA24
:10A85000C32341EA505143EA52534FEAC0204FEA22
:10A86000C222994208BF904200F09D804FEA1365D2
:10A870000FF24416765D4FEA134506FB05F7C7F164
:10A88000807706FB07F74FEAD737A7FB03687642C6
:10A89000A7FB06CEC8F5803838BFA8F1010807FB32
:10A8A00008E6A6FB028C4FF0000EE6FB03CEDCF1BF
:10A8B000000CCEF1004E38BFAEF1010EA6FB0C58D5
:10A8C0004FF00007E6FB0E87A1FB08C6A0FB07CEF2
:10A8D00016EB0E064FF0000545F10005E1FB07659C
:10A8E00015F1E04E7EBFA4F580345FEA46066D4167
:10A8F00016F1800745F100054FEA172747EA05677B
:10A900004FEA15254FEA0666A6F1DE46B6F1805FEE
:10A9100020D9384605EBC47124F0010C01EB0C1171
:10A92000BCF1FE6F02D8F0BCBDE8008124425CBFE0
:10A9300001F5801E9EEAC47F02D4F0BCBDE8008110
:10A94000244200F13980A1F1C041F0BCBDE80041D2
:10A9500000F008BA4FEAD02040EA41504FEAD12136
:10A960004FEAD22242EA43524FEAD323A7FB0286A0
:10A9700007FB036605FB02661EEA0E0F58BFA6EB37
:10A980000056B6EB00564FEA520E4EEAC37E18EB65
:10A990000E0E56EB530EBCD518EB02085E417F1C21
:10A9A00055F10005B5E74FF480154FF000074FF063
:10A9B00000064FF00008ACE701F1C04101F0004192
:10A9C0004FF00000F0BCBDE800810CEA131511EA5D
:10A9D0000C1F00D00CE013EA0C1F00F026804FF093
:10A9E000000081EA030101F00041F0BCBDE80081F4
:10A9F000F0BCBDE8004181EA030100F0B3B9F0BC4E
:10AA0000BDE8004170B500F05FF900BF097EFC3E73
:10AA100000F007B84FF0000081EA030101F00041A7
:10AA2000704781EA030100F09DB9F0BCBDE8004128
:10AA300022494FF000007047FFFDFBF9F7F5F4F2F3
:10AA4000F0EEEDEBE9E8E6E4E3E1E0DEDDDBDAD8C9
:10AA5000D7D5D4D3D1D0CFCDCCCBCAC8C7C6C5C427
:10AA6000C2C1C0BFBEBDBCBBBAB9B8B7B6B5B4B33E
:10AA7000B2B1B0AFAEADACABAAA9A8A8A7A6A5A429
:10AA8000A3A3A2A1A09F9F9E9D9C9C9B9A999998ED
:10AA90009797969595949393929191908F8F8E8E90
:10AAA0008D8C8C8B8B8A898988888787868585841D
:10AAB00084838382828181800000FF070000F87F09
:10AAC0004FEA41034FEA5353A3F58063D3F11E03CA
:10AAD000C8BFD3F1210C0CDD4FF0004242EAC12285
:10AAE00042EA505232FA03FC8CEAE17CACEBE170B2
:10AAF0007047102BC4BF0020704703F5787CBCF171
:10AB0000FF3F04D06FF0004282EA2100704770B529
:10AB100000F0DAF84992248000207047F2E710F044
:10AB2000004248BF4042B0FA80F310FA03F10AD065
:10AB3000C3F11D0303F5806302EB03524FEA41505A
:10AB400002EBD12170474FF000007047B0FA80F35C
:10AB500010FA03F10AD0C3F11D0303F580634FEA35
:10AB600003524FEA415002EBD12170474FF00000F1
:10AB70007047000070B5DFF848C11CEA111E1EBF07
:10AB80001CEA13159EEA0C0F95EA0C0F00F06F807B
:10AB900081EA03044EEAD47EAE4421EA4C1123EA52
:10ABA0004C1341F4801143F48013AEF17F7EA1FB7E
:10ABB000024CA0FB0365361955EB0C05A1FB034CB9
:10ABC0004CF10003A0FB021C16EB0C06654153F18F
:10ABD0000003094218BF46F0010613F4007F0BD1B1
:10ABE0004FEA03314FEA053041EA155140EA165069
:10ABF00034036FF003020AE04FEAC3214FEAC52095
:10AC000041EA555140EA5650F4026FF0020202EB5D
:10AC10002E4201EB025585EACE710AD05FEA440C60
:10AC200018BF24F0004450F1000041F1000120EA77
:10AC3000D47040F2FE7C624500D270BDA84214BFC1
:10AC40004FF080444FF04044002E08BF0024BEF176
:10AC5000806FA8BFA1F1C041BDE8704080F2828042
:10AC600001F1C04101F000414FF0000070470CEAD3
:10AC700013159EEA0C0F18BF95EA0C0F06D081EA57
:10AC8000030E4FF000000EF0004170BD00F01CF804
:10AC90008900013E00F007B800F009B84FEA430C04
:10ACA0005FEA5C5C08D081EA030100F05BB84FEA20
:10ACB000410C5FEA5C5CF6D102494FF0000070473E
:10ACC0000000FF070000F87F0EF1020E2EF0030EC9
:10ACD0005EF8046B364205D4012A43EB030515F5F3
:10ACE000001F12D8012841EB010C1CF5001F0CD8E5
:10ACF0000ED14FEAD17C0CEB4C0C0CF1020C15F58B
:10AD0000001F08BF4CEBD37C04E04FF0080C01E0BF
:10AD10004FEAD37C0CEB4C0526FA05F606F0070645
:10AD2000B6F1040C06D20EEB860CBDE870404CF078
:10AD3000010C6047DFE80CF0090B02024FF0004104
:10AD4000A1F500214FF0000070BD19461046012802
:10AD500051EB010418BFD4F5001484BF002001F0AA
:10AD6000004170BD0808A0F500114FEA310170479D
:10AD700010B591EA030F81F000413FF5A7AC83F0D5
:10AD8000004300F0D5B800002DE9F04101F5801C2A
:10AD9000BCF5001FC0F2A9804FEA115C21EA0C51FA
:10ADA00041F480110CF1FD0C5FEA5C0C0CF5C07CE9
:10ADB00001D340004941890241EA905187022EA403
:10ADC0008E0EA45D0A0C04FB04F602FB06F6C6F127
:10ADD0004046A4FB0662F60D46EA422606FB06F450
:10ADE000A4FB01235242C3F1404338BF5B1EA6FBC4
:10ADF00002420024E6FB0324D20B42EA4446A6FBAF
:10AE00000623A1FB02E2A3FB07E4E3FB61426442E9
:10AE1000C2F1404E38BFAEF1010EA6FB04234FF045
:10AE20000002E6FB0E32A2FB03463400E2FB626442
:10AE3000A1FB06E6A4FB07E8E4FB61687642C8F1E3
:10AE4000405838BFA8F10108A2FB06E4A3FB08E5BF
:10AE5000E2FB6854A1FB05E6A7FB04E8E1FB64867E
:10AE600018F1200556F10006A80940EA8660B109EC
:10AE7000A8F11B0808F03F08B8F10A0F1CD901EB34
:10AE80000C51BDE8F08100BFFCF5EEE8E2DDD8D35F
:10AE9000CFCBC7C3C0BDB9B6B4B1AEACA9A7A5A34B
:10AEA000A19F9D9B9A9896959392908F8D8C8B895C
:10AEB0008887868584838281A0FB006800FB01F27D
:10AEC00008EB4208B8EB872807D5341858EB010483
:10AED000D5D5401C51F10001D1E7341A78EB0104BB
:10AEE000CDD4401E71F10001C9E75FEA4C0C5FEA66
:10AEF0009C5C0DD105D301F000414FF00000BDE88E
:10AF0000F081BDE8F04170B5FFF7DEFE6DDBFFBEFE
:10AF1000BDE8F04101494FF0000070470000F87FA4
:10AF200010B591EA030F48BF83F000433FF5CEAB65
:10AF3000841A71EB030C07D28CF0004C121943EB0E
:10AF40000C03001B61EB0C014FEA1154A4EB135CE2
:10AF5000DFF8A4E11EEA430F18BF9EEA445F00F049
:10AF6000B48021EA045123EA6E035242C3EB6E031C
:10AF700038BF5B1EDCF1200E25D322FA0CFE10EB4D
:10AF80000E0043FA0CFE41EB0E01CCF1200E03FA49
:10AF90000EFE10EB0E00CCF1200E51F1000129D471
:10AFA00001EB045112FA0EF2BDE8104058BF704791
:10AFB000401C1CBFB2F1004F704700280CBF491C59
:10AFC00020F00100704712EB020E43EB030218BFA2
:10AFD0004FF0010E4EEA4202ACF1200CDCF11E0EE5
:10AFE00056D943FA0CFE10EB0E00CCF11E0E51F1B7
:10AFF000FF31D5D50EF1010E12FA0EFE404141EBA4
:10B00000010101EB445C5FEA5C5C10D901EB045187
:10B0100010EBDE7038BFBEF1004FBDE8104018BF26
:10B02000704700280CBF491C20F00100704734D243
:10B030004FEAD42C24F4006411F500111BD0B1FAAE
:10B0400081F20B3AA41AA41ED2F12003914030FAE7
:10B0500003F31943904001EBCC7101EB0451002C38
:10B06000BDE81040A8BF704701F1C04101F00041A8
:10B070004FF000007047B0FA80F310FA03F102D1EC
:10B08000BDE810407047E41A173C4805C90AE2E7DA
:10B0900001EB0451BDE81040704749104FEA300001
:10B0A00001EB0451BDE8104002E04FF00001704791
:10B0B0004A0008BF0042F8D0B2F5001F28BF704711
:10B0C00001F000414FF0000070479EEA445F07D056
:10B0D00011EA5E0FBDE8104004BF00210020704758
:10B0E000BDE8104070B5FFF7EFFD00BF40DFF63E52
:10B0F000104683F0004170470000E0FF43004FEA34
:10B10000D30C4FEA3C0C43401FBF40070CF1605189
:10B1100013F0FE4F70471CF0006F03D10CF000419C
:10B12000002070470CF0004343EA507040EACC0026
:10B1300010B500F03EF800BF000000924FEA000199
:10B14000FFF710BE4FF00041A1F500214FF00000C5
:10B1500070474FF07E5209E011F0004204D54042A2
:10B16000C1F1000138BF491E42F07E5202F1706207
:10B170000B0012BF20235FEA00017047B1FA81FC87
:10B1800001FA0CF1A3EB0C0320FA03FC41EA0C01D9
:10B1900002EBC352C3F1200310FA03FC5CEA416CDA
:10B1A00042EB112018BF5FF0806C28BF20F0010037
:10B1B00070470EF1020E2EF0030E5EF8044B24428F
:10B1C00004D44FEA4102B2F17F4F11D84FEA400355
:10B1D000B3F17F4F0CD80ED14FEAD07C0CEB4C0C66
:10B1E0000CF1020CB2F17F4F08BF4CEBD17C04E0B4
:10B1F0004FF0080C01E04FEAD17C0CEB4C0324FA31
:10B2000003F404F00704B4F1040C06D20EEB840C32
:10B21000BDE810404CF0010C6047DFE80CF0070877
:10B2200002024FF00040A0F5800010BD0846420029
:10B2300018BFD2F1807288BF00F0004010BDF1EE5F
:10B24000100A4FF6FF71C0F2C03120EA010040F051
:10B250004070E1EE100A7047FF2141EAD050C0056E
:10B2600070470000000000004C5555555555A53F4E
:10B270007751C1166CC156BF9015CB19A001FA3E8B
:10B28000AD529C804F7E92BEC4B1B4BD9EEE213EB5
:10B29000D43888BEE9FAA8BD00004054FB21F93F2C
:10B2A0003163621A61B4D03D0000601A61B4D03DD0
:10B2B0007370032E8A19A33B0000002E8A19A33B4A
:10B2C000C14920259A837B3900000000000000005E
:10B2D0006E83F9A22915444ED15727FCC0DD34F501
:10B2E000999562DB4190433CAB6351FE61C5BBDE87
:10B2F0003A6E24B7E0D24D42EA2E49061C92D1099B
:10B300001CEB1DFE3EA729B1F53582E88444BB2E17
:10B3100026709CE9417E5FB439D69139F439538364
:10B320008B5F849C3B28F9BDFF97F81F0F9805DEC3
:10B330008B112FEF1F6D0A5ACF7E366DB709CB27C1
:10B34000663F464F2DEA5F9EC7BA27757BF1E5EB56
:10B35000F739073DEA92528AB15FFB6B085D8D1F9A
:10B360004630035600000000A6F810111111813F6D
:10B37000D561C119A0012ABF7DFEB157E31DC73EAB
:10B38000EB9C2B8AE6E55ABE7CD5CF5A3AD9E53DEF
:10B390000000C03FCDCCCC3D0000000000002040AC
:10B3A0000AD7233C00000000000020429A99993EF1
:10B3B0000000000000003442CDCCCC3D9A99993E6B
:10B3C0000000004000000000000000003333134084
:10B3D0000000000000000000CDCC4C3E000000004A
:10B3E000000000000000004000000000000000001D
:10B3F0000000004000000000000000003333134054
:10B40000000000000000000071C00108C5EA00084B
:10B41000000000000000000000010000000000002B
:10B420000000000054C0010805EB00080300000004
:10B43000000000000002000000000000000000000A
:10B440005CC00108CDEB0008000000000000000017
:10B4500000010000000000000000000048C00108DA
:10B46000D9EC0008FEFF0000000000000001000011
:10B4700000000000000000007DC00108F1EC0008A1
:10B48000000000000000000080000000000000003C
:10B490000000000065C001082DEA0008000000005F
:10B4A000000000008000000000000000000000001C
:10B4B0000000C8440AD7A33C0000A04000000000E0
:10B4C0000000000001020304060708090000000054
:10B4D0000102030400061016000610160000803F4B
:10B4E000000000000000000000000000000000005C
:10B4F00000000000000000000000803F000000008D
:10B50000000000000000000000000000000000003B
:10B51000000000000000803F00000000000000006C
:10B52000000000000000000000000000000000001B
:10B530000000803F0000000000000000000000004C
:10B540000000000000000000000000000000803F3C
:10B5500000000000000000000000000000000000EB
:10B5600000000000000000000000803F000000001C
:10B570000000545452205245474745530030313261
:10B5800033343536373839414243444546000000AC
:10B59000000000000100803FC90CC0B7E565AABEED
:10B5A000435690BB3C695D3EEBFCA9BC08B732BE7C
:10B5B000E745093EA59204BD0000891112239B3284
:10B5C0002446AD573665BF74488CC19D5AAFD3BE73
:10B5D0006CCAE5DB7EE9F7F88110080193331A2283
:10B5E000A5562C47B7753E64C99C408DDBBF52AE53
:10B5F000EDDA64CBFFF976E802218B301002991363
:10B600002667AF763444BD554AADC3BC588ED19F32
:10B610006EEBE7FA7CC8F5D983310A209112180342
:10B62000A7772E66B5543C45CBBD42ACD99E508F12
:10B63000EFFB66EAFDD874C904428D5316619F7012
:10B640002004A9153227BB364CCEC5DF5EEDD7FCF2
:10B650006888E1997AABF3BA85520C4397711E6002
:10B66000A1142805B3373A26CDDE44CFDFFD56ECD2
:10B67000E9986089FBBB72AA06638F7214409D51E2
:10B680002225AB343006B9174EEFC7FE5CCCD5DDB2
:10B690006AA9E3B8788AF19B87730E6295501C41C2
:10B6A000A3352A24B1163807CFFF46EEDDDC54CD92
:10B6B000EBB962A8F99A708B088481951AA793B6A2
:10B6C0002CC2A5D33EE1B7F04008C919522BDB3A92
:10B6D000644EED5F766DFF7C899400859BB712A662
:10B6E000ADD224C3BFF136E0C1184809D33B5A2A72
:10B6F000E55E6C4FF77D7E6C0AA583B41886919742
:10B700002EE3A7F23CC0B5D14229CB38500AD91B51
:10B71000666FEF7E744CFD5D8BB502A49996108721
:10B72000AFF326E2BDD034C1C3394A28D11A580B31
:10B73000E77F6E6EF55C7C4D0CC685D71EE597F4F1
:10B740002880A1913AA3B3B2444ACD5B5669DF7811
:10B75000600CE91D722FFB3E8DD604C79FF516E4E1
:10B76000A9902081BBB332A2C55A4C4BD7795E68F1
:10B77000E11C680DF33F7A2E0EE787F61CC495D5C1
:10B780002AA1A3B03882B193466BCF7A5448DD59D1
:10B79000622DEB3C700EF91F8FF706E69DD414C5A1
:10B7A000ABB122A0B9923083C77B4E6AD5585C49B1
:10B7B000E33D6A2CF11E780F00000000920E493C18
:10B7C000B10AC93C2BC3163D2EFB483D752B7B3D72
:10B7D00004A9963D80B6AF3D36BDC83D2FBCE13DC6
:10B7E00073B2FA3D87CF093E8340163EB5AB223E89
:10B7F000A2102F3ECF6E3B3EC2C5473E0115543EC0
:10B80000135C603E7F9A6C3ECCCF783EC07D823E1A
:10B81000938E883E229A8E3E32A0943E86A09A3E17
:10B82000E59AA03E128FA63ED47CAC3EEF63B23EBA
:10B830002A44B83E491DBE3E15EFC33E53B9C93E2A
:10B84000CA7BCF3E4136D53E80E8DA3E4F92E03E9D
:10B850007533E63EBBCBEB3EEA5AF13ECBE0F63E1B
:10B86000275DFC3EE4E7003F3D9C033F824B063FE3
:10B870009BF5083F6B9A0B3FDA390E3FCDD3103F53
:10B880002A68133FD9F6153FC07F183FC6021B3FF9
:10B89000D17F1D3FCBF61F3F9967223F25D2243F22
:10B8A0005636273F1594293F4AEB2B3FDE3B2E3F70
:10B8B000BB85303FC9C8323FF304353F233A373F99
:10B8C0004268393F3B8F3B3FF9AE3D3F67C73F3F43
:10B8D00070D8413F01E2433F03E4453F65DE473F07
:10B8E00012D1493FF8BB4B3F029F4D3F207A4F3F5B
:10B8F0003D4D513F4918533F31DB543FE595563F8D
:10B900005348583F6AF2593F1A945B3F532D5D3FAD
:10B9100005BE5E3F2146603F97C5613F5A3C633F8D
:10B9200059AA643F880F663FD86B673F3CBF683FAA
:10B93000A7096A3F0C4B6B3F5E836C3F93B26D3F30
:10B940009ED86E3F73F56F3F0809713F5213723FE7
:10B950004714733FDD0B743F0BFA743FC6DE753F2F
:10B9600007BA763FC58B773FF853783F9812793FF7
:10B970009DC7793F02737A3FBE147B3FCDAC7B3FBE
:10B98000283B7C3FC9BF7C3FAC3A7D3FCCAB7D3F81
:10B9900023137E3FB0707E3F6DC47E3F580E7F3FC5
:10B9A0006D4E7F3FAB847F3F0FB17F3F97D37F3F8B
:10B9B00043EC7F3F11FB7F3F0000803F11FB7F3F47
:10B9C00043EC7F3F97D37F3F0FB17F3FAB847F3FF7
:10B9D0006D4E7F3F580E7F3F6DC47E3FB0707E3FFF
:10B9E00023137E3FCCAB7D3FAC3A7D3FC9BF7C3F4C
:10B9F000283B7C3FCDAC7B3FBE147B3F02737A3F3C
:10BA00009DC7793F9812793FF853783FC58B773FB0
:10BA100007BA763FC6DE753F0BFA743FDD0B743F05
:10BA20004714733F5213723F0809713F73F56F3F1C
:10BA30009ED86E3F93B26D3F5E836C3F0C4B6B3F65
:10BA4000A7096A3F3CBF683FD86B673F880F663FD6
:10BA500059AA643F5A3C633F97C5613F2146603F06
:10BA600005BE5E3F532D5D3F1A945B3F6AF2593F1E
:10BA70005348583FE595563F31DB543F4918533FF3
:10BA80003D4D513F207A4F3F029F4D3FF8BB4B3F0A
:10BA900012D1493F65DE473F03E4453F01E2433FA2
:10BAA00070D8413F67C73F3FF9AE3D3F3B8F3B3FBB
:10BAB0004268393F233A373FF304353FC9C8323F24
:10BAC000BB85303FDE3B2E3F4AEB2B3F1594293F91
:10BAD0005636273F25D2243F9967223FCBF61F3F9A
:10BAE000D17F1D3FC6021B3FC07F183FD9F6153FCF
:10BAF0002A68133FCDD3103FDA390E3F6B9A0B3FC4
:10BB00009BF5083F824B063F3D9C033FE4E7003F27
:10BB1000275DFC3ECBE0F63EEA5AF13EBBCBEB3E66
:10BB20007533E63E4F92E03E80E8DA3E4136D53E40
:10BB3000CA7BCF3E53B9C93E15EFC33E491DBE3E39
:10BB40002A44B83EEF63B23ED47CAC3E128FA63E90
:10BB5000E59AA03E86A09A3E32A0943E229A8E3E5E
:10BB6000938E883EC07D823ECCCF783E7F9A6C3EDD
:10BB7000135C603E0115543EC2C5473ECF6E3B3E4E
:10BB8000A2102F3EB5AB223E8340163E87CF093E22
:10BB900073B2FA3D2FBCE13D36BDC83D80B6AF3D26
:10BBA00004A9963D752B7B3D2EFB483D2BC3163DCE
:10BBB000B10AC93C920E493C00000000920E49BCFB
:10BBC000B10AC9BC2BC316BD2EFB48BD752B7BBD6E
:10BBD00004A996BD80B6AFBD36BDC8BD2FBCE1BDC2
:10BBE00073B2FABD87CF09BE834016BEB5AB22BE85
:10BBF000A2102FBECF6E3BBEC2C547BE011554BEBC
:10BC0000135C60BE7F9A6CBECCCF78BEC07D82BE16
:10BC1000938E88BE229A8EBE32A094BE86A09ABE13
:10BC2000E59AA0BE128FA6BED47CACBEEF63B2BEB6
:10BC30002A44B8BE491DBEBE15EFC3BE53B9C9BE26
:10BC4000CA7BCFBE4136D5BE80E8DABE4F92E0BE99
:10BC50007533E6BEBBCBEBBEEA5AF1BECBE0F6BE17
:10BC6000275DFCBEE4E700BF3D9C03BF824B06BFDF
:10BC70009BF508BF6B9A0BBFDA390EBFCDD310BF4F
:10BC80002A6813BFD9F615BFC07F18BFC6021BBFF5
:10BC9000D17F1DBFCBF61FBF996722BF25D224BF1E
:10BCA000563627BF159429BF4AEB2BBFDE3B2EBF6C
:10BCB000BB8530BFC9C832BFF30435BF233A37BF95
:10BCC000426839BF3B8F3BBFF9AE3DBF67C73FBF3F
:10BCD00070D841BF01E243BF03E445BF65DE47BF03
:10BCE00012D149BFF8BB4BBF029F4DBF207A4FBF57
:10BCF0003D4D51BF491853BF31DB54BFE59556BF89
:10BD0000534858BF6AF259BF1A945BBF532D5DBFA9
:10BD100005BE5EBF214660BF97C561BF5A3C63BF89
:10BD200059AA64BF880F66BFD86B67BF3CBF68BFA6
:10BD3000A7096ABF0C4B6BBF5E836CBF93B26DBF2C
:10BD40009ED86EBF73F56FBF080971BF521372BFE3
:10BD5000471473BFDD0B74BF0BFA74BFC6DE75BF2B
:10BD600007BA76BFC58B77BFF85378BF981279BFF3
:10BD70009DC779BF02737ABFBE147BBFCDAC7BBFBA
:10BD8000283B7CBFC9BF7CBFAC3A7DBFCCAB7DBF7D
:10BD900023137EBFB0707EBF6DC47EBF580E7FBFC1
:10BDA0006D4E7FBFAB847FBF0FB17FBF97D37FBF87
:10BDB00043EC7FBF11FB7FBF000080BF11FB7FBF43
:10BDC00043EC7FBF97D37FBF0FB17FBFAB847FBFF3
:10BDD0006D4E7FBF580E7FBF6DC47EBFB0707EBFFB
:10BDE00023137EBFCCAB7DBFAC3A7DBFC9BF7CBF48
:10BDF000283B7CBFCDAC7BBFBE147BBF02737ABF38
:10BE00009DC779BF981279BFF85378BFC58B77BFAC
:10BE100007BA76BFC6DE75BF0BFA74BFDD0B74BF01
:10BE2000471473BF521372BF080971BF73F56FBF18
:10BE30009ED86EBF93B26DBF5E836CBF0C4B6BBF61
:10BE4000A7096ABF3CBF68BFD86B67BF880F66BFD2
:10BE500059AA64BF5A3C63BF97C561BF214660BF02
:10BE600005BE5EBF532D5DBF1A945BBF6AF259BF1A
:10BE7000534858BFE59556BF31DB54BF491853BFEF
:10BE80003D4D51BF207A4FBF029F4DBFF8BB4BBF06
:10BE900012D149BF65DE47BF03E445BF01E243BF9E
:10BEA00070D841BF67C73FBFF9AE3DBF3B8F3BBFB7
:10BEB000426839BF233A37BFF30435BFC9C832BF20
:10BEC000BB8530BFDE3B2EBF4AEB2BBF159429BF8D
:10BED000563627BF25D224BF996722BFCBF61FBF96
:10BEE000D17F1DBFC6021BBFC07F18BFD9F615BFCB
:10BEF0002A6813BFCDD310BFDA390EBF6B9A0BBFC0
:10BF00009BF508BF824B06BF3D9C03BFE4E700BF23
:10BF1000275DFCBECBE0F6BEEA5AF1BEBBCBEBBE62
:10BF20007533E6BE4F92E0BE80E8DABE4136D5BE3C
:10BF3000CA7BCFBE53B9C9BE15EFC3BE491DBEBE35
:10BF40002A44B8BEEF63B2BED47CACBE128FA6BE8C
:10BF5000E59AA0BE86A09ABE32A094BE229A8EBE5A
:10BF6000938E88BEC07D82BECCCF78BE7F9A6CBED9
:10BF7000135C60BE011554BEC2C547BECF6E3BBE4A
:10BF8000A2102FBEB5AB22BE834016BE87CF09BE1E
:10BF900073B2FABD2FBCE1BD36BDC8BD80B6AFBD22
:10BFA00004A996BD752B7BBD2EFB48BD2BC316BDCA
:10BFB000B10AC9BC920E49BC00000080453A20007D
:10BFC000493A2000573A20001B5B306D001B5B3163
:10BFD0003B33316D001B5B313B33326D001B5B31FA
:10BFE0003B33336D0020202573257354686973201B
:10BFF00069732061207761726E696E67206D657369
:10C0000073616765210D0A25730020202573257350
:10C010005468697320697320616E206572726F7253
:10C02000206D657373616765210D0A2573002020FB
:10C030002573257348656C6C6F20776F726C643A5A
:10C040002025640D0A257300526F626F74554954A0
:10C0500061736B00494D555461736B004D6F76658C
:10C060005461736B0064656661756C745461736BC5
:10C070000044656669616E745461736B00526F6F42
:10C08000745461736B0043444320496E7465726657
:10C090006163650043444320436F6E6669670053E4
:10C0A000544D6963726F656C656374726F6E69631A
:10C0B000730053544D3332205669727475616C208D
:10C0C000436F6D506F72740049444C4500546D725B
:10C0D0005100546D7220537663005465726D696E21
:10C0E000616C000008C1010800000020F801000098
:10C0F000C401000830C20108F8010020A0F40000CB
:10C1000020020008000000003203100CE7416B3AE7
:10C1100058A08B3A8281011E0509010871041A8D0D
:10C12000041AB5041B050A081D080108210C110892
:10C13000081250C347CDCCCC3D0409531C110B1A37
:10C14000C8421C320139041B0101081902120112F4
:10C1500010120812046C1C02400442091324F44F0C
:10C16000FFF1FD9086A706175D01010899FE1C08E6
:10C17000B104D4311385FF140835FD1B082914C1FF
:10C1800012811C010815041AF1041AFD2414090275
:10C19000431302011DC0320904751A020B13052452
:10C1A0001D100105247B1008042402020524061733
:10C1B000010705820308151009040133020A1C0750
:10C1C00005018A19072A810711130A0632022A403B
:10C1D000B81A12231302021E4083044057591B024F
:10C1E000031513A1151B089D041A41041AD5041A3E
:10C1F000F9040718040309041A032BFFFF4C32103B
:10C200001AAA0110096740533A7D04017C160240C6
:10C21000AB03411009055308065804070F16081010
:10C22000820911160A15800B1605000C18010D0065
:040000050800018965
:00000001FF
