:020000040800F2
:10000000B8F2002069020008B1B50008898600082E
:10001000ADB50008310D0008D53D01080000000015
:10002000000000000000000000000000C1ED00081A
:10003000551B000800000000C1C300087DF3000844
:10004000830200088302000883020008830200087C
:10005000830200088302000883020008591B00087D
:10006000830200088302000883020008830200085C
:10007000E1160008830200088302000883020008DA
:10008000830200088302000883020008830200083C
:10009000350D00088302000883020008830200086F
:1000A0008302000889F40008830200088302000824
:1000B00099F4000883020008830200088302000804
:1000C00083020008830200088302000883020008FC
:1000D00083020008A502010883020008C10201088A
:1000E00083020008830200088302000883020008DC
:1000F000830200088302000883020008F11600084A
:1001000083020008830200088302000883020008BB
:10011000830200088302000883020008A9F4000893
:1001200083020008011700081117000821170008B2
:10013000830200088302000883020008830200088B
:10014000450D0008830200088302000869B9000811
:10015000311700084117000851170008DD02010897
:10016000830200088302000883020008830200085B
:1001700083020008830200088302000800000000D8
:10018000830200088302000800F002F800F05CF827
:100190000AA090E8000C82448344AAF10107DA45E2
:1001A00001D100F051F8AFF2090EBAE80F0013F0D8
:1001B000010F18BFFB1A43F0010318476CE7010059
:1001C0008CE701000A444FF0000C10F8013B13F0DB
:1001D000070408BF10F8014B1D1108BF10F8015BA0
:1001E000641E05D010F8016B641E01F8016BF9D193
:1001F00013F0080F1EBF10F8014BAD1C0C1B09D1EA
:100200006D1E58BF01F801CBFAD505E014F8016B5B
:1002100001F8016B6D1EF9D59142D6D370470000ED
:100220000023002400250026103A28BF78C1FBD8FF
:10023000520728BF30C148BF0B6070471FB51DF083
:1002400022FA1FBD10B510BD00F002FA1146FFF7EB
:10025000F5FF19F0C5FC00F020FA03B4FFF7F2FF38
:1002600003BC00F023FA0000094880470948004712
:10027000FEE7FEE7FEE7FEE7FEE7FEE7FEE7FEE756
:10028000FEE7FEE704480549054A064B70470000B3
:1002900075F4000889010008B8B20020B8F2002007
:1002A000B8D20020B8D2002053EA020C00F06980D6
:1002B0002DE9F04B4FF00006002B1FBFB3FA83F57A
:1002C00003FA05F424FA05F65E4012BF1643B2FAAB
:1002D00082F502FA05F4C5F120051EBF22FA05FCDD
:1002E00044EA0C04203556EA044C4FEA144418BF83
:1002F000641C4FF000084FF00009904271EB030CB2
:1003000039D3002919BFB1FA81F701FA07F6B0FA1B
:1003100080F700FA07F6C7F120071EBF20FA07FC96
:1003200046EA0C062037B6FBF4FCA7EB0507103FA6
:1003300007F01F0BCBF120062CFA06F60CFA0BFB8C
:1003400044BFB3460026202FA4BF5E464FF0000BEB
:100350005BEA060C08BF4FF0010B19EB0B0948EBE9
:100360000608ABFB027C06FB02CC0BFB03CCC01BDC
:1003700071EB0C01C1E70B46024641464846BDE819
:10038000F08B13B5084318BF4FF0FF300146AFF3B1
:100390000080BDE81C40704753EA020C23D010B522
:1003A0004C1084EA530404D54042C1F1000138BF27
:1003B000491E1B4204D55242C3F1000338BF5B1EE5
:1003C000FFF772FF14F0804F04D04042C1F10001EA
:1003D00038BF491E14F0004F04D05242C3F100034D
:1003E00038BF5B1E10BD13B540424FF0000070EBEC
:1003F0000104B8BF012001F0004100281CBF6FF0CC
:1004000000414FF0FF30AFF300801CBD40EA010314
:10041000024630B59B0710D14FF0013400E008C20E
:1004200008C91D1B9D4315EAC41FF8D013F0FF0136
:1004300002F8011B0DD01B0AF8E711F8013B002B55
:1004400002F8013B05D011F8013B002B02F8013BFB
:10045000F3D130BD10B5431C02E010F8011B71B19F
:100460008107FAD14FF0013202C88C1A8C4314EA8A
:10047000C211F9D0C01A0A0603D0C01E10BDC01A9E
:1004800010BD0A0401D0801E10BD0902FCD0401E20
:1004900010BD032A40F2308010F0030C00F01580EC
:1004A00011F8013BBCF1020F624498BF11F801CB77
:1004B00000F8013B38BF11F8013BA2F1040298BFDC
:1004C00000F801CB38BF00F8013B11F0030300F046
:1004D0002580083AC0F0088051F8043B083A51F8EA
:1004E00004CBA0E80810F5E7121D5CBF51F8043BEF
:1004F00040F8043BAFF30080D20724BF11F8013B62
:1005000011F801CB48BF11F8012B24BF00F8013BC3
:1005100000F801CB48BF00F8012B704710B5203A16
:10052000C0F00B80B1E81850A0E81850B1E818509E
:10053000A0E81850203ABFF4F5AF5FEA027C24BF70
:10054000B1E81850A0E8185044BF18C918C0BDE859
:1005500010405FEA827C24BF51F8043B40F8043B22
:1005600008BF7047D20728BF31F8023B48BF11F8D7
:10057000012B28BF20F8023B48BF00F8012B704731
:1005800002F0FF0343EA032242EA024200F024B8E9
:100590004FF000020429C0F0128010F0030C00F0AC
:1005A0001B80CCF1040CBCF1020F18BF00F8012B2A
:1005B000A8BF20F8022BA1EB0C0100F00DB85FEAF8
:1005C000C17C24BF00F8012B00F8012B48BF00F8C4
:1005D000012B70474FF0000200B513469446964633
:1005E000203922BFA0E80C50A0E80C50B1F1200146
:1005F000BFF4F7AF090728BFA0E80C5048BF0CC0F4
:100600005DF804EB890028BF40F8042B08BF704751
:1006100048BF20F8022B11F0804F18BF00F8012BC3
:10062000704770477047704710B500F009F80068D0
:1006300010BD10B5044600F003F8046010BD0000C2
:100640000048704798020020004870479802002038
:100650007546FFF7F9FFAE4605006946534620F0A0
:100660000700854618B020B5FFF70CFEBDE8204016
:100670004FF000064FF000074FF000084FF0000B5E
:10068000AC46ACE8C009ACE8C009ACE8C009ACE8CD
:10069000C00921F007018D46704710B50446AFF33D
:1006A00000802046BDE81040FFF7D7BD0149182063
:1006B000ABBEFEE7260002007047000082B001904A
:1006C00042F20030C4F2010000900099486820F422
:1006D000403048600198426800994868104348607B
:1006E00001980168486820F48070486001980168AA
:1006F0000269486840EA0220486001980168486839
:1007000020F0407048600198016882684868104392
:10071000486001980168886820F40060886001984A
:100720000168C2688868104388600198806A012166
:10073000C0F60071884219D0FFE701980168886807
:1007400020F07060886001980168826A88681043B0
:10075000886001980168886820F04050886001989E
:100760000168C26A8868104388600CE001980168DB
:10077000886820F07060886001980168886820F0BF
:1007800040508860FFE701980168886820F0020007
:1007900088600198027E0168886840EA42008860AB
:1007A000019890F82000C8B1FFE7019801684868F7
:1007B00040F40060486001980168486820F4604097
:1007C000486001980168426A4EF20000CFF6FF705F
:1007D00000EB423248681043486006E00198016827
:1007E000486820F400604860FFE701980168C86A23
:1007F00020F47000C86201980168C2690020CFF639
:10080000F07000EB0252C86A1043C8620198016898
:10081000886820F400708860019890F830200168A2
:10082000886840EA4220886001980168886820F45E
:1008300080608860019801684269886840EA822087
:10084000886002B07047000080B50020C4F202004A
:100850001021012203F0A0FC80BD000080B5002023
:10086000C4F202001021002203F096FC80BD0000BB
:100870007047000080B540F20040C4F2020001223F
:10088000114603F089FC80BD80B540F20040C4F2FF
:1008900002000121002203F07FFC80BD70470000B0
:1008A00080B582B0ADF80600FFE7BDF80600411E36
:1008B000ADF8061028B1FFE74FF47A7000F004F8A5
:1008C000F3E702B080BD000086B0ADF8160000204E
:1008D000049003900290019000904EF21400CEF22A
:1008E000000000680090BDF81600C0EB0010400149
:1008F00004904EF21800CEF2000000680390FFE76B
:100900004EF21800CEF2000000680290029803999F
:1009100088421ED0FFE702980399884207D2FFE77A
:1009200003980299411A01980844019008E0009840
:100930000299401A03990144019808440190FFE785
:100940000298039001980499884201D3FFE701E0DF
:10095000FFE7D5E706B0704780B582B000208DF87C
:100960000700FFF785FFFFF799FF18F065F90146CB
:100970009DF8070008438DF8070018F025FA014696
:100980009DF8070008438DF807009DF8070002B0A6
:1009900080BD000080B588B00790069105920020C8
:1009A000009004900390FFF759FF922000F006F9A1
:1009B000122003A90191062200F0CCF8FFF744FFB2
:1009C0009DF80C009DF80D1040EA0120ADF80A00DA
:1009D000BDF90A0000EE100AB8EEC00A40F20000AD
:1009E000C2F2000090ED001A20EE010A069981ED96
:1009F000000A9DF80E109DF80F2041EA0221ADF883
:100A00000A10BDF90A1000EE101AB8EEC00A90EDF7
:100A1000001A20EE010A069981ED010A9DF81010D6
:100A20009DF8112041EA0221ADF80A10BDF90A1023
:100A300000EE101AB8EEC00A90ED001A20EE010A7E
:100A4000069880ED020AFFF71FFF0098019908221F
:100A500000F080F8FFF70EFF9DF80C000F2844D13E
:100A6000FFE79DF80E009DF80F1040EA0120ADF859
:100A70000A00BDF90A0000EE100AB8EEC00A40F202
:100A80000400C2F2000090ED001A20EE010A07995E
:100A900081ED000A9DF810109DF8112041EA022115
:100AA000ADF80A10BDF90A1000EE101AB8EEC00A2F
:100AB00090ED001A20EE010A079981ED010A9DF8D8
:100AC00012109DF8132041EA0221ADF80A10BDF979
:100AD0000A1000EE101AB8EEC00A90ED001A20EECF
:100AE000010A079880ED020AFFE7FFF7B7FEA22090
:100AF00000F064F8222003A9022200F02BF8FFF78F
:100B0000A3FE9DF80C009DF80D10C00040EA5110A6
:100B1000ADF80A00BDF90A00B0F5806F07DBFFE70A
:100B2000BDF80A00A0F50060ADF80A00FFE7BDF9C6
:100B30000A0000EE100AB8EEC00AB4EE001A20EE69
:100B4000010AB3EE071A30EE010A059880ED000A9B
:100B500008B080BD80B584B08DF80F0002918DF88B
:100B600007209DF80F0040F0800000F027F8FFE715
:100B70009DF8070070B1FFE7552000F01FF80299BB
:100B800008700298013002909DF8070001388DF836
:100B90000700EDE704B080BD80B582B08DF8070096
:100BA00000919DF8070040F0800000F007F8552004
:100BB00000F004F80099087002B080BD80B582B0E2
:100BC0008DF8070069464FF47A70086044F2B4105B
:100BD000C2F200000DF107010DF10602012305F03C
:100BE000FFFE9DF8060002B080BD000080B582B017
:100BF0008DF807008DF806109DF80700FFF7DEFF5F
:100C00009DF80600FFF7DAFF02B080BD80B582B024
:100C100001900198006841F20041C4F2000188424D
:100C200010D1FFE740F2C802C2F200021078013092
:100C3000107044F20C20C2F2000040F2012100F0DA
:100C4000D5F9FFE702B080BD80B584B0039003986A
:100C5000006844F60001C4F2000188420FD1FFE7AA
:100C600044F2C830C2F200000068006800F01001D1
:100C70000020B0EB111F01D0FFE7FFE7FFE703986B
:100C8000006841F20041C4F20101884227D1FFE728
:100C900044F20C40C2F200000068006800F010014D
:100CA0000020B0EB111F19D0FFE743F2C850C2F289
:100CB0000000027841F26060C2F20000019042F64A
:100CC000B871C2F200010CF06DF8019944F20C40C9
:100CD000C2F20000FF2207F03BFBFFE7FFE70398AB
:100CE000006841F20001C4F2010188421ED1FFE711
:100CF00044F28430C2F200000068006800F0100185
:100D00000020B0EB111F10D0FFE7FFE7002002909A
:100D100044F28430C2F20000016809680291006860
:100D2000406802900298FFE7FFE7FFE704B080BD4C
:100D3000FFE7FEE780B543F65010C2F2000001F075
:100D400063FF80BD80B543F67810C2F2000001F069
:100D50005BFF80BD80B58EB00C90002003908DF8B5
:100D600014008DF815008DF816008DF817008DF819
:100D700010008DF811008DF812008DF813008DF819
:100D80002C008DF82D008DF82E008DF82F008DF899
:100D9000280008218DF829108DF82A008DF82B00E5
:100DA0008DF824008DF825008DF826008DF8270099
:100DB0008DF820008DF821008DF822008DF8230099
:100DC0008DF81C008DF81D008DF81E008DF81F0099
:100DD0008DF818008DF819108DF81A008DF81B0089
:100DE0000C9809F09DFB20B9FFE700208DF8370033
:100DF0006BE00C9809F046FC20B9FFE700208DF865
:100E0000370062E00C982021232205AB09F0B0FCEA
:100E10000C982421272204AB09F0AAFC0C9800218D
:100E2000019103220BAB09F0A3FC0C980421009163
:100E300007220AAB09F09CFC0C9808210B2209AB95
:100E400009F096FC0C981021132208AB09F090FCD5
:100E50000C981421172207AB09F08AFC0C98182172
:100E60001B2206AB09F084FC009A0C98602109F063
:100E700061FC0C9870210122029209F05BFC019A3E
:100E80000C982A2109F056FC0C982921912209F08E
:100E900051FC029A0C98282109F04CFC019A0C98FC
:100EA0002C2109F047FC029A0C982B2109F042FCF6
:100EB0000C9809F013FC20B9FFE700208DF83700EB
:100EC00003E001208DF83700FFE79DF837000EB0F2
:100ED00080BD000080B588B007900691002000908A
:100EE0008DF817008DF81400049003900290079875
:100EF00009F000FB014600988DF804109DF80410DD
:100F0000B0EB911F6ED0FFE79DF804104FF0FF305B
:100F100000EB91106FF00201084207D1FFE707983C
:100F2000902102AA0D2309F069FB0EE09DF8041040
:100F30000220B0EB911F07D1FFE70798942102AA86
:100F40000D2309F05BFBFFE7FFE79DF80400C0F30A
:100F5000C100022811D1FFE70699022008709DF810
:100F600008209DF809309DF80A009DF80B1018F034
:100F7000FBF90699C1F801000CE006990120087000
:100F80009DF808009DF8091018F02CFA0699C1F890
:100F90000100FFE79DF80C00069948719DF80D00CF
:100FA000069988719DF80E000699C8719DF80F008A
:100FB000069908729DF81000069948729DF8110074
:100FC000069988729DF812000699C8729DF8130060
:100FD000069908739DF814000699487301208DF84E
:100FE0001700FFE79DF8170008B080BD80B584B0FA
:100FF0000390ADF80A10019244F2C861C2F20001F8
:1010000001200870BDF90A00C1F8010008204871EC
:10101000019A10685268C1F80A20C1F806000398C6
:1010200000F002F804B080BD80B588B0079006914A
:1010300000208DF8170044F25041C2F20001087000
:1010400048708870C870079809F0F4FA014643F2B6
:10105000C450C2F20000017000788008C007F0B9E7
:10106000FFE70699D1F80100097844F25042C2F234
:101070000002049218F028F9049A079806994B790F
:101080000631EC46CCF80010402109F071FA0798BF
:10109000812109F0E5FA01208DF817004FE043F2B5
:1010A000C450C2F2000000780009C007F0B9FFE7A1
:1010B0000699D1F80100097844F25042C2F20002C8
:1010C000039218F001F9039A079806994B790631B3
:1010D000EC46CCF80010422109F04AFA0798822128
:1010E00009F0BEFA01208DF8170027E043F2C45042
:1010F000C2F2000000788009C007F0B9FFE7069946
:10110000D1F80100097844F25042C2F20002029282
:1011100018F0DAF8029A079806994B790631EC46EE
:10112000CCF80010442109F023FA0798842109F033
:1011300097FA01208DF81700FFE7FFE7FFE79DF81A
:10114000170008B080BD000080B590B00E2003905D
:101150000F900B9001210E9100200C900D910690A4
:101160000790089009900B900A9043F65010C2F235
:101170000000019006A9029101F078FB019802F0AD
:1011800085F901980221049101F08EFA02990398E1
:101190000F900B9043F67810C2F20000059001F01A
:1011A00065FB059802F072F90499059801F07CFA44
:1011B00010B080BD84B08DF80F000291ADF806200C
:1011C0009DF80F000146009123281DD80099DFE803
:1011D00001F012131415161B1B1B1B1B1B1B1B1BC7
:1011E0001B1B1B1B1B1B1B1B1B1B1B1B1B1B1B1B4F
:1011F0001B1B1718191A08E007E006E005E004E0D9
:1012000003E002E001E000E0FFE7002004B07047E7
:101210000020704780B582B043F2E450C2F2000073
:10122000009042F2B871C2F20001002201920FF068
:10123000FDFB009841F6B871C2F200010FF0D8FB37
:10124000019802B080BD000080B584B00390029187
:10125000039943F2E450C2F2000001900FF0C8FB82
:1012600001980FF06BFB002004B080BD83B00290AA
:1012700001918DF8032000208DF802009DF90200F5
:1012800003B0704780B586B00490ADF80E10002012
:101290008DF80D0043F2E450C2F20000D0F8BC0219
:1012A00002900298D0F8140220B1FFE701208DF8D7
:1012B000170013E00499BDF80E2043F2E450C2F287
:1012C000000001900FF0B2FB01980FF0B9FC8DF80F
:1012D0000D009DF80D008DF81700FFE79DF8170031
:1012E00006B080BD83B0029001910092029801780F
:1012F00041F29870C2F2000001720299497841727D
:101300000299897881720299C978C1720299097922
:10131000017302994979417302998979817302991C
:10132000C979C173018941F30A01019A5180418948
:1013300041F30A01019A9180818941F30A01019ADE
:101340005181837B019A92F83C1003F0100301F065
:101350000F01194482F83C10817BC1F34013019ABC
:1013600092F83D1001F0F001194482F83D10817BA4
:1013700001F00103019A92F83E1001F00F0141EAD9
:10138000031182F83E10817BC1F38003019A92F829
:101390003A1001F0F001194482F83A108189C1F342
:1013A000C023019A92F83B1001F0F001194482F831
:1013B0003B108189C1F30033019A92F83B1001F090
:1013C0000F0141EA031182F83B10837B019A92F8E6
:1013D0003A1003F0080301F00F0141EA430182F8DB
:1013E0003A10C189C1F3C11241F6E021C2F20001F5
:1013F0000A70C289C2F34122019B1A73C289C2F3E7
:10140000C122019B5A73C089C0F34030C8720120C9
:1014100003B0704780B582B00190019890F8270022
:10142000012807D1FFE740F20E01C2F20001C820F7
:10143000088085E0019890F82700022807D1FFE78F
:1014400040F20E01C2F20001E620088077E0019828
:1014500090F82700032808D1FFE740F20E01C2F2FE
:1014600000014FF48270088068E0019890F827002E
:10147000042808D1FFE740F20E01C2F200014FF448
:101480009170088059E0019890F82700052808D14C
:10149000FFE740F20E01C2F200014FF4A070088095
:1014A0004AE0019890F82700062808D1FFE740F2AB
:1014B0000E01C2F200014FF4AF7008803BE00198CA
:1014C00090F82700072808D1FFE740F20E01C2F28A
:1014D00000014FF4BE7008802CE0019890F82700BE
:1014E000082808D1FFE740F20E01C2F200014FF4D4
:1014F000D27008801DE0019890F82700092808D1D3
:10150000FFE740F20E01C2F200014FF4E1700880E3
:101510000EE0019890F827000A2808D1FFE740F272
:101520000E01C2F200014FF4FA700880FFE7FFE7F6
:10153000FFE7FFE7FFE7FFE7FFE7FFE7FFE7FFE77B
:1015400040F20E00C2F2000000880199B1F83F108D
:10155000401A41F29871C2F20001009108801020F7
:1015600088700198D0F859001CF0E4F80099C87010
:10157000012002B080BD000080B588B0DDF82CC02D
:10158000DDF828C0079006918DF81720049307987E
:10159000049A0A9B0B99EC46CCF8001043F26401C4
:1015A000C2F2000112F084FC0699CD200870079861
:1015B000016843F2CC50C2F2000002900160017851
:1015C000069A51704178069A91708178069AD17086
:1015D000C178069A11710799496801600178069AE5
:1015E00051714178069A91718178069AD171C178CA
:1015F000069A11720799497E069A517207994969AC
:1016000001600178069A91724178069AD1728178C8
:10161000069A1173C078069948730798007E069958
:1016200088730699DC20C8739DF8170038B9FFE766
:1016300006981021FFF726FE8DF80F0010E09DF8A8
:10164000170001280BD1FFE7069944F28430C2F25B
:101650000000102206F0C0FE8DF80F00FFE7FFE744
:10166000012008B080BD000010B586B08C468646CB
:1016700009980899CDF814E0ADF812C0ADF8102023
:10168000ADF80E30ADF80C10ADF80A009DF8110061
:101690008DF802009DF810008DF803009DF80F00F2
:1016A0008DF804009DF80E008DF805009DF80D00E2
:1016B0008DF806009DF80C008DF807009DF80B00D2
:1016C0008DF808009DF80A008DF809000598BDF80E
:1016D00012100DF1020217F075FC06B010BD0000EB
:1016E00080B543F68830C2F2000002F063F880BD96
:1016F00080B543F66820C2F2000002F05BF880BDBE
:1017000080B543F6E830C2F2000002F053F880BD25
:1017100080B543F6A810C2F2000002F04BF880BD7D
:1017200080B543F60820C2F2000002F043F880BD05
:1017300080B543F6C820C2F2000002F03BF880BD3D
:1017400080B543F64840C2F2000002F033F880BD95
:1017500080B543F62830C2F2000002F02BF880BDBD
:1017600082B001900198007810384AF6AB21CAF691
:10177000AA21A0FB01100009009000994DF610303D
:10178000C0F60100405C0199C8650098042807D3A1
:10179000FFE701990868042262F30900886506E002
:1017A0000199086840F2FF3290438865FFE701988D
:1017B000806D02B07047000086B0059000208DF863
:1017C00013000598806A03900598806910BBFFE7B5
:1017D0000398029003281BD80299DFE801F0020D5C
:1017E0000218059890F82F00C00720B1FFE70120EC
:1017F0008DF81300FFE70CE00598C06AB0F1C07FD8
:1018000004D1FFE701208DF81300FFE701E000E0BD
:10181000FFE745E005988069B0F5005F25D1FFE757
:101820000398019003281ED80199DFE801F0020611
:10183000021101208DF8130016E0059890F82F0092
:10184000C00720B1FFE701208DF81300FFE70BE090
:101850000598C06AB0F1C07F04D1FFE701208DF880
:101860001300FFE700E0FFE719E00398009003286A
:1018700004D3FFE70098032804D00EE001208DF880
:1018800013000BE0059890F82F00C00720B1FFE788
:1018900001208DF81300FFE700E0FFE7FFE7FFE717
:1018A0009DF8130006B0704784B003900291019236
:1018B000009303980168086820F48020086000986D
:1018C00003990968486003988068402809D1FFE7B8
:1018D0000198039909688860029803990968C860AB
:1018E00008E00298039909688860019803990968DB
:1018F000C860FFE704B0704781B041F20400CEF247
:10190000000000680090009841F29071C2F200015E
:101910000968884208D2FFE741F29471C2F20001DF
:10192000086801300860FFE7009841F29071C2F248
:101930000001086001B0704780B584B0039041F2A7
:101940000400CEF200000068029002980399096832
:10195000401A00EE100AB8EE400A41F27870C2F266
:10196000000090ED001AB8EE411A80EE010A8DEDEC
:10197000010A029803990860FFF7BEFF9DED010A76
:1019800004B080BD80B582B000F066F841F68C30BE
:10199000C2F20000016883884FF47A7201FB0231C1
:1019A00000EE101AB8EE401AC08800EE100AB8EE29
:1019B000C00A9FED062A20EE020A30EE010A8DEDE4
:1019C000010A9DED010A02B080BD00BF6F12833A8B
:1019D00081B000904EF6FC51CEF20001086840F054
:1019E0008070086041F20401CEF20001002008601E
:1019F00041F20002CEF20002116841F001011160D3
:101A0000009944F24022C0F20F024A4341F2787139
:101A1000C2F200010A600A6844F6D353C1F26203BD
:101A2000A2FB0332920941F27C73C2F200031A60F6
:101A300009684DF68362C4F21B32A1FB0221890CB6
:101A400041F28072C2F20002116041F29471C2F25E
:101A50000001086001B07047B0B586B041F20400E3
:101A6000CEF2000000680590FFF746FF41F2947047
:101A7000C2F2000001680598002302934FF0FF3C7A
:101A80001A46E1FB0C0241F28871C2F2000100919A
:101A90004A6008600868496841F27874C2F200043C
:101AA0002268FEF701FC029B02468C46009941F237
:101AB000C070C2F20000C0F804C00260D1F800C0DB
:101AC0004968D0F800E042682468AEFB04E502FBF8
:101AD0000452BCEB0E0C61EB020241F2C871C2F27F
:101AE00000010391C1F800C04A60006841F68C32E1
:101AF000C2F20002049210600868496841F27C72E8
:101B0000C2F2000201921268FEF7CEFBDDF804C0BB
:101B1000029B049A0146039891800168406892886C
:101B2000DCF800C002FB0CF28A1A60F1000041F2FE
:101B3000D071C2F200010A6048600868496841F249
:101B40008072C2F200021268FEF7AEFB0499C880F0
:101B500006B0B0BD7047000080B582B044F20C20E2
:101B6000C2F20000009044F29C61C2F2000112F047
:101B700005FA8DF80700022002F016F9009812F01D
:101B8000F7FA02B080BD000081B0EFF3108072B6AA
:101B90000090FFE7FEE7000080B588B0A820FFF7BF
:101BA00017FFFFF7D1FA44F20C20C2F20000FFF752
:101BB000D1F843F2E051C2F20001087044F23C3027
:101BC000C2F2000005F040FA44F2F420C2F2000034
:101BD000082105F019FE43F6C820C2F2000001906A
:101BE00001F08EFD43F62830C2F20000029001F0B1
:101BF00087FD019801F06EFF029801F06BFF44F23F
:101C00008430C2F2000005F0FDFE43F68830C2F2D7
:101C10000000039001F074FD039801F05BFF44F2B3
:101C2000C830C2F20000049005F0ECFE049802688F
:101C3000D16841F01001D16041F2A871C2F20001F7
:101C4000252206F085FB43F6E830C2F2000005903D
:101C500001F056FD43F64840C2F20000069001F044
:101C60004FFD059801F036FF069801F033FF44F26E
:101C70000C40C2F2000005F0C5FE09F05BFC40F626
:101C80003C01C4F200010791322008604FF4FA7061
:101C900002F03AF807990020086008B080BD000003
:101CA00080B584B003908DED020A0398806901909D
:101CB00001A8FFF741FE039910EE100AC8619DEDDF
:101CC000020A0399C868CB690A6A01EE103A20EE4D
:101CD000010A03EE102A33EE012A80EE020A01EE19
:101CE000100A21EE031A81EE021A30EE010A10EEFC
:101CF000100AC8600398008E032810DBFFE7039AE0
:101D000002F13200D168D26900EE102A00EE901A7A
:101D100009F086FC039910EE100A486211E003995D
:101D2000CB680A69C86900EE103A01EE102A30EE5D
:101D3000410A01EE100A80EE010A10EE100A486214
:101D4000FFE70398B0F85C00032810DBFFE7039976
:101D500001F15E00CA69496A00EE102A00EE901A8D
:101D600009F05EFC039910EE100A886211E00399F5
:101D7000C8694B6ACA6A00EE103A01EE102A30EECA
:101D8000410A01EE100A80EE010A10EE100A886284
:101D9000FFE70399D1F800C04A688868CB6800EE75
:101DA00010CA02EE103A01EE102A4A6A03EE102A17
:101DB00021EE031A20EE020A30EE011A00EE100A9C
:101DC000886A02EE100A20EE020A30EE010A10EED6
:101DD000100AC1F888000398D0F88810D0F88C0059
:101DE00000EE101A01EE100AF1EE410A17F028FE7B
:101DF000039910EE100AC1F888000399C8680861B9
:101E00000399486AC8620398D0F8880000EE100A67
:101E100004B080BD80B586B005908DED040A0391B5
:101E2000CDED020AADF80620ADF80430049805990E
:101E3000C1F88C00039880B1FFE7059868B1FFE70F
:101E40000398006805990860039840680599486000
:101E500003988068059988600AE005990020086069
:101E600005994860059988600599C1F88C00FFE7DD
:101E7000029805990862BDF8060005990886BDF824
:101E800004000599A1F85C00BDF80600032807DBF3
:101E9000FFE705983230BDF8061009F023FDFFE793
:101EA000BDF80400032807DBFFE705985E30BDF8A6
:101EB000041009F017FDFFE70599002088610599D6
:101EC000C1F8880006B080BD84B002900191ADF8E1
:101ED0000220029828B9FFE74FF6FF70ADF80E0018
:101EE00021E0FFE70198411E0191B8B1FFE7029898
:101EF000411C029100788DF80100BDF802109DF898
:101F000001004840C2B24EF22870C0F6010030F81D
:101F1000120080EA1120ADF80200E3E7BDF80200EC
:101F2000ADF80E00FFE7BDF80E0004B070470000EA
:101F300082B00190ADF802108DF80120FFE7BDF8E6
:101F40000200411EADF8021098B1FFE79DF80100B4
:101F500001994A1C0192097848408DF800009DF8CB
:101F600000104DF61020C0F60100405C8DF8010015
:101F7000E5E79DF8010002B07047000041F6D80087
:101F8000C2F2000090ED690A7047000041F6D800E7
:101F9000C2F2000090ED680A7047000080B584B07E
:101FA00047F61020C1F6FF700068039047F6142032
:101FB000C1F6FF700068029047F61820C1F6FF7066
:101FC000006801900199039808440390039888B130
:101FD000FFE7039840F28811C2F20001009102313C
:101FE000082207F083FC009902981231042207F0BE
:101FF0007DFCFFE704B080BD41F6D800C2F20000CE
:1020000090ED6A0A7047000041F6D800C2F2000065
:1020100090ED6B0A7047000085B00390029100209C
:102020000190FFE7039890F83C00012804D1FFE7F6
:1020300002208DF81300F7E00399012081F83C009D
:10204000FFE7FFE7029800680A281CD3FFE7029821
:10205000008800EB4000A0F11E01072000FA01F209
:1020600003980168C8689043C86002998868098825
:1020700001EB41011E3900FA01F203980168C868BA
:102080001043C86018E00298008800EB4001072068
:1020900000FA01F203980168086990430861029907
:1020A0008868098801EB410100FA01F20398016890
:1020B000086910430861FFE70298406806281BD8AA
:1020C000FFE70298406800EB8000411F1F2000FAE4
:1020D00001F203980168486B9043486302990888AD
:1020E000496801EB8101053900FA01F203980168A2
:1020F000486B104348633DE0029840680C281CD8A8
:10210000FFE70298406800EB8000A0F123011F2048
:1021100000FA01F203980168086B90430863029982
:102120000888496801EB8101233900FA01F203981C
:102130000168086B104308631BE00298406800EBDD
:102140008000A0F141011F2000FA01F2039801680C
:10215000C86A9043C86202990888496801EB810106
:10216000413900FA01F203980168C86A1043C86255
:10217000FFE7FFE742F20030C4F20100009003984D
:10218000006842F20001C4F2010188420BD1FFE76E
:1021900002980068122806D1FFE70099486840F4C9
:1021A00080004860FFE70398006842F20001C4F233
:1021B000010188422ED1FFE702980068102805D05F
:1021C000FFE702980068112824D1FFE700994868CA
:1021D00040F40000486002980068102819D1FFE719
:1021E00040F2C400C2F2000000684DF68361C4F200
:1021F0001B31A0FB0110800C00EB8000400001901F
:10220000FFE7019820B1FFE7019801380190F8E756
:10221000FFE7FFE7FFE70399002081F83C00FFE7B5
:1022200000208DF81300FFE79DF8130005B07047FC
:1022300081B0009000980068C06C01B07047000049
:1022400080B584B0029000208DF80700029820B974
:10225000FFE701208DF80F0042E00298806A01211B
:10226000C0F60071884201D0FFE7FFE70298006CDA
:1022700050B9FFE7029800F037F80299002048644F
:10228000029981F83C00FFE70298006CC006002824
:1022900017D4FFE70298006C40F0020020F4885049
:1022A000029908640298FEF709FA0299002048642E
:1022B0000298006C40F0010020F0020002990864CE
:1022C00003E001208DF80700FFE7FFE702990020F7
:1022D00081F83C00FFE79DF807008DF80F00FFE74D
:1022E0009DF80F0004B080BD80B58AB00990002031
:1022F000089007900690059004900998006842F2B3
:102300000001C4F20101884212D1FFE7FFE700207B
:10231000039043F64400C4F20200016841F4807166
:102320000160006800F4807003900398FFE73AE0D2
:102330000998006842F20021C4F20101884231D1BB
:10234000FFE7FFE70020029043F64400C4F20200DA
:10235000016841F480610160006800F480600290CF
:102360000298FFE7FFE70020019043F63000C4F237
:102370000200016841F020010160006800F02000C7
:1023800001900198FFE74FF48060049003200590CE
:102390000020069041F20040C4F2020004A901F0BE
:1023A0001FFDFFE7FFE70AB080BD000080B584B0E5
:1023B000029001910020009002980068806840051A
:1023C000002816D5FFE7029800688068C00500283D
:1023D0000FD5FFE70299086C40F020000864FFE782
:1023E0000299002081F83C00FFE701208DF80F00E2
:1023F0006DE001F0E9FE0090FFE7029800680068D8
:1024000000F00200022829D0FFE70198013020B334
:10241000FFE7019840B1FFE701F0D6FE0099401AAE
:102420000199884218D9FFE702980068006800F017
:10243000020002280FD0FFE70299086C40F0040068
:102440000864FFE70299002081F83C00FFE70320C1
:102450008DF80F003BE0FFE7FFE7CEE70298016849
:102460006FF0120008600299086C40F40070086474
:1024700002980068806810F0405F24D1FFE702985E
:10248000007E00BBFFE702980068C06A10F4700F7E
:1024900007D0FFE70298006880684005002812D442
:1024A000FFE70299086C20F4807008640298006CC1
:1024B000C004002806D4FFE70299086C40F0010030
:1024C0000864FFE7FFE700208DF80F00FFE79DF8A5
:1024D0000F0004B080BD000084B002900020019085
:1024E000FFE7029890F83C00012804D1FFE70220A2
:1024F0008DF80F00D4E00299012081F83C00FFE73D
:10250000FFE7029800688068C007F0B9FFE702980B
:102510000168886840F00100886040F2C400C2F29F
:10252000000000684DF68361C4F21B31A0FB01106E
:10253000800C00EB40000190FFE7019820B1FFE71D
:10254000019801380190F8E7FFE702980068806879
:10255000C007002800F09580FFE70298006C40F467
:10256000807040F201618843029908640298006813
:1025700040684005002809D5FFE70298006C40F448
:10258000805020F4005002990864FFE70298006C24
:10259000C004002806D5FFE70299486C20F0060029
:1025A000486403E0029900204864FFE7FFE70299CE
:1025B000002081F83C00FFE742F20030C4F2010045
:1025C0000090029801686FF022000860009840684F
:1025D000C006E8BBFFE70298006842F20001C4F2BF
:1025E0000101884224D0FFE70298006842F20011FE
:1025F000C4F20101884208D1FFE742F20430C4F27C
:1026000001000068C00698B1FFE70298006842F236
:102610000021C4F20101884219D1FFE742F20430DF
:10262000C4F20100006800F01F000F280FD8FFE778
:1026300002980068806810F0405F07D1FFE70298B9
:102640000168886840F080408860FFE7FFE717E096
:102650000298006842F20001C4F2010188420ED1E2
:10266000FFE702980068806810F0405F07D1FFE73D
:1026700002980168886840F080408860FFE7FFE7C3
:102680000AE00299086C40F0100008640299486C56
:1026900040F001004864FFE700208DF80F00FFE7DD
:1026A0009DF80F0004B0704784B002900191029829
:1026B00090F820008DF803009DF80300012805D054
:1026C000FFE79DF8030002280AD1FFE7019A02986C
:1026D000016848691043486100208DF80F0008E048
:1026E0000299486A40F48020486201208DF80F006A
:1026F000FFE79DF80F0004B07047000088B0069017
:10270000059104920393069890F820008DF8070035
:1027100006980068806800900598806808B9FFE70F
:1027200000E0FFE79DF80700012806D0FFE79DF8CD
:102730000700022840F08D80FFE79DF80300400766
:1027400000280CD4FFE79DF803000007002806D4FA
:10275000FFE79DF80300C006002871D5FFE7009849
:10276000C0F3016002900298032809D3FFE706999D
:10277000486A40F40000486201208DF81F0071E0B3
:10278000029901208840039908600598806868B91B
:10279000FFE705980168C06840EA4150069909685A
:1027A000029A01EB0211C1F880010EE005994A6816
:1027B0008868C96840EAC200084306990968029A15
:1027C00001EB0211C1F88001FFE705980069069945
:1027D0000968029A01EB0211C1F884010598007D95
:1027E00001280CD1FFE706980068029900EB01115F
:1027F000D1F8840140F48070C1F88401FFE70498A7
:10280000406806990968029A01EB0211C1F88C012F
:102810000498006806990968029A01EB0211C1F850
:10282000880106980068029900EB0111D1F8800137
:1028300040F00100C1F8800100208DF81F0011E078
:102840000699486A40F40010486201208DF81F0084
:1028500008E00699486A40F48020486201208DF81B
:102860001F00FFE79DF81F0008B0704786B0049076
:102870000391049800680190049890F820008DF866
:1028800003009DF80300012806D0FFE79DF8030030
:10289000022840F0B080FFE746F20040C4F200009A
:1028A00001900199D1F8000240F00100C1F8000246
:1028B0000199D1F8000220F47C50C1F8000203987D
:1028C000426A0199D1F8000240EA0220C1F80002F0
:1028D0000398406900F01F01012088400290029A8D
:1028E0000199D1F81C029043C1F81C020398C069F9
:1028F000F0B9FFE7029A0199D1F80C029043C1F8B0
:102900000C02039A9088D168526940EA014001990B
:1029100001EBC201C1F84002039A10889168526924
:1029200040EA0140019901EBC201C1F84402FFE70E
:102930000398C06901281ED1FFE7029A0199D1F8D6
:102940000C021043C1F80C02039A90881168526976
:1029500040EA0140019901EBC201C1F84002039A2B
:1029600090899168526940EA0140019901EBC201E6
:10297000C1F84402FFE70398806940B9FFE7029A73
:102980000199D1F804029043C1F8040207E0029AC9
:102990000199D1F804021043C1F80402FFE703983B
:1029A000006940B9FFE7029A0199D1F814029043F7
:1029B000C1F8140207E0029A0199D1F814021043F9
:1029C000C1F81402FFE70398006A012808D1FFE765
:1029D000029A0199D1F81C021043C1F81C02FFE7CA
:1029E0000199D1F8000220F00100C1F80002002096
:1029F0008DF8170008E00499486A40F48020486286
:102A000001208DF81700FFE79DF8170006B070470A
:102A100081B0009001B0704786B00490039102929B
:102A20000193049890F820008DF803009DF80300AE
:102A3000012806D0FFE79DF80300022840F0D78068
:102A4000FFE7039880B9FFE704980068C068800733
:102A500048B9FFE70499486A40F400104862012031
:102A60008DF81700CCE00FE004980068006980073B
:102A700048B9FFE70499486A40F400104862012011
:102A80008DF81700BCE0FFE704980068039900EB9D
:102A90000110D0F8B00100F004000299886002989B
:102AA000806858B9FFE704980068039900EB0110AB
:102AB000D0F8B001400D029908600AE0049800685F
:102AC000039900EB0110D0F8B001C00802994860EA
:102AD000FFE704980068039900EB0110D0F8B001FB
:102AE00000F002000299C86004980068039900EBA6
:102AF0000110D0F8B40100F00F00029908610498A9
:102B00000068039900EB0110D0F8B40180B2000A0C
:102B10000299886104980068039900EB0110D0F8CD
:102B2000B401000C0299486104980068039900EB15
:102B30000110D0F8B8010199087004980068039951
:102B400000EB0110D0F8B801000A01994870049810
:102B50000068039900EB0110D0F8B801000C01994E
:102B6000887004980068039900EB0110D0F8B80150
:102B7000000E0199C87004980068039900EB0110D9
:102B8000D0F8BC010199087104980068039900EB22
:102B90000110D0F8BC01000A01994871049800683E
:102BA000039900EB0110D0F8BC01000C0199887169
:102BB00004980068039900EB0110D0F8BC01000EE6
:102BC0000199C871039838B9FFE704980168C8688B
:102BD00040F02000C86006E004980168086940F0F1
:102BE00020000861FFE700208DF8170008E0049935
:102BF000486A40F48020486201208DF81700FFE702
:102C00009DF8170006B0704780B58AB00990002083
:102C10000890099800684069079009980068406822
:102C20000690099800688068059009980068C06857
:102C30000490099800680069039009980068806909
:102C400002909DF81C00C007002800F09480FFE768
:102C50009DF81400C00758B3FFE7099801680120E8
:102C600088609DF814008007002804D5FFE70998C4
:102C700000F056FC1BE09DF814004007002805D525
:102C8000FFE7089840F4006008900FE09DF81400FA
:102C90000007002805D5FFE7089840F48050089009
:102CA00003E0099800F038FCFFE7FFE7FFE7FFE7E4
:102CB0009DF81500C00760B3FFE7099801684FF45D
:102CC000807088609DF815008007002804D5FFE714
:102CD000099800F02DFC1BE09DF815004007002826
:102CE00005D5FFE7089840F4005008900FE09DF8E4
:102CF00015000007002805D5FFE7089840F480403C
:102D0000089003E0099800F00FFCFFE7FFE7FFE7FA
:102D1000FFE79DF81600C00760B3FFE70998016858
:102D20004FF4803088609DF816008007002804D595
:102D3000FFE7099800F004FC1BE09DF8160040072F
:102D4000002805D5FFE7089840F4004008900FE000
:102D50009DF816000007002805D5FFE7089840F405
:102D60008030089003E0099800F0E6FBFFE7FFE7FA
:102D7000FFE7FFE7FFE79DF81C000007002810D5DC
:102D8000FFE79DF81000C006002809D5FFE7089866
:102D900040F400700890099801681020C860FFE7AF
:102DA000FFE79DF81C00400700280FD5FFE79DF8BE
:102DB00010000007002808D5FFE7099801680820DF
:102DC000C860099800F0CCFAFFE7FFE79DF81C0007
:102DD000800700280BD5FFE709980068C0688007C6
:102DE00020B1FFE7099800F0BFFAFFE7FFE79DF881
:102DF0001C004006002810D5FFE79DF80C00C00617
:102E0000002809D5FFE7089840F4806008900998E9
:102E1000016810200861FFE7FFE79DF81C008006AD
:102E200000280FD5FFE79DF80C000007002808D503
:102E3000FFE70998016808200861099800F01AFB6B
:102E4000FFE7FFE79DF81C00C00600280BD5FFE751
:102E5000099800680069800720B1FFE7099800F031
:102E60000DFBFFE7FFE79DF81E00800700280FD548
:102E7000FFE79DF81800C006002808D5FFE709986D
:102E8000016810204860099800F0FCFAFFE7FFE7AE
:102E90009DF81E00C00778B1FFE79DF818000007F5
:102EA000002808D5FFE709980168082048600998BC
:102EB00000F04AFBFFE7FFE79DF81D000006002831
:102EC00040F18D80FFE79DF818004007002840F191
:102ED0008180FFE79DF81D00C00750B1FFE79DF816
:102EE0000800C00728B1FFE7089840F001000890EB
:102EF000FFE79DF81D00800700280BD5FFE79DF830
:102F000008008007002805D5FFE7089840F0020078
:102F10000890FFE79DF81D00400700280BD5FFE74C
:102F20009DF808004007002805D5FFE7089840F005
:102F300004000890FFE79DF81D000007002848D511
:102F4000FFE79DF8080010F0700F42D0FFE70298ED
:102F500000F0700001460191102814D0FFE701989D
:102F6000202815D0FFE70198302816D0FFE70198F8
:102F7000402817D0FFE70198502818D0FFE70198A4
:102F8000602819D01DE0089840F00800089019E06A
:102F9000089840F01000089014E0089840F02000D5
:102FA00008900FE0089840F0400008900AE0089868
:102FB00040F08000089005E0089840F48070089088
:102FC00000E0FFE709980168886920F070008861D7
:102FD000FFE7FFE70998016804204860FFE70898C9
:102FE00048B1FFE7089A0999486A1043486209986E
:102FF000FFF70EFDFFE70AB080BD000080B584B08A
:103000000290029820B9FFE701208DF80F00E0E060
:10301000029890F8200020B9FFE7029800F0DEF84F
:10302000FFE702980168086840F00100086001F0BD
:10303000CBF80190FFE7029800684068C007A8B984
:10304000FFE701F0C1F80199401A0B280DD3FFE703
:103050000299486A40F4003048620299052081F8DC
:10306000200001208DF80F00B3E0E4E7029801682A
:10307000086820F00200086001F0A6F80190FFE760
:103080000298006840688007002815D5FFE701F026
:103090009BF80199401A0B280DD3FFE70299486A63
:1030A00040F4003048620299052081F82000012098
:1030B0008DF80F008DE0E3E70298007E012807D12C
:1030C000FFE702980168086840F08000086006E0A9
:1030D00002980168086820F080000860FFE7029805
:1030E000407E012807D1FFE702980168086840F098
:1030F0004000086006E002980168086820F040007F
:103100000860FFE70298807E012807D1FFE7029858
:103110000168086840F02000086006E00298016835
:10312000086820F020000860FFE70298C07E0128B0
:1031300007D1FFE702980168086820F010000860D6
:1031400006E002980168086840F010000860FFE798
:103150000298007F012807D1FFE7029801680868FC
:1031600040F00800086006E002980168086820F056
:1031700008000860FFE70298407F012807D1FFE7B9
:1031800002980168086840F00400086006E00298B0
:103190000168086820F004000860FFE7029B1968D6
:1031A0005A689868D3F80CC040EA0C00D3F810C0F5
:1031B00040EA0C005B691843013A1043C861029968
:1031C00000204862029A012182F820108DF80F0039
:1031D000FFE79DF80F0004B080BD000080B590B0FF
:1031E0000F9000200E900D900C900B900A900F986D
:1031F000006846F20041C4F20001884249D1FFE76D
:1032000041F2DC70C2F20000016801310160006827
:10321000012812D1FFE7FFE70020099043F64000A4
:10322000C4F20200016841F000710160006800F022
:10323000007009900998FFE7FFE7FFE7002008907A
:1032400043F63000C4F20200016841F00801016059
:10325000006800F0080008900898FFE703200A9033
:1032600002210B91002103910C910D9009200E90E9
:1032700040F60040C4F202000AA900F0B1FD039A32
:1032800014200490052101F07BF8049801F06EF8F9
:1032900064E00F98006846F60001C4F2000188421D
:1032A0005BD1FFE7FFE70020079043F64000C4F240
:1032B0000200016841F080610160006800F08060F8
:1032C00007900798FFE741F2DC70C2F20000016846
:1032D000013101600068012812D1FFE7FFE70020FB
:1032E000069043F64000C4F20200016841F000710C
:1032F0000160006800F0007006900698FFE7FFE7A5
:10330000FFE70020059043F63000C4F20200016898
:1033100041F002010160006800F00200059005988C
:10332000FFE760200A9002200B90002001900C9093
:1033300003200D9009200E9040F20040C4F20200DC
:103340000AA900F04DFD019A40200290052101F0EC
:1033500017F8029801F00AF8FFE7FFE710B080BD08
:1033600081B0009001B0704780B58CB00B900B9885
:10337000002104AA02ABFFF74FFB0B9843F6501154
:10338000C2F20001884234D1FFE70498019040F274
:103390000521884222D0FFE7019840F2312188427E
:1033A00006D0FFE7019840F2013188420CD01FE0BF
:1033B00043F2B001C2F2000141F6E022C2F2000283
:1033C00002A8FDF78FFF13E040F2F820C2F20000E0
:1033D00000F50C7002A910F0F3FD09E040F2F820AE
:1033E000C2F2000000F6A80002A909F0FFFBFFE707
:1033F000FFE70B9843F67811C2F20001884236D1FC
:10340000FFE70498A0F201200146009103282DD87F
:103410000099DFE801F0020C162040F2F820C2F219
:10342000000000F52D6002A909F04CFC1EE040F2FE
:10343000F820C2F2000000F6F84002A909F042FCB0
:1034400014E040F2F820C2F2000000F5726002A918
:1034500009F038FC0AE040F2F820C2F2000041F224
:103460004811084402A909F02DFCFFE7FFE70CB062
:1034700080BD000081B0009001B0704781B0009025
:1034800001B0704781B0009001B0704780B584B042
:103490000290029890F8200001282FD1FFE70299AE
:1034A000022081F8200002980168086820F00100DD
:1034B000086000F089FE0190FFE70298006840680C
:1034C000C007A8B1FFE700F07FFE0199401A0B2862
:1034D0000DD3FFE70299486A40F400304862029930
:1034E000052081F8200001208DF80F000FE0E4E7AF
:1034F0000299002048628DF80F0008E00299486A9E
:1035000040F40020486201208DF80F00FFE79DF88D
:103510000F0004B080BD000081B0009001B0704782
:1035200081B0009001B0704781B0009001B0704749
:1035300081B0009001B0704781B0009001B0704739
:1035400081B0009001B0704781B0009001B0704729
:1035500080B582B00090009820B9FFE701208DF877
:10356000070011E00098407938B9FFE70099002082
:103570000871009800F00CF8FFE7009901204871ED
:1035800000208DF80700FFE79DF8070002B080BD1E
:1035900082B001900198006843F20001C4F2020178
:1035A000884212D1FFE7FFE70020009043F6300089
:1035B000C4F20200016841F480510160006800F427
:1035C000805000900098FFE7FFE702B070470000CE
:1035D00080B584B002900298806D019000F0F4FDF7
:1035E0000090029890F8350002280DD0FFE702996C
:1035F00080204865FFE70299002081F83400FFE74A
:1036000001208DF80F0055E002980168086820F04D
:103610001600086002980168486920F0800048613F
:103620000298006C20B9FFE70298806C38B1FFE780
:1036300002980168086820F008000860FFE7029817
:103640000168086820F001000860FFE70298006840
:103650000068C007C8B1FFE700F0B6FD0099401A46
:10366000062811D3FFE7029920204865029903201C
:1036700081F83500FFE70299002081F83400FFE768
:1036800003208DF80F0015E0E0E70298C16D3F20A0
:103690008840019988600299012081F83500FFE790
:1036A0000299002081F83400FFE7FFE700208DF841
:1036B0000F00FFE79DF80F0004B080BD82B00090BE
:1036C000009890F83500022807D0FFE70099802085
:1036D000486501208DF807000EE00099052081F86B
:1036E000350000980168086820F001000860FFE7D5
:1036F00000208DF80700FFE79DF8070002B0704733
:1037000080B584B00290029820B9FFE701208DF8BF
:103710000F004BE0029890F83500022804D1FFE733
:1037200002208DF80F0041E002980168086820F03F
:10373000010008600298016800200090086002996A
:103740000968486002990968886002990968C86038
:10375000029909680861029801682120486102986D
:10376000FDF7FEFF0146009801910299C863029996
:10377000086402994864029988640299C8640299AD
:1037800008650299CA6D3F219140019A91600299A2
:103790004865029981F83500FFE70299002081F819
:1037A0003400FFE700208DF80F00FFE79DF80F00C1
:1037B00004B080BD80B586B005900020039040F233
:1037C000C400C2F20000006848F2B511C1F64E31E3
:1037D000A0FB0110800A02900598806D019001986D
:1037E0000068049004980599C96DC8400007002836
:1037F0001AD5FFE70598006800684007002812D531
:10380000FFE705980168086820F004000860059843
:10381000C16D08208840019988600599486D40F085
:1038200001004865FFE7FFE704980599C96DC840A6
:10383000C007A0B1FFE705980068406900060028AE
:103840000CD5FFE70598C16D01208840019988607B
:103850000599486D40F002004865FFE7FFE70498CE
:103860000599C96DC8404007002814D5FFE70598A1
:1038700000680068800700280CD5FFE70598C16D37
:1038800004208840019988600599486D40F0040043
:103890004865FFE7FFE704980599C96DC840C00671
:1038A000002847D5FFE70598006800680007002852
:1038B0003FD5FFE70598C16D1020884001998860C9
:1038C000059800680068400300281AD5FFE70598AE
:1038D000006800680003002809D4FFE70598006C21
:1038E00020B1FFE70598016C8847FFE708E00598DD
:1038F000806C20B1FFE70598816C8847FFE7FFE700
:1039000016E0059800680068C005002807D4FFE7A6
:1039100005980168086820F008000860FFE705982E
:10392000006C20B1FFE70598016C8847FFE7FFE7CF
:10393000FFE7FFE704980599C96DC8408006002895
:1039400040F18D80FFE7059800680068C0060028F8
:1039500040F18480FFE70598C16D202088400199DF
:103960008860059890F83500052834D1FFE7059860
:103970000168086820F01600086005980168486929
:1039800020F0800048610598006C20B9FFE7059899
:10399000806C38B1FFE705980168086820F00800DE
:1039A0000860FFE70598C16D3F2088400199886055
:1039B0000599012081F83500FFE70599002081F87D
:1039C0003400FFE70598006D20B1FFE70598016D11
:1039D0008847FFE77BE005980068006840030028FF
:1039E0001AD5FFE70598006800680003002809D48D
:1039F000FFE70598406C20B1FFE70598416C8847C8
:103A0000FFE708E00598C06B20B1FFE70598C16BA0
:103A10008847FFE7FFE720E0059800680068C005D9
:103A2000002811D4FFE705980168086820F010000D
:103A300008600599012081F83500FFE7059900200D
:103A400081F83400FFE7FFE70598C06B20B1FFE77E
:103A50000598C16B8847FFE7FFE7FFE7FFE7059899
:103A6000406DA0B3FFE70598406DC00730B3FFE796
:103A70000599052081F8350005980168086820F04F
:103A800001000860FFE70398013003900299884223
:103A900001D9FFE707E0FFE7059800680068C00765
:103AA0000028F0D1FFE70599012081F83500FFE7F4
:103AB0000599002081F83400FFE7FFE70598C06C06
:103AC00020B1FFE70598C16C8847FFE7FFE706B024
:103AD00080BD000080B586B004900020039000F007
:103AE00073FB0290049820B9FFE701208DF81700BE
:103AF000A3E00498406A08B1FFE7FFE704990220B9
:103B000081F83500FFE70499002081F83400FFE7D1
:103B100004980168086820F001000860FFE7049835
:103B200000680068C00790B1FFE700F04DFB029904
:103B3000401A06280AD3FFE7049920204865049913
:103B4000032081F835008DF8170076E0E7E7049848
:103B5000006800680390039848F23F01CFF210011B
:103B600008400390049900914868D1F808C0CB68D8
:103B70000A6940EA0C00184310434A6910438A69F5
:103B80001043CA691043096A01430398084303902C
:103B90000498406A042808D1FFE70499C86A096BB1
:103BA0000143039808430390FFE7039804990968C9
:103BB00008600498006840690390039820F00700AB
:103BC00003900498416A0398084303900498406A5C
:103BD00004281AD1FFE70498816A039808430390E8
:103BE0000498C06A80B1FFE70498FDF7E5FD50B185
:103BF000FFE70499402048650499012081F83500C9
:103C00008DF8170019E0FFE7FFE7039804990968AA
:103C100048610498FDF7A4FD01900498C16D3F2010
:103C2000884001998860049900204865049A012120
:103C300082F835108DF81700FFE79DF8170006B0E1
:103C400080BD000080B588B0069005910492039372
:103C500000208DF80B000698806D0190FFE7069814
:103C600090F83400012804D1FFE702208DF81F00EE
:103C700045E00699012081F83400FFE7FFE7069848
:103C800090F8350001282BD1FFE70699022081F832
:103C9000350006990020486506980599049A039B0B
:103CA000FDF702FE0698C16D3F20884001998860AB
:103CB00006980168086840F0160008600698006CD5
:103CC00038B1FFE706980168086840F0080008600E
:103CD000FFE706980168086840F00100086009E005
:103CE000FFE70699002081F83400FFE702208DF8F5
:103CF0000B00FFE79DF80B008DF81F00FFE79DF814
:103D00001F0008B080BD000080B584B0039000F0B3
:103D10005BFA0290039801900198013048B1FFE7E7
:103D200040F26420C2F2000001780198084401903A
:103D3000FFE7FFE700F048FA0299401A019988422C
:103D400001D2FFE7F6E704B080BD000080B582B085
:103D5000ADF80600BDF80600022822D1FFE744F2C4
:103D60000C20C2F2000044F29C61C2F2000110F08B
:103D700005F98DF805009DF8050058B1FFE744F2FC
:103D80000C20C2F2000044F29C61C2F2000110F06B
:103D9000CFF9FFE744F20C20C2F2000010F0E8F97E
:103DA000FFE702B080BD000080B582B0ADF806002C
:103DB00043F61440C4F201000068BDF80610084242
:103DC0000CD0FFE7BDF8060043F61441C4F2010130
:103DD0000860BDF80600FFF7B9FFFFE702B080BD3D
:103DE0008EB00D900C9100200A90099008900B90D5
:103DF000FFE70B980F2800F2CC81FFE70B99012019
:103E000088400A900C9800680A990840099009981F
:103E10000A99884240F0B881FFE70C98406800F0AA
:103E20000300012807D0FFE70C98406800F003006A
:103E300002282FD1FFE70D98806808900B98410069
:103E4000032000FA01F10898884308900C98C06894
:103E50000B99490000FA01F1089808430890089866
:103E60000D9988600D98406808900B99012000FA20
:103E700001F10898884308900C984068C0F300103E
:103E80000B9900FA01F108980843089008980D99D9
:103E90004860FFE70C98406800F00300032818D042
:103EA000FFE70D98C06808900B984100032000FAC6
:103EB00001F10898884308900C9880680B99490094
:103EC00000FA01F108980843089008980D99C86015
:103ED000FFE70C98406800F00300022826D1FFE7B6
:103EE0000D980B996FF0030202EA51010844006A31
:103EF00008900B9800F0070081000F2000FA01F1F4
:103F00000898884308900C9800690B9901F0070104
:103F1000890000FA01F108980843089008980D9963
:103F20000B9B02EA530211440862FFE70D980068F8
:103F300008900B984100032000FA01F1089888438B
:103F400008900C98406800F003000B99490000FAB3
:103F500001F108980843089008980D9908600C989A
:103F600080798007002800F00E81FFE7FFE700203E
:103F7000079043F64400C4F20200016841F4804116
:103F80000160006800F4804007900798FFE70B98F5
:103F900020F0030043F60801C4F2010140580890E4
:103FA0000B9800F0030081000F2000FA01F108983F
:103FB000884308900D980021C4F20201884203D181
:103FC000FFE7002006905EE00D9840F20041C4F249
:103FD0000201884203D1FFE70120059050E00D98CF
:103FE00040F60001C4F20201884203D1FFE702203B
:103FF000049042E00D9840F60041C4F2020188426C
:1040000003D1FFE70320039034E00D9841F2000153
:10401000C4F20201884203D1FFE70420029026E0A7
:104020000D9841F20041C4F20201884203D1FFE73A
:104030000520019018E00D9841F60001C4F202013C
:10404000884203D1FFE7062000900AE00D9941F66F
:104050000042C4F202020820914208BF07200090EB
:10406000FFE700980190FFE701980290FFE70298B0
:104070000390FFE703980490FFE704980590FFE79B
:1040800005980690FFE70698C0B20B9901F003016E
:10409000890000FA01F108980843089008980B99E4
:1040A00021F0030143F60802C4F20102885043F6EE
:1040B0000840C4F2010000680890099908988843F4
:1040C00008900C988079C006002805D5FFE709996B
:1040D000089808430890FFE7089843F60841C4F29F
:1040E0000101086043F60C40C4F20100006808902A
:1040F00009990898884308900C98807980060028D0
:1041000005D5FFE70999089808430890FFE7089844
:1041100043F60C41C4F20101086043F60440C4F2C6
:1041200001000068089009990898884308900C9845
:1041300080798007002805D5FFE70999089808438A
:104140000890FFE7089843F60441C4F201010860B3
:1041500043F60040C4F201000068089009990898ED
:10416000884308900C988079C00728B1FFE7099927
:10417000089808430890FFE7089843F60041C4F206
:1041800001010860FFE7FFE7FFE70B9801300B90A4
:104190002FE60EB07047000082B00190ADF802101B
:1041A0008DF801209DF8010028B1FFE7BDF802005D
:1041B0000199886105E0BDF8020000040199886159
:1041C000FFE702B0704700004AF6E820C2F20000A4
:1041D0000068704740F26420C2F2000002784AF69C
:1041E000E821C2F20001086810440860704700002E
:1041F00080B543F60041C4F20201086840F4007043
:104200000860086840F480600860086840F48070C6
:104210000860032000F0CEF80F2000F005F800F051
:1042200079F8002080BD000080B58CB00B90002094
:1042300004900390FFE70020009043F64000C4F292
:104240000200016841F001010160006800F0010016
:1042500000900098FFE706A802A901F0ADFB0998BD
:104260000490049820B9FFE701F0D6FB059004E024
:1042700001F0D2FB40000590FFE705984DF6836101
:10428000C4F21B31A0FB01014FF0FF3000EB914065
:10429000039044F2AC20C2F200004FF08041016074
:1042A00040F2E731C1600399416000210161816002
:1042B000816102F0E3FD8DF807009DF8070028BB3F
:1042C000FFE744F2AC20C2F2000002F0BDFE8DF820
:1042D00007009DF80700C0B9FFE71C2000F046F872
:1042E0000B980F280CD8FFE70B991C20002200F038
:1042F00047F80B9840F26821C2F20001086003E021
:1043000001208DF80700FFE7FFE7FFE79DF80700B2
:104310000CB080BD80B582B0FFE70020019043F66D
:104320004400C4F20200016841F480410160006869
:1043300000F4804001900198FFE7FFE70020009023
:1043400043F64000C4F20200016841F08051016070
:10435000006800F0805000900098FFE76FF00100C7
:104360000F21002200F00CF802B080BD80B582B0B1
:104370008DF807009DF9070010F056FA02B080BDD5
:1043800080B586B08DF8170004910392002002904A
:1043900010F062FA02909DF91700019002980499BA
:1043A000039A07F007F90146019810F05DFA06B08C
:1043B00080BD000080B582B00190019810F076FABF
:1043C00002B080BD82B001908DF8031002B070473A
:1043D00082B00190ADF80210BDF8020001990968A1
:1043E0004862002002B0704784B003908DF80B1033
:1043F000ADF8082003980068406A00909DF80B0013
:1044000048B9FFE7BDF80810009840EA0140039959
:104410000968886233E003980068816A009800EBBD
:104420001140009000208DF80700FFE79DF807007D
:104430009DF80B100139884213D2FFE703980068FA
:104440009DF8071000EB8100D0F80411009800EBF4
:1044500011400090FFE79DF8070001308DF807003C
:10446000E4E7BDF80810009840EA014003990968A4
:104470009DF80B2001EB8201C1F80001FFE700204D
:1044800004B0704780B582B001900198D0F808055B
:104490000DF070FA02B080BD80B582B001908DF849
:1044A0000310019AD2F808059DF8031001EBC1032F
:1044B00002EB8302D26C0DF0B9F802B080BD0000AF
:1044C00080B582B001908DF80310019AD2F80805EA
:1044D0009DF8031001EBC10302EB8302D2F88C229A
:1044E0000DF06EF902B080BD80B582B001900198E8
:1044F000D0F808050DF044FA02B080BD80B584B054
:1045000003908DF80B109DF80B00000600280CD5C9
:10451000FFE703989DF80B1001F00F0101EBC101BB
:1045200000EB81003C3001900CE003989DF80B10EB
:1045300001F00F0101EBC10100EB810000F51F70DC
:104540000190FFE70398006801990FF06FF88DF86C
:104550000A009DF80A0004B080BD000080B584B058
:1045600002908DF807109DF80700000600280FD56F
:10457000FFE702989DF8071001F00F0101EBC10160
:1045800000EB81003C3000900099012048700FE062
:1045900002989DF8071001F00F0101EBC10100EB3B
:1045A000810000F51F700090009900204870FFE71F
:1045B0009DF8070000F00F0000990870FFE70298CF
:1045C00090F8BC04012804D1FFE702208DF80F0009
:1045D00014E00299012081F8BC04FFE7FFE702988C
:1045E000006800990EF04AFAFFE70299002081F86E
:1045F000BC04FFE700208DF80F00FFE79DF80F00D7
:1046000004B080BD80B584B002908DF807109DF88D
:10461000070000F00F0002994968884204D9FFE7BB
:1046200001208DF80F004DE09DF8070000060028DE
:104630000FD5FFE702989DF8071001F00F0101EB7D
:10464000C10100EB81003C300090009901204870CE
:104650000FE002989DF8071001F00F0101EBC10176
:1046600000EB810000F51F70009000990020487059
:10467000FFE70099002088709DF8070000F00F0008
:1046800000990870FFE7029890F8BC04012804D153
:10469000FFE702208DF80F0014E00299012081F855
:1046A000BC04FFE7FFE70298006800990EF066FD82
:1046B000FFE70299002081F8BC04FFE700208DF895
:1046C0000F00FFE79DF80F0004B080BD82B001909D
:1046D0008DF8031001989DF8031001F00F0101EB14
:1046E000C10100EB8100D0F89C0202B070470000CD
:1046F00080B586B004908DF80F10ADF80C208DF8C1
:104700000B3000208DF80A009DF80F0000060028ED
:104710000FD5FFE704989DF80F1001F00F0101EB92
:10472000C10100EB81003C300190019901204870EB
:104730000FE004989DF80F1001F00F0101EBC1018B
:1047400000EB810000F51F70019001990020487076
:10475000FFE79DF80F0000F00F0001990870BDF809
:104760000C000199C8609DF80B000199087101982F
:10477000407820B1FFE7019908780881FFE79DF8AC
:104780000B00022804D1FFE7019900204871FFE7E0
:10479000FFE7049890F8BC04012804D1FFE7022049
:1047A0008DF8170015E00499012081F8BC04FFE79B
:1047B000FFE70498006801990EF01AF8FFE70499E2
:1047C000002081F8BC04FFE79DF80A008DF817006F
:1047D000FFE79DF8170006B080BD000080B586B0E9
:1047E00005908DF813100392029305989DF813100D
:1047F00001F00F0101EBC10100EB810000F51F701A
:1048000001900398019908610298019988610199C2
:1048100000200862019948709DF8130000F00F0015
:104820000199087005980069012804D1FFE70398F1
:1048300001994861FFE79DF81300000738B9FFE7C9
:10484000059A10680199127C0EF04CFB06E0059A5F
:1048500010680199127C0EF035FDFFE7002006B0CC
:1048600080BD000080B584B002908DF807109DF8DF
:10487000070000F00F0002994968884204D9FFE759
:1048800001208DF80F0058E09DF807000006002871
:104890000FD5FFE702989DF8071001F00F0101EB1B
:1048A000C10100EB81003C3000900099012048706C
:1048B0000DE002989DF8071001EBC10100EB8100AB
:1048C00000F51F700090009900204870FFE70099E4
:1048D000012088709DF8070000F00F000099087013
:1048E000FFE7029890F8BC04012804D1FFE70220FA
:1048F0008DF80F0021E00299012081F8BC04FFE748
:10490000FFE70298006800990EF088FC9DF8070008
:10491000000740B9FFE7029A1068117C02F2C44216
:104920000EF0DCFBFFE7FFE70299002081F8BC04F2
:10493000FFE700208DF80F00FFE79DF80F0004B09F
:1049400080BD000080B586B005908DF813100392ED
:10495000029305989DF8131001F00F0101EBC101BE
:1049600000EB81003C3001900398019908610298A6
:10497000019988610199002008620199012048701D
:104980009DF8130000F00F00019908700598006968
:10499000012804D1FFE7039801994861FFE79DF8DA
:1049A0001300000738B9FFE7059A10680199127CD7
:1049B0000EF098FA06E0059A10680199127C0EF044
:1049C00081FCFFE7002006B080BD000080B58CB000
:1049D0000B900B9800680A900A9809900B98006851
:1049E0000EF066FF002840F00D84FFE70B9800688A
:1049F0000EF0CAFF10B9FFE700F004BC0998D0F828
:104A00000808C0F30D200B99C1F8FC040B9800684E
:104A10000EF0BAFF8007002807D5FFE70B98016862
:104A2000486900F002004861FFE70B9800680EF04B
:104A3000ABFFC006002862D5FFE70B9801688869C4
:104A400020F0100088610A98006A02900B98029981
:104A500001F00F0101EBC10100EB810000F51F70B7
:104A60000890029800F4F0110220B0EB514F23D1CE
:104A7000FFE7BDF8080047F6F07108421BD0FFE7DA
:104A80000A9808990969029AC2F30A120EF08AFF7D
:104A9000029847F6F07100EA0103089A106900EBEA
:104AA00013101061029800EA01020899086A00EBED
:104AB00012100862FFE71BE0029800F4F0110620D4
:104AC000B0EB514F12D1FFE70A980B9901F2C441A4
:104AD00008220EF067FF029847F6F07100EA010223
:104AE0000899086A00EB1210086200E0FFE7FFE790
:104AF0000B980168886940F010008861FFE70B9807
:104B000000680EF041FF0003002840F1A680FFE797
:104B1000002004900B9800680EF0E4FE0690FFE77A
:104B20000698002800F09880FFE79DF81800C0075D
:104B3000002800F08A80FFE70B9800689DF81010AD
:104B40000EF00AFF05909DF81400C00760B1FFE762
:104B50000998049900EB41110120C1F8080B0B984A
:104B6000049906F04FFFFFE79DF8140000070028A6
:104B70000CD5FFE70998049900EB41110820C1F812
:104B8000080B0B98049906F0F7FEFFE79DF8140058
:104B9000C006002808D5FFE70998049900EB4111E9
:104BA0001020C1F8080BFFE79DF8140080070028CB
:104BB0002DD5FFE70A9840690006002808D5FFE7D1
:104BC0000999D1F8040840F48060C1F80408FFE7AF
:104BD0000B98049901EBC10100EB810000F51F70F7
:104BE00008900898C078012809D1FFE708990020AB
:104BF000C8700B989DF8101000F014FBFFE709989F
:104C0000049900EB41110220C1F8080BFFE79DF861
:104C100014008006002808D5FFE70998049900EBE6
:104C200041112020C1F8080BFFE79DF81500800610
:104C3000002809D5FFE70998049900EB41114FF4CA
:104C40000050C1F8080BFFE7FFE70498013004901B
:104C500006984008069063E7FFE70B9800680EF09F
:104C600093FE4003002840F1C680FFE70B980068E0
:104C70000EF026FE069000200490FFE7069800281C
:104C800000F0B880FFE79DF81800C007002800F08A
:104C9000AA80FFE70B9800689DF810100EF034FE14
:104CA00005909DF81400C00700283ED0FFE7049847
:104CB00000F00F01012000FA01F10391039B099A12
:104CC000D2F834189943C2F834180999049A01EBC0
:104CD0004211C1F808090B98006901281FD1FFE7AC
:104CE0000B98049901EBC10100EB81018A6CC86C3F
:104CF0001044C864049888B9FFE70B98049901EB45
:104D0000C10100EB8100406D40B9FFE70B990868D5
:104D100001F2C44201210EF0E1F9FFE7FFE70B9831
:104D20009DF81010FFF7B8FBFFE79DF8140000078F
:104D3000002808D5FFE70998049900EB41110820E5
:104D4000C1F80809FFE79DF81400C006002808D53F
:104D5000FFE70998049900EB41111020C1F80809F8
:104D6000FFE79DF814004006002808D5FFE70998E2
:104D7000049900EB41114020C1F80809FFE79DF8B4
:104D800014008007002822D5FFE70A9804990EF046
:104D900025FD0B98049901EBC10100EB81003C302B
:104DA00008900898C078012809D1FFE708990020E9
:104DB000C8700B989DF8101000F026FAFFE70998CC
:104DC000049900EB41110220C1F80809FFE79DF8A2
:104DD00014000006002805D5FFE70B98049906F09B
:104DE000F5FEFFE7FFE704980130049006984008BD
:104DF000069043E7FFE70B9800680EF0C5FDC00F73
:104E000000B3FFE70999D1F8040820F00100C1F8C8
:104E100004080B9890F8F404012808D1FFE70B98D8
:104E2000002180F8F4140B98FFF7CCFA03E00B98FC
:104E300000F0E2FBFFE70B980168486900F00040D2
:104E40004861FFE70B9800680EF09EFD0005002802
:104E500011D5FFE70998D0F80808C00720B1FFE78F
:104E60000B9800F057FCFFE70B980168486900F4C5
:104E700000604861FFE70B9800680EF085FDC004F4
:104E8000002840F18680FFE70999D1F8040820F056
:104E90000100C1F804080B98006810210EF09EFC78
:104EA00000200790FFE707980B994968884231D2A4
:104EB000FFE70998079900EB41114FF67F30C1F8E1
:104EC00008090999079A01EB4212D2F8001921F456
:104ED0000011C2F800190999079A01EB4211C1F8B3
:104EE000080B0998079900EB4111D1F8000B20F449
:104EF0000010C1F8000B0998079900EB4111D1F897
:104F0000000B40F00060C1F8000BFFE7079801308C
:104F10000790C8E70999D1F81C0840F00110C1F8C2
:104F20001C080B98006B78B1FFE70999D1F8840849
:104F300040F00B00C1F884080999D1F8440840F00A
:104F40000B00C1F844080FE00999D1F8140842F2A7
:104F50002B021043C1F814080999D1F8100840F049
:104F60000B00C1F81008FFE70999D1F8000820F4F8
:104F7000FE60C1F800080B9A1068117C02F2C4426E
:104F80000EF0ACF80B980168486900F48050486155
:104F9000FFE70B9800680EF0F7FC800400281FD58F
:104FA000FFE70B9800680DF093FC0B9800680EF07B
:104FB00059FC0B99C8600B980068019000F026FD21
:104FC000014601980B9A127B0EF0E4FD0B9800F05D
:104FD000E9FA0B980168486900F400504861FFE75E
:104FE0000B9800680EF0D0FC000700280AD5FFE7F8
:104FF0000B9800F00BFB0B980168486900F0080063
:105000004861FFE70B9800680EF0BEFC0006002820
:1050100025D5FFE70A99886920F080008861012082
:105020000490FFE704980B994968884216D2FFE77D
:105030000B98049901EBC10100EB810090F87F020D
:10504000012806D1FFE70B989DF81010FFF756FADC
:10505000FFE7FFE7049801300490E3E7FFE70B98D0
:1050600000680EF091FCC00200283ED5FFE7012049
:105070000490FFE704980B99496888422ED2FFE715
:105080000998049900EB4110D0F8000902900B98A0
:10509000049901EBC10100EB810090F84000012868
:1050A00017D1FFE79DF80B000006002811D5FFE798
:1050B0000B98049901EBC10100EB8101012081F8FB
:1050C0003F000B989DF8101041F08001FFF716FA91
:1050D000FFE7FFE7049801300490CBE70B980168E5
:1050E000486900F480104861FFE70B9800680EF0F3
:1050F0004BFC8002002855D5FFE701200490FFE714
:1051000004980B994968884245D2FFE709980499A9
:1051100000EB4110D0F8000B02900B98049901EBC2
:10512000C10100EB810090F8800201282ED1FFE739
:105130009DF80B000006002828D5FFE7029800F430
:1051400080300B99D1F8FC1401F0010188421DD187
:10515000FFE70B98049901EBC10100EB81010120ED
:1051600081F87F020A99886940F0800088610A9876
:1051700040690006002808D4FFE70999D1F804081F
:1051800040F40070C1F8040805E0FFE7FFE7049869
:1051900001300490B4E70B980168486900F40010EE
:1051A0004861FFE70B9800680EF0EEFB4000002816
:1051B0000AD5FFE70B98FFF765F90B980168486976
:1051C00000F080404861FFE70B9800680EF0DCFBC0
:1051D0004007002815D5FFE70B980068406802904B
:1051E0009DF808004007002804D5FFE70B98FFF75B
:1051F0007BF9FFE7029A0B98016848681043486002
:10520000FFE7FFE70CB080BD80B582B001908DF85C
:1052100003100198D0F808059DF803100CF04CFC21
:1052200002B080BD80B582B001908DF80310019866
:10523000D0F808059DF803100CF076FC02B080BD94
:105240002DE9F04F97B01590159820B9FFE7012090
:105250008DF85B0049E1159800681490159890F856
:10526000BD0440B9FFE71599002081F8BC041598EA
:1052700000F040F9FFE71599032081F8BD04149868
:10528000C06BC005002804D4FFE715990020086111
:10529000FFE7159800680DF01BFE15981090016847
:1052A000119141688268C368D0F810C0446985696B
:1052B000C669076AD0F82480D0F82890D0F82CA0CE
:1052C000D0F830B0D0F834E068461290C0F824E04E
:1052D0001198DDF848E0CEF820B0CEF81CA0CEF84A
:1052E0001890CEF81480CEF81070CEF80C60CEF87E
:1052F0000850CEF80440CEF800C00DF0FFFA40B1DF
:10530000FFE71599022081F8BD0401208DF85B00AC
:10531000EBE01598006800210F910EF09DFB0F98AF
:105320008DF84F00FFE79DF84F00159949688842B6
:1053300045D2FFE715989DF84F1001EBC10100EB36
:105340008101012081F83D009DF84F00159900EB87
:10535000C00201EB820181F83C009DF84F001599D5
:1053600000EBC00201EB8201A1F8440015989DF802
:105370004F1001EBC10100EB8101002081F84000DA
:1053800015999DF84F2002EBC20201EB820188645F
:1053900015999DF84F2002EBC20201EB8201C8640F
:1053A00015999DF84F2002EBC20201EB820148657E
:1053B000FFE79DF84F0001308DF84F00B3E7002064
:1053C0008DF84F00FFE79DF84F0015994968884216
:1053D0003ED2FFE715989DF84F1001EBC10100EB9D
:1053E0008101002081F87D029DF84F10159A01EB94
:1053F000C10302EB830282F87C1215999DF84F20BD
:1054000002EBC20201EB820181F8800215999DF83E
:105410004F2002EBC20201EB8201C1F8880215990C
:105420009DF84F2002EBC20201EB8201C1F88C0211
:1054300015999DF84F2002EBC20201EB8201C1F8E1
:105440009402FFE79DF84F0001308DF84F00BAE756
:1054500015980C9001680D9141688268C368D0F876
:1054600010C044698569C669076AD0F82480D0F8FD
:105470002890D0F82CA0D0F830B0D0F834E06846AE
:105480000E90C0F824E00D98DDF838E0CEF820B09A
:10549000CEF81CA0CEF81890CEF81480CEF810707C
:1054A000CEF80C60CEF80850CEF80440CEF800C01C
:1054B0000DF0ACFB40B1FFE71599022081F8BD0467
:1054C00001208DF85B0010E0159900200B9081F809
:1054D00038001599012081F8BD04159800680DF079
:1054E0007FFB0B988DF85B00FFE79DF85B0017B022
:1054F000BDE8F08F80B58AB0099000200890079031
:1055000006900590049009980068B0F1A04F47D12B
:10551000FFE7FFE70020039043F63000C4F20200EB
:10552000016841F001010160006800F00100039092
:105530000398FFE74FF4C05004900220059000202C
:105540000690032007900A2008900020C4F2020071
:1055500004A9FEF745FCFFE743F63401C4F202015B
:10556000086840F080000860FFE70020029043F6E2
:105570004400C4F20200016841F480410160006807
:1055800000F4804002900298FFE7FFE7432001907B
:1055900005210022FEF7F4FE0198FEF7E7FEFFE783
:1055A0000AB080BD80B582B0019001208DF8030063
:1055B0000198C06820B9FFE700208DF803000CE0D7
:1055C0000198C068022804D1FFE701208DF803008C
:1055D00002E0FCF7D9FAFFE7FFE70198D0F80805E9
:1055E0009DF803100CF0A0FB0198D0F808050CF012
:1055F0001BFB02B080BD000080B582B00190019815
:10560000D0F808050CF05EFB02B080BD80B582B01A
:1056100001900198D0F808050CF066FB02B080BD3F
:1056200080B584B002908DF80710FFE7029890F8DB
:10563000BC04012804D1FFE702208DF80F001AE016
:105640000299012081F8BC04FFE7FFE79DF80700FD
:10565000029981F83800029800689DF807100EF052
:105660006BFAFFE70299002081F8BC04FFE70020F5
:105670008DF80F00FFE79DF80F0004B080BD00001B
:1056800080B582B001900199D1F8080501F2C441BA
:105690000CF074FB02B080BD80B584B0029002981B
:1056A00000680190FFE7029890F8BC04012804D13B
:1056B000FFE702208DF80F0027E00299012081F812
:1056C000BC04FFE7FFE70298806A01280BD1FFE7DF
:1056D00002988069012806D0FFE70199886B40F4A1
:1056E00080308863FFE7029800680EF02DF802987A
:1056F00000680DF05FFAFFE70299002081F8BC0412
:10570000FFE700208DF80F00FFE79DF80F0004B0C1
:1057100080BD000080B582B001900198D0F80805E6
:105720000CF0AEFB01980168D1F8000E40F00100CA
:10573000C1F8000E0198006A48B1FFE74EF610511B
:10574000CEF20001086840F006000860FFE702B0F2
:1057500080BD000080B584B002900191029820B90C
:10576000FFE701208DF80F0021E1019843F6004189
:10577000C4F20201096801F00701884212D9FFE76B
:10578000019943F60040C4F202000170006800F085
:1057900007000199884204D0FFE701208DF80F002F
:1057A00005E1FFE702980078800700282AD5FFE787
:1057B000029800784007002809D5FFE743F6080162
:1057C000C4F20201086840F4E0500860FFE7029864
:1057D00000780007002809D5FFE743F60801C4F266
:1057E0000201086840F460400860FFE743F60801E2
:1057F000C4F20201086820F0F000029A9268104397
:105800000860FFE702980078C00700286ED0FFE725
:1058100002984068012811D1FFE743F60000C4F266
:105820000200006800F400310020B0EB514F04D1B9
:10583000FFE701208DF80F00B9E02CE002984068E6
:10584000022805D0FFE702984068032811D1FFE73E
:1058500043F60000C4F20200006800F0007100206E
:10586000B0EB516F04D1FFE701208DF80F009EE0EF
:1058700010E043F60000C4F20200006800F00201EC
:105880000020B0EB510F04D1FFE701208DF80F008D
:105890008DE0FFE7FFE743F60801C4F20201086864
:1058A00020F00300029A526810430860FEF78CFC57
:1058B0000090FFE743F60800C4F20200006800F021
:1058C0000C0002994968B0EB810F0ED0FFE7FEF79C
:1058D0007BFC0099401A41F28931884204D3FFE7EA
:1058E00003208DF80F0062E0E4E7FFE7019843F63C
:1058F0000041C4F20201096801F00701884212D296
:10590000FFE7019943F60040C4F20200017000680D
:1059100000F007000199884204D0FFE701208DF8CC
:105920000F0044E0FFE702980078400700280CD5FC
:10593000FFE743F60801C4F20201086820F4E050D2
:10594000029AD26810430860FFE7029800780007C7
:1059500000280DD5FFE743F60801C4F202010868EC
:1059600020F46040029A126940EAC2000860FFE732
:1059700000F076F843F60801C4F202010968C9B2E2
:105980000A094DF6F801C0F60101895CC84040F2F1
:10599000C401C2F20001086040F26820C2F20000B7
:1059A0000068FEF741FC00208DF80F00FFE79DF82E
:1059B0000F0004B080BD000082B0019000910199F9
:1059C0000F20086043F60800C4F20200016801F0ED
:1059D0000301019A5160016801F0F001019A9160A0
:1059E000016801F4E051019AD160006800F4604060
:1059F000C0080199086143F60040C4F20200006843
:105A000000F007000099086002B0704740F2C4003F
:105A1000C2F200000068704780B5FFF7F7FF43F659
:105A20000801C4F202010968C1F382224DF608118F
:105A3000C0F60101895CC84080BD000080B5FFF759
:105A4000E5FF43F60801C4F20201096889B24A0B76
:105A50004DF60811C0F60101895CC84080BD000008
:105A600080B586B00020059004900390029043F624
:105A70000800C4F20200006800F00C000146019129
:105A800040B1FFE7019804280AD0FFE701980828F1
:105A90000CD04FE042F20040C0F2F40002904FE020
:105AA00041F60030C0F2B700029049E043F604002E
:105AB000C4F20200016801F03F0105910068400254
:105AC000002813D5FFE743F60400C4F20200006883
:105AD000C0F3881041F60031C0F2B701A0FB01010C
:105AE000059A0023FAF7E0FB049012E043F6040065
:105AF000C4F202000068C0F3881042F20041C0F214
:105B0000F401A0FB0101059A0023FAF7CDFB0490F4
:105B1000FFE743F60400C4F20200006800F44031DD
:105B2000022000EBD130039004980399B0FBF1F010
:105B3000029005E042F20040C0F2F4000290FFE75C
:105B4000029806B080BD000080B586B0049004982D
:105B500020B9FFE701208DF8170050E30498007882
:105B6000C007002800F0A580FFE743F60800C4F254
:105B70000200006800F00C00042813D0FFE743F691
:105B80000800C4F20200006800F00C0008281ED1D2
:105B9000FFE743F60400C4F2020000684002002858
:105BA00015D5FFE743F60000C4F20200006800F4D8
:105BB00000310020B0EB514F08D0FFE70498406857
:105BC00020B9FFE701208DF8170018E370E0FFE728
:105BD00004984068B0F5803F09D1FFE743F6000123
:105BE000C4F20201086840F48030086020E00498A4
:105BF0004068B0F5A02F0DD1FFE743F60001C4F2D5
:105C00000201086840F480200860086840F4803091
:105C100008600CE043F60001C4F20201086820F4B9
:105C200080300860086820F480200860FFE7FFE704
:105C3000FFE704984068E8B1FFE7FEF7C5FA039074
:105C4000FFE743F60000C4F20200006800F40031F0
:105C50000020B0EB514F0CD1FFE7FEF7B5FA0399E6
:105C6000401A652804D3FFE703208DF81700C6E229
:105C7000E7E71CE0FEF7A8FA0390FFE743F6000011
:105C8000C4F20200006800F400310020B0EB514F74
:105C90000CD0FFE7FEF798FA0399401A652804D361
:105CA000FFE703208DF81700A9E2E7E7FFE7FFE72A
:105CB000FFE7049800788007002840F19680FFE70E
:105CC00043F60800C4F20200006810F00C0F13D075
:105CD000FFE743F60800C4F20200006800F00C0081
:105CE00008282CD1FFE743F60400C4F20200006844
:105CF0004002002823D4FFE743F60000C4F202006C
:105D0000006800F002010020B0EB510F09D0FFE75E
:105D10000498C068012804D0FFE701208DF817001F
:105D20006DE243F60001C4F20201086820F0F800B9
:105D3000049A126940EAC2000860FFE754E0049840
:105D4000C06870B3FFE70021C4F24721012008605A
:105D5000FEF73AFA0390FFE743F60000C4F20200B0
:105D6000006800F002010020B0EB510F0CD1FFE7FA
:105D7000FEF72AFA0399401A032804D3FFE7032009
:105D80008DF817003BE2E7E743F60001C4F2020199
:105D9000086820F0F800049A126940EAC20008601E
:105DA00021E00021C4F2472100200860FEF70CFA30
:105DB0000390FFE743F60000C4F20200006800F021
:105DC00002010020B0EB510F0CD0FFE7FEF7FCF909
:105DD0000399401A032804D3FFE703208DF8170026
:105DE0000DE2E7E7FFE7FFE7FFE704980078000729
:105DF00000284BD5FFE70498406918B3FFE740F649
:105E00008061C4F2472101200860FEF7DDF90390AC
:105E1000FFE743F67400C4F20200006800F00201DC
:105E20000020B0EB510F0CD1FFE7FEF7CDF903993D
:105E3000401A032804D3FFE703208DF81700DEE1A2
:105E4000E7E722E040F68061C4F2472100200860C5
:105E5000FEF7BAF90390FFE743F67400C4F20200BC
:105E6000006800F002010020B0EB510F0CD0FFE7FA
:105E7000FEF7AAF90399401A032804D3FFE7032089
:105E80008DF81700BBE1E7E7FFE7FFE7049800782C
:105E90004007002840F1CE80FFE700208DF8070082
:105EA00043F64000C4F202000068C000002815D488
:105EB000FFE7FFE70020009043F64000C4F2020035
:105EC000016841F080510160006800F0805000904E
:105ED0000098FFE701208DF80700FFE747F2000078
:105EE000C4F200000068C005002822D4FFE747F292
:105EF0000001C4F20001086840F480700860FEF7F9
:105F000063F90390FFE747F20000C4F20000006865
:105F1000C00500280CD4FFE7FEF756F90399401A94
:105F2000032804D3FFE703208DF8170067E1EAE7B1
:105F3000FFE7FFE704988068012809D1FFE743F6EF
:105F40007001C4F20201086840F0010008601FE01F
:105F50000498806805280DD1FFE743F67001C4F26C
:105F60000201086840F004000860086840F0010081
:105F700008600CE043F67001C4F20201086820F0EA
:105F800001000860086820F004000860FFE7FFE7F0
:105F9000FFE704988068F8B1FFE7FEF715F9039072
:105FA000FFE743F67000C4F20200006800F002014F
:105FB0000020B0EB510F0ED1FFE7FEF705F9039972
:105FC000401A41F28931884204D3FFE703208DF85B
:105FD000170014E1E5E71EE0FEF7F6F80390FFE78F
:105FE00043F67000C4F20200006800F002010020D5
:105FF000B0EB510F0ED0FFE7FEF7E6F80399401A19
:1060000041F28931884204D3FFE703208DF817005D
:10601000F5E0E5E7FFE79DF80700012809D1FFE774
:1060200043F64001C4F20201086820F08050086085
:10603000FFE7FFE704988069002800F0DC80FFE7B5
:1060400043F60800C4F20200006800F00C000828C3
:1060500000F08580FFE70498806902285CD1FFE7A3
:106060006021C4F2472100200860FEF7ADF80390DC
:10607000FFE743F60000C4F20200006800F0007180
:106080000020B0EB516F0CD0FFE7FEF79DF80399AD
:10609000401A032804D3FFE703208DF81700AEE071
:1060A000E7E70499C869D1F820C04B6A8A6A40EAD8
:1060B0000C0040EA8310D2034FF6FF739A43A2F517
:1060C00080321043C96A40EA016043F60401C4F219
:1060D000020108606021C4F2472101200860FEF738
:1060E00073F80390FFE743F60000C4F20200006873
:1060F00000F000710020B0EB516F0CD1FFE7FEF70C
:1061000063F80399401A032804D3FFE703208DF8AE
:10611000170074E0E7E721E06021C4F24721002086
:106120000860FEF751F80390FFE743F60000C4F261
:106130000200006800F000710020B0EB516F0CD03D
:10614000FFE7FEF741F80399401A032804D3FFE75D
:1061500003208DF8170052E0E7E7FFE74AE00498D4
:106160008069012804D1FFE701208DF8170046E07F
:1061700043F60400C4F202000068029004988069AB
:10618000012831D0FFE7029800F480000499C96922
:10619000884229D1FFE7029800F03F000499096A7C
:1061A000884221D1FFE7029847F6C0710840049960
:1061B000496AB0EB811F17D1FFE7029800F4403025
:1061C0000499896AC9034FF6FF729143A1F58031A2
:1061D000884209D1FFE7029800F070600499C96A0B
:1061E000B0EB016F04D0FFE701208DF8170006E047
:1061F000FFE7FFE7FFE700208DF81700FFE79DF8B6
:10620000170006B080BD000081B00090009890F8A3
:10621000510001B07047000080B584B00290029830
:1062200020B9FFE701208DF80F0071E00298406A65
:1062300060B9FFE702984068B0F5827F01D1FFE7BF
:1062400003E002990020C861FFE705E00299002001
:10625000086102994861FFE702990020886202986C
:1062600090F8510040B9FFE70299002081F85000F2
:10627000029800F051F8FFE70299022081F85100DE
:1062800002980168086820F040000860029A0192B4
:1062900011685068D2F808C0D36800F482700CF41A
:1062A000044C604403F400631844136903F00203D0
:1062B0001844536903F001031844936903F400730D
:1062C0001844D36903F038031844136A03F08003B9
:1062D0001843926A02F4005210430860029A508BED
:1062E00000F004001168526A02F010021044486085
:1062F00002980168C86920F40060C8610299002012
:106300004865029A012182F851108DF80F00FFE7CD
:106310009DF80F0004B080BD80B592B011900020B0
:1063200010900F900E900D900C901198006843F211
:106330000001C4F20101884240F0B680FFE7FFE7A8
:1063400000200B9043F64400C4F20200016841F4BF
:1063500080510160006800F480500B900B98FFE7BB
:10636000FFE700200A9043F63000C4F20200016803
:1063700041F002010160006800F002000A900A98F2
:10638000FFE7FFE70020099043F63000C4F2020067
:10639000016841F001010160006800F0010009900E
:1063A0000998FFE718200C90022001900D90012021
:1063B00002900E90032003900F90052004901090FF
:1063C00040F20040C4F202000CA90591FDF708FD5F
:1063D000DDF804C0029B039A049805994FF0800EE3
:1063E000CDF830E0CDF834C00E930F92109000201D
:1063F000C4F20200FDF7F4FC43F6A810C2F200005C
:10640000069046F24041C4F2020101604FF0C061C3
:10641000416000218160C1604FF48062026141618E
:106420008161C1614FF4403202624162FDF752FB6B
:1064300018B1FFE7FBF7A8FBFFE7FFE7119843F66A
:10644000A811C2F20001C16411988863FFE743F606
:106450000820C2F20000009046F25841C4F2020146
:1064600001604FF0C0614160402181600021C16046
:106470004FF48062026141618161C1614FF4003279
:1064800002624162FDF726FB18B1FFE7FBF77CFBD8
:10649000FFE7FFE7119843F60821C2F2000181648B
:1064A00011988863FFE73EE01198006843F6000109
:1064B000C4F20001884235D1FFE7FFE700200890D1
:1064C00043F64000C4F20200016841F480410160DB
:1064D000006800F4804008900898FFE7FFE700207C
:1064E000079043F63000C4F20200016841F0020157
:1064F0000160006800F0020007900798FFE74FF482
:1065000060400C9002200D9000200E9003200F9010
:106510000520109040F20040C4F202000CA9FDF7E3
:106520005FFCFFE7FFE712B080BD000080B588B0D8
:1065300006900591ADF81220039300208DF8070016
:1065400006984068B0F5827F16D1FFE7069880680C
:1065500090B9FFE70699042081F851000698059A42
:10656000BDF812300399EC46CCF80010114600F04B
:1065700037FA8DF81F00EDE0FFE7069890F850001D
:10658000012804D1FFE702208DF81F00E2E0069900
:10659000012081F85000FFE7FFE7FDF715FE0290AC
:1065A000069890F85100012804D0FFE702208DF8EA
:1065B0000700C0E0059820B1FFE7BDF8120020B940
:1065C000FFE701208DF80700B5E00699042081F867
:1065D00051000699002048650599069A9163BDF817
:1065E0001210069A9187BDF81210069AD187069963
:1065F0000863069988860699C886069908640699EC
:10660000486406988068B0F5004F0DD1FFE7069802
:106610000168086820F04000086006980168086872
:1066200020F480400860FFE706980068006800F0EA
:106630004000402807D0FFE706980168086840F04E
:1066400040000860FFE70698C06880BBFFE7FFE7EF
:106650000698C08F50B3FFE7069800688068C007AF
:1066600078B1FFE706980068007B0699896B08708F
:106670000699886B013088630699C88F0138C887EE
:1066800013E0FDF7A1FD0299401A0399884204D353
:10669000FFE70398013018B9FFE7039820B9FFE737
:1066A00003208DF8070046E0FFE7D1E72FE0FFE782
:1066B0000698C08F50B3FFE7069800688068C0074F
:1066C00078B1FFE706980068C0680699896B088072
:1066D0000699886B023088630699C88F0138C8878D
:1066E00013E0FDF771FD0299401A0399884204D323
:1066F000FFE70398013018B9FFE7039820B9FFE7D7
:1067000003208DF8070016E0FFE7D1E7FFE70698C2
:106710000399029A08F0BCF920B1FFE706992020FE
:106720004865FFE70698406D20B1FFE701208DF82E
:106730000700FFE7FFE70699012081F85100FFE716
:106740000699002081F85000FFE79DF807008DF8BA
:106750001F00FFE79DF81F0008B080BD80B588B01E
:1067600006900591ADF81220039300208DF80700E4
:10677000FFE7069890F85000012804D1FFE70220B7
:106780008DF81F0028E10699012081F85000FFE7ED
:10679000FFE7FDF719FD0290BDF81200ADF8040007
:1067A000069890F85100012804D0FFE702208DF8E8
:1067B000070002E1059820B1FFE7BDF8120020B9FB
:1067C000FFE701208DF80700F7E00699032081F824
:1067D00051000699002048650599069A1163BDF895
:1067E0001210069A9186BDF81210069AD186069963
:1067F0008863069988870699C88706994864069928
:10680000086406988068B0F5004F0DD1FFE7069840
:106810000168086820F04000086006980168086870
:1068200040F480400860FFE706980068006800F0C8
:106830004000402807D0FFE706980168086840F04C
:1068400040000860FFE70698C068B0F5006F47D1C8
:10685000FFE70698406828B1FFE7BDF8040001286B
:106860000ED1FFE706980168006B0088C8600699A2
:10687000086B023008630699C88E0138C886FFE7A6
:10688000FFE70698C08E50B3FFE70698006880685F
:10689000800700280ED5FFE706980168006B008886
:1068A000C8600699086B023008630699C88E0138E3
:1068B000C88613E0FDF788FC0299401A03998842C4
:1068C00004D3FFE70398013018B9FFE7039820B914
:1068D000FFE703208DF807006FE0FFE7D1E746E010
:1068E0000698406828B1FFE7BDF8040001280ED1E2
:1068F000FFE706980168006B007808730699086B3B
:10690000013008630699C88E0138C886FFE7FFE7A3
:106910000698C08E50B3FFE706980068806880072D
:1069200000280ED5FFE706980168006B0078087311
:106930000699086B013008630699C88E0138C8862D
:1069400013E0FDF741FC0299401A0399884204D3F1
:10695000FFE70398013018B9FFE7039820B9FFE774
:1069600003208DF8070028E0FFE7D1E7FFE706984E
:106970000399029A08F0FEF820B1FFE7069920205B
:106980004865FFE70698806870B9FFE7FFE70020D9
:10699000009006980068C0680090069800688068BB
:1069A00000900098FFE7FFE70698406D20B1FFE7F1
:1069B00001208DF80700FFE7FFE70699012081F825
:1069C0005100FFE70699002081F85000FFE79DF88D
:1069D00007008DF81F00FFE79DF81F0008B080BD7D
:1069E00080B58EB0DDF840C00C900B910A92ADF8E6
:1069F00026300120059000208DF81300FFE70C9849
:106A000090F85000012804D1FFE702208DF83700EC
:106A100095E10C99012081F85000FFE7FFE7FDF7B1
:106A2000D3FB06900C9890F851008DF81F000C983D
:106A300040680890BDF82600ADF824009DF81F00BE
:106A4000012812D0FFE70898B0F5827F09D1FFE74F
:106A50000C98806828B9FFE79DF81F00042804D02F
:106A6000FFE702208DF813005AE10B9838B1FFE7D9
:106A70000A9820B1FFE7BDF8260020B9FFE7012002
:106A80008DF813004CE10C9890F85100042805D0C3
:106A9000FFE70C99052081F85100FFE70C990020D1
:106AA00048650A990C9A9163BDF826100C9AD18713
:106AB000BDF826100C9A91870B990C9A1163BDF8BA
:106AC00026100C9AD186BDF826100C9A91860C9946
:106AD00008640C9948640C980068006800F0400055
:106AE000402807D0FFE70C980168086840F0400094
:106AF0000860FFE70C98C068B0F5006F76D1FFE73B
:106B00000C98406828B1FFE7BDF8240001280ED199
:106B1000FFE70C980168006B0088C8600C99086B4F
:106B2000023008630C99C88E0138C886FFE7FFE77A
:106B30000C98C18E0120029039B9FFE70C98C08FE4
:106B4000002818BF01200290FFE70298C007002824
:106B50004BD0FFE70C98006880688007002818D5A4
:106B6000FFE70C98C08EA0B1FFE70598012810D16F
:106B7000FFE70C980168006B0088C8600C99086BEF
:106B8000023008630C99C88E0138C8860020059031
:106B9000FFE70C9800688068C007A8B1FFE70C9871
:106BA000C08F88B1FFE70C980068C0680C99896BAA
:106BB00008800C99886B023088630C99C88F013863
:106BC000C88701200590FFE7FDF7FEFA0699401AF5
:106BD0001099884208D3FFE71098013020B1FFE7F1
:106BE00003208DF813009BE0A2E778E00C98406842
:106BF00028B1FFE7BDF8240001280ED1FFE70C986B
:106C00000168006B007808730C99086B0130086309
:106C10000C99C88E0138C886FFE7FFE70C98C18E33
:106C20000120019039B9FFE70C98C08F002818BFE8
:106C300001200190FFE70198C00700284ED0FFE730
:106C40000C98006880688007002818D5FFE70C982A
:106C5000C08EA0B1FFE70598012810D1FFE70C987E
:106C60000168006B007808730C99086B01300863A9
:106C70000C99C88E0138C88600200590FFE70C9853
:106C800000688068C007A8B1FFE70C98C08F88B182
:106C9000FFE70C980068C0680C99896B08700C9924
:106CA000886B013088630C99C88F0138C887012030
:106CB0000590FFE7FDF788FA0699401A1099884277
:106CC00004D3FFE71098013018B9FFE7109820B9F6
:106CD000FFE703208DF8130022E09FE7FFE70C9801
:106CE0001099069A07F046FF38B1FFE701208DF8AA
:106CF00013000C992020486512E00C98806870B948
:106D0000FFE7FFE7002003900C980068C06803903D
:106D10000C980068806803900398FFE7FFE7FFE79F
:106D20000C99012081F85100FFE70C99002081F8AF
:106D30005000FFE79DF813008DF83700FFE79DF83E
:106D400037000EB080BD000081B0009001B07047E8
:106D500081B0009001B0704785B003900291FFE7C9
:106D6000039890F83C00012804D1FFE702208DF839
:106D700013007EE00399012081F83C00FFE7FFE764
:106D80000399022081F83D00039800684068019053
:106D90000398006880680090019820F070000190CE
:106DA00002980168019808430190019803990968C5
:106DB0004860039800680021C4F2010188423CD079
:106DC000FFE703980068B0F1804F36D0FFE70398E3
:106DD000006840F20041C4F2000188422DD0FFE774
:106DE0000398006840F60001C4F20001884224D0F4
:106DF000FFE70398006840F60041C4F200018842B2
:106E00001BD0FFE70398006840F20041C4F2010183
:106E1000884212D0FFE70398006844F20001C4F2F0
:106E20000101884209D0FFE70398006841F600019C
:106E3000C4F2000188420ED1FFE7009820F08000E4
:106E400000900298416800980843009000980399C8
:106E500009688860FFE70399012081F83D00FFE79A
:106E60000399002081F83C00FFE700208DF8130013
:106E7000FFE79DF8130005B07047000080B582B0B1
:106E80000090009820B9FFE701208DF807003FE04F
:106E9000009890F83D0040B9FFE70099002081F884
:106EA0003C00009800F038F8FFE70099022081F8D4
:106EB0003D00009951F8040B08F004FB00990120F3
:106EC00081F84600FFE70099012081F83E00009913
:106ED00081F83F00009981F84000009981F8410055
:106EE000FFE7FFE70099012081F84200009981F84F
:106EF0004300009981F84400009981F84500FFE7BC
:106F00000099012081F83D0000208DF80700FFE77F
:106F10009DF8070002B080BD80B588B00790079843
:106F2000006840F60001C4F2000188423FD1FFE74B
:106F3000FFE70020069043F64000C4F2020001681B
:106F400041F004010160006800F00400069006981A
:106F5000FFE743F66820C2F20000039046F2B80152
:106F6000C4F2020101604FF0806141600021816044
:106F7000C1604FF4806202614FF4006242614FF4DD
:106F800000528261C16101624162FCF7A3FD18B148
:106F9000FFE7FAF7F9FDFFE7FFE7079843F66821F7
:106FA000C2F20001C16207988863FFE749E00798D1
:106FB000006841F20041C4F2000188421BD1FFE7A2
:106FC000FFE70020059043F64000C4F2020001688C
:106FD00041F020010160006800F020000590059854
:106FE000FFE73720029005210022FDF7C9F902983A
:106FF000FDF7BCF924E00798006844F20041C4F2B0
:10700000010188421BD1FFE7FFE70020049043F60F
:107010004400C4F20200016841F4003101600068DC
:1070200000F4003004900498FFE719200190052136
:107030000022FDF7A5F90198FDF798F9FFE7FFE7B2
:10704000FFE708B080BD000083B00190019890F880
:107050003D00012804D0FFE701208DF80B006AE015
:107060000199022081F83D0001980168C86840F04C
:107070000100C860019800680021C4F20101884243
:107080003CD0FFE701980068B0F1804F36D0FFE7B1
:107090000198006840F20041C4F2000188422DD0FE
:1070A000FFE70198006840F60001C4F20001884241
:1070B00024D0FFE70198006840F60041C4F20001C7
:1070C00088421BD0FFE70198006840F20041C4F2FB
:1070D0000101884212D0FFE70198006844F20001E4
:1070E000C4F20101884209D0FFE70198006841F627
:1070F0000001C4F20001884212D1FFE70198006844
:10710000806800F0070000900098062807D0FFE78D
:1071100001980168086840F001000860FFE706E098
:1071200001980168086840F001000860FFE700204E
:107130008DF80B00FFE79DF80B0003B070470000CF
:1071400080B586B00490039100208DF80B00FFE716
:10715000049890F83C00012804D1FFE702208DF844
:107160001700ABE00499012081F83C00FFE7FFE73E
:107170000499022081F83D0004980068806801901D
:10718000019820F077000190019820F47F40019051
:1071900001980499096888600398006800900028A5
:1071A00072D0FFE7009810286ED0FFE700982028E3
:1071B0006AD0FFE70098302866D0FFE700984028A3
:1071C00055D0FFE70098502837D0FFE70098602897
:1071D00040D0FFE7009870280BD0FFE70098B0F58B
:1071E000805F05D0FFE70098B0F5005F16D052E051
:1071F00055E004980068039B5A689968DB6808F0BA
:107200004BFA0498006880680190019840F077007C
:107210000190019804990968886040E0049800682A
:10722000039B5A689968DB6808F036FA049801688D
:10723000886840F48040886031E004980068039AD0
:107240005168D26808F014FC04980068502108F0D6
:107250003DFA24E004980068039A5168D26808F067
:107260002FFC04980068602108F030FA17E00498B9
:107270000068039A5168D26808F0FAFB0498006825
:10728000402108F023FA0AE004980068039909688D
:1072900008F01CFA03E001208DF80B00FFE70499C9
:1072A000012081F83D00FFE70499002081F83C00AF
:1072B000FFE79DF80B008DF81700FFE79DF817001A
:1072C00006B080BD81B0009001B0704780B582B03B
:1072D000019001980068006900F002010020B0EB05
:1072E000510F28D0FFE701980068C06800F0020144
:1072F0000020B0EB510F1DD0FFE7019801686FF03F
:1073000002000861019901200877019800688069EE
:10731000800720B1FFE70198FFF7D4FF06E001984E
:1073200000F076F9019800F06BFAFFE70199002070
:107330000877FFE7FFE701980068006900F00401A3
:107340000020B0EB910F29D0FFE701980068C068DA
:1073500000F004010020B0EB910F1ED0FFE7019870
:1073600001686FF004000861019902200877019814
:107370000068806910F4407F04D0FFE70198FFF7B0
:10738000A1FF06E0019800F043F9019800F038FAF7
:10739000FFE7019900200877FFE7FFE70198006801
:1073A000006900F008010020B0EBD10F28D0FFE702
:1073B00001980068C06800F008010020B0EBD10F10
:1073C0001DD0FFE7019801686FF00800086101997E
:1073D0000420087701980068C069800720B1FFE7A2
:1073E0000198FFF76FFF06E0019800F011F901988E
:1073F00000F006FAFFE7019900200877FFE7FFE7B2
:1074000001980068006900F010010020B0EB111F26
:1074100029D0FFE701980068C06800F01001002043
:10742000B0EB111F1ED0FFE7019801686FF010004C
:10743000086101990820087701980068C06910F474
:10744000407F04D0FFE70198FFF73CFF06E001987A
:1074500000F0DEF8019800F0D3F9FFE70199002071
:107460000877FFE7FFE7019800680069C00780B16F
:10747000FFE701980068C068C00748B1FFE70198BE
:1074800001686FF001000861019800F0A3FAFFE7BE
:10749000FFE7019800680069C1B20020B0EBD11F7E
:1074A00013D0FFE701980068C068C1B20020B0EBBC
:1074B000D11F09D0FFE7019801686FF080000861D3
:1074C0000198FFF741FCFFE7FFE7019800680069BA
:1074D00000F040010020B0EB911F14D0FFE70198AD
:1074E0000068C06800F040010020B0EB911F09D097
:1074F000FFE7019801686FF040000861019800F013
:1075000077FAFFE7FFE701980068006900F02001C3
:107510000020B0EB511F14D0FFE701980068C0684D
:1075200000F020010020B0EB511F09D0FFE70198C7
:1075300001686FF0200008610198FFF709FCFFE780
:10754000FFE702B080BD000080B588B00790002042
:10755000069005900490039002900798006840F60A
:107560000001C4F20001884223D1FFE7FFE70020B9
:10757000019043F63000C4F20200016841F00801B6
:107580000160006800F0080001900198FFE74FF4E7
:107590008040029002200390012104910321059173
:1075A000069040F60040C4F2020002A9FCF718FC65
:1075B0002BE00798006844F20041C4F201018842C0
:1075C00022D1FFE7FFE70020009043F63000C4F22D
:1075D0000200016841F020010160006800F0200015
:1075E00000900098FFE740200290022003900121C4
:1075F000049105900320069041F20040C4F202007D
:1076000002A9FCF7EDFBFFE7FFE708B080BD000033
:1076100081B0009001B0704780B586B004900391AE
:10762000029200208DF80700FFE7049890F83C00D4
:10763000012804D1FFE702208DF8170089E00499A2
:10764000012081F83C00FFE7FFE7029800900C283A
:1076500000F270800099DFE801F0076D6D6D206D1C
:107660006D6D3A6D6D6D530004980068039908F0D4
:1076700043F804980168886940F00800886104981C
:107680000168886920F00400886103980269049801
:10769000016888691043886150E004980068039984
:1076A00008F0A0F804980168886940F400608861D7
:1076B00004980168886920F48060886103980269F1
:1076C00004980168886940EA0220886136E00498DD
:1076D0000068039908F000F904980168C86940F04F
:1076E0000800C86104980168C86920F00400C861F6
:1076F0000398026904980168C8691043C8611DE0D5
:1077000004980068039908F061F904980168C86951
:1077100040F40060C86104980168C86920F4806082
:10772000C8610398026904980168C86940EA0220A8
:10773000C86103E001208DF80700FFE7FFE7049927
:10774000002081F83C00FFE79DF807008DF8170046
:10775000FFE79DF8170006B080BD000080B582B03D
:107760000090009820B9FFE701208DF807003FE066
:10777000009890F83D0040B9FFE70099002081F89B
:107780003C00009800F038F8FFE70099022081F8EB
:107790003D00009951F8040B07F094FE0099012078
:1077A00081F84600FFE70099012081F83E0000992A
:1077B00081F83F00009981F84000009981F841006C
:1077C000FFE7FFE70099012081F84200009981F866
:1077D0004300009981F84400009981F84500FFE7D3
:1077E0000099012081F83D0000208DF80700FFE797
:1077F0009DF8070002B080BD81B0009001B07047D5
:1078000081B0009001B0704780B58CB00A900991AA
:10781000099828B9FFE70A9890F83E0007901CE005
:107820000998042805D1FFE70A9890F83F000690D0
:1078300010E00998082805D1FFE70A9890F8400061
:10784000059004E00A9890F841000590FFE705983C
:107850000690FFE706980790FFE70798012804D0F5
:10786000FFE701208DF82F00AFE0099828B9FFE766
:107870000A99022081F83E001EE00998042806D1EA
:10788000FFE70A99022081F83F00049012E009986E
:10789000082806D1FFE70A99022081F840000390EA
:1078A00005E00A99022081F841000390FFE7039860
:1078B0000490FFE70498FFE70A98006809990122FD
:1078C000019207F0CDFE01980A9909680022C4F2DE
:1078D0000102914202900CD0FFE70A9800684FF62F
:1078E0000041CBF6FE710844B0FA80F040090290E6
:1078F000FFE70298C00738B1FFE70A980168486CB3
:1079000040F400404864FFE70A9800680021C4F290
:10791000010188423CD0FFE70A980068B0F1804F2F
:1079200036D0FFE70A98006840F20041C4F2000137
:1079300088422DD0FFE70A98006840F60001C4F2A3
:107940000001884224D0FFE70A98006840F6004111
:10795000C4F2000188421BD0FFE70A98006840F299
:107960000041C4F20101884212D0FFE70A98006882
:1079700044F20001C4F20101884209D0FFE70A98ED
:10798000006841F60001C4F20001884212D1FFE70D
:107990000A980068806800F0070008900898062898
:1079A00007D0FFE70A980168086840F00100086006
:1079B000FFE706E00A980168086840F001000860E7
:1079C000FFE700208DF82F00FFE79DF82F000CB097
:1079D00080BD000080B582B0019001980068B0F1D0
:1079E000804F03D1FFE7FCF7F5FBFFE702B080BD56
:1079F00081B0009001B0704782B00190ADF80210E4
:107A000002B0704780B584B00390002002900398C4
:107A100000684069C0B2C0090290039890F83D0028
:107A2000212823D1FFE7029800B3FFE7FFE7FFE734
:107A30000398006850E8050F20F080000190FFE7F0
:107A400001990398026842E805100028F0D1FFE789
:107A5000FFE70398406B28B1FFE70398406BFBF703
:107A6000B7FDFFE7039808F0DBF9FFE7039800682C
:107A70004069C0F380100290039890F83E002228DD
:107A800023D1FFE7029800B3FFE7FFE7FFE7039882
:107A9000006850E8050F20F040000090FFE70099D3
:107AA0000398026842E805100028F0D1FFE7FFE7DD
:107AB0000398806B28B1FFE70398806BFBF788FD84
:107AC000FFE7039808F04EF9FFE7002004B080BDFF
:107AD00081B0009001B0704780B592B011901198BC
:107AE00000680068109011980068C0680F901198A5
:107AF000006840690E9000200D900C90109800F0E6
:107B00000F000D900D9888B9FFE79DF840008006A2
:107B100000280AD5FFE79DF83C008006002804D520
:107B2000FFE7119808F098F9E3E1FFE70D980028C6
:107B300000F0C280FFE79DF83800C00738B9FFE7C2
:107B4000BDF83C0010F4907F00F0B680FFE79DF890
:107B50004000C00758B1FFE79DF83D00C00730B1B5
:107B6000FFE71199086C40F001000864FFE79DF8F9
:107B70004000400700280BD5FFE79DF83800C007FC
:107B800030B1FFE71199086C40F002000864FFE78C
:107B90009DF84000800700280BD5FFE79DF83800CE
:107BA000C00730B1FFE71199086C40F00400086489
:107BB000FFE79DF840000007002811D5FFE79DF87A
:107BC0003C008006002805D4FFE79DF83800C00778
:107BD00030B1FFE71199086C40F008000864FFE736
:107BE0001198006C002866D0FFE79DF840008006E1
:107BF00000280AD5FFE79DF83C008006002804D540
:107C0000FFE7119808F028F9FFE71198006840692C
:107C1000C0F380100C901198006C0007002804D469
:107C2000FFE70C9800283ED0FFE7119808F09AF87B
:107C3000119800684069400600282FD5FFE7FFE74C
:107C4000FFE71198006850E8050F20F040000B9006
:107C5000FFE70B991198026842E805100028F0D15F
:107C6000FFE7FFE71198806B98B1FFE71198816BF0
:107C70004FF61530C0F6000008651198806BFBF7D1
:107C80001DFD28B1FFE71198806B016D8847FFE764
:107C900003E01198FFF71CFFFFE703E01198FFF7DF
:107CA00017FFFFE706E01198FFF712FF1199002078
:107CB0000864FFE7FFE71CE11198006B012840F022
:107CC000F880FFE79DF84000C006002840F1F180F1
:107CD000FFE79DF83C00C006002840F1EA80FFE77E
:107CE000FFE700200A901198006800680A90119838
:107CF000006840680A900A98FFE711980068406998
:107D0000400600287ED5FFE71198806B0068406828
:107D1000ADF82600BDF82600002872D0FFE7BDF8B8
:107D200026001199898D88426BDAFFE7BDF826009D
:107D30001199C8851198806BC069B0F5807F58D0C3
:107D4000FFE7FFE7FFE71198006850E8030F20F412
:107D500080700890FFE708991198026842E80310C4
:107D60000028F0D1FFE7FFE7FFE7FFE71198006881
:107D700050E8050F20F001000790FFE707991198E0
:107D8000026842E805100028F0D1FFE7FFE7FFE7AF
:107D9000FFE71198006850E8050F20F040000690BA
:107DA000FFE706991198026842E805100028F0D113
:107DB000FFE7FFE71199202081F83E00119900208C
:107DC0000863FFE7FFE71198006850E8030F20F011
:107DD00010000590FFE705991198026842E803102A
:107DE0000028F0D1FFE7FFE71198806BFBF7F0FB6D
:107DF000FFE71198818DC28D891A89B2FFF7FCFDCA
:107E0000FFE776E01199888DC98D401AADF8120010
:107E10001198C08D00284BD0FFE7BDF81200002854
:107E200046D0FFE7FFE7FFE71198006850E8030F2F
:107E300020F490700390FFE703991198026842E8DC
:107E400003100028F0D1FFE7FFE7FFE7FFE71198F5
:107E5000006850E8050F20F001000290FFE702994A
:107E60001198026842E805100028F0D1FFE7FFE70B
:107E70001199202081F83E00119900200863FFE746
:107E8000FFE71198006850E8030F20F01000019000
:107E9000FFE701991198026842E803100028F0D129
:107EA000FFE7FFE71198BDF81210FFF7A5FDFFE708
:107EB0001FE09DF84000000600280AD5FFE79DF866
:107EC0003C000006002804D5FFE7119808F0A0F94F
:107ED0000FE09DF84000400600280AD5FFE79DF816
:107EE0003C004006002804D5FFE7119807F084FF06
:107EF000FFE712B080BD000080B582B0009000980E
:107F000020B9FFE701208DF807003EE00098806966
:107F100008B1FFE700E0FFE7009890F83D0040B9A6
:107F2000FFE70099002081F83C00009800F032F84B
:107F3000FFE70099242081F83D0000980168C86897
:107F400020F40050C860009808F038F800980168E4
:107F5000086920F49040086100980168486920F0A1
:107F60002A00486100980168C86840F40050C86061
:107F7000009900200864009A202182F83D10009AA0
:107F800082F83E108DF80700FFE79DF8070002B069
:107F900080BD000080B59CB01B9000201A90199005
:107FA0001890179016901B98006841F20001C4F2D7
:107FB0000101884240F0BB80FFE7FFE700201590F9
:107FC00043F64400C4F20200016841F01001016070
:107FD000006800F0100015901598FFE7FFE70020FB
:107FE000149043F63000C4F20200016841F002012F
:107FF0000160006800F0020014901498FFE7FFE7AA
:108000000020139043F63000C4F20200016841F0F2
:1080100001010160006800F0010013901398FFE770
:108020008020169002200990179000200D90189043
:1080300003200A90199007200B901A9040F20040FC
:10804000C4F2020016A90C91FBF7CAFEDDF824C0A9
:108050000A9A0B980C990D9B4FF4007ECDF858E0CE
:10806000CDF85CC0189319921A900020C4F2020057
:10807000FBF7B6FE0D9943F6C820C2F200000E9041
:1080800046F28842C4F2020202604FF0006242608F
:108090008160C1604FF48062026141618161C161B0
:1080A00001624162FBF716FD18B1FFE7F9F76CFDBD
:1080B000FFE7FFE71B9843F6C821C2F20001816386
:1080C0001B988863FFE743F62830C2F2000008904F
:1080D00046F2B841C4F2020101604FF00061416014
:1080E000402181600021C1604FF4806202614161E2
:1080F0008161C16101624162FBF7ECFC18B1FFE7ED
:10810000F9F742FDFFE7FFE71B9843F62831C2F27B
:10811000000141631B988863FFE725200790052134
:108120000022FCF72DF90798FCF720F90EE11B98C7
:10813000006844F60001C4F20001884268D1FFE7FC
:10814000FFE70020129043F64000C4F202000168ED
:1081500041F480210160006800F4802012901298A0
:10816000FFE7FFE70020119043F63000C4F2020061
:10817000016841F004010160006800F00400119002
:108180001198FFE74FF440601690022017900020EE
:10819000059018900320199007201A9040F60000CF
:1081A000C4F2020016A9FBF71BFE059943F68830BE
:1081B000C2F20000069046F22802C4F202020260F7
:1081C0004FF0006242608160C1604FF480620261E2
:1081D00041618161C16101624162FBF77BFC18B1C1
:1081E000FFE7F9F7D1FCFFE7FFE71B9843F688317B
:1081F000C2F2000181631B988863FFE72720049087
:1082000005210022FCF7BCF80498FCF7AFF89CE0CD
:108210001B98006841F20041C4F20101884240F01D
:108220009380FFE7FFE70020109043F64400C4F27C
:108230000200016841F020010160006800F02000A8
:1082400010901098FFE7FFE700200F9043F63000F2
:10825000C4F20200016841F040010160006800F0D2
:1082600040000F900F98FFE74FF4844016900220D3
:1082700017900020029018900320199008201A905F
:1082800041F60000C4F2020016A9FBF7A9FD02990D
:1082900043F6E830C2F20000039046F22842C4F2EE
:1082A000020202604FF0206242608160C1604FF4C0
:1082B0008062026141618161C16101624162FBF7DB
:1082C00009FC18B1FFE7F9F75FFCFFE7FFE71B9830
:1082D00043F6E831C2F2000181631B988863FFE72F
:1082E00043F64840C2F20000019046F2A041C4F2B9
:1082F000020101604FF02061416040218160002156
:10830000C1604FF48062026141618161C1610162BB
:108310004162FBF7DFFB18B1FFE7F9F735FCFFE738
:10832000FFE71B9843F64841C2F2000141631B98E6
:108330008863FFE74720009005210022FCF720F822
:108340000098FCF713F8FFE7FFE7FFE71CB080BDDC
:1083500080B584B002900191ADF80220029890F8A7
:108360003E00202828D1FFE7019820B1FFE7BDF8A3
:10837000020020B9FFE701208DF80F0020E0FFE7A1
:10838000029890F83C00012804D1FFE702208DF804
:108390000F0015E00299012081F83C00FFE7FFE79C
:1083A00002990020086302980199BDF8022007F0A5
:1083B000A3FE8DF80F0003E002208DF80F00FFE709
:1083C0009DF80F0004B080BD81B0009001B07047EF
:1083D00081B0009001B0704780B586B004900391E1
:1083E000ADF80A20049890F83D00202874D1FFE7EA
:1083F000039820B1FFE7BDF80A0020B9FFE701208C
:108400008DF817006CE0FFE7049890F83C00012815
:1084100004D1FFE702208DF8170061E004990120E4
:1084200081F83C00FFE7FFE7039804990862BDF874
:108430000A0004998884BDF80A000499C884049944
:1084400000200864049A212182F83D1004994A6BA7
:108450004FF6D141C0F60001D16304994A6B4FF643
:108460004D51C0F60001116404994A6B4FF6353145
:10847000C0F60001D1640499496B086503A8019016
:1084800004980268406B019909680432BDF80A300B
:10849000FBF7D8FB049801686FF040000860FFE725
:1084A0000499002081F83C00FFE7FFE7FFE704980C
:1084B000006850E8050F40F080000090FFE7009949
:1084C0000498026842E805100028F0D1FFE7FFE7B2
:1084D00000208DF8170003E002208DF81700FFE759
:1084E0009DF8170006B080BD81B0009001B07047C4
:1084F00081B0009001B0704780B584B003900399BB
:10850000002001900874039BD3F8F400596844F2EA
:10851000BE62C2F20002009212889B7B5A43F7F7B8
:10852000FDFF0099039A50680988927B5143F8F740
:1085300051F80099039AD2F818010988927B5143A7
:108540005143F8F747F80099039AD2F80C010988CB
:10855000137B927B59435143F8F73CF801988DF80F
:108560000B00FFE79DF80B000399897B884243DAF3
:10857000FFE70398D0F8F4009DF80B1000EB8100A2
:1085800090ED000AB5EE400AF1EE10FA2DD0FFE7AB
:10859000039AD2F8F4109DF80B0051F82000127CD9
:1085A00041F822009DF80B00039A516A127C88540E
:1085B000DDF80CC0DCF818009DF80BE050F82E0038
:1085C000DCF80C119CF80C209CF81030DCF814C07E
:1085D0001CF80EC012FB03C201EB820141F8040C2F
:1085E0000399087C01300874FFE7FFE79DF80B0052
:1085F00001308DF80B00B5E700208DF80A00FFE789
:108600009DF80A000399097C884216DAFFE7039B6C
:10861000D869596A9DF80A20895C50F82100D3F87E
:1086200018111B7C12FB032241F82200FFE79DF882
:108630000A0001308DF80A00E2E70399087CA1F8EE
:1086400078000399087BA1F87A000399087BA1F8C8
:1086500080000399087CA1F882000399087CA1F8A6
:1086600090000399087CA1F892000399087BA1F877
:1086700098000399087CA1F89A000399087CA1F856
:10868000480004B080BD0000FFE7FEE780B58AB077
:1086900004A902910146029809910999D1F8EC10B8
:1086A000096808910999D1F8EC104968079109996E
:1086B000D1F8EC10896806910999D1F8EC10C968D5
:1086C000059190ED040A90ED042A90ED031A90EDC7
:1086D000033A21EE031A20EE020A30EE011A90ED61
:1086E000020A90ED022A20EE020A30EE011A90ED05
:1086F000010A90ED012A20EE020A30EE010A11F083
:1087000057FA029880ED000A00208DF80F00FFE76D
:108710009DF80F00032817DCFFE7029890ED001A80
:108720000998D0F8EC009DF80F1000EB810090ED57
:10873000000A20EE010A80ED000AFFE79DF80F0015
:1087400001308DF80F00E3E7029991ED030A41F63D
:10875000D800C2F20000009090ED6F1A20EE010ADE
:10876000B0EE001A8DED011A80EE010A099AD2F8D6
:10877000002182ED040A91ED020A90ED6F2A20EEAD
:10878000020A80EE010A099AD2F8002182ED050A58
:1087900091ED040A90ED6F2A20EE420A80EE010A64
:1087A000099AD2F8002182ED0A0A91ED010A90EDB2
:1087B0006F2A20EE020A80EE010A099AD2F80021FF
:1087C00082ED0B0A91ED010A90ED6F2A20EE420A2C
:1087D00080EE010A099AD2F8002182ED100A91ED8B
:1087E000040A90ED6F2A20EE420A80EE010A099AEF
:1087F000D2F8002182ED110A91ED020A90ED6F2A64
:1088000020EE020A80EE010A099AD2F8002182EDD8
:10881000160A91ED030A90ED6F2A20EE420A80EECF
:10882000010A0999D1F8001181ED170A90ED741A27
:108830000999D1F8F81091ED1C0A80EE010A81ED3A
:108840001C0A90ED741A0998D0F8F80090ED230AEC
:1088500080EE010A80ED230A0998D0F8F80090ED27
:108860001C0A9FED151AB4EE410AF1EE10FA09DD6B
:10887000FFE70998D0F8F81044F20000C4F21C6039
:108880000867FFE70998D0F8F80090ED230A9FEDFC
:108890000A1AB4EE410AF1EE10FA0ADDFFE7099870
:1088A000D0F8F81044F20000C4F21C60C1F88C004B
:1088B000FFE70AB080BD00BF00401C4680B58CB009
:1088C0008DED0B0ACDED0A0A8DED091ACDED081AD2
:1088D0008DED072ACDED062A41F6D801C2F200013E
:1088E0000591012008700B98C1F8B0010A98C1F8F1
:1088F000B4010998C1F8B8014CF67740C3F22B20B7
:10890000C1F8CC01002081F83801C1F84401C1F858
:108910004001C1F84C01C1F848010798C1F8BC01F9
:108920009DED080AB7EE001AB4EE410AF1EE10FA16
:1089300004DDFFE74FF07E500890FFE7089941F60D
:10894000D800C2F200000390C0F8D0110430062114
:1089500000220192032301F007F8039901F5E0706A
:1089600001F5E4730122029211460FF085FC019A91
:1089700002990398D0F8ECC04FF07E53CCF8003049
:10898000D0F8EC305A60D0F8EC309A60D0F8EC3087
:10899000DA6048F6F912C0F60002C0F8D02048F2BA
:1089A0008D62C0F60002C0F8D42048F64122C0F61D
:1089B0000002C0F8D82049F2BD02C0F60002C0F89B
:1089C000DC2080F82E1080F82F10D0F804014DF62E
:1089D0001831C0F6010190220492F7F79FFD039829
:1089E000049AD0F8FC0040F22C01C2F20001F7F723
:1089F00095FD0CB080BD000080B582B0019001985B
:108A0000D0F8F81040F22C00C2F200009022F7F7E4
:108A100085FD0198D0F81C1141F67C00C2F20000DF
:108A200048220092F7F77AFD009A0198D0F80C11CD
:108A300041F63400C2F20000F7F770FD02B080BDCD
:108A400080B586B005900598D0F8EC0090ED000A4E
:108A500030EE000A8DED040A0598D0F8EC0090ED98
:108A6000010A30EE000A8DED030A0598D0F8EC00FB
:108A700090ED020A30EE000A8DED020A0598D0F85A
:108A8000EC0090ED030A30EE000A8DED010A059B23
:108A9000D3F80C0144F2BE61C2F2000109881A7BCE
:108AA0009B7B59435143F7F795FD9DED020AB1EECB
:108AB000400A0598D0F80C0180ED000A019805994C
:108AC000D1F80C1148609DED040AB1EE400A0598FA
:108AD000D0F80C0180ED020A03980599D1F80C1129
:108AE000C86003980599D1F80C118861049805991C
:108AF000D1F80C11C86101980599D1F80C110862E0
:108B000002980599D1F80C11486204980599D1F89A
:108B10000C1108639DED030AB1EE400A0598D0F8E8
:108B20000C0180ED0D0A9DED020AB1EE400A059898
:108B3000D0F80C0180ED0E0A01980599D1F80C11BE
:108B4000C86306B080BD000080B590B08DED0F0AFF
:108B5000CDED0E0A8DED0D1ACDED0C1A8DED0B2A13
:108B6000CDED0A2A9DED0F0A41F6D800C2F20000B1
:108B7000059090ED581A30EE410A80ED5B0A9DEDAC
:108B80000E0A90ED591A30EE410A80ED5C0A9DED17
:108B90000D0A90ED5A1A30EE410A80ED5D0A90ED13
:108BA0005B0A90ED6F1AB6EE002A20EE020A20EE64
:108BB000010A8DED090A90ED5C0A90ED6F1A20EE26
:108BC000020A20EE010A8DED080A90ED5D0A90ED93
:108BD0006F1A20EE020A20EE010A8DED070AD0F886
:108BE00004014DF61831C0F601019022F7F796FC0A
:108BF00005999DED090AB1EE400AD1F8040180ED16
:108C0000010A9DED080AB1EE400AD1F8040180ED99
:108C1000020A9DED070AB1EE400AD1F8040180ED89
:108C2000030A0998D1F8042190610798D1F804212A
:108C300010629DED080AB1EE400AD1F8040180ED02
:108C4000090A0898D1F8042110639DED070AB1EED6
:108C5000400AD1F8040180ED0D0A0998D1F80421E9
:108C6000D0630798D1F8042190640898D1F80421C2
:108C7000D0649DED090AB1EE400AD1F8040180EDFF
:108C8000140AD1F84801D1F84C110843C8B9FFE7DC
:108C90000C9841F6D801C2F20001C1F878010B9896
:108CA000C1F87C010A98C1F88001D1F84821D1F8B7
:108CB0004C01013240F10000C1F84821C1F84C01DB
:108CC000FFE741F6D800C2F20000049090ED5E0A82
:108CD00090ED641A90ED6F3A20EE010A33EE012A0E
:108CE00080EE020A9DED0C1A21EE031A81EE021AA3
:108CF00030EE010A80ED5E0A90ED5F0A90ED641A95
:108D000090ED6F3A20EE010A33EE012A80EE020A5E
:108D10009DED0B1A21EE031A81EE021A30EE010AC4
:108D200080ED5F0A90ED600A90ED641A90ED6F3A65
:108D300020EE010A33EE012A80EE020A9DED0A1AA6
:108D400021EE031A81EE021A30EE010A80ED600A6C
:108D500090ED5E1A90ED5F2A90ED600A22EE022AF5
:108D600021EE011A31EE021A20EE000A30EE010A5D
:108D700006F07CF8049880ED660A90ED661AB7EE6E
:108D8000000A80EE010A8DED060A90ED5E0A9DED67
:108D9000061A20EE010A816881ED000A90ED5F0A53
:108DA0009DED061A20EE010A816881ED010A90ED21
:108DB000600A9DED061A20EE010A816881ED020A23
:108DC00090ED5B1A90ED5C2A90ED5D0A22EE022A8E
:108DD00021EE011A31EE021A20EE000A30EE010AED
:108DE00006F044F8049880ED650A90ED650A9FED61
:108DF000AC1AB4EE410AF1EE10FA24DAFFE741F6BC
:108E0000D800C2F2000090ED660A9FEDA61AB4EEFB
:108E1000410AF1EE10FA16DDFFE741F6D800C2F282
:108E2000000090ED660A9FEDA01AB4EE410AF1EE43
:108E300010FA08DAFFE741F6D801C2F2000101207A
:108E400081F8390107E041F6D801C2F200010020A3
:108E500081F83901FFE741F6D801C2F20001039120
:108E600091ED6C0A91ED6F1A20EE010A081DD1F800
:108E7000182182ED000A91ED6C0A91ED6F1A20EE37
:108E8000010AD1F8182182ED070A91ED6C0A91EDE3
:108E90006F1A20EE010AD1F8182182ED0E0A91ED29
:108EA0006C0A91ED6F1A20EE010AD1F8182182EDBB
:108EB000150A91ED6D0A91ED6F1A20EE010AD1F8B5
:108EC000182182ED1C0A91ED6D0A91ED6F1A20EECA
:108ED000010AD1F8182182ED230AD1F81C31D1F80A
:108EE000B8211A60D1F81C31D1F8B8211A61D1F833
:108EF0001C21D1F8B811116201F08CF90398416876
:108F00000968C0F8501141684968C0F854114168B7
:108F10008968C0F858114168C968C0F85C1190EDC3
:108F2000540A90ED551A90ED562A90ED573A22EEDC
:108F3000033A20EE010A30EE030A21EE013AB6EEC2
:108F4000001A8DED011A31EE431A22EE022A71EE5B
:108F5000420A00F5D0700EF03DFE039890ED680ACD
:108F60009FED521A8DED021A20EE010A80ED680A7B
:108F700090ED540A90ED551A90ED563A90ED572A1F
:108F800020EE030A21EE021A30EE410A30EE000A0A
:108F900013F05EFE9DED011A9DED022A039820EE6E
:108FA000020A80ED690A90ED544A90ED550A90ED61
:108FB000563A90ED572A24EE024A20EE030A30EE8C
:108FC000040A23EE033A31EE431A22EE022A71EE2E
:108FD000420A00F5D4700EF0FDFD9DED021A0398D3
:108FE00090ED6A0A20EE010A80ED6A0A416809697B
:108FF000C0F8601141684969C0F864110021C0F8E7
:10900000681190ED6A0A90ED761A30EE410A9FEDF4
:10901000281AB4EE410AF1EE10FA0ADDFFE741F634
:10902000D801C2F20001B1F8D4010138A1F8D4018D
:109030001CE041F6D800C2F2000090ED6A0A90ED03
:10904000761A30EE410A9FED1B1AB4EE410AF1EE9A
:1090500010FA0ADAFFE741F6D801C2F20001B1F8CE
:10906000D4010130A1F8D401FFE7FFE741F6D801B0
:10907000C2F20001B1F9D40100EE100AB8EEC00A44
:1090800091ED6A1A9FED0C2A20EE020A30EE010AD9
:1090900081ED6B0AD1F8A801C1F8D80110B080BDEC
:1090A0009A99993ECDCC1441CDCC2441E12E654214
:1090B00000003443000034C30000B44380B58CB0DA
:1090C00007A904910B900B9901F1780080310FF002
:1090D000DBFC0B9981F8C8000B99B1F87800A1F876
:1090E000A8000B99B1F85A00A1F8AA000B9A02F156
:1090F000780002F15801A8320FF0CEFB0B9981F8ED
:10910000C8000B99B1F8A800A1F8B0000B99B1F80C
:109110008200A1F8B2000B9A02F1A80002F18001CE
:10912000B0320FF0B9FB0B9981F8C8000B99B1F878
:109130009000A1F8A0000B99B1F89200A1F8A2004C
:109140000B9A02F1B00002F19001A0320FF03EF84C
:109150000B9981F8C8000B9901F1A000B0310FF014
:109160009FF8014604980B9A82F8C8100B99D1F821
:10917000EC1009680A910B99D1F8EC104968099133
:109180000B99D1F8EC10896808910B99D1F8EC1083
:10919000C96807910B9AB2F87810A2F8B8100B9A28
:1091A0000121A2F8BA1090ED020A90ED002A90ED8C
:1091B000031A90ED013A21EE031A20EE020A30EE76
:1091C000410A30EE000A0B99D1F82C1181ED000A0A
:1091D00090ED030A90ED022A90ED011A90ED003A0D
:1091E00021EE031A20EE020A30EE010A30EE000AE8
:1091F0000B99D1F82C1181ED010A90ED030A90ED45
:10920000032A90ED021A90ED023A21EE031A20EEA5
:10921000020A30EE410A90ED011A90ED012A21EE8A
:10922000021A30EE411A90ED000A90ED002A20EE6D
:10923000020A30EE010A0B98D0F82C0180ED020AE8
:1092400000208DF81B00FFE79DF81B0002281EDCA4
:10925000FFE70B98D0F82C019DF81B1000EB810064
:1092600090ED000AB0EEC00A0EF02CFF9DF81B1026
:1092700041F6D800C2F2000000EB810080ED610AE7
:10928000FFE79DF81B0001308DF81B00DCE70B9910
:10929000B1F84800A1F8C0000B9901200290A1F894
:1092A000C2000B9A02F1480002F1B801C0320FF07F
:1092B00095FB014602980B9A82F8C8100B9AB2F8F7
:1092C000C010A2F8A8100B99A1F8AA000B9A02F1FD
:1092D000B00002F1C001A8320FF0DEFA0146029898
:1092E0000B9A82F8C8100B99A1F8B8000B99B1F845
:1092F000C000A1F8BA000B9901F1C000B8310FF01D
:10930000C3FB0B9981F8C8000B9901F1B800A83193
:1093100041F6D802C2F20002039202F5E0720FF0A9
:10932000BBFA014603980B9A82F8C81090ED720AB6
:1093300090ED731AB6EE002A21EE021AB4EE410A3D
:10934000F1EE10FA08DAFFE741F6D801C2F20001A7
:10935000012081F83801FFE741F6D800C2F2000091
:1093600090ED720A90ED731AB4EE410AF1EE10FA24
:1093700064DDFFE741F6D800C2F2000090F8380142
:1093800000285BD0FFE741F6D800C2F2000090F859
:10939000390180B1FFE741F6D801C2F20001D1F8EE
:1093A0004021D1F84401013240F10000C1F84021D0
:1093B000C1F8440109E041F6D801C2F200010020E1
:1093C000C1F84401C1F84001FFE741F6D800C2F2FC
:1093D0000000D0F84011D0F84401333970F100009A
:1093E0000BD3FFE741F6D801C2F20001002081F85B
:1093F00038010B9981F82C001FE00B9BD3F8E80093
:10940000D3F8EC1044F2BE62C2F20002019212885C
:109410001B7B5A43F7F782F8019A0B9BD3F8F800AD
:10942000D3F8FC1012881B7B5A435A43F7F776F89F
:109430000B99012081F82C0063E142E041F6D8004D
:10944000C2F2000090ED720A90ED731A9FEDAE2A01
:1094500021EE021AB4EE410AF1EE10FA1BDDFFE72D
:1094600041F6D800C2F2000090F8380198B1FFE749
:1094700041F6D800C2F2000090ED720A90ED731A26
:1094800031EE400A9FEDA12A21EE021A80EE010A78
:1094900080ED670A08E041F6D801C2F200014FF002
:1094A0007E50C1F89C01FFE741F6D801C2F20001ED
:1094B0000020C1F84401C1F840010B9981F82C004B
:1094C000FFE70B99B1F85800A1F8A8000B99B1F883
:1094D0008200A1F8AA000B9A02F1580002F1800163
:1094E000A8320FF0D9F90B9981F8C8000B9A02F154
:1094F000A80002F1B00198320FF0CEF90B9981F873
:10950000C80000208DF81A00FFE79DF81A000B9A9A
:10951000B2F89810B2F89A20514388421ADAFFE75D
:1095200041F6D800C2F2000090ED671A0B98D0F80F
:109530001C019DF81A1000EB810090ED000A20EE4E
:10954000010A80ED000AFFE79DF81A0001308DF84E
:109550001A00DAE704208DF81900FFE79DF81900DA
:10956000052835DCFFE700208DF81800FFE79DF89F
:109570001800022825DCFFE79DF8191041F6D800F5
:10958000C2F2000000EB810090ED5D0A9FED621ACF
:1095900080EE011A0B98D0F81C0101EB41019DF8F7
:1095A0001820114400EB810090ED000A20EE010A22
:1095B00080ED000AFFE79DF8180001308DF81800D3
:1095C000D5E7FFE79DF8190001308DF81900C5E7D0
:1095D0000B99B1F89800A1F8B8000B990120A1F8F7
:1095E000BA000B9A02F1980002F1C001B8320FF0F4
:1095F00053F90B9981F8C80041F6D800C2F2000077
:1096000090F8380100286BD0FFE704208DF8170090
:10961000FFE79DF81700052861DCFFE70B98D0F8FD
:10962000BC009DF8171000EB810090ED000A41F698
:10963000D800C2F2000090ED6F1A9FED352A21EE9E
:10964000021AB4EE410AF1EE10FA14DDFFE741F61A
:10965000D800C2F2000090ED6F0A9FED2D1A20EEA7
:10966000010A0B98D0F8BC009DF8171000EB8100A0
:1096700080ED000AFFE70B98D0F8BC009DF81710AA
:1096800000EB810090ED000A41F6D800C2F2000024
:1096900090ED6F1A9FED1F2A21EE021AB4EE410AD7
:1096A000F1EE10FA14DAFFE741F6D800C2F200003A
:1096B00090ED6F0A9FED171A20EE010A0B98D0F873
:1096C000BC009DF8171000EB810080ED000AFFE759
:1096D000FFE79DF8170001308DF8170099E7FFE7C5
:1096E0000B98D0F8BC100020C8600B9A02F138002B
:1096F00002F1B80130320EF069FD0B9981F8C80013
:10970000FFE70CB080BD00BFCDCCCC3D6666663FA8
:109710000AD7233C0AD723BCDA0FC93F80B584B0EF
:10972000039002910298039991ED090ADFED0F0A67
:1097300002F0DAFC029890ED080AB5EE400AF1EE6C
:1097400010FA04DAFFE7029900200862FFE70298A6
:1097500090ED080ABDEEC00A10EE100AADF8060042
:10976000BDF8060005F088F904B080BD0000204275
:1097700080B582B001900091002000287ED1FFE7E3
:10978000019A02F10C0002F118012432F7F702F9F4
:10979000019890F84800022851D1FFE7019890ED18
:1097A000001A90ED030A30EE410A80ED030A019899
:1097B00090ED011A90ED040A30EE410A80ED040AA2
:1097C000019890ED021A90ED050A30EE410A80ED05
:1097D000050A019890ED030AD0ED040A90ED051AF0
:1097E000D0ED061A90ED072AD0ED082AFFF7ACF964
:1097F000F8F7C4FB019880ED0E0AF8F7C7FB019853
:1098000080ED0F0AF8F7F8FB019880ED100AF8F7E1
:10981000FBFB019880ED110A019941F6D80CC2F2C8
:10982000000CDCF85001DCF85421DCF85831DCF88D
:109830005CC1C1F834C00B63CA6288621DE0019844
:1098400090F84800012817D1FFE7019942F68140BE
:10985000C3F68E300860019948F28D60C3F6B630C9
:109860004860019943F69B10CBF6ED208860019982
:10987000022081F84800FFE7FFE7FFE741F6C40058
:10988000C2F2000000684CF6CD41CCF6CC41484312
:109890004FEA700049F69911C1F6991188421CD817
:1098A000FFE701980099FFF739FF019890F8480009
:1098B00090B9FFE741F6C800C2F20000016801312B
:1098C00001600068B0F5967F05D9FFE70199012096
:1098D00081F84800FFE7FFE7FFE741F6C401C2F265
:1098E000000108680130086002B080BD83B00290BA
:1098F00001918DF8032000208DF802008DF8020000
:10990000FFE79DF802009DF80310884229DAFFE77F
:109910000298000F092809D8FFE70298000F30309D
:1099200001999DF8022001F8120009E00299372000
:1099300000EB117001999DF8022001F81200FFE779
:1099400002980001029001989DF8021000EB41017D
:1099500000204870FFE79DF8020001308DF80200FA
:10996000CFE703B07047000080B58AB009908DF84A
:1099700023108DF822208DF8213044F2BE61C2F20E
:10998000000106910420088044F2BC61C2F200018B
:10999000082008809DF82300099908739DF822008B
:1099A000099948739DF82100099988730999002045
:1099B00008749DF8210011F025FC09994861099867
:1099C00040699DF82110F6F7E3FD069800889DF8A0
:1099D0002110484311F016FC0699099A90610998E4
:1099E000806909889DF821205143F6F7F3FD069818
:1099F00000889DF82110484311F004FC0699099A4B
:109A0000D0610998C06909889DF821205143F6F773
:109A1000E1FD069800889DF82310484311F0F2FB01
:109A20000699099A10620998006A09889DF823200E
:109A30005143F6F7CFFD9DF8210011F0E3FB0999A2
:109A400048620998406A9DF82110F6F7A1FD069832
:109A500000889DF82310484311F0D4FB0699099A19
:109A600010600998006809889DF823205143F6F793
:109A7000B1FD069800889DF82110484311F0C2FB03
:109A80000699099A50600998406809889DF8212034
:109A90005143F6F79FFD069800889DF82210484331
:109AA00011F0B0FB0699099A9060099880680988BE
:109AB0009DF822205143F6F78DFD069800889DF809
:109AC0002310484311F09EFB0699099AC2F8E8005A
:109AD0000998D0F8E80009889DF823205143F6F74B
:109AE00079FD099A02F13000117BD2F8E8300122A9
:109AF00007920EF0C1FB069800889DF8231048439A
:109B000011F080FB0699099AC2F8EC000998D0F888
:109B1000EC0009889DF823205143F6F75BFD079A76
:109B2000099B03F13800197BD3F8EC300EF0A4FB4D
:109B30009DF8220010B3FFE744F2BE60C2F20000BD
:109B4000059000889DF82210484311F05BFB0599B1
:109B5000099AC2F8F0000998D0F8F00009889DF839
:109B600022205143F6F736FD099A02F14000517B5D
:109B7000D2F8F03001220EF07FFBFFE744F2BE6026
:109B8000C2F20000049000889DF82110484311F0B3
:109B900039FB0499099AC2F8F4000998D0F8F40046
:109BA00009889DF821205143F6F714FD099A02F126
:109BB0004800917BD2F8F43001220EF05DFB04984E
:109BC00000889DF823104843484311F01BFB04997B
:109BD000099AC2F8F8000998D0F8F80009889DF8A9
:109BE000232051435143F6F7F5FC099901F1500048
:109BF0000A7BD1F8F83011460EF03EFB049800883D
:109C00009DF823104843484311F0FCFA0499099A3F
:109C1000C2F8FC000998D0F8FC0009889DF82320C0
:109C200051435143F6F7D6FC099901F158000A7BDC
:109C3000D1F8FC3011460EF01FFB049800889DF807
:109C400023104843484311F0DDFA01460498099A6D
:109C5000C2F8001100889DF823104843484311F0D2
:109C6000D1FA0499099AC2F804010998D0F80001C0
:109C700009889DF8232051435143F6F7ABFC049922
:109C80000998D0F8040109889DF8232051435143D5
:109C9000F6F7A0FC099901F160000A7BD1F80031C8
:109CA00011460EF0E9FA099901F168000A7BD1F832
:109CB000043111460EF0E0FA9DF8220040B3FFE7B0
:109CC00044F2BE60C2F20000039000889DF82310A9
:109CD00048439DF82210484311F094FA0399099AD9
:109CE000C2F808010998D0F8080109889DF82320D6
:109CF00051439DF822205143F6F76CFC099B03F178
:109D00007000197B5A7BD3F808310EF0B5FAFFE7E3
:109D100044F2BE60C2F20000019000889DF821105C
:109D200048439DF82310484311F06CFA014601980E
:109D3000099AC2F80C1100889DF8231048439DF839
:109D40002110484311F05EFA0199099AC2F81001F6
:109D50000998D0F80C0109889DF8212051439DF8FD
:109D600023205143F6F736FC01990998D0F81001E9
:109D700009889DF8232051439DF821205143F6F78F
:109D800029FC099B03F178001A7B997BD3F80C31ED
:109D90000EF072FA099B03F18000197B9A7BD3F8CD
:109DA00010310EF069FA019800889DF8231048439D
:109DB000484311F027FA0199099AC2F81401099849
:109DC000D0F8140109889DF8232051435143F6F738
:109DD00001FC099901F188000A7BD1F81431114680
:109DE0000EF04AFA019800889DF821104843484334
:109DF00011F008FA0199099AC2F818010998D0F8E7
:109E0000180109889DF8212051435143F6F7E2FBE0
:109E1000099901F190008A7BD1F8183111460EF0B2
:109E20002BFA019800889DF8231048439DF82110D3
:109E3000484311F0E7F90199099AC2F81C01099801
:109E4000D0F81C0109889DF8232051439DF821205A
:109E50005143F6F7BFFB099B03F19800197B9A7BEE
:109E6000D3F81C310EF008FA019800880999097B93
:109E70004843484311F0C6F90199099AC2F82001F4
:109E8000099AD2F820010988127B51435143F6F711
:109E9000A1FB019800880999097B4843484311F0C8
:109EA000B1F90199099AC2F82401099AD2F824015A
:109EB0000988127B51435143F6F78CFB01980088C7
:109EC0000999097B4843484311F09CF90199099A83
:109ED000C2F82801099AD2F828010988127B514357
:109EE0005143F6F777FB019800880999097B4843AD
:109EF00011F088F90199099AC2F82C01099AD2F84F
:109F00002C010988127B5143F6F764FB0198008805
:109F10000999097B484311F075F90199099AC2F82A
:109F20003001099AD2F82C010988127B5143F6F7C7
:109F300051FB099901F1A0000A7BD1F820311146AB
:109F40000EF09AF9099901F1A8000A7BD1F82431A1
:109F500011460EF091F9099901F1B0000A7BD1F890
:109F6000283111460EF088F9099A02F1B800117BE8
:109F7000D2F82C31012202920EF07EF9029A099B4E
:109F800003F1C000197BD3F830310EF075F909994F
:109F9000002081F82800099981F82900099981F8A1
:109FA0002A00099981F82B00099981F82C000AB040
:109FB00080BD000080B582B001900198C07B20B1C7
:109FC000FFE70198FEF798FA16E0019BD3F8F4003A
:109FD000596844F2BE62C2F20002009212889B7B72
:109FE0005A43F6F79BFA0099019A50680988927BC8
:109FF0005143F6F7EFFAFFE7019BD3F8F0009968B9
:10A0000044F2BE62C2F2000212885B7B5A43F6F74A
:10A0100085FA02B080BD000080B582B00190019841
:10A0200090F82C00B0BBFFE70199B1F89800A1F8B7
:10A03000A8000199B1F87A00A1F8AA000199B1F835
:10A04000A800A1F8B0000199B1F85A00A1F8B20037
:10A05000019A02F1980002F17801A8320EF01CFC7E
:10A06000019981F8C800019A02F1A80002F1580193
:10A07000B0320EF011FC019981F8C800019A02F18A
:10A08000580002F1B00150320EF0A8FC019981F89D
:10A09000C800FFE702B080BD80B582B00190019892
:10A0A00090F82900A8BBFFE7019901F16000683131
:10A0B0000EF0EAFC019981F8C800019A02F16000F3
:10A0C00002F1500158320EF0E7FB019981F8C80007
:10A0D0000199B1F85800A1F8A8000199B1F86A00F7
:10A0E000A1F8AA00019A02F1580002F16801A83211
:10A0F0000EF0D2FB019981F8C800019A02F1A80084
:10A1000002F1880158320EF061F8019981F8C80017
:10A11000FFE702B080BD000080B582B001900198D9
:10A1200090F82A00002872D1FFE7019901F1780028
:10A1300080310EF0A9FC019981F8C8000199B1F8AD
:10A140007800A1F8A8000199B1F85A00A1F8AA0076
:10A15000019A02F1780002F15801A8320EF09CFB3E
:10A16000019981F8C8000199B1F8A800A1F8B000E0
:10A170000199B1F88200A1F8B200019A02F1A80099
:10A1800002F18001B0320EF087FB019981F8C8001E
:10A190000199B1F89000A1F8A0000199B1F89200DE
:10A1A000A1F8A200019A02F1B00002F19001A032E0
:10A1B0000EF00CF8019981F8C800019901F1A00096
:10A1C000B0310EF06DF8019981F8C8000199B1F82D
:10A1D0005800A1F8A8000199B1F88200A1F8AA00DE
:10A1E000019A02F1580002F18001A8320EF054FBEE
:10A1F000019981F8C800019A02F1A80002F1B001AA
:10A2000098320EF049FB019981F8C800FFE702B0CF
:10A2100080BD000080B584B003900398FFF7CAFEAC
:10A220000398D0F8CC0028B1FFE70398D0F8CC1001
:10A230008847FFE7039800F0B5F80398D0F8D000FE
:10A2400028B1FFE70398D0F8D0108847FFE70398BC
:10A25000FFF722FF0398D0F8D40028B1FFE7039856
:10A26000D0F8D4108847FFE70398007C20B9FFE7B7
:10A270000398C07BF0B9FFE70398FFF74DFF039801
:10A28000D0F8D80028B1FFE70398D0F8D810884755
:10A29000FFE7039800F0D8F80398D0F8DC0028B165
:10A2A000FFE70398D0F8DC108847FFE70398FFF733
:10A2B000B3FE1BE0039BD3F8E800D3F8EC1044F2A4
:10A2C000BE62C2F20002019212881B7B5A43F6F76B
:10A2D00025F9019A039BD3F8F800D3F8FC101288F3
:10A2E0001B7B5A435A43F6F719F9FFE70398D0F856
:10A2F000E00028B1FFE70398D0F8E0108847FFE7B7
:10A3000000208DF80B00FFE79DF80B000399097BF7
:10A3100088422CDAFFE70398D0F8F8209DF80B105C
:10A32000037B11FB031302EB830292ED000A006A28
:10A3300000EB810090ED001AB4EE410AF1EE10FA44
:10A340000EDAFFE7039B186A9DF80B2050F82200F5
:10A35000D3F8F8101B7B12FB032241F82200FFE721
:10A36000FFE79DF80B0001308DF80B00CCE7039B55
:10A370001868D3F8E81044F2BE62C2F200021288F4
:10A380001B7B5A43F6F7CAF80398D0F8E40028B1CB
:10A39000FFE70398D0F8E4108847FFE703980068C8
:10A3A00004B080BD80B582B00190019890F828007B
:10A3B000002846D1FFE70198407B012834DBFFE706
:10A3C0000199087BA1F8B800019901200090A1F83B
:10A3D000BA00019A02F1600002F13001B8320EF0C9
:10A3E0005BFA01460098019A82F8C810019A117B25
:10A3F000A2F8C0100199A1F8C200019A02F1700000
:10A4000002F14001C0320EF047FA019981F8C8000C
:10A41000019A02F1B80002F1C00138320DF0D6FE07
:10A42000019981F8C8000BE0019A02F1600002F185
:10A43000300138320EF030FA019981F8C800FFE798
:10A44000FFE702B080BD000080B582B001900198A6
:10A4500090F82B0000284BD1FFE70199B1F8780064
:10A46000A1F8B800019901200090A1F8BA00019A62
:10A4700002F1780002F13801B8320EF00DFA01460F
:10A480000098019A82F8C810019AB2F84810A2F810
:10A49000C0100199A1F8C200019A02F1480002F12E
:10A4A000B801C0320EF09AFA01460098019A82F87B
:10A4B000C810019AB2F89810A2F8B8100199A1F842
:10A4C000BA00019A02F1980002F1C001B8320EF010
:10A4D000E3F9019981F8C800019A02F1380002F10C
:10A4E000B80130320DF072FE019981F8C800FFE723
:10A4F00002B080BD80B582B00190019809F000FEE5
:10A500000198B02104F0A6FB019804F085FB8DF8BA
:10A510000300019809F0DCFD9DF8030002B080BD46
:10A5200080B584B00290029809F0D2FD0A208DF81F
:10A530000700FFE70298FBF767FE012804D1FFE759
:10A5400001208DF80F000EE09DF8070001388DF80E
:10A550000700FFE79DF807000028EBDCFFE700207D
:10A560008DF80F00FFE79DF80F0004B080BD0000DC
:10A5700080B584B0DDF818C003908DF80B100192FF
:10A580008DF80330039809F0BBFD03989DF80B107C
:10A5900004F060FB03980199042204F069FB03981E
:10A5A0009DF8031004F056FB039806999DF80320CC
:10A5B00004F05EFB039809F08BFD04B080BD000041
:10A5C00080B582B001908DF80310019809F098FDD4
:10A5D0000198032104F03EFB01989DF8031004F05C
:10A5E00039FB019804F018FB8DF80200019809F07E
:10A5F0006FFD9DF8020002B080BD000080B584B000
:10A6000003908DF80B1001928DF80330039809F038
:10A6100077FD03989DF80B1004F01CFB039801993B
:10A620009DF8032004F006FB039809F051FD04B0E7
:10A6300080BD000080B582B00190019809F060FDF6
:10A640000198A02104F006FB019804F0E5FA8DF8CA
:10A650000300019809F03CFD9DF8030002B080BDA5
:10A6600080B582B001908DF80310019809F048FD83
:10A6700001989DF8031004F0EDFA019809F028FD07
:10A6800002B080BD80B584B0029002980F21802274
:10A6900000F050F80A208DF80700FFE702980E211D
:10A6A000FFF78EFF00F0E000802804D1FFE70120D3
:10A6B0008DF80F000EE09DF8070001388DF80700B7
:10A6C000FFE79DF807000028E8DCFFE700208DF891
:10A6D0000F00FFE79DF80F0004B080BD80B584B087
:10A6E000029002980F21002200F024F80A208DF831
:10A6F0000700FFE702980E21FFF762FF10F0E00F5E
:10A7000004D1FFE701208DF80F000EE09DF807004F
:10A7100001388DF80700FFE79DF807000028E9DC05
:10A72000FFE700208DF80F00FFE79DF80F0004B051
:10A7300080BD000080B582B001908DF803108DF8C7
:10A740000220019809F0DCFC0198022104F082FA51
:10A7500001989DF8031004F07DFA01989DF802100D
:10A7600004F078FA019809F0B3FC02B080BD000053
:10A7700080B584B003908DF80B108DF80A200193FA
:10A78000039809F0BDFC0398022104F063FA0398D2
:10A790009DF80B1004F05EFA039801999DF80A20C9
:10A7A0009DF80B30D21A0132D2B204F061FA03984C
:10A7B00009F08EFC04B080BD80B59EB01D900022D3
:10A7C00003921C921B921A924DF29073C0F60103F1
:10A7D000186859689B6819931891179016921592EA
:10A7E00014924DF29C73C0F60103186859689B6877
:10A7F00013931291119010920F920E924DF2A87332
:10A80000C0F60103186859689B680D930C910B9072
:10A810000A92099208924DF2B473C0F601031868C7
:10A8200059689B680793069105901D9800F6424071
:10A830009FED2B0A8DED000ADFED2A0ACDED010A0E
:10A8400017A9DFED292ACDED022A81230493B0EE6A
:10A85000621AF0EE621AB0EE622A01F0E5FB9DED9D
:10A86000000ADDED010ADDED022A039A049B1D9822
:10A8700000F66A6011A9B0EE621AF0EE621AB0EE4C
:10A88000622A01F0D1FB9DED000ADDED010ADDED4C
:10A89000022A039A049B1D9841F2920108440BA9D5
:10A8A000B0EE621AF0EE621AB0EE622A01F0BCFB62
:10A8B0009DED000ADDED010ADDED022A039A049BFD
:10A8C0001D9841F2BA21084405A9B0EE621AF0EED3
:10A8D000621AB0EE622A01F0A7FB01201EB080BD13
:10A8E0000050C34700007A440000000080B598B0D3
:10A8F0001790002203921692159214924DF2C07393
:10A90000C0F60103186859689B681393129111905F
:10A910004DF2D873C0F60103186859689B6810930C
:10A920000F910E901798D0309FED3A0A8DED000AE6
:10A93000DFED390ACDED010A11A9DFED382ACDEDA1
:10A94000022A81230493B0EE621AF0EE621AB0EE8E
:10A95000622A01F069FB9DED000ADDED010ADDEDE3
:10A96000022A039A049B179800F5BD700EA9B0EE59
:10A97000621AF0EE621AB0EE622A01F055FB9DED0C
:10A98000000ADDED010ADDED022A039A049B0D9217
:10A990000C920B924DF2CC7CC0F6010CDCF800005E
:10A9A000DCF80410DCF808C0CDF828C00991089044
:10A9B0004DF2E47CC0F6010CDCF80000DCF8041079
:10A9C000DCF808C0CDF81CC006910590179800F57A
:10A9D0003E7008A9B0EE621AF0EE621AB0EE622A7A
:10A9E00001F022FB9DED000ADDED010ADDED022AFA
:10A9F000039A049B179800F2A23005A9B0EE621AE0
:10AA0000F0EE621AB0EE622A01F00EFB012018B0DF
:10AA100080BD00BF0060EA460000FA44000000006C
:10AA200080B59EB01D904DF2F072C0F60102106824
:10AA3000516892681C921B911A904DF62002C0F644
:10AA400001021068516892681992189117901D9828
:10AA500000F592609FED590A8DED000A1AA9F6EEF5
:10AA6000000ACDED010A022306931A46F7F7D2F940
:10AA7000069A1D9800F2CA509FED510A8DED020A08
:10AA8000DFED500ACDED030A17A9DFED4F1ACDED2A
:10AA9000041ADFED4E2ACDED052AF7230793B0EE19
:10AAA000611AB0EE622A01F0BFFA9DED000ADDEDF9
:10AAB000010A069B4DF60802C0F6010210685168B3
:10AAC00092681692159114904DF63802C0F6010264
:10AAD0001068516892681392129111901D9800F5B8
:10AAE000D76014A91A46F7F795F99DED020ADDED36
:10AAF000030ADDED041ADDED052A069A079B1D9871
:10AB000000F2F27011A9B0EE611AB0EE622A01F003
:10AB10008BFA9DED000ADDED010A069B4DF2FC72F9
:10AB2000C0F6010210685168926810920F910E9061
:10AB30004DF61402C0F601021068516892680D9239
:10AB40000C910B904DF62C02C0F601021068516872
:10AB500092680A92099108901D9800F50E600EA95E
:10AB60001A46F7F757F99DED020ADDED030ADDED10
:10AB7000041ADDED052A069A079B1D9800F517605B
:10AB80000BA9B0EE611AB0EE622A01F04DFA9DED0C
:10AB9000020ADDED030ADDED041ADDED052A069A51
:10ABA000079B1D9800F61A2008A9B0EE611AB0EEB6
:10ABB000622A01F039FA01201EB080BD00803B45B9
:10ABC0000080BB450000FA4400007A443333333F31
:10ABD00080B586B000220092059204920392029200
:10ABE00043F6C000C2F20000019042F20001C4F23C
:10ABF000010101604FF480314160826002610276A0
:10AC000080F82020C2620121C0F600718162C2601A
:10AC10000121C16180F830204161F7F711FB18B1C3
:10AC2000FFE7F6F7B1FFFFE7102002900120039045
:10AC30000020049043F6C000C2F2000002A9F7F71A
:10AC4000EBF918B1FFE7F6F79FFFFFE706B080BD0D
:10AC500080B586B00022009205920492039202927F
:10AC600043F60810C2F20000019042F20021C4F243
:10AC7000010101604FF4803141608260026102761F
:10AC800080F82020C2620121C0F600718162C2609A
:10AC90000121C16180F830204161F7F7D1FA18B184
:10ACA000FFE7F6F771FFFFE708200290012003900D
:10ACB0000020049043F60810C2F2000002A9F7F742
:10ACC000ABF918B1FFE7F6F75FFFFFE706B080BD0D
:10ACD00080B582B043F65010C2F20000019046F2F7
:10ACE0000041C4F200010160032141600021816044
:10ACF000C1604FF4102202614FF4001242610176EC
:10AD0000012242768176C27601774177F8F776F9AB
:10AD100018B1FFE7F6F738FFFFE702B080BD00008B
:10AD200080B582B043F67810C2F20000019046F67A
:10AD30000001C4F200010160032141600021816033
:10AD4000C1604FF4102202614FF40012426101769B
:10AD5000012242768176C27601774177F8F74EF983
:10AD600018B1FFE7F6F710FFFFE702B080BD000063
:10AD700080B543F6A010C2F2000043F20001C4F215
:10AD800002010160F8F7E4FB18B1FFE7F6F7FCFEFB
:10AD9000FFE780BD80B58CB0FFE700200B9043F645
:10ADA0003000C4F20200016841F4800101600068D3
:10ADB00000F480000B900B98FFE7FFE700200A905B
:10ADC00043F63000C4F20200016841F40011016052
:10ADD000006800F400100A900A98FFE70C20009029
:10ADE0000521079100220892F9F7CAFA0098F9F7AD
:10ADF000BDFA0799089A2F200190F9F7C1FA019836
:10AE0000F9F7B4FA0799089A39200290F9F7B8FAD5
:10AE10000298F9F7ABFA0799089A3A200390F9F7E4
:10AE2000AFFA0398F9F7A2FA0799089A3B20049021
:10AE3000F9F7A6FA0498F9F799FA0799089A4420BD
:10AE40000590F9F79DFA0598F9F790FA0799089A8D
:10AE500045200690F9F794FA0698F9F787FA0799CA
:10AE6000089A46200990F9F78BFA0998F9F77EFAC3
:10AE70000CB080BDB0B5ACB04DF6D000C0F601004E
:10AE8000016842688368D0F80CC0D0F810E04469CB
:10AE90002A94CDF8A4E0CDF8A0C02793269225915E
:10AEA00080692B9025A8002101910EF00BFF0199DC
:10AEB00043F2D052C2F2000210604DF69800C0F684
:10AEC000010002684368D0F808C0D0F80CE00469BB
:10AED000456923952294CDF884E0CDF880C01F9376
:10AEE0001E92806924901EA80EF0ECFE019941F696
:10AEF0007C32C2F2000210604DF67C00C0F6010008
:10AF000002684368D0F808C0D0F80CE004694569CD
:10AF10001C951B94CDF868E0CDF864C01893179287
:10AF200080691D9017A80EF0CDFE019941F6CC0264
:10AF3000C2F2000210604DF64400C0F60100026843
:10AF40004368D0F808C0D0F80CE00469456915954D
:10AF50001494CDF84CE0CDF848C01193109280695C
:10AF6000169010A80EF0AEFE019941F2D872C2F20E
:10AF7000000210604DF66000C0F6010002684368F0
:10AF8000D0F808C0D0F80CE0046945690E950D941E
:10AF9000CDF830E0CDF82CC00A93099280690F906B
:10AFA00009A80EF08FFE019941F2E072C2F2000290
:10AFB00010604DF6B400C0F6010002684368D0F896
:10AFC00008C0D0F80CE00469456907950694CDF8EF
:10AFD00014E0CDF810C0039302928069089002A893
:10AFE0000EF070FE41F68031C2F2000108602CB014
:10AFF000B0BD000080B598B0002017901690159055
:10B0000014901390FFE70020129043F63000C4F232
:10B010000200016841F002010160006800F00200D6
:10B0200012901298FFE7FFE70020119043F63000DE
:10B03000C4F20200016841F040010160006800F0C4
:10B04000400011901198FFE7FFE70020109043F6B1
:10B050003000C4F20200016841F0010101600068A3
:10B0600000F0010010901098FFE7FFE700200F901C
:10B0700043F63000C4F20200016841F008010160AB
:10B08000006800F008000F900F98FFE7FFE700202E
:10B090000E9043F63000C4F20200016841F0040152
:10B0A0000160006800F004000E900E98FFE7FFE7D3
:10B0B00000200D9043F63000C4F20200016841F018
:10B0C00080010160006800F080000D900D98FFE79E
:10B0D000FFE700200C9043F63000C4F20200016844
:10B0E00041F020010160006800F020000C900C98F5
:10B0F000FFE741F60040C4F2020002904FF4E05135
:10B10000019100220A92F9F747F80020C4F20200E8
:10B1100004901021039101220692F9F73DF80A9A52
:10B1200040F20040C4F2020008904FF480510591B3
:10B13000F9F732F8069A08981146F9F72DF80698AB
:10B140000221079113914FF404111491159041F2CB
:10B150000040C4F2020013A90991F8F741FEDDF89E
:10B1600004C00298069B09990A9ACDF84CC0149322
:10B1700015921692F8F734FE0498069A09990A9BDC
:10B18000139214931592F8F72BFEDDF80CC0049877
:10B19000069B079A0999CDF84CC014931593169203
:10B1A000F8F71EFE06980999302213924FF4881280
:10B1B0001492159040F60000C4F20200F8F710FE59
:10B1C000059B069A08980999139314921592169262
:10B1D000F8F706FE069B079A0898099913931493AB
:10B1E00015931692F8F7FCFD0A9A07200B9005219B
:10B1F000F9F7C6F80B98F9F7B9F818B080BD000058
:10B2000080B582B044F2B410C2F20000019043F263
:10B210000001C4F2010101604FF48271416000211C
:10B220008160C16002220261012242614FF400721A
:10B2300082611022C2610162416281620A21C1629F
:10B24000FAF7EAFF18B1FFE7F6F79EFCFFE702B056
:10B2500080BD000080B582B044F20C20C2F2000034
:10B26000019043F60001C4F2000101604FF48271C5
:10B27000416000218160C160016141614FF4007251
:10B2800082611022C2610162416281620A21C1624F
:10B29000FAF7C2FF18B1FFE7F6F776FCFFE702B056
:10B2A00080BD000080B588B0002100910791069113
:10B2B0000591049103910291019144F26420C2F23C
:10B2C000000044F20042C4F20102026053224260D4
:10B2D000816040F2CF72C26001618161FBF7CEFDF7
:10B2E00018B1FFE7F6F750FCFFE744F26420C2F222
:10B2F0000000FCF733FA18B1FFE7F6F745FCFFE76B
:10B3000060200190002202920392059244F2642090
:10B31000C2F2000001A9FCF77FF918B1FFE7F6F7C8
:10B3200033FCFFE744F26420C2F20000FCF70CF9A2
:10B3300008B080BD80B58EB0002100910D910C91B8
:10B340000B910A9109910891079106910591049139
:10B3500003910291019144F2F420C2F2000040F600
:10B360000002C4F2000202604160816045F20722DF
:10B37000C26001618161FBF781FD18B1FFE7F6F75B
:10B3800003FCFFE74FF480500A9044F2F420C2F22D
:10B3900000000AA9FBF7D4FE18B1FFE7F6F7F4FBAB
:10B3A000FFE744F2F420C2F20000FCF7D7F918B12D
:10B3B000FFE7F6F7E9FBFFE700200890099044F269
:10B3C000F420C2F2000008A9FBF7C6FC18B1FFE7A1
:10B3D000F6F7DAFBFFE7602001900020029003906F
:10B3E000059044F2F420C2F2000001A90822FCF703
:10B3F00013F918B1FFE7F6F7C7FBFFE744F2F420B3
:10B40000C2F20000FCF7A0F80EB080BD80B582B09B
:10B4100000210191009144F23C30C2F2000041F25F
:10B420000042C4F20002026053224260816041F295
:10B430008732C2608161FBF721FD18B1FFE7F6F7A3
:10B44000A3FBFFE700200090019044F23C30C2F2E1
:10B4500000006946FBF780FC18B1FFE7F6F794FBA4
:10B46000FFE702B080BD000080B582B044F28430B6
:10B47000C2F20000019041F20001C4F2010101603A
:10B480004FF4E131416000218160C16001610C2213
:10B4900042618161C161FCF72FFD18B1FFE7F6F74A
:10B4A00073FBFFE702B080BD80B582B044F2C830C4
:10B4B000C2F20000019044F60001C4F200010160F4
:10B4C00048F2A061C0F2010141604FF480518160F7
:10B4D0000021C1604FF4806202610C2242618161EF
:10B4E000C161FCF709FD18B1FFE7F6F74DFBFFE777
:10B4F00002B080BD80B582B044F20C40C2F20000C0
:10B50000019041F20041C4F2010101604FF4E131C8
:10B51000416000218160C16001610C224261816152
:10B52000C161FCF7E9FC18B1FFE7F6F72DFBFFE777
:10B5300002B080BD80B543F2E450C2F2000040F298
:10B540001001C2F20001002205F0FEFF18B1FFE772
:10B55000F6F71AFBFFE743F2E450C2F2000040F2B4
:10B56000D401C2F2000106F0EFFC18B1FFE7F6F7D4
:10B570000BFBFFE743F2E450C2F2000040F270110F
:10B58000C2F2000105F01AFA18B1FFE7F6F7FCFA6B
:10B59000FFE743F2E450C2F2000006F05FFE18B18C
:10B5A000FFE7F6F7F1FAFFE780BD0000FFE7FEE7EF
:10B5B000FFE7FEE788B0079006910592079800F034
:10B5C000070004900498C0F10700052803D3FFE7A3
:10B5D0000420019004E00498C0F107000190FFE707
:10B5E0000198039004980430062803D8FFE7002050
:10B5F000009003E0049803380090FFE70098029061
:10B6000006980399012202FA01F101390840029BD0
:10B61000984005999A40013A1140084308B0704794
:10B6200086B003A9009101460098059180ED010ABA
:10B63000C0ED000A0598D0F80600406841F6D00138
:10B64000C2F2000108600020ADF80A00FFE7BDF873
:10B650000A00059909880139884224DAFFE705982C
:10B66000D0F80600BDF80A1000EB810090ED010A49
:10B6700041F6D001C2F2000191ED001A30EE410A0C
:10B6800080ED000A0598D0F80A10BDF80A2001EBF9
:10B690008200406841F82200FFE7BDF80A0001304F
:10B6A000ADF80A00D3E70099059AD2F8060012888F
:10B6B00000EB820010ED020A91ED011A30EE010A52
:10B6C00000ED010A0398059AD2F80A10128801EBDE
:10B6D000820141F8040C0599D1F8020009888842DA
:10B6E00007D2FFE70599D1F802000130C1F8020046
:10B6F000FFE705990020C1F82600C1F82200C1F833
:10B700001E00C1F81A0005990888D1F80210401AE5
:10B71000ADF80800FFE7BDF80800059909888842E0
:10B720005DDAFFE70599BDF80830D1F80620D1F8B9
:10B730001A0002EB830292ED000A01EE100A20EEDD
:10B74000000A30EE010A10EE100AC1F81A0005993D
:10B75000BDF80830D1F80620D1F81E0002EB8302B4
:10B7600092ED001A00EE100A30EE010A10EE100AF7
:10B77000C1F81E000599BDF80830D1F806C0D1F80F
:10B780000A20D1F822000CEB830C9CED000A02EB9E
:10B79000830292ED002A01EE100A20EE020A30EE3A
:10B7A000010A10EE100AC1F822000599BDF8083010
:10B7B000D1F80A20D1F8260002EB830292ED001A9C
:10B7C00000EE100A30EE010A10EE100AC1F8260051
:10B7D000FFE7BDF808000130ADF808009BE70599C8
:10B7E0000A4652F81A0F5368D2F808C0D26802EE1F
:10B7F00010CAB1F800C000EE10CAB8EEC03A01EEAF
:10B80000103A00EE102A21EE000A22EE032A30EE52
:10B81000420A02EE100A21EE011A22EE032A31EE4C
:10B82000421A80EE010A10EE100AC1F80E000599C6
:10B830000020C1F8160005990888D1F80210401AB6
:10B84000ADF80600FFE7BDF80600059909888842B3
:10B8500030DAFFE70599D1F806C0D1F80A00D1F82F
:10B860000E20D1F8123000EE102ABDF806200CEBA5
:10B87000820C9CED002A01EE103A20EE020A30EE16
:10B88000010A00EB820090ED001A30EE410AB0EEA2
:10B89000C01AD1F8160000EE100A30EE010A10EEC0
:10B8A000100AC1F81600FFE7BDF806000130ADF838
:10B8B0000600C8E70599088800EE100AB8EEC01A1D
:10B8C000D1F8160000EE100A80EE010A10EE100A00
:10B8D000C1F816000598D0F80E0000EE100A06B068
:10B8E0007047000080B584B00390ADF80A10BDF831
:10B8F0000A0003990880039900200190C1F8020012
:10B90000BDF80A0080000FF08DF90399C1F8060018
:10B91000BDF80A0080000FF085F901460198039AEE
:10B92000C2F80A100399C1F80E000399C1F8120079
:10B930000398D0F80600BDF80A108900F4F728FE35
:10B940000398D0F80A00BDF80A108900F4F720FE29
:10B9500001980399C1F82600C1F82200C1F81E0021
:10B96000C1F81A0004B080BD80B543F6A840C2F209
:10B970000000F9F72BF880BD80B586B005900491E2
:10B98000059800680390039802900398006C01905A
:10B990000298049900EB4110D0F8080B0090019830
:10B9A00043F20B01C4F6547188420FD3FFE79DF8B0
:10B9B00001000006002809D5FFE70298049900EB72
:10B9C00041114FF40040C1F8080BFFE70598F9F763
:10B9D00057FE019843F20B01C4F6547188420DD30F
:10B9E000FFE705980069012808D1FFE70599086875
:10B9F00001F2C442012107F071FBFFE7002006B00D
:10BA000080BD000080B588B0079006910798006857
:10BA10000490049803900498006C0290039806998F
:10BA200000EB4110D0F8080B01900798006901283D
:10BA300040F08180FFE79DF804000007002818D53A
:10BA4000FFE7029843F20B01C4F6547188420FD30A
:10BA5000FFE79DF805000006002809D5FFE70398D9
:10BA6000069900EB41114FF40040C1F8080BFFE7C5
:10BA700060E09DF804008006002808D5FFE70398E1
:10BA8000069900EB41112020C1F8080B51E09DF808
:10BA9000040010F0280F4AD1FFE7029843F20B018F
:10BAA000C4F6547188420FD3FFE79DF805000006E5
:10BAB000002809D5FFE70398069900EB41114FF4E0
:10BAC0000040C1F8080B31E00798069901EBC1016D
:10BAD00000EB810000F51F7005900598C06903997F
:10BAE000069A01EB4211D1F8101B6FF3DF41401AA7
:10BAF00005990862069898B9FFE70598806940B9EA
:10BB0000FFE70799086801F2C442012107F0E6FA4D
:10BB100005E0059908690A6A10440861FFE7FFE734
:10BB200007989DF81810F8F7CBFCFFE700E0FFE757
:10BB3000FFE7FFE747E0029843F20A11C4F65471A9
:10BB4000884224D1FFE79DF805000006002809D5AA
:10BB5000FFE70398069900EB41114FF40040C1F84C
:10BB6000080B13E09DF804008006002808D5FFE7C5
:10BB70000398069900EB41112020C1F8080BFFE75C
:10BB800007989DF81810F8F79BFCFFE71AE0069855
:10BB900090B9FFE70798069901EBC10100EB81001E
:10BBA000D0F8940240B9FFE70799086801F2C4424F
:10BBB000002107F093FAFFE707989DF81810F8F7AF
:10BBC0007FFCFFE7FFE7002008B080BD80B58CB0A8
:10BBD0000A9009910A9800680890089807900A98B6
:10BBE000099901EBC10100EB81003C3006900698F9
:10BBF0008169006A884204D9FFE701208DF82F008F
:10BC000079E006998869096A401A059005980699AD
:10BC1000C968884204D9FFE70698C0680590FFE725
:10BC20000598033080080490FFE70798099900EB16
:10BC30004110D0F8180981B2049A00209142029074
:10BC40000FD3FFE706988269016A002091420290B3
:10BC500007D2FFE706988069002818BF01200290EC
:10BC6000FFE70298C00770B3FFE706998869096A81
:10BC7000401A059005980699C968884204D9FFE7DB
:10BC80000698C0680590FFE7059803308008049087
:10BC90000898069909699DF82420BDF81430DDF84C
:10BCA00028C09CF810C0EE46CEF800C008F050F84E
:10BCB000059A0699086910440861059A0699086A68
:10BCC00010440862B1E706998869096A88420ED86B
:10BCD000FFE7099800F00F01012088400390039AC4
:10BCE0000799D1F834089043C1F83408FFE70020E1
:10BCF0008DF82F00FFE79DF82F000CB080BD0000ED
:10BD000080B586B005908DED040ACDED030A059847
:10BD100090F898000006002804D5FFE705980DF07C
:10BD2000B3FDFFE70598D0F88C00029002A8F5F764
:10BD300003FE059910EE100AC1F8900004980599C9
:10BD4000086103980599086005990A68086900EE7A
:10BD5000102A01EE100A30EE410A10EE100A886136
:10BD60000598D0F8A20028B1FFE70598D0F8A210F6
:10BD70008847FFE70598D0F89400002859D1FFE7DD
:10BD800005994A68886900EE102A01EE100A20EE33
:10BD9000010A10EE100A486205998B688A69D1F889
:10BDA000900000EE103A01EE102A20EE010A01EE9A
:10BDB000100A20EE010A10EE100A08630598B0F888
:10BDC000600003281BDBFFE70598C3688169D0F892
:10BDD000902000EE103A8DED010A623000EE102A3C
:10BDE00000EE901AFFF71CFCB0EE401A9DED010A20
:10BDF00020EE010A059910EE100AC86218E00599B4
:10BE0000D1F80CC08B69CA69D1F8900000EE10CA55
:10BE100001EE103A02EE102A31EE421A20EE010A2B
:10BE200001EE100A80EE010A10EE100AC862FFE768
:10BE300077E005994B688869D1F8942000EE103AB4
:10BE4000126801EE102A30EE010A01EE100A20EE0F
:10BE5000010A10EE100A48620599D1F808C08A69F3
:10BE6000D1F89000D1F8943000EE10CA5B6801EE72
:10BE7000103A30EE010A01EE102A20EE010A01EE1E
:10BE8000100A20EE010A10EE100A08630598B0F8B7
:10BE90006000032823DBFFE70598D0F80CC0816918
:10BEA000D0F89020D0F8943000EE10CA9B6801EED4
:10BEB000103A30EE010A8DED000A623000EE102AD1
:10BEC00000EE901AFFF7ACFBB0EE401A9DED000AB1
:10BED00020EE010A059910EE100AC86220E00599CB
:10BEE000D1F80CC08B69CA69D1F8900000EE10CA75
:10BEF000D1F894C0DCF808C001EE10CA30EE010A97
:10BF000001EE103A02EE102A31EE421A20EE010A3A
:10BF100001EE100A80EE010A10EE100AC862FFE777
:10BF2000FFE70598D0F8A60028B1FFE70598D0F8FC
:10BF3000A6108847FFE7059890F89800400700286A
:10BF400004D5FFE705980DF02FFDFFE7059890F861
:10BF500098008006002804D5FFE705980DF058FAF0
:10BF6000FFE7059890F898008007002804D5FFE7C0
:10BF700005980DF013FBFFE7059890F89800400630
:10BF8000002804D5FFE705980DF0E6FAFFE70598CD
:10BF900090F89800C00720B1FFE705980DF092FBDC
:10BFA000FFE70599886A0A6B01EE102A00EE100A75
:10BFB00030EE010A10EE100A886205994B6A8A6A0F
:10BFC000C86A00EE103A01EE102A30EE010A01EEC6
:10BFD000100A30EE010A10EE100A4863059890F836
:10BFE0009800C006002804D5FFE705980DF000FC76
:10BFF000FFE705980DF01EFC05980DF0ABFC0599C8
:10C00000086948610599486B88630599C86AC863DF
:10C0100005998869C8610599086B08620598406BA5
:10C0200000EE100A06B080BD80B58CB00DF1100C8A
:10C03000CDF804C084460198CDF82CC080ED060AE6
:10C04000C0ED050A089180ED031AC0ED021A80EDDB
:10C05000012AC0ED002AADF80E208DF80D300998A8
:10C060000B9948640A980B9908640B990020029078
:10C070000860089909680B9A5160089949680B9AF9
:10C080009160089989680B9AD1600B9908630798A9
:10C090000B99086506980B99486505980B99886572
:10C0A00004980B99C865BDF80E000B99A1F86000C3
:10C0B0000B986230BDF80E10FFF714FC02980B9934
:10C0C000C1F88C009DF80D100B9A82F898100B990E
:10C0D000C1F89D00C1F899000B9981F8A1000B9956
:10C0E00048630CB080BD000084B002908DED010A61
:10C0F000CDED000A029818B9FFE70020039015E182
:10C100000299086C48640299C86B08640098029907
:10C11000886101980299C8619DED000A9DED011AA0
:10C1200030EE410A029880ED0F0A0298007800284C
:10C1300040F08780FFE7029890ED010A90ED0F1A1A
:10C1400020EE010A80ED090A029890ED020A90EDB6
:10C150000A1A90ED0F2A20EE020A30EE010A80ED55
:10C160000A0A0299486B88630299086B486302982F
:10C1700090ED0F0A90ED101A30EE410A80ED0C0A96
:10C18000029890ED030A90ED0C1A20EE010A80ED62
:10C190000B0A029890ED051A90ED0A0AB4EE410AD6
:10C1A000F1EE10FA04DDFFE702994869886215E0B4
:10C1B000029890ED051A90ED0A0AB1EE411AB4EE1C
:10C1C000410AF1EE10FA08DAFFE7029890ED050A4D
:10C1D000B1EE400A80ED0A0AFFE7FFE7029890ED12
:10C1E000090A90ED0A2A90ED0B1A30EE020A30EEA1
:10C1F000010A80ED080A029890ED041A90ED080AF1
:10C20000B4EE410AF1EE10FA04DDFFE70299086985
:10C21000086215E0029890ED041A90ED080AB1EE5C
:10C22000411AB4EE410AF1EE10FA08DAFFE702987B
:10C2300090ED040AB1EE400A80ED080AFFE7FFE73F
:10C2400070E00298007801286BD1FFE7029890ED2A
:10C25000010A90ED0F1A90ED102A31EE421A20EEED
:10C26000010A80ED090A029890ED020A90ED0F1A7A
:10C2700020EE010A80ED0A0A0299486B8863029950
:10C28000086B4863029890ED0F0A90ED102A90ED2C
:10C29000111A32EE022A30EE420A30EE010A80ED27
:10C2A0000C0A029890ED030A90ED0C1A20EE010A98
:10C2B00080ED0B0A029890ED080A90ED091A90EDB6
:10C2C0000A3A90ED0B2A31EE031A31EE021A30EEE3
:10C2D000010A80ED080A029890ED041A90ED080A10
:10C2E000B4EE410AF1EE10FA04DDFFE702990869A5
:10C2F000086215E0029890ED041A90ED080AB1EE7C
:10C30000411AB4EE410AF1EE10FA08DAFFE702989A
:10C3100090ED040AB1EE400A80ED080AFFE7FFE75E
:10C32000FFE7FFE70298006A0390FFE79DED030A2D
:10C3300004B0704786B005908DF8131003928DED10
:10C34000020ACDED010A059818B1FFE7039808B974
:10C35000FFE72CE09DF8130005990870039800682A
:10C36000059948600398406805998860039880683B
:10C370000599C86002980599086101980599486176
:10C380000599002000908863059948630599086322
:10C39000059908620599C8620599886205994862FD
:10C3A00005994864059908640599C863FFE706B0D4
:10C3B00070470000000000000000000000000000C6
:10C3C000EFF30980BFF36F8F154B1A681EF0100F43
:10C3D00008BF20ED108A20E9F04F10602DE9090018
:10C3E0004FF0500080F31188BFF34F8FBFF36F8F72
:10C3F0000FF0FCFA4FF0000080F31188BDE809004F
:10C4000019680868B0E8F04F1EF0100F08BFB0ECD4
:10C41000108A80F30988BFF36F8F704700BF00BF99
:10C42000F845002080B584B00390ADF80A10019261
:10C430000093009890F8300001994870009890F8A7
:10C440003B00019908700DF023FBBDEEC00A10EE11
:10C45000100A019988700398BDF80A10019A0CF02F
:10C46000B1FD04B080BD000081B00090009949F694
:10C470009A10C3F6996008600099002048600099FE
:10C4800088600099C86000990020C4F2C820086143
:10C49000009940F24F20C3F20660C863009941F250
:10C4A000FC10C3F204400864009940F2C330C3F2A8
:10C4B0001C404864009949F28D70C4F2820088647F
:10C4C000009941F20E30C3F68140C864009944F2ED
:10C4D000A900C3F6ED500865009941F25840C3F237
:10C4E000A1704865009944F27B30C4F20800886569
:10C4F000009947F24F70C3F6D650C86501B0704737
:10C5000082B08DED000A9DED000A9FED601AB4EE39
:10C51000410AF1EE10FA09D1FFE79DED000A9FED07
:10C520006D1A20EE010A8DED010AABE09DED000AC7
:10C530009FED571AB4EE410AF1EE10FA0AD0FFE768
:10C540009DED000A9FED531AB4EE410AF1EE10FA88
:10C5500009D1FFE79DED000A9FED5D1A20EE010A6B
:10C560008DED010A8EE09DED000A9FED4B1AB4EEB1
:10C57000410AF1EE10FA09D1FFE79DED000A9FEDA7
:10C58000531A20EE010A8DED010A7BE09DED000AB1
:10C590009FED421AB4EE410AF1EE10FA0AD0FFE71D
:10C5A0009DED000A9FED3E1AB4EE410AF1EE10FA3D
:10C5B00009D1FFE79DED000A9FED431A20EE010A25
:10C5C0008DED010A5EE09DED000A9FED361AB4EE96
:10C5D000410AF1EE10FA09D1FFE79DED000A9FED47
:10C5E000361A20EE010A8DED010A4BE09DED000A9E
:10C5F0009FED2D1AB4EE410AF1EE10FA09D1FFE7D2
:10C600009DED000A9FED2F1A20EE010A8DED010A23
:10C6100038E09DED000A9FED251AB4EE410AF1EED7
:10C6200010FA09D1FFE79DED000A9FED251A20EED3
:10C63000010A8DED010A25E09DED000A9FED1C1A0F
:10C64000B4EE410AF1EE10FA0AD0FFE79DED000AC0
:10C650009FED181AB4EE410AF1EE10FA09D1FFE786
:10C660009DED000A9FED151A20EE010A8DED010ADD
:10C6700008E09DED000A9FED101A20EE010A8DEDF5
:10C68000010AFFE79DED010A02B070470000344245
:10C69000000048420000484300005C420000704235
:10C6A000000096420000824200008C420000A0423E
:10C6B0000000B4420000C842CDCCCC3DB81E853D40
:10C6C000295C8F3DEC51B83D0AD7A33D8FC2753D23
:10C6D0000AD7233D8FC2F53C80B58AB0ADF826005D
:10C6E0008DED080ACDED070A8DED061A00200590A4
:10C6F0000490BDF9260000EE100AB8EEC00A8DEDD8
:10C70000050A9DED050A9DED072A41F6B820C2F203
:10C710000000019090ED001A20EE020A30EE010AAE
:10C7200080ED000A90ED001A9FED180ADFED180A5F
:10C7300000F028FA019880ED000A9DED041A9DEDA5
:10C74000050A30EE410A9DED061A20EE010A8DED34
:10C75000030A059904919DED080A9DED052A90EDC7
:10C76000001A20EE020A30EE010A9DED031A30EEA7
:10C77000011A9FED080ADFED080A00F003FA8DEDBB
:10C78000020A9DED020A0AB080BD00BF0000C84247
:10C790000000C8C200803B4500803BC580B588B022
:10C7A0000790069105920799087B91F8341001389B
:10C7B00040EA11108DF813009DF8130080B9FFE7CF
:10C7C00041F6C821C2F20001002008700698C26D2F
:10C7D000D01741F6C021C2F200010A6048607CE037
:10C7E0009DF81300012851D1FFE741F6C820C2F29D
:10C7F00000000078002849D1FFE741F6C821C2F2C5
:10C800000001012008700698026C436CC06DC117CE
:10C81000F3F7C2FD1046194600F08EF9039102901D
:10C8200002980090039801900699086C496C00F0FA
:10C8300083F9009B0246084601995FEA60004FEACF
:10C840003202D21A88410EDAFFE70698C26DD0177D
:10C85000029B0399D21A884141F6C021C2F200011D
:10C860000A60486011E00698036C416CC26DD017F5
:10C87000D2184841029B0399D218484141F6C02181
:10C88000C2F200010A604860FFE7FFE79DF813006D
:10C89000022821D1FFE70599C88DB1F83D10401A53
:10C8A00009280ADCFFE70698C26DD01741F6C021BF
:10C8B000C2F200010A6048600DE00698036C416C0A
:10C8C000C26DD017D218484141F6C021C2F2000112
:10C8D0000A604860FFE7FFE7FFE741F6C021C2F2C8
:10C8E00000010868496808B080BD000080B584B0C8
:10C8F00003900291019200930299487B91F83410C1
:10C90000013840EA111041F6D021C2F20001097845
:10C91000014341F6D120C2F200000170007848B115
:10C92000FFE70298407B022804D0FFE700980078D8
:10C9300060B9FFE741F6CC21C2F200010020086097
:10C9400041F6D021C2F2000108705CE041F6D0212E
:10C95000C2F200010120087041F6D821C2F20001A4
:10C96000086841F6D422C2F2000210600198D0F8A3
:10C97000590008600399C86E096F401A88B3FFE731
:10C9800041F6D820C2F2000090ED000A41F6D42012
:10C99000C2F2000090ED001A30EE410A00F0A6F855
:10C9A0009FED1D1AB4EE410AF1EE10FA15DDFFE716
:10C9B00041F6D820C2F20000D0ED000AB1EE040A20
:10C9C0009FED161ADFED161A02F028FA41F6DC2068
:10C9D000C2F2000080ED000AFFE70399C86E086705
:10C9E000FFE7039890ED0F0A41F6DC20C2F2000049
:10C9F00090ED001A30EE010A41F6CC20C2F20000A0
:10CA000080ED000AFFE741F6CC20C2F2000090ED75
:10CA1000000A04B080BD00BFCDCCCC3D0000EC418D
:10CA20000000484280B58AB00890079108980169D3
:10CA30000291C06A10F03AFE029A039008460399E8
:10CA4000891A60EBE270049105900498059900F052
:10CA500073F8C93871F1000031DBFFE70898B0F9CD
:10CA6000080000F051F8632829DCFFE7F4F78AFF9B
:10CA700010EE100A10F01AFE019008460199089A6B
:10CA80009369D269C91A904140F64152C0F203023B
:10CA9000891A70F1000011DBFFE708980090006927
:10CAA000C117079A136C526CC01A914110F078FDAF
:10CAB0000099C86200208DF8270012E00DE0F4F71D
:10CAC00061FF10EE100A10F0F1FD0A460899CA61E4
:10CAD000886101208DF8270003E001208DF82700F0
:10CAE000FFE79DF827000AB080BD000082B08DED01
:10CAF000010A01980090009820F0004000909DED00
:10CB0000000A02B07047000082B0ADF80600BDF91F
:10CB100006100020B0EBE13F04D1FFE7BDF90600AD
:10CB2000009004E0BDF9060040420090FFE7009845
:10CB300000B202B07047000084B0019100900198EB
:10CB4000B0F1FF3F09DCFFE70098019A41424FF046
:10CB500000009041029103900FE000990198013983
:10CB600070F1000005DBFFE7009801990391029046
:10CB700003E0002003900290FFE70298039904B0BD
:10CB80007047000085B08DED040ACDED030A8DEDF0
:10CB9000021A9DED020A9DED041AB4EE410AF1EE6F
:10CBA00010FA05DDFFE79DED040A8DED010A18E09E
:10CBB0009DED020A9DED031AB4EE410AF1EE10FA62
:10CBC00005DAFFE79DED030A8DED000A04E09DED17
:10CBD000020A8DED000AFFE79DED000A8DED010AC6
:10CBE000FFE79DED010A05B07047000082B001909B
:10CBF000009101998888488000980178407840EA3F
:10CC000001200199888001990889C880009881785D
:10CC1000C07840EA012001990881009801794079A3
:10CC200040EA0120019988810198B0F90210B0F919
:10CC30000400401A10F57A6F05DAFFE70199888C35
:10CC4000013088840FE00198B0F90210B0F90400B7
:10CC5000401AB0F57A6F05DDFFE70199888C01383D
:10CC60008884FFE7FFE70198B0F9242047F6F460D5
:10CC7000002182420846C8BF012048F20C13CFF6BB
:10CC8000FF739A42B8BF0121084368B1FFE70199D9
:10CC9000002088840198B0F9041000EE101AB8EE54
:10CCA000C00A80ED0B0AFFE70199B1F90400B1F960
:10CCB000242000EB4230086101990F20087002B077
:10CCC0007047000082B001900091019988884880E7
:10CCD00000980178407840EA012001998880019904
:10CCE0000889C88000988178C07840EA01200199BD
:10CCF000088100980179407940EA012001998881F2
:10CD000000988079019988730198B0F90210B0F900
:10CD10000400401A10F57A6F05DAFFE70199888C54
:10CD2000013088840FE00198B0F90210B0F90400D6
:10CD3000401AB0F57A6F05DDFFE70199888C01385C
:10CD40008884FFE7FFE70198B0F9242047F6F460F4
:10CD5000002182420846C8BF012048F20C13CFF6DA
:10CD6000FF739A42B8BF0121084368B1FFE70199F8
:10CD7000002088840198B0F9041000EE101AB8EE73
:10CD8000C00A80ED0B0AFFE701990F200870019996
:10CD9000B1F90400B1F9242000EB4230086102B07F
:10CDA0007047000080B5C6B045904491ADF80E21A3
:10CDB0000020ADF80A01ADF80C01FFE7BDF80C0149
:10CDC000BDF80E11884233DAFFE74598BDF80C1123
:10CDD000405CA52825D1FFE74598BDF80C1101441A
:10CDE00002A80190FF22F3F754FB0198449900F048
:10CDF00021F8ADF80801BDF808014EF65F21884220
:10CE00000EDCFFE7BDF80A010130ADF80A01BDF8FC
:10CE10000801BDF80C1108440830ADF80C01FFE71B
:10CE2000FFE7FFE7BDF80C010130ADF80C01C5E7E5
:10CE300046B080BD80B584B0029001910298007820
:10CE4000A52840F06F85FFE70298052107F002F85A
:10CE5000012840F06785FFE70298B0F80500014619
:10CE6000009101287ED0FFE70098022800F0A780FB
:10CE7000FFE70098032800F0B080FFE7009840F239
:10CE80000111884200F0D680FFE70098B0F5827F5C
:10CE900000F03C81FFE7009840F20511884200F065
:10CEA0004D81FFE7009840F20121884200F07D812A
:10CEB000FFE7009840F20221884200F0C681FFE7B8
:10CEC000009840F20321884200F0DA81FFE70098E1
:10CED000B0F5017F00F0EF81FFE7009840F20621F6
:10CEE000884200F05282FFE7009840F20721884212
:10CEF00000F06C82FFE70098B0F5027F00F08482BA
:10CF0000FFE7009840F20921884200F09882FFE78D
:10CF1000009840F20A21884200F0C783FFE700989A
:10CF200040F20B21884200F0DF83FFE70098B0F564
:10CF3000037F00F00E84FFE7009840F20D21884245
:10CF400000F04C84FFE7009840F20E21884200F088
:10CF50009A84FFE7009840F20331884200F0B484DD
:10CF600000F0D6BC02981D2106F036FF012824D11E
:10CF7000FFE70298C07900F00F020199087800F0ED
:10CF8000F000104408700298C07900F0F002019996
:10CF9000087800F00F001044087002980089019989
:10CFA000A1F801000299D1F80A00D1F80E200199E8
:10CFB000C1F80720C1F80300FFE700F0AEBC0298FB
:10CFC0000A2106F009FF012805D1FFE70298C07980
:10CFD0000199C872FFE700F0A0BC0298192106F081
:10CFE000FBFE012824D1FFE70298B0F80700019961
:10CFF00088810298B0F809000199C8810298B0F8B8
:10D000000B00019908820298B0F80D00019948823E
:10D010000298B0F811000199C8820298B0F8150082
:10D02000019948830298B0F8130001990883FFE73B
:10D0300000F073BC02980D2106F0CEFE012863D1EA
:10D04000FFE70298D0F807200199C869520962F3F6
:10D050004610C8610298D0F807200199C869D20823
:10D0600062F3C400C8610298D0F807200199C8692A
:10D07000120D62F31650C8610298D0F8072001998A
:10D08000C869D20A62F3D320C8610298D0F8072099
:10D090000199C86962F30000C8610298D0F80720BE
:10D0A0000199C869D20D62F3D850C8610298D0F8CE
:10D0B00007200199C869520862F34100C8610298CB
:10D0C000D0F807200199C869520A62F34A20C86162
:10D0D0000298D0F807200199C869920F62F39F70F7
:10D0E000C8610298D0F807200199C869D20962F393
:10D0F000C810C8610298D0F807200199C869920841
:10D1000062F38200C861FFE700F007BC02980C21BF
:10D1100006F062FE012810D1FFE70298C07901995C
:10D1200081F820000298007A019981F82100029884
:10D13000407A019981F82200FFE7EEE302980C2182
:10D1400006F04AFE01282FD1FFE70298C079019925
:10D1500081F823000298007A00F00702019991F803
:10D16000240000F0F800104481F824000298007AAE
:10D1700000F0C002019991F8240000F03F00104433
:10D1800081F824000298027A019991F8240002F0B3
:10D19000380200F0C700104481F824000298407A59
:10D1A000019981F82500FFE7B7E30298162106F000
:10D1B00013FE012848D1FFE70298C079019981F850
:10D1C00026000298007A019981F827000298B0F8A9
:10D1D0000900019908850298B0F80B00019948856B
:10D1E0000298B0F80D00019988850298B0F80F00F8
:10D1F0000199C8850298B0F8110001990886029833
:10D20000C07C00F00102019991F8320000F0FE00AC
:10D21000104481F832000298C27C019991F83200E2
:10D2200002F0020200F0FD00104481F83200029882
:10D23000C27C019991F8320002F0040200F0FB0078
:10D24000104481F83200FFE767E30298172106F0E7
:10D25000C3FD012813D1FFE70298B0F80F00019930
:10D26000A1F83B000298B0F811000199A1F83D0027
:10D270000298B0F813000199A1F83F00FFE74CE3D2
:10D280000298152106F0A8FD012813D1FFE70298A6
:10D29000D0F807000199C1F841000298D0F80B00BE
:10D2A0000199C1F845000298D0F80F000199C1F822
:10D2B0004900FFE731E30298112106F08DFD0128B6
:10D2C00062D1FFE70298C079019981F84D00029878
:10D2D00000890199A1F84E000298807A019981F89D
:10D2E00050000298C07A019981F851000298808913
:10D2F0000199A1F852000298827B019991F854009B
:10D3000002F0040200F0FB00104481F8540002987F
:10D31000827B019991F8540002F0080200F0F700B6
:10D32000104481F854000298827B019991F85400CE
:10D3300002F0100200F0EF00104481F8540002984F
:10D34000827B019991F8540002F0200200F0DF0086
:10D35000104481F854000298827B019991F854009E
:10D3600002F0400200F0BF00104481F8540002981F
:10D37000827B019991F8540002F0020200F0FD0056
:10D38000104481F85400FFE7C7E202980A2106F032
:10D3900023FD012819D1FFE70298C07900F00F02A0
:10D3A000019991F8550000F0F000104481F8550003
:10D3B0000298C07900F0F002019991F8550000F050
:10D3C0000F00104481F85500FFE7A6E202981021F3
:10D3D00006F002FD012816D1FFE70298C0790199F5
:10D3E00081F856000298007A019981F85700029856
:10D3F000407A019981F858000298D0F80A00019902
:10D40000C1F85900FFE788E20298112106F0E4FC18
:10D41000012813D1FFE70298B0F807000199A1F89D
:10D420005D000298B0F809000199A1F85F00029828
:10D43000B0F80B000199A1F86100FFE76DE20298D6
:10D440000E2106F0C9FC012840F02E81FFE702986A
:10D45000C07900F00102019991F8650000F0FE002A
:10D46000104481F865000298C279019991F865002D
:10D4700002F0020200F0FD00104481F865000298FD
:10D48000C279019991F8650002F0040200F0FB00F6
:10D49000104481F865000298C279019991F86500FD
:10D4A00002F0080200F0F700104481F865000298CD
:10D4B000C279019991F8650002F0100200F0EF00C6
:10D4C000104481F865000298C279019991F86500CD
:10D4D00002F0200200F0DF00104481F8650002989D
:10D4E000C279019991F8650002F0400200F0BF0096
:10D4F000104481F865000298C07900F0800201991B
:10D5000091F8650000F07F00104481F865000298F2
:10D51000007A00F00102019991F8660000F0FE0027
:10D52000104481F866000298027A019991F8660029
:10D5300002F0020200F0FD00104481F8660002983B
:10D54000027A019991F8660002F0040200F0FB00F3
:10D55000104481F866000298027A019991F86600F9
:10D5600002F0080200F0F700104481F8660002980B
:10D57000027A019991F8660002F0100200F0EF00C3
:10D58000104481F866000298027A019991F86600C9
:10D5900002F0200200F0DF00104481F866000298DB
:10D5A000027A019991F8660002F0400200F0BF0093
:10D5B000104481F866000298007A00F08002019918
:10D5C00091F8660000F07F00104481F86600029830
:10D5D000407A00F00102019991F8670000F0FE0026
:10D5E000104481F867000298427A019991F8670027
:10D5F00002F0020200F0FD00104481F8670002987A
:10D60000427A019991F8670002F0040200F0FB00F1
:10D61000104481F867000298427A019991F86700F6
:10D6200002F0080200F0F700104481F86700029849
:10D63000427A019991F8670002F0100200F0EF00C1
:10D64000104481F867000298427A019991F86700C6
:10D6500002F0200200F0DF00104481F86700029819
:10D66000427A019991F8670002F0400200F0BF0091
:10D67000104481F867000298407A00F08002019916
:10D6800091F8670000F07F00104481F8670002986D
:10D69000807A00F00102019991F8680000F0FE0024
:10D6A000104481F86800FFE737E102980F2106F087
:10D6B00093FB012817D1FFE70298C079019981F8FF
:10D6C0006A000298007A019981F86B000298B0F81C
:10D6D00009000199A1F86C000298B0F80B000199BB
:10D6E000A1F86E00FFE718E10298312106F074FB03
:10D6F00001282DD1FFE70298D0F8070001990867AB
:10D700000298D0F80B00019948670298D0F80F00F2
:10D71000019988670298D0F813000199C8670298A8
:10D72000D0F817000199C1F880000298D0F81B00CA
:10D730000199C1F884000298D0F81F000199C1F83E
:10D7400088000298D0F823000199C1F88C00FFE707
:10D75000E3E002980B2106F03FFB01283DD1FFE7F3
:10D760000298C07900F00102019991F8980000F048
:10D77000FE00104481F898000298C279019991F84E
:10D78000980002F0020200F0FD00104481F89800B9
:10D790000298C279019991F8980002F0040200F011
:10D7A000FB00104481F898000298C279019991F821
:10D7B000980002F0080200F0F700104481F8980089
:10D7C0000298C279019991F8980002F0200200F0C5
:10D7D000DF00104481F89800FFE79EE002980F21D7
:10D7E00006F0FAFA01284DD1FFE70298D0F8072099
:10D7F0000199D1F89A00D20B62F3D230C1F89A00A5
:10D800000298D0F807200199D1F89A00D20A62F361
:10D81000CE20C1F89A000298D0F807200199D1F8DB
:10D820009A00D20F62F3DF70C1F89A000298D0F824
:10D8300007200199D1F89A0062F30A00C1F89A0012
:10D840000298D0F807200199D1F89A00D20C62F31F
:10D85000D340C1F89A000298D0F807200199D1F876
:10D860009A00120D62F31450C1F89A000298D0F891
:10D8700007200199D1F89A00520D62F35E50C1F869
:10D880009A00FFE749E002980A2106F0A5FA01286C
:10D8900019D1FFE70298C07900F00302019991F8CD
:10D8A000A00000F0FC00104481F8A0000298C279AA
:10D8B000019991F8A00002F0040200F0FB0010446E
:10D8C00081F8A000FFE728E00298142106F084FA0E
:10D8D00001281CD1FFE70298D0F807000199C1F890
:10D8E000A1000298D0F80B000199C1F8A500029898
:10D8F000C07B019981F8A9000298007C019981F808
:10D90000AA000298407C019981F8AB00FFE704E08F
:10D910004FF6FE70ADF80E000FE002990878013066
:10D92000087004E04FF6FD70ADF80E0005E00298B7
:10D93000B0F80100ADF80E00FFE7BDF80E0004B02E
:10D9400080BD00000000000080B5D2B0DDF860C1ED
:10D95000DDF85CC1DDF858C1DDF854C1DDF850C117
:10D960008DF8470150914F924E939DF84701013831
:10D9700001464391032800F23D854399DFE811F009
:10D9800004004504A504A6045799B1F8D80AB1F8D3
:10D99000D62A801AA1F8DA0A5799B1F8000DB1F821
:10D9A000FE2C801AA1F8020D5799B1F8280FB1F892
:10D9B000262F801AA1F82A0F579941F25010085AC1
:10D9C00041F24E128A5A801A41F2521288525098ED
:10D9D00090F845008008C007A0B1FFE7549890ED8B
:10D9E000030A9FEDE51AB4EE410AF1EE10FA04DCE9
:10D9F000FFE75698C07A28B9FFE70020C4F27A30D2
:10DA00004D9016E04E98008E48B1FFE74E98008E7C
:10DA100000EE100AB8EE400A8DED420A04E09FEDD8
:10DA2000D70A8DED420AFFE79DED420A8DED4D0AC2
:10DA3000FFE75098B0F90200404200EE100AB8EE3D
:10DA4000C00A4F9880ED010A5098B0F9040000EE2A
:10DA5000100AB8EEC00A4F9880ED000A5098B0F94D
:10DA60000A00404200EE100AB8EEC00A4F9880ED5E
:10DA7000020A4F9890ED000AB5EE400AF1EE10FA56
:10DA800013D1FFE74F9890ED010AB5EE400AF1EE91
:10DA900010FA0AD1FFE74F9890ED020AB5EE400A5E
:10DAA000F1EE10FA00F09F80FFE741F67830C2F205
:10DAB0000000419090ED000A9FEDB11A30EE010A8E
:10DAC00080ED000A9DED4D0AFEF71AFD41988DED9F
:10DAD0004C0A90ED000A9DED4C1AB4EE410AF1EEAD
:10DAE00010FA07DDFFE74C9841F67831C2F20001E9
:10DAF0000860FFE741F66830C2F200003D9090ED0B
:10DB0000000AFEF7F3FFB0EE401A9FED9E0A8DED7E
:10DB10003F0ADFED9D0ACDED3E0AFFF733F83D9851
:10DB20009DED3F1A80EE011AB7EE000A8DED400A16
:10DB300030EE411A4F9991ED000A20EE010A81ED75
:10DB4000000A90ED000AFEF7D1FFDDED3E0AB0EECF
:10DB5000401A9DED3F0AFFF715F89DED3F2AB0EE04
:10DB6000401A9DED400A81EE021A30EE411A4F989C
:10DB700090ED010A20EE010A80ED010A41F67830AD
:10DB8000C2F2000090ED001A4F9991ED000A20EECC
:10DB9000010A81ED000A90ED001A4F9991ED010AFA
:10DBA00020EE010A81ED010A90ED001A4F9890EDE8
:10DBB000020A20EE010A80ED020A4F98006844F242
:10DBC0000051C2F2000108604F98406844F20451CD
:10DBD000C2F2000108604F98806844F2FC41C2F232
:10DBE00000010860FFE740F2BC00C2F2000090EDC7
:10DBF000000AB5EE400AF1EE10FAC0F29080FFE79D
:10DC000040F2BC00C2F2000000680FF071FC41EC71
:10DC1000100B9FED5F1B53EC112B51EC100B0FF011
:10DC2000A0FC00287BD1FFE740F2BC00C2F200005C
:10DC30003B9000680FF05CFC41EC100B9FED561B15
:10DC400053EC112B51EC100B0FF0FEF841EC100BC4
:10DC500051EC100B0FF0C6F83B99086041F66830A4
:10DC6000C2F20000389090ED000AFEF73FFFB0EEE0
:10DC7000401A9FED440A8DED3A0ADFED430ACDEDDF
:10DC8000390AFEF77FFF38989DED3A1A80EE011AA7
:10DC9000B7EE000A8DED3C0A30EE411A4F9991ED36
:10DCA000000A20EE010A81ED000A90ED000AFEF75D
:10DCB0001DFFDDED390AB0EE401A9DED3A0AFEF780
:10DCC00061FF9DED3A2A3B98B0EE401A9DED3C0A6B
:10DCD00081EE021A30EE411A4F9991ED010A20EEC1
:10DCE000010A81ED010A90ED001A4F9991ED000AA9
:10DCF00020EE010A81ED000A90ED001A4F9991ED96
:10DD0000010A20EE010A81ED010A90ED001A4F98F8
:10DD100090ED020A20EE010A80ED020A07E04F9919
:10DD2000002008604F9948604F998860FFE750983D
:10DD300090F83F00000750B1FFE74F9890ED020ABE
:10DD40009FED171A20EE010A80ED020AFFE74F98B7
:10DD500090ED020AB5EE400AF1EE10FA04D1FFE7A9
:10DD60005698007880BBFFE741F66831C2F20001A7
:10DD7000002008608BE000BF000034430000344204
:10DD8000A69BC43A00E02B450000000000BF00BF86
:10DD9000000000000000F83F3A8C30E28E7945BE6A
:10DDA000CDCCCC3E00002544000025C400005CC35F
:10DDB0009A99993E00008045E84F493A00BF00BF5C
:10DDC000000000000000E03F5098B0F9061000EE9F
:10DDD000101AB8EEC00A8DED340A90ED041A1FED4A
:10DDE0000F0A8DED360A5FED100ACDED350AFEF70C
:10DDF000C9FEB0EE401A9DED340A30EE010A1FED67
:10DE0000151A80EE011AB7EE000A31EE001A8DEDF8
:10DE10004B1A9DED4B1A5FED1A0AFEF7B3FE8DED1E
:10DE20004B0A4F98B0F94C009DED4B0A1FED2A1A92
:10DE3000F0EE410AFEF750FCDDED350AB0EE401A77
:10DE40009DED360A41F66830C2F2000080ED001AFE
:10DE50005098B0F90610890001EE101AB8EEC11AF8
:10DE60008DED371A90ED041AB2EE082A21EE021A4F
:10DE7000FEF788FEB0EE401A9DED370A30EE010A3B
:10DE800041F67030C2F2000080ED000AFFE74F98C3
:10DE9000B0F94C0000EE100AB8EEC00A1FED3B1AB4
:10DEA00030EE010A8DED4A0A9DED4A0A1FED3E1A39
:10DEB00020EE010A8DED490A9DED490A0AF002F9AA
:10DEC0008DED480A9DED490A0AF036FE8DED470AB0
:10DED0004F989DED482A90ED000A90ED011A9DEDB6
:10DEE000473A21EE031A20EE020A30EE410A8DED88
:10DEF000460A4F989DED472A90ED000A90ED011AD1
:10DF00009DED483A21EE031A20EE020A30EE010A96
:10DF10008DED450A9DED461A9DED450A30EE410A0C
:10DF200010EE100A0FF0E4FA41EC100B8DED080B27
:10DF30004F980A9080680FF0DBFA41EC100B8DEDE2
:10DF4000020B41F66830C2F20000249000680FF026
:10DF5000CFFA9DED020B41EC110B8DED041B51EC42
:10DF6000100B1FED690B53EC102B299328920FF027
:10DF7000D3F89DED040B41EC110B51EC110B53EC5C
:10DF8000102B0EF061FF41EC100B8DED060B41F6EE
:10DF90007030C2F200002C9000680FF0A9FA9DEDDD
:10DFA000061B41EC100B51EC110B53EC102B0EF037
:10DFB0004BFF9DED081B41EC100B53EC112B51EC6A
:10DFC000100B0EF041FF41EC100B51EC100B0EF05A
:10DFD00009FF0A9948619DED460A9DED451A30EE0C
:10DFE000010A10EE100A0FF083FA41EC100B8DEDD0
:10DFF000140B4F98169080680FF07AFA0246249816
:10E000000B920A460B9942EC101B8DED0C0B00682D
:10E010000FF06EFA9DED0C0B289A299B41EC110B29
:10E020008DED0E1B51EC100B0FF076F89DED0E0BE5
:10E0300041EC110B51EC110B53EC102B0EF004FFC3
:10E0400002462C9811920A46119942EC101B8DED54
:10E05000120B00680FF04CFA9DED121B41EC100BF7
:10E0600051EC110B53EC102B0EF0EEFE9DED141B3A
:10E0700041EC100B51EC110B53EC102B0EF0E4FEA5
:10E0800041EC100B51EC100B0EF0ACFE16998861B0
:10E090009DED460A9DED451A30EE410A10EE100A3C
:10E0A0000FF026FA41EC100B8DED200B4F982390CA
:10E0B00080680FF01DFA0246249817920A461799B5
:10E0C00042EC101B8DED180B00680FF011FA9DED5E
:10E0D000180B289A299B41EC110B8DED1A1B51EC62
:10E0E000100B0FF019F89DED1A0B41EC110B51ECD0
:10E0F000110B53EC102B0EF0A7FE02462C981D922C
:10E100000A461D9942EC101B8DED1E0B00680FF0A6
:10E11000EFF99DED1E1B41EC100B51EC110B53EC74
:10E12000102B0EF091FE9DED201B41EC100B51ECDD
:10E13000110B53EC102B0EF087FE41EC100B51EC41
:10E14000100B0EF04FFE2399C8609DED460AB1EE0C
:10E15000400A9DED451A30EE410A10EE100A0FF00C
:10E16000C7F941EC100B8DED300B4F983390806860
:10E170000FF0BEF90246249825920A46259942ECF2
:10E18000101B8DED260B00680FF0B2F99DED260BEC
:10E19000289A299B41EC110B8DED2A1B51EC100B99
:10E1A0000EF0BAFF9DED2A0B41EC110B51EC110B57
:10E1B00053EC102B0EF048FE02462C982D920A4686
:10E1C0002D9942EC101B8DED2E0B00680FF090F98D
:10E1D0009DED2E1B41EC100B51EC110B53EC102B51
:10E1E0000EF032FE9DED301B41EC100B51EC110B8B
:10E1F00053EC102B0EF028FE41EC100B51EC100BE1
:10E200000EF0F0FD33990861F4E04F99012081F898
:10E2100074005098B0F9081000EE101AB8EEC00A59
:10E2200090ED071A9FED752A8DED002A21EE021A56
:10E230009FED732A20EE020A30EE411A4F9890EDBE
:10E24000080A30EE010A80ED080A4F9890ED081A8E
:10E2500090ED090AD0ED0A0AFEF794FC9DED001A34
:10E260004F9880ED080A5098B0F9061000EE101A89
:10E27000B8EEC00A8DED010A90ED040A20EE011AF5
:10E28000B7EE000AFFEE000AFEF77CFCB0EE401A83
:10E290009DED010A9FED5B2A20EE020A30EE410A55
:10E2A000509890F83B1001F00F00C0EB111001EEF8
:10E2B000100AB8EEC11A30EE411A4F9890ED0B0AD1
:10E2C00030EE010A80ED0B0A94E093E04F985099EC
:10E2D0004E9A569BFEF70AFB8DED440A44984F99DF
:10E2E00008639DED440AB1EE400A4F9880ED0D0A97
:10E2F0004F9890ED150AFEF7F9FB9FED3F1AB4EE2B
:10E30000410AF1EE10FA09DCFFE74F9890ED180A88
:10E31000B5EE400AF1EE10FA08D1FFE74F9890ED04
:10E32000170AB8EEC00A80ED0E0A62E04F9890F826
:10E33000680040BBFFE741F66C30C2F20000B0F964
:10E34000000000BBFFE74F9890ED170AB8EEC00A37
:10E3500080ED0E0A4F9890ED151A90ED180A30EEE8
:10E36000410A80ED0C0A4F9890ED161A90ED190AAB
:10E3700030EE410A80ED0D0A41F66C31C2F2000127
:10E380000120088036E041F67431C2F200010888AD
:10E39000013008805098007B02280AD0FFE741F640
:10E3A0007430C2F20000B0F90000B0F57A7F0CDDE5
:10E3B000FFE741F67431C2F200010020088041F607
:10E3C0006C31C2F200010880FFE741F66C30C2F206
:10E3D0000000B0F9000001280AD0FFE750984F99DB
:10E3E0004E9AFEF7DBF90FF0DBF84F998863FFE7F1
:10E3F000FFE7FFE752B080BD00401C450AD7233C31
:10E400006F1203BB0AD7A3BC10B588B00DF1100C76
:10E41000CDF804C08C46019986460B980A988DF871
:10E420001FE0CDF818C081ED010AC1ED000AADF87A
:10E430000E20ADF80C30ADF80A009DF81F0038B979
:10E44000FFE740F2C001C2F2000100200870FFE7C0
:10E4500040F2C000C2F200000078012808D0FFE7B7
:10E4600000F0A8F840F2C001C2F200010870FFE716
:10E4700040F24420C2F200000168D1F80320D1F834
:10E480000730D1F80B004FF0010C0CEB923E6FF30C
:10E490005F2E6FF3963242EA8E32C1F80730C1F830
:10E4A0000320C1F80B0040F24820C2F200000168CE
:10E4B000D1F80320D1F80730D1F80B000CEB923CD7
:10E4C0006FF35F2C6FF3963242EA8C32C1F807305B
:10E4D000C1F80320C1F80B0040F24C20C2F200004A
:10E4E0000168D1F80320D1F80730D1F80B0000F112
:10E4F000010C6CF30900C1F80730C1F80320C1F822
:10E500000B0040F25020C2F200000168D1F8032055
:10E51000D1F80730D1F80B0000F1010C6CF30900C1
:10E52000C1F80730C1F80320C1F80B0040F25420B5
:10E53000C2F200000168D1F80320D1F80730D1F809
:10E540000B0000F1010C6CF30900C1F80730C1F8B1
:10E550000320C1F80B0040F25820C2F2000001680D
:10E56000D1F80320D1F80730D1F80B0000F1010CED
:10E570006CF30900C1F80730C1F80320C1F80B00A3
:10E5800040F25C20C2F200000168D1F80320D1F80B
:10E590000730D1F80B0000F1010C6CF30900C1F851
:10E5A0000730C1F80320C1F80B0009F0BDFA08B02C
:10E5B00010BD000080B582B006F096F906F0F8F9BB
:10E5C00006F05AFA222001900BF04AFB06F0FCFC00
:10E5D00001980BF045FB07F0F9F801980BF040FBB0
:10E5E00007F026FC01980BF03BFB08F007F80198B8
:10E5F0000BF036FB08F05CFB08F0C2FB08F028FCCF
:10E6000008F08EFC01980BF02BFB08F0F5FD0120C3
:10E6100002B080BD80B586B005900491039243F2AC
:10E62000F800C2F200000190FFE70198007818B9E5
:10E63000FFE705F0C5FDFFE7FFE7EFF311804FF0BF
:10E64000200181F31188009005980499039A00F045
:10E6500007F80290009880F31188029806B080BDF8
:10E6600080B58AB00990089107920898049009989B
:10E6700000EB400143F2F800C2F2000000EBC100E1
:10E680001830039003984069029040B1FFE7029868
:10E69000012819D0FFE7029802282CD032E0039815
:10E6A00005F0E0FD059005980799884203D2FFE741
:10E6B0000020069007E00798069003980499079AAF
:10E6C00006F05AF8FFE720E0039805F0CBFD05902F
:10E6D00005980799884203D2FFE70598019002E068
:10E6E00007980190FFE70198069003980499069A0D
:10E6F00006F042F809E003980499079A05F0CAFF6A
:10E70000069002E000200690FFE706980AB080BD60
:10E7100082B080B584B0079306920390029106A858
:10E720000090039802996A4600F008F80190019859
:10E7300004B0BDE8804002B07047000080B5A4B0CE
:10E7400023902291219207A81B9040201C9000202A
:10E750001D9023991F911E90FFE7229800788DF855
:10E7600083002298013022909DF8830008B9FFE7CA
:10E770006DE19DF88300252840F05C81FFE70020D3
:10E78000189001201A90FFE7229800788DF88300F6
:10E790009DF883002338014604910D2829D8049957
:10E7A000DFE801F01F272727272727271727072715
:10E7B000270F189840F001001890229801302290FD
:10E7C0001AE0189840F00200189022980130229028
:10E7D00012E0189840F0040018902298013022901E
:10E7E0000AE0189840F00800189022980130229012
:10E7F00002E000201A90FFE7FFE71A980028C3D133
:10E80000FFE700201790FFE7229800788DF883003B
:10E810009DF88300302805DBFFE79DF883003A2848
:10E8200001DBFFE710E0229801302290179800EBFF
:10E8300080019DF8830000EB410030381790FFE71E
:10E8400001200028E0D1FFE70020199022980078ED
:10E850008DF883009DF883002E2825D1FFE72298AC
:10E8600001302290FFE7229800788DF883009DF810
:10E870008300302805DBFFE79DF883003A2801DBA1
:10E88000FFE710E0229801302290199800EB8001F8
:10E890009DF8830000EB410030381990FFE701201C
:10E8A0000028E0D1FFE7FFE7229800788DF8830089
:10E8B000FFE79DF883006C2805D0FFE79DF88300F3
:10E8C000682808D1FFE7229801302290229800782A
:10E8D0008DF8830000E004E0FFE701200028E8D184
:10E8E000FFE79DF8830001460391252800F09880FA
:10E8F000FFE7039858284FD0FFE70398632814D008
:10E90000FFE7039864281FD0FFE70398702876D0AC
:10E91000FFE70398732853D0FFE70398752827D0A3
:10E92000FFE70398782837D07FE0219A1068011D0F
:10E93000116000681A901A988DF81B009DF81B1042
:10E940001BA805F06BFE71E0219A1068011D116093
:10E9500000681A901A99199B1798DDF860C06A46EA
:10E96000C2F804C010601BA80A2205F09BFC5DE001
:10E97000219A1068011D116000681A901A99199B5C
:10E980001798DDF860C06A46C2F804C010601BA882
:10E990000A2205F06DFD49E0219A1068011D116001
:10E9A00000681A901A99199B1798DDF860C06A469A
:10E9B000C2F804C010601BA8102205F059FD35E014
:10E9C000219A1068011D116000680590FFE7059805
:10E9D00000788DF883000598013005909DF883003C
:10E9E00008B9FFE70AE09DF883101BA805F016FEA2
:10E9F000FFE71E98B0F1FF3FE9DCFFE716E0219A40
:10EA00001068011D116000681A901A99684600226A
:10EA10004260082303601BA8102205F029FD05E0D1
:10EA20001BA8252105F0FAFD00E0FFE72298013040
:10EA3000229005E09DF883101BA805F0EFFDFFE78D
:10EA4000FFE71E98B0F1FF3F3FF787AEFFE71E9844
:10EA500001280EDBFFE71D9830B1FFE723981D9AD0
:10EA600007A9FFF7D7FDFFE71D991E9808441E90E0
:10EA7000FFE71E9824B080BD81B0ADF80200BDF85C
:10EA8000020044F23441C4F20101086001B0704751
:10EA900080B586B004900391029204984068B0F566
:10EAA000827F13D1FFE704988068B0F5004F06D04D
:10EAB000FFE704988068B0F5806F07D1FFE70498FE
:10EAC0000168086820F040000860FFE7049840688B
:10EAD000B0F5827F31D1FFE704988068B0F5806F90
:10EAE00015D0FFE70498039B02996A4611608021C4
:10EAF000002200F0CDF848B1FFE70499486D40F0DE
:10EB00002000486503208DF817002FE014E00498DA
:10EB1000039B02996A4611600121002200F0B8F8B7
:10EB200048B1FFE70499486D40F020004865032094
:10EB30008DF817001AE0FFE714E00498039B029990
:10EB40006A4611600121002200F0A2F848B1FFE7F7
:10EB50000499486D40F02000486503208DF81700A7
:10EB600004E0FFE700208DF81700FFE79DF817008D
:10EB700006B080BD80B586B004900391029240F249
:10EB8000C400C2F2000000684AF6AB21CAF6AA210E
:10EB9000A0FB011000094DF68361C4F21B31A0FBFC
:10EBA0000110800C4FF47A7148430190049840683A
:10EBB000B0F5827F15D1FFE70498039B02996A465E
:10EBC00011608021002200F063F848B1FFE704994A
:10EBD000486D40F02000486503208DF8170017E0CD
:10EBE00012E0FFE7019808B9FFE70CE0019801384F
:10EBF0000190FFE7049800688068C1B20020B0EB84
:10EC0000D11FEFD1FFE7FFE700208DF81700FFE7E6
:10EC10009DF8170006B080BD80B582B001900198C4
:10EC20000DF1030101220A23F7F780FC9DF8030090
:10EC300002B080BD80B584B0039002918DF80720AA
:10EC4000039802999DF807200A23F7F76FFC04B098
:10EC500080BD000080B582B001908DF8031001984E
:10EC60000DF1030101220A23F7F778FD02B080BD00
:10EC700080B584B0039002918DF807200398029923
:10EC80009DF807200A23F7F769FD04B080BD000056
:10EC900080B58AB0DDF830C0089007918DF81B2050
:10ECA000059305980190F5F78FFA024601980C99A3
:10ECB000891A08440390F5F787FA0290039840F206
:10ECC000C401C2F200010968C1F3CB31484304908A
:10ECD000FFE708980068806807990840401AB0FA72
:10ECE00080F040099DF81B1088425ED0FFE7059830
:10ECF0000130002858D0FFE7F5F766FA0299401A6C
:10ED00000399884204D2FFE70398002842D1FFE725
:10ED100008980168486820F0E0004860089840685A
:10ED2000B0F5827F13D1FFE708988068B0F5004FF7
:10ED300006D0FFE708988068B0F5806F07D1FFE73D
:10ED400008980168086820F040000860FFE708980C
:10ED5000806AB0F5005F0FD1FFE7FFE70898016810
:10ED6000086820F40050086008980168086840F4BA
:10ED700000500860FFE7FFE70899012081F8510083
:10ED8000FFE70899002081F85000FFE703208DF885
:10ED900027000EE0049818B9FFE700200390FFE772
:10EDA000049801380490FFE793E700208DF82700CE
:10EDB000FFE79DF827000AB080BD000000000000BA
:10EDC000074B19680868B0E8F04F80F30988BFF373
:10EDD0006F8F4FF0000080F31188704700BF00BFB5
:10EDE000F845002084B003900398009000980078C4
:10EDF000ADF8080000980130009000980078ADF858
:10EE00000600BDF80610BDF8080040EA0120ADF884
:10EE10000A00BDF80A0004B07047000080B586B053
:10EE20008DED050ACDED040A8DED031ACDED021A24
:10EE30009DED030A9DED041A30EE410A8DED010AA5
:10EE40009DED010A9DED051A20EE010A8DED000AE7
:10EE50009DED020AF1EE400A9DED001AFDF792FECB
:10EE60008DED000A9DED000A06B080BD86B08DEDE7
:10EE7000040A9DED040AB5EE400AF1EE10FA03DC37
:10EE8000FFE7002005904AE09DED040AB0EE001A6D
:10EE900080EE010A8DED030A9DED040A9FED221A12
:10EEA00020EE010A8DED010AFFE79DED030A9DEDBD
:10EEB000041A20EE000A30EE410A8DED020A9DEDA3
:10EEC000021A9DED030A30EE002A81EE021A30EE9E
:10EED000410A8DED030AFFE79DED020A9DED011A3F
:10EEE0000120B4EE410AF1EE10FA00900FDCFFE7CA
:10EEF0009DED020A9DED011AB1EE411A0020B4EE1B
:10EF0000410AF1EE10FAB8BF01200090FFE7009827
:10EF1000C0070028C9D1FFE703980590FFE79DEDE2
:10EF2000050A06B0704700BF6F12833A80B586B0FD
:10EF30000590F2F731FE00200490FFE704980130BD
:10EF4000049004984EF20442C0F60102029269460F
:10EF50004A6008604EF26A41C0F601014EF2114269
:10EF6000C0F601024EF2FC33C0F60103002003900C
:10EF7000FFF7CEFB029903986A4611604EF24641B4
:10EF8000C0F601014EF20942C0F601024EF2F8331A
:10EF9000C0F60103FFF7BCFB029903986A461160B3
:10EFA0004EF22141C0F601014EF21942C0F60102B3
:10EFB0004EF20043C0F60103FFF7AAFB01200AF05E
:10EFC0004FFEBBE780B582B001900DF0FBFA0090D8
:10EFD00041F6F021C2F200010020C4F2E150C86302
:10EFE0004FF0FF30486447F20000CFF6FF7008642E
:10EFF000FFE743F67810C2F2000041F26072C2F2FD
:10F00000000242F6B873C2F200034FF44271FDF7FA
:10F0100009FA41F6F020C2F2000041F6E021C2F206
:10F02000000140F2F822C2F200020BF021FF44F28C
:10F030000A51C2F200010870684601210AF024FE5C
:10F04000D7E7000080B58CB00B900DF0BBFA0A90AA
:10F050004DF6EC02C0F60102106851689268099200
:10F060000891079044F25440C2F20000002106913A
:10F0700007AA9FED3B0ADFED3B0AFDF75BF9B2EE15
:10F08000040A9FED391AF7EE001A9FED382ADFEDDA
:10F09000382AF0EE420AF9F711FC069944F264208E
:10F0A000C2F20000F8F7B0FBFFE7F1F755FC08B13A
:10F0B000FFE7FAE7FFE741F68430C2F20000F2F71B
:10F0C0003BFCBCEEC00A41F68830C2F2000080ED85
:10F0D000000A41F2E470C2F2000003906946486001
:10F0E00043F2B000C2F20000086043F26400C2F2D2
:10F0F0000000103044F2AA61C2F2000142F6B87377
:10F10000C2F2000301220592F2F736FAF2F73AFC56
:10F11000039844F2C061C2F20001049181ED000A3B
:10F1200044F25441C2F20001FAF722FBF2F72AFC42
:10F130000498059944F2C462C2F2000282ED000A0A
:10F1400092ED000A90ED001A30EE410A43F2D450DD
:10F15000C2F2000080ED000A0AA80AF095FDAAE7B5
:10F1600000A08C45000016448096184B6F12833A1D
:10F170000000000070B590B00F900DF023FA0E90D3
:10F1800044F29C40C2F20000FDF76EF941F6F02116
:10F19000C2F2000141F2DB40A1F848000020C4F2B5
:10F1A0009630486248F20000CCF209408862FFE7DE
:10F1B00041F2E476C2F200060C9669460E6140F216
:10F1C000F825C2F200050B95CD6041F6E024C2F2AD
:10F1D00000040A948C6043F26400C2F200000890BC
:10F1E000486041F26070C2F200000990086043F28A
:10F1F000B001C2F20001069141F6F022C2F2000213
:10F200000D9242F6B873C2F2000307930120FEF795
:10F210009BFB0999079A0D986B465D600831196050
:10F2200044F29C43C2F20003214609F0E1FE01468C
:10F23000079844F20852C2F200021170F2F7EAF89D
:10F240000699079B0D9ADDF820E00998EC46CCF86A
:10F250001060CCF80C50CCF80840CCF804E0CCF8A6
:10F2600000000220FEF770FB0A990B9A0C9B0D9888
:10F270000AF03AFC01460D9844F20952C2F200022B
:10F280001170B0F94C00B0F5805F0BDDFFE741F67F
:10F29000F021C2F20001B1F84C00A0F50050A1F835
:10F2A0004C0015E041F6F020C2F20000B0F94C002D
:10F2B00010F5805F0BDAFFE741F6F021C2F20001A2
:10F2C000B1F84C0000F50050A1F84C00FFE7FFE753
:10F2D0000EA801210AF0D8FC6AE7000010B584B03E
:10F2E00003900DF06FF90290FFF764F9FFE741F624
:10F2F000E020C2F20000007841F6F021C2F20001E5
:10F30000C96E41F2E472C2F2000292ED0E0A41F2BD
:10F310006072C2F20002D2ED030A40F2F82CC2F28F
:10F32000000CBCF9AC28BCF96034BCF988C643F2C7
:10F330006404C2F20004EE46CEF80440CEF800C0E9
:10F34000FFF762F802A828210AF09EFCCFE7000030
:10F3500080B582B001900DF035F900900AF0F6FB0F
:10F36000FFE70AF095FB4AF60030C2F2000080ED9C
:10F37000000A684605210AF087FCF2E780B582B0F2
:10F380004FF0500080F31188BFF36F8FBFF34F8FA2
:10F3900000900DF021F940B1FFE74EF60451CEF296
:10F3A00000014FF080500860FFE7002001900198B5
:10F3B00080F3118802B080BD80B594B008A83021D8
:10F3C000F1F708F90020079006900590049003904B
:10F3D000FFE70020029043F64000C4F202000168FB
:10F3E00041F080510160006800F080500290029866
:10F3F000FFE7FFE70020019047F20000C4F20000A1
:10F40000016841F480410160006800F4804001908F
:10F410000198FFE7012008904FF480300990022006
:10F420000E904FF480010F9106211091A8211191A7
:10F4300012900720139008A8F6F786FB18B1FFE793
:10F44000F2F7A2FBFFE70F200390022004900020B8
:10F4500005904FF4A05006904FF48050079003A8F9
:10F460000521F6F777F918B1FFE7F2F78DFBFFE713
:10F4700014B080BD4EF68851CEF20001086840F409
:10F48000700008607047000080B544F26420C2F24A
:10F490000000F7F71BFF80BD80B544F2AC20C2F23C
:10F4A0000000F7F713FF80BD80B582B044F23C3016
:10F4B000C2F200000190F7F709FF0198F1F7A6FBEF
:10F4C00002B080BD83B00290019102980068009064
:10F4D00002980021C4F20101884225D0FFE702987A
:10F4E000B0F1804F20D0FFE7029840F20041C4F213
:10F4F0000001884218D0FFE7029840F60001C4F2EC
:10F500000001884210D0FFE7029840F60041C4F2A3
:10F510000001884208D0FFE7029840F20041C4F29F
:10F52000010188420AD1FFE7009820F070000090A6
:10F5300001984168009808430090FFE70298002175
:10F54000C4F20101884255D0FFE70298B0F1804F24
:10F5500050D0FFE7029840F20041C4F20001884217
:10F5600048D0FFE7029840F60001C4F2000188424B
:10F5700040D0FFE7029840F60041C4F20001884203
:10F5800038D0FFE7029840F20041C4F201018842FE
:10F5900030D0FFE7029844F20001C4F20101884232
:10F5A00028D0FFE7029844F20041C4F201018842EA
:10F5B00020D0FFE7029844F60001C4F2010188421E
:10F5C00018D0FFE7029841F60001C4F2000188421A
:10F5D00010D0FFE7029841F60041C4F200018842D2
:10F5E00008D0FFE7029842F20001C4F2000188420D
:10F5F0000AD1FFE7009820F4407000900198C1689C
:10F60000009808430090FFE7009820F080000199DF
:10F610004969084300900098029908600198806841
:10F620000299C862019800680299886202980021D4
:10F63000C4F20101884208D0FFE7029840F200417D
:10F64000C4F20101884205D1FFE7019800690299DF
:10F650000863FFE702990120486103B0704700008A
:10F6600084B0039002910192029800F01F010120E2
:10F6700088400090009A0399086A904308620198B4
:10F68000029901F01F0100FA01F20399086A104380
:10F69000086204B07047000085B0049003910292A4
:10F6A0000193049880680090009820F47F400090B7
:10F6B00003980299019A41EA022101430098084304
:10F6C000009000980499886005B0704783B002905C
:10F6D0000191029880680090009820F070000090DE
:10F6E00001980099084340F00700009000980299A3
:10F6F000886003B07047000085B0049003910499BE
:10F70000086A20F0010008620498006A01900498D9
:10F7100040680090049880690290029820F0700080
:10F720000290029820F0030002900398016802986A
:10F7300008430290019820F002000190039881682C
:10F7400001980843019004980021C4F20101884205
:10F7500008D0FFE7049840F20041C4F2010188425A
:10F760000ED1FFE7019820F0080001900398C168CE
:10F77000019808430190019820F004000190FFE7F0
:10F7800004980021C4F20101884208D0FFE70498E0
:10F7900040F20041C4F20101884213D1FFE7009812
:10F7A00020F480700090009820F40070009003987E
:10F7B00041690098084300900398816900980843C4
:10F7C0000090FFE7009804994860029804998861C6
:10F7D000039840680499486301980499086205B049
:10F7E0007047000085B0049003910499086A20F0E6
:10F7F000100008620498006A019004984068009024
:10F80000049880690290029820F4E04002900298E7
:10F8100020F44070029003980168029840EA0120A9
:10F820000290019820F020000190039881680198CF
:10F8300040EA0110019004980021C4F201018842BD
:10F8400008D0FFE7049840F20041C4F20101884269
:10F850000FD1FFE7019820F0800001900398C16864
:10F86000019840EA01100190019820F040000190B9
:10F87000FFE704980021C4F20101884208D0FFE7A5
:10F88000049840F20041C4F20101884215D1FFE71B
:10F89000009820F480600090009820F400600090B0
:10F8A00003984169009840EA8100009003988169BB
:10F8B000009840EA81000090FFE7009804994860B2
:10F8C00002980499886103984068049988630198B4
:10F8D0000499086205B0704785B0049003910499BB
:10F8E000086A20F4807008620498006A0190049805
:10F8F000406800900498C0690290029820F070005F
:10F900000290029820F00300029003980168029888
:10F9100008430290019820F40070019003988168D8
:10F92000019840EA0120019004980021C4F20101ED
:10F93000884208D0FFE7049840F20041C4F2010178
:10F9400088420FD1FFE7019820F4006001900398EE
:10F95000C168019840EA01200190019820F480607C
:10F960000190FFE704980021C4F20101884208D009
:10F97000FFE7049840F20041C4F20101884215D12A
:10F98000FFE7009820F480500090009820F4005089
:10F99000009003984169009840EA01100090039894
:10F9A0008169009840EA01100090FFE700980499EF
:10F9B000486002980499C861039840680499C86334
:10F9C00001980499086205B07047000085B0049062
:10F9D00003910499086A20F4805008620498006A30
:10F9E00001900498406800900498C06902900298C1
:10F9F00020F4E0400290029820F4407002900398B6
:10FA00000168029840EA01200290019820F4005019
:10FA1000019003988168019840EA013001900498B0
:10FA20000021C4F20101884208D0FFE7049840F2A7
:10FA30000041C4F2010188420BD1FFE7009820F495
:10FA40008040009003984169009840EA811000903E
:10FA5000FFE700980499486002980499C8610398E8
:10FA600040680499086401980499086205B07047D9
:10FA700085B00490039102920498006A0090049962
:10FA8000086A20F0010008620498806901900198DA
:10FA900020F0F00001900299019840EA01100190D5
:10FAA000009820F00A000090039900980843009005
:10FAB00001980499886100980499086205B070471C
:10FAC00085B00490039102920499086A20F0100016
:10FAD00008620498806901900498006A0090019877
:10FAE00020F4704001900299019840EA01300190A1
:10FAF000009820F0A00000900399009840EA0110BF
:10FB0000009001980499886100980499086205B0F2
:10FB10007047000080B582B001900198806B009022
:10FB200000990020C8850099C8840098F7F7D0FF95
:10FB300002B080BD80B584B003900020029003988D
:10FB4000806B0190019800684069C0B2C0090290C2
:10FB5000019890F83D0021280AD1FFE7029838B1BA
:10FB6000FFE701990020C884019800F059F9FFE7E8
:10FB7000019800684069C0F380100290019890F8E5
:10FB80003E0022280AD1FFE7029838B1FFE7019929
:10FB90000020C885019800F0E5F8FFE70199086C9E
:10FBA00040F0100008640198F7F792FF04B080BDA0
:10FBB00080B586B005900598806B04900598006824
:10FBC0000068C00500285AD4FFE704990020C885C2
:10FBD000FFE7FFE70498006850E8030F20F4807007
:10FBE0000390FFE703990498026842E80310002895
:10FBF000F0D1FFE7FFE7FFE7FFE70498006850E870
:10FC0000050F20F001000290FFE7029904980268B6
:10FC100042E805100028F0D1FFE7FFE7FFE7FFE724
:10FC20000498006850E8050F20F040000190FFE7BD
:10FC300001990498026842E805100028F0D1FFE716
:10FC4000FFE70499202081F83E000498006B01280A
:10FC500014D1FFE7FFE7FFE70498006850E8030FBF
:10FC600020F010000090FFE700990498026842E835
:10FC700003100028F0D1FFE7FFE7FFE7FFE7049854
:10FC8000006B012805D1FFE70498818DF7F7B4FEDA
:10FC900003E00498F8F798FBFFE706B080BD00008A
:10FCA00080B582B001900198806B00900098006B45
:10FCB000012806D1FFE70098818D4908F7F79CFEDF
:10FCC00003E00098F8F784FBFFE702B080BD000076
:10FCD00080B584B003900398806B0290039800680D
:10FCE0000068C00500282AD4FFE702990020C884D4
:10FCF000FFE7FFE70298006850E8050F20F080005A
:10FD00000190FFE701990298026842E80510002877
:10FD1000F0D1FFE7FFE7FFE7FFE70298006850E850
:10FD2000030F40F040000090FFE70099029802683E
:10FD300042E803100028F0D1FFE7FFE703E0029854
:10FD4000F8F7D2FBFFE704B080BD000080B582B0B9
:10FD500001900198806B00900098F8F7C9FB02B001
:10FD600080BD000084B00390FFE7FFE703980068C0
:10FD700050E8030F20F490700290FFE70299039877
:10FD8000026842E803100028F0D1FFE7FFE7FFE731
:10FD9000FFE70398006850E8050F20F0010001908C
:10FDA000FFE701990398026842E805100028F0D1A6
:10FDB000FFE7FFE70398006B012814D1FFE7FFE797
:10FDC000FFE70398006850E8030F20F01000009050
:10FDD000FFE700990398026842E803100028F0D179
:10FDE000FFE7FFE7FFE70399202081F83E00039932
:10FDF0000020086304B0704780B582B0019001987C
:10FE00000168C86820F04000C8600199202081F88E
:10FE10003D000198F8F768FB002002B080BD0000AB
:10FE200082B00190FFE7FFE70198006850E8030FF8
:10FE300020F0C0000090FFE700990198026842E8B6
:10FE400003100028F0D1FFE7FFE70199202081F897
:10FE50003D0002B07047000080B586B00490049861
:10FE600090F83E00222840F0A180FFE704988068C7
:10FE7000B0F5805F15D1FFE70498006988B9FFE706
:10FE8000002003900498806A0290049800684068FB
:10FE90006FF35F20029908800499886A02308862B3
:10FEA00025E00498806A03900020029004988068FE
:10FEB000B0F5805F08D0FFE70498806850B9FFE78D
:10FEC0000498006930B9FFE7049800684068039916
:10FED000087007E004980068406800F07F0003990C
:10FEE0000870FFE70499886A01308862FFE7049987
:10FEF000C88D0138C8850004002853D1FFE7049855
:10FF00000168C86820F02000C86004980168C868CB
:10FF100020F48070C86004980168486920F00100EE
:10FF200048610499202081F83E000498006B012864
:10FF300030D1FFE7049900200863FFE7FFE704984A
:10FF4000006850E8030F20F010000190FFE70199CE
:10FF50000498026842E803100028F0D1FFE7FFE7A9
:10FF6000049800680068C00600280ED5FFE7FFE788
:10FF700000200090049800680068009004980068D1
:10FF8000406800900098FFE7FFE70498818DF7F73D
:10FF900033FD03E00498F8F717FAFFE700208DF827
:10FFA000170007E000208DF8170003E002208DF80D
:10FFB0001700FFE79DF8170006B080BD80B586B03A
:10FFC000059005980068006920F44050059A116872
:10FFD000D26810430861059988680B694A69C96944
:10FFE000184310430843049005980068C06849F21C
:10FFF0000C6188430499084305990968C86005980D
:020000040801F1
:100000000068406920F44070059A116892691043B5
:1000100048610598006841F20001C4F2010188427C
:1000200009D0FFE70598006841F20041C4F20101E0
:10003000884204D1FFE7F5F701FD039003E0F5F7EF
:10004000EBFC0390FFE70598C069B0F5004F29D19C
:10005000FFE703981921A0FB0101059A1368029399
:1000600053685A00DB0FF0F71FF90299864648F2F1
:100070001F53C5F2EB13AEFB0320420910014FF0F2
:10008000640C02FB1CEC322202EBCC02A2FB03321A
:10009000F82303EA521300EB4300C2F34212104468
:1000A000886026E003981921A0FB0101059A1368D6
:1000B000019353689A009B0FF0F7F6F80199844674
:1000C00048F21F52C5F2EB12ACFB02304309642028
:1000D00003FB10CC322000EB0C10A0FB0202F0203E
:1000E00000EA521000EB0310C2F343121044886080
:1000F000FFE706B080BD000080B588B0079006918C
:10010000ADF81620069807998862BDF81600079981
:100110008885079900200864079A222182F83E10FA
:1001200007998A6B4FF6B131C0F60001D163079988
:100130008A6B4FF6A141C0F60001116407998A6BE2
:100140004FF63531C0F60001D1640799896B086517
:1001500006A8049007980168806B0431049A12681D
:10016000BDF81630F3F76EFDFFE700200390079807
:10017000006800680390079800684068039003983F
:10018000FFE7FFE70799002081F83C00FFE70798A9
:100190000069A0B1FFE7FFE7FFE70798006850E8B4
:1001A000030F40F480700290FFE7029907980268FD
:1001B00042E803100028F0D1FFE7FFE7FFE7FFE781
:1001C000FFE70798006850E8050F40F00100019034
:1001D000FFE701990798026842E805100028F0D16E
:1001E000FFE7FFE7FFE7FFE70798006850E8050F24
:1001F00040F040000090FFE700990798026842E84D
:1002000005100028F0D1FFE7FFE7002008B080BD0F
:1002100083B00190019890F83D0021283AD1FFE782
:1002200001988068B0F5805F13D1FFE701980069FD
:1002300078B9FFE70198006A0090009800886FF392
:100240005F200199096848600199086A02300862D4
:1002500008E0019A106A411C11620078019909684E
:100260004860FFE70199C88C0138C884000468B968
:10027000FFE701980168C86820F08000C860019815
:100280000168C86840F04000C860FFE700208DF8B2
:100290000B0003E002208DF80B00FFE79DF80B0038
:1002A00003B0704780B582B044F28430C2F20000DF
:1002B0000190F7F711FC0198F0F7C6FC02B080BD81
:1002C00080B582B044F2C830C2F200000190F7F766
:1002D00003FC0198F0F7B8FC02B080BD80B582B095
:1002E00044F20C40C2F200000190F7F7F5FB0198D0
:1002F000F0F7AAFC02B080BD80B586B004908DF8FE
:100300000F100498D0F8C80201900498D0F8D412C5
:1003100000EB8100D0F8C00220B9FFE703208DF880
:1003200017005FE00498D0F8D41200EB8100D0F8F9
:10033000C002029004989DF80F1001F00F0101EB2C
:10034000810100EB8100806940B3FFE704989DF8CC
:100350000F1001F00F0101EB810200EB82008269B6
:10036000019801EBC10100EB8100816CB2FBF1F05F
:1003700000FB112090B9FFE704989DF80F1001F0E1
:100380000F0101EB810100EB8100002383610498E0
:100390009DF80F101A4601F083FD1FE0029900201E
:1003A000C1F814020498D0F8D41200EB8100D0F800
:1003B000C402006988B1FFE70498D0F8D41200EBBA
:1003C0008100D0F8C40203690299D1F8080201F54E
:1003D00004719DF80F209847FFE7FFE700208DF894
:1003E0001700FFE79DF8170006B080BD80B584B008
:1003F00002908DF807100298D0F8D41200EB81001B
:10040000D0F8C00200900298D0F8D41200EB81001E
:10041000D0F8C00220B9FFE703208DF80F0019E0E3
:1004200002989DF8071001F0CBFA0099C1F80C0270
:100430000298D0F8D41200EB8100D0F8C402C26850
:100440000099D1F8040201F50371904700208DF85E
:100450000F00FFE79DF80F0004B080BD80B586B0A7
:1004600005908DF81310059840F20901C2F20001C1
:100470000091097801F0BCF800990598097801F01D
:100480000F0101EB810100EB8101002003908884C2
:10049000059840F20A01C2F200010191097801F0C9
:1004A000A7F8019A03980599127802F00F0202EB5F
:1004B000820201EB8201A1F86401059840F2080173
:1004C000C2F200010291097801F092F8029A0398B1
:1004D0000599137803F00F0303EB830301EB83010A
:1004E00088840599127802F00F0202EB820201EB78
:1004F0008201C8840598D0F8D41200EB8100D0F8AE
:10050000C002F0B1FFE70598D0F8D41200EB8100EB
:10051000D0F8C402406880470598D0F8D41200EBA8
:100520008100D0F8C00202F057F90598D0F8D41233
:1005300000EB81010020C1F8C0020599C1F8BC029E
:10054000FFE7002006B080BD80B584B0029002981D
:10055000D0F8D41200EB8100D0F8C00201900198CD
:1005600020B9FFE703208DF80F0025E00298D0F8AE
:10057000D41200EB8100D0F8C402C8B1FFE70198A3
:1005800090F80002FF2813D0FFE70298D0F8D412A9
:1005900000EB8100D0F8C4028368019991F8000251
:1005A00091F8012298470199FF2081F80002FFE7A6
:1005B00000208DF80F00FFE79DF80F0004B080BD0C
:1005C00081B0009000990A20088040F25010C2F2D9
:1005D000000001B07047000080B586B0059040F281
:1005E0000C10C2F200000190822100F09BFE014637
:1005F00001980491012100F095FE014601980391B4
:10060000812100F08FFE0290049820B1FFE7049949
:1006100010208871FFE7039820B1FFE7039940207D
:100620008880FFE7029820B1FFE702994020888088
:10063000FFE705994320088040F20C10C2F2000049
:1006400006B080BD80B586B0059040F20C10C2F2B5
:1006500000000190822100F065FE0146019804919E
:10066000012100F05FFE014601980391812100F015
:1006700059FE0290049820B1FFE704991020887178
:10068000FFE7039828B1FFE703994FF400708880D3
:10069000FFE7029828B1FFE702994FF400708880C5
:1006A000FFE705994320088040F20C10C2F20000D9
:1006B00006B080BD80B586B0059040F20C10C2F245
:1006C00000000190822100F02DFE01460198049166
:1006D000012100F027FE014601980391812100F0DD
:1006E00021FE0290049820B1FFE704991020887140
:1006F000FFE7039820B1FFE7039940208880FFE7D8
:10070000029820B1FFE7029940208880FFE7059911
:100710004320088040F20C10C2F2000006B080BDF9
:1007200080B590B00E908DF837104FF4077002F03E
:1007300057F80C900C9860B9FFE70E98D0F8D412D7
:1007400000EB81010020C1F8C00202208DF83F00BB
:10075000F0E00C984FF40771EFF73CFF0C980E99FE
:10076000D1F8D42201EB8201C1F8C0020E99D1F870
:10077000D40201EB8000D0F8C002C1F8BC020E9890
:10078000007C002840D1FFE70E9840F20901C2F238
:10079000000107910978022208924FF4007309932F
:1007A00001F0FAF90799089A099B0E98097801F067
:1007B0000F0101EB810100EB810101200B90888486
:1007C0000E9840F20A01C2F200010A91097801F084
:1007D000E3F90A9A0B980E99127802F00F0202EBD5
:1007E000820201EB8201A1F864010E9840F2080137
:1007F000C2F20001097801F00F0101EB810100EB69
:1008000081011020C8843EE00E9840F20901C2F236
:10081000000102910978022203924023049301F01F
:10082000BBF90299039A049B0E98097801F00F0115
:1008300001EB810100EB81010120069088840E9874
:1008400040F20A01C2F200010591097801F0A4F911
:10085000059A06980E99127802F00F0202EB8202B6
:1008600001EB8201A1F864010E9840F20801C2F286
:100870000001097801F00F0101EB810100EB81011A
:100880001020C884FFE70E9840F20801C2F2000170
:10089000009109780322082301F07EF900990E984F
:1008A000097801F00F0101EB810100EB81010120CA
:1008B00088840C9900200190C1F804020E98D0F8A9
:1008C000D41200EB8100D0F8C40200688047019880
:1008D0000C99C1F814020C99C1F818020C98D0F8C0
:1008E000040220B9FFE702208DF83F0022E00E98B5
:1008F000007C70B9FFE70E9840F20A01C2F20001D5
:1009000009780C9AD2F804224FF4007301F06AF9C6
:100910000CE00E9840F20A01C2F2000109780C9A2C
:10092000D2F80422402301F05DF9FFE700208DF8A2
:100930003F00FFE79DF83F0010B080BD80B584B058
:1009400002900298D0F8D41200EB8100D0F8C002D7
:1009500001900298D0F8D41200EB8100D0F8C002C8
:1009600020B9FFE703208DF80F0022E00298007CF9
:1009700070B9FFE7029840F20A01C2F2000109785B
:10098000019AD2F804224FF4007301F02BF90CE025
:10099000029840F20A01C2F200010978019AD2F8E5
:1009A0000422402301F01EF9FFE700208DF80F001C
:1009B000FFE79DF80F0004B080BD000083B00190F8
:1009C0000091009820B9FFE703208DF80B000BE0A1
:1009D00000980199D1F8D42201EB8201C1F8C40238
:1009E00000208DF80B00FFE79DF80B0003B0704767
:1009F00084B0029001910298D0F8D41200EB8100EB
:100A0000D0F8C0020090009820B9FFE703208DF8CD
:100A10000F0007E001980099C1F8040200208DF84A
:100A20000F00FFE79DF80F0004B0704785B00390FA
:100A3000029101920398D0F8D41200EB8100D0F813
:100A4000C0020090009820B9FFE703208DF8130042
:100A50000BE002980099C1F8080201980099C1F8CA
:100A6000100200208DF81300FFE79DF8130005B079
:100A70007047000080B58AB0089007910898D0F8B8
:100A8000D41200EB8100D0F8C002069000208DF84F
:100A90001500ADF812008DF81100069820B9FFE797
:100AA00003208DF82700C7E00798007800F0600069
:100AB0000146039100285ED0FFE70398202840F00C
:100AC000AE80FFE70798C088002846D0FFE7079868
:100AD00000780006002823D5FFE70898D0F8D41244
:100AE00000EB8100D0F8C4028368079A5078069919
:100AF000D28898470798C088082803D3FFE70720C3
:100B0000029003E00798C0880290FFE70298ADF8D2
:100B1000160008980699BDF8162000F081F91BE030
:100B200007984078069981F800020798C0883F2806
:100B300004D8FFE70798C088019002E040200190A8
:100B4000FFE70198069981F801020898069991F843
:100B5000012200F037F9FFE70CE00898D0F8D41232
:100B600000EB8100D0F8C40283680799487800221E
:100B70009847FFE75BE007984078014600910B2813
:100B800044D80099DFE801F0064142424242424225
:100B900042421C32089890F89C02032807D1FFE7D4
:100BA00008980DF11201022200F03AF907E00898C6
:100BB000079900F0F9F803208DF81100FFE72DE008
:100BC000089890F89C02032807D1FFE708980DF1D8
:100BD0001501012200F024F907E00898079900F0B8
:100BE000E3F803208DF81100FFE717E0089890F86C
:100BF0009C02032808D0FFE70898079900F0D4F872
:100C000003208DF81100FFE708E007E00898079936
:100C100000F0CAF803208DF81100FFE707E00898FC
:100C2000079900F0C1F803208DF81100FFE79DF847
:100C300011008DF82700FFE79DF827000AB080BD5E
:100C400080B584B002900298D0F8D41200EB8100F5
:100C5000D0F8C002019001208DF803000298D0F86E
:100C6000D41200EB8100D0F8C00220B9FFE70320C6
:100C70008DF80F002AE00198D0F8140208BBFFE7B6
:100C800001990120C1F814020198D0F81002029ACB
:100C900040F20901C2F200010B7803F00F0303EBED
:100CA000830302EB8302906102980978019BD3F8D9
:100CB0000822D3F8103201F0F3F800208DF8030079
:100CC000FFE79DF803008DF80F00FFE79DF80F0088
:100CD00004B080BD80B582B001908DF80310002073
:100CE0008DF802000198D0F8B8124A689DF80310F8
:100CF000904720B1FFE703208DF80200FFE79DF841
:100D0000020002B080BD000080B582B00190009169
:100D1000019890F89C02013802280ED8FFE700984D
:100D20004088012808D1FFE701990020C1F8A402FA
:100D3000019800F08FF8FFE704E00198009900F0B7
:100D400033F8FFE702B080BD82B001908DF8031048
:100D5000002002B07047000082B001908DF80310AF
:100D6000002002B07047000080B584B0039002916B
:100D700001920398029A019B0021009100F032FF3A
:100D8000009804B080BD000080B584B0039002914B
:100D900001920398029A019B0021009101F080F8D2
:100DA000009804B080BD000080B582B00190009131
:100DB0000198802101F02CF80198002101F028F819
:100DC00002B080BD80B584B0039002910192039976
:100DD0000320C1F8940201980399C1F858010198C1
:100DE0000399C1F85C010398029A019B00210091CC
:100DF00000F0F8FE009804B080BD000080B582B01D
:100E0000019001990520C1F89402019800230093F4
:100E100019461A4600F0E6FE009802B080BD0000B8
:100E200080B584B003900291019203990220C1F829
:100E3000940201980399886101980399C861039805
:100E4000029A019B0021009101F02AF8009804B059
:100E500080BD000080B582B0019001990420C1F8E6
:100E6000940201980023009319461A4601F018F8DD
:100E7000009802B080BD000080B582B08DF80700F8
:100E800000919DF8070060B9FFE7009A4EF2D0404C
:100E9000C0F6010041F69831C2F2000100F0DEFA1E
:100EA0000BE0009A4EF2D040C0F6010041F69831B6
:100EB000C2F2000100F0D2FAFFE741F69830C2F228
:100EC000000002B080BD000082B08DF807000091E4
:100ED00000991220088040F25C10C2F2000002B0BB
:100EE0007047000080B582B08DF8070000919DF832
:100EF000070060B9FFE7009A4EF2C240C0F6010059
:100F000041F69831C2F2000100F0A8FA0BE0009A15
:100F10004EF2C240C0F6010041F69831C2F2000123
:100F200000F09CFAFFE741F69830C2F2000002B0F0
:100F300080BD000082B08DF8070000910099042068
:100F4000088040F28410C2F2000002B07047000036
:100F500080B584B08DF80F000291029A4EF2DB400A
:100F6000C0F6010041F69831C2F20001019100F093
:100F700075FA019804B080BD80B582B08DF8070085
:100F800000919DF8070060B9FFE7009A4EF2EE402D
:100F9000C0F6010041F69831C2F2000100F05EFA9D
:100FA0000BE0009A4EF2EE40C0F6010041F6983197
:100FB000C2F2000100F052FAFFE741F69830C2F2A7
:100FC000000002B080BD000080B582B08DF807003F
:100FD000009100991A200880F0F7E0FF40F2881095
:100FE000C2F2000002B080BD80B584B003900291CF
:100FF0000298C088012805D0FFE703980299FFF7FF
:10100000D3FE21E0039890F89C12481E019102281B
:1010100004D3FFE7019803280AD00FE003990020CA
:101020008860039800F108010122FFF7F9FE0AE049
:101030000398011D0122FFF7F3FE04E003980299D3
:10104000FFF7B2FEFFE7FFE704B080BD80B588B0D0
:10105000079006910020ADF8160004908DF80F005F
:101060000698C078013801460291062800F21E81D8
:101070000299DFE811F0070011002E001B011B018F
:10108000E80000010798D0F8B4120A68007C0DF15E
:1010900016019047049013E10798007C60B9FFE7C0
:1010A0000798D0F8B802816A0DF1160088470490BD
:1010B0000499022048700BE00798D0F8B802C16A82
:1010C0000DF1160088470490049902204870FFE74C
:1010D000F6E00698807801460191052800F2A88084
:1010E0000199DFE801F0031E39546F8A0798D0F8A0
:1010F000B402406850B1FFE70798D0F8B4124A68CC
:10110000007C0DF116019047049009E007980699BC
:10111000FFF74AFE9DF80F0001308DF80F00FFE742
:1011200090E00798D0F8B402806850B1FFE70798C4
:10113000D0F8B4128A68007C0DF116019047049033
:1011400009E007980699FFF72FFE9DF80F00013080
:101150008DF80F00FFE775E00798D0F8B402C0687B
:1011600050B1FFE70798D0F8B412CA68007C0DF1BF
:1011700016019047049009E007980699FFF714FEBE
:101180009DF80F0001308DF80F00FFE75AE0079837
:10119000D0F8B402006950B1FFE70798D0F8B41254
:1011A0000A69007C0DF116019047049009E0079848
:1011B0000699FFF7F9FD9DF80F0001308DF80F003B
:1011C000FFE73FE00798D0F8B402406950B1FFE76D
:1011D0000798D0F8B4124A69007C0DF116019047C7
:1011E000049009E007980699FFF7DEFD9DF80F00CF
:1011F00001308DF80F00FFE724E00798D0F8B40223
:10120000806950B1FFE70798D0F8B4128A69007C72
:101210000DF116019047049009E007980699FFF731
:10122000C3FD9DF80F0001308DF80F00FFE709E0C6
:1012300007980699FFF7B8FD9DF80F0001308DF86B
:101240000F00FFE73CE00798007C48B9FFE70798EC
:10125000D0F8B802416B0DF116008847049009E000
:1012600007980699FFF7A0FD9DF80F0001308DF853
:101270000F00FFE724E00798007C60B9FFE70798BC
:10128000D0F8B802016B0DF116008847049004995C
:101290000720487009E007980699FFF785FD9DF83B
:1012A0000F0001308DF80F00FFE709E0079806995D
:1012B000FFF77AFD9DF80F0001308DF80F00FFE772
:1012C0009DF80F0008B1FFE72AE00698C08818B320
:1012D000FFE7BDF81600C8B1FFE7BDF81600069994
:1012E000C988884204DAFFE7BDF81600009003E0E1
:1012F0000698C0880090FFE70098ADF816000798A0
:101300000499BDF81620FFF78BFD04E007980699B5
:10131000FFF74AFDFFE703E00798FFF79BFDFFE7B4
:1013200008B080BD80B586B005908DF81310059883
:10133000039005980290002001900299488809784E
:10134000884227DDFFE702980078ADF80200FFE74A
:10135000BDF802000299498888421ADAFFE703982B
:101360000DF1020100F034F803900398407805284D
:101370000ED1FFE703980190019880789DF8131033
:10138000884201D1FFE704E000200190FFE7FFE77A
:10139000DEE7FFE7019806B080BD000083B0029051
:1013A00000208DF8070002980090FFE70098007871
:1013B00048B1FFE79DF8070001308DF8070000985D
:1013C00001300090F2E79DF8070003B0704700007D
:1013D00083B00290019102980090009802780199E0
:1013E0000888104408800298009909780844009001
:1013F000009803B07047000080B582B00190009162
:10140000019890F89C02013802281FD8FFE7009845
:10141000C088022805D0FFE701980099FFF7C4FCB7
:1014200019E001990120C8600198D0F8A40230B1F8
:10143000FFE70199C86840F00200C860FFE7019823
:1014400000F10C010222FFF7EBFC04E00198009987
:10145000FFF7AAFCFFE702B080BD000080B586B0B0
:1014600005900491039200208DF80B00059808B9AF
:10147000FFE73DE0059801900198FFF78FFF0146D7
:10148000022000EB4100039908800398007804993A
:101490009DF80B2088549DF80B0001308DF80B004F
:1014A00004999DF80B20032088549DF80B0001300F
:1014B0008DF80B00FFE701980078C8B1FFE70198AD
:1014C000007804999DF80B20885401980130019010
:1014D0009DF80B0001308DF80B0004999DF80B204E
:1014E000002088549DF80B0001308DF80B00E2E7D6
:1014F00006B080BD82B08DF8070000208DF8060090
:101500009DF8070001460091032814D80099DFE8F0
:1015100001F002060A0E00208DF806000FE00320FD
:101520008DF806000BE001208DF8060007E003208F
:101530008DF8060003E003208DF80600FFE79DF814
:10154000060002B07047000080B584B0029001919F
:101550008DF80320029820B9FFE703208DF80F00D3
:1015600023E002990020C1F8B8020299C1F8C40230
:101570000299C1F8D002019828B1FFE701980299B9
:10158000C1F8B402FFE70299012081F89C029DF89E
:10159000030002990870029800F020FA8DF802000A
:1015A0009DF802008DF80F00FFE79DF80F0004B0D2
:1015B00080BD000080B582B001908DF8031000203E
:1015C0008DF802008DF801000198D0F8C8029DF84E
:1015D0000310F3F717F88DF802009DF80200FFF7EB
:1015E00089FF8DF801009DF8010002B080BD000068
:1015F00080B582B001908DF8031000208DF80200B4
:101600008DF801000198D0F8C8029DF80310F2F798
:10161000A5FF8DF802009DF80200FFF76BFF8DF823
:1016200001009DF8010002B080BD000080B588B0C7
:1016300006908DF8171004929DF81700002875D1B8
:10164000FFE70698143003900698D0F89402022819
:101650005DD1FFE703998868C968884212D9FFE71E
:1016600003998868CA68801A886006980499039A62
:101670009268FFF789FB0698002319461A4600F086
:10168000B1FA43E003988168C06888421ED1FFE741
:1016900003994868C968884218D3FFE703984068EF
:1016A0000699D1F89812884210D2FFE706980022D6
:1016B00001921146FFF768FB019B0698C0F898322B
:1016C000069819461A4600F08DFA1EE0069890F822
:1016D0009C02032811D1FFE70698D0F8B802C06831
:1016E00050B1FFE706990020C1F8D4020698D0F85F
:1016F000B812C9688847FFE7FFE70698802100F025
:1017000087FB0698FFF77AFBFFE7FFE700E0FFE7BC
:10171000069890F8A00240B1FFE7069800F04EFC52
:101720000699002081F8A002FFE740E006989DF8A6
:10173000171041F08001FFF707FB8DF80A009DF8B4
:101740000A00FF2832D0FFE79DF80A0070BBFFE7D0
:10175000069890F89C02032827D1FFE706989DF889
:101760000A1000EB8100D0F8B8024069E0B1FFE751
:101770009DF80A000699C1F8D40206989DF80A104F
:1017800000EB8101D1F8B8124A699DF81710904713
:101790008DF80B009DF80B0028B1FFE79DF80B00BA
:1017A0008DF81F0007E0FFE7FFE7FFE7FFE70020F6
:1017B0008DF81F00FFE79DF81F0008B080BD0000F6
:1017C00080B58AB008908DF81F10069200208DF821
:1017D00013009DF81F00002840F08380FFE7089861
:1017E00000F5AA7005900898D0F89402032876D1E5
:1017F000FFE705998868C96888421DD9FFE7059900
:101800008868CA68801A88600898029006980390D1
:1018100005998868C968884204D2FFE705988068FE
:10182000019003E00598C0680190FFE703990298D2
:10183000019AFFF799FA51E0089890F8AA0200F08F
:101840001F000146009140B1FFE70098012808D031
:10185000FFE7009802280CD013E000208DF812005A
:1018600013E0089890F8AE12FFF776FA8DF81200A0
:101870000BE0089890F8AE12FFF766FA8DF81200A8
:1018800003E000208DF81200FFE79DF8120008BB6E
:10189000FFE7089890F89C0203281AD1FFE7089800
:1018A0009DF8121000EB8100D0F8B802006978B101
:1018B000FFE79DF812000899C1F8D40208989DF836
:1018C000121000EB8101D1F8B81209698847FFE7CF
:1018D000FFE7FFE70898FFF7BDFAFFE700E0FFE743
:1018E00040E008989DF81F1001F07F01FFF72CFAE7
:1018F0008DF812009DF81200FF2832D0FFE79DF806
:10190000120070BBFFE7089890F89C0203281ED1D4
:10191000FFE708989DF8121000EB8100D0F8B8029C
:10192000806998B1FFE79DF812000899C1F8D402C8
:1019300008989DF8121000EB8101D1F8B8128A695D
:101940009DF81F1090478DF81300FFE7FFE79DF803
:10195000130028B1FFE79DF813008DF8270005E07C
:10196000FFE7FFE700208DF82700FFE79DF827003D
:101970000AB080BD81B00090002001B07047000027
:1019800080B582B0019000208DF8030001990120FC
:1019900081F89C020198D0F8B80268B1FFE701987D
:1019A000D0F8B8124A680179904720B1FFE70320C8
:1019B0008DF80300FFE7FFE79DF8030002B080BD4C
:1019C00080B582B001908DF803100198D0F8C8025C
:1019D0009DF80310F2F77AFE02B080BD80B584B0A6
:1019E000039003980078A8BBFFE7039943F6A8404B
:1019F000C2F200000290C0F808150399C1F8C802AD
:101A00004FF0A0410160042141600222C260002128
:101A100001618261C16101624162C1620163F3F7E8
:101A20000FFC18B1FFE7F0F7AFF8FFE743F6A84067
:101A3000C2F20000019080210091F2F7C9FC0198E8
:101A400000214022F2F7D0FC009A01980121F2F720
:101A5000CBFCFFE7002004B080BD000084B0029002
:101A60008DF807100298D0F8C80200909DF8070082
:101A7000000600280ED5FFE700989DF8071001F03A
:101A80007F0101EBC10100EB810090F83E008DF871
:101A90000F000DE000989DF8071001F07F0101EBA9
:101AA000C10100EB810090F87E028DF80F00FFE786
:101AB0009DF80F0004B0704780B584B002908DF897
:101AC00007100298D0F8D41200EB8100D0F8B802C9
:101AD00020B9FFE703208DF80F0020E0029890F86E
:101AE0009C02032817D1FFE70298D0F8D41200EB2C
:101AF0008100D0F8B802006A60B1FFE70298D0F820
:101B0000D41200EB8101D1F8B8120A6A9DF80710CF
:101B10009047FFE7FFE700208DF80F00FFE79DF8F3
:101B20000F0004B080BD000080B584B002908DF835
:101B300007100298D0F8D41200EB8100D0F8B80258
:101B400020B9FFE703208DF80F0020E0029890F8FD
:101B50009C02032817D1FFE70298D0F8D41200EBBB
:101B60008100D0F8B802406A60B1FFE70298D0F86F
:101B7000D41200EB8101D1F8B8124A6A9DF807101F
:101B80009047FFE7FFE700208DF80F00FFE79DF883
:101B90000F0004B080BD000080B584B003908DF8C4
:101BA0000B108DF80A20ADF8083000208DF80700E2
:101BB0008DF806000398D0F8C8029DF80B10BDF808
:101BC00008209DF80A30F2F793FD8DF807009DF884
:101BD0000700FFF78FFC8DF806009DF8060004B0A3
:101BE00080BD000080B586B005908DF8131003927B
:101BF000029300208DF807008DF806000598D0F8B4
:101C0000C8029DF81310039A029BF2F7E7FD8DF8C6
:101C100007009DF80700FFF76DFC8DF806009DF8A2
:101C2000060006B080BD000080B586B0059000209B
:101C30008DF81300059A012182F89C120599C1F8CC
:101C40009402059948600599C1F8A402059981F8A4
:101C5000A0020598D0F8B802A0B1FFE70598D0F827
:101C6000B802406868B1FFE70598D0F8B8124A6832
:101C70000179904720B1FFE703208DF81300FFE7BB
:101C8000FFE7FFE7059800220192402303931146E6
:101C9000FFF782FF019A039B059901200290A1F8AA
:101CA00064010598C0F8603105988021FFF774FF42
:101CB00002990398059A9184059908629DF813008A
:101CC00006B080BD81B00090009890F89C02042876
:101CD00007D1FFE7009890F89D02009981F89C02D7
:101CE000FFE7002001B0704780B582B001900198F5
:101CF00090F89C02032813D1FFE70198D0F8B802AE
:101D000068B1FFE70198D0F8B802C06930B1FFE7C9
:101D10000198D0F8B812C9698847FFE7FFE7FFE7E5
:101D2000002002B080BD000082B001908DF8031049
:101D30009DF8030001990874002002B0704700006C
:101D400080B582B001908DF8031000208DF802005C
:101D50008DF801000198D0F8C8029DF80310F3F740
:101D60005FFC8DF802009DF80200FFF7C3FB8DF8C1
:101D700001009DF8010002B080BD000080B584B074
:101D800003900291039800F2AA20029900F0AAF8A9
:101D900003990120C1F894020399B1F8B002C1F887
:101DA0009802039890F8AA0200F01F0001460091E3
:101DB00040B1FFE7009801280CD0FFE70098022807
:101DC00010D017E0039800F2AA2100F04FFA8DF826
:101DD000070019E0039800F2AA2100F083FC8DF8B7
:101DE000070011E0039800F2AA2100F0A5FA8DF88F
:101DF000070009E0039890F8AA1201F0800100F0B2
:101E000007F88DF80700FFE79DF8070004B080BDD4
:101E100080B582B001908DF8031000208DF802008B
:101E20008DF801000198D0F8C8029DF80310F2F770
:101E300019FD8DF802009DF80200FFF75BFB8DF89D
:101E400001009DF8010002B080BD000080B582B0A5
:101E5000019000208DF803008DF802000198D0F861
:101E6000C802F3F719FC8DF803009DF80300FFF793
:101E700041FB8DF802009DF8020002B080BD000019
:101E800081B00090009890F89C02009981F89D0222
:101E90000099042081F89C02002001B070470000E6
:101EA00080B586B005908DF8131003920293002040
:101EB0008DF807008DF806000598D0F8C8029DF847
:101EC0001310039A029BF2F73DFD8DF807009DF871
:101ED0000700FFF70FFB8DF806009DF8060006B01F
:101EE00080BD000080B584B00390029102980190FB
:101EF00001980078039908700198013001900198C9
:101F00000078039948700198013001900198FCF71E
:101F100069FF0399488001980130019001980130D0
:101F200001900198FCF75EFF0399888001980130C9
:101F300001900198013001900198FCF753FF03993B
:101F4000C88004B080BD000080B584B002900191CB
:101F50000020ADF80200019820B9FFE703208DF8BA
:101F60000F0026E001980299C1F8B8020298D0F853
:101F7000D41200EB8100D0F8B802C06A78B1FFE754
:101F80000298D0F8D41200EB8100D0F8B802C16AF0
:101F90000DF1020088470299C1F8D002FFE70299CB
:101FA000D1F8D8020130C1F8D80200208DF80F0016
:101FB000FFE79DF80F0004B080BD000081B00090E5
:101FC000002001B07047000080B584B003900291FA
:101FD00002988088B8BBFFE70298C08898BBFFE7EB
:101FE000029840887F282ED8FFE70298807800F07A
:101FF0007F008DF80700039890F89C02032805D114
:10200000FFE703980299FEF7CFFE1BE09DF807005B
:10201000039981F89E0203989DF80710FFF790FE40
:102020000398FEF717FF9DF8070028B1FFE7039913
:10203000022081F89C0204E00399012081F89C02AF
:10204000FFE7FFE704E003980299FEF7ADFEFFE724
:1020500004B080BD80B582B001908DF803100020DF
:102060008DF802000198D0F8B80250B1FFE701984E
:10207000D0F8B8120A689DF8031090478DF8020056
:10208000FFE79DF8020002B080BD000080B586B079
:102090000490039100208DF80B000398817841F69D
:1020A0009430C2F2000001700078022808D3FFE7E4
:1020B00004980399FEF778FE03208DF81700A0E03E
:1020C000049890F89C0201460191022804D0FFE791
:1020D000019803282FD07FE041F69430C2F200002F
:1020E000007818B3FFE741F69431C2F20001087896
:1020F000049A506004980978FFF7ACFF8DF80B0044
:102100009DF80B0048B1FFE704980399FEF74CFED9
:102110000499022081F89C0207E00498FEF79AFED9
:102120000499032081F89C02FFE703E00498FEF77E
:1021300091FEFFE760E041F69430C2F200000078C3
:1021400098B9FFE70499022081F89C0241F6943186
:10215000C2F200010878049A506004980978FEF7EA
:10216000B9FD0498FEF776FE35E041F69430C2F2F0
:102170000000007804994968884227D0FFE7049856
:102180000179FEF7A7FD41F69431C2F2000108780B
:10219000049A506004980978FFF75CFF8DF80B00F3
:1021A0009DF80B0068B1FFE704980399FEF7FCFD6A
:1021B00004980179FEF78EFD0499022081F89C02B3
:1021C00003E00498FEF746FEFFE703E00498FEF7FD
:1021D00041FEFFE7FFE70FE004980399FEF7E4FDF7
:1021E000049841F69431C2F200010978FEF772FDBD
:1021F00003208DF80B00FFE79DF80B008DF817000A
:10220000FFE79DF8170006B080BD000080B582B0E2
:102210000190009100984088012808D1FFE70199BA
:102220000120C1F8A4020198FEF714FE13E0009803
:102230004088022809D1FFE700984079019981F888
:10224000A0020198FEF706FE04E001980099FEF74F
:10225000ABFDFFE7FFE702B080BD000080B582B0B4
:1022600001900198FFF7F2FD02B080BD80B586B005
:102270000590049100208DF80F000498007800F07C
:10228000600001460291A8B1FFE70298202804D01F
:10229000FFE70298402846D1FFE70598D0F8D4120E
:1022A00000EB8101D1F8B8128A68049990478DF843
:1022B0000F003DE0049840780146019109282CD890
:1022C0000199DFE801F01B252A202A0A052A160FAA
:1022D00005980499FEF7BAFE24E005980499FFF7E3
:1022E00073FE1FE005980499FFF7D0FE8DF80F00EC
:1022F00018E005980499FEF777FE13E00598049915
:10230000FFF77AF80EE005980499FFF77FFF09E0E0
:1023100005980499FEF7F8FC04E005980499FEF787
:1023200043FDFFE704E005980499FEF73DFDFFE754
:102330009DF80F0006B080BD80B58CB00B900A915F
:1023400000208DF821000A9880888DF823000A98D3
:10235000007800F0600001460791B8B3FFE70798E6
:10236000202805D0FFE70798402840F0B281FFE71A
:102370000B989DF82310FEF7E7FC8DF822009DF8DE
:102380002200FF2821D0FFE79DF82200E8B9FFE7EF
:102390009DF822000B99C1F8D4020B989DF82210E9
:1023A00000EB8100D0F8B802806868B1FFE70B98B5
:1023B0009DF8221000EB8101D1F8B8128A680A99C1
:1023C00090478DF82100FFE7FFE787E10A98407802
:1023D00001460691002800F0BD80FFE7069801281D
:1023E0004CD0FFE70698032840F06D81FFE70B987B
:1023F00090F89C0201460591022804D0FFE7059859
:10240000032819D034E09DF8230078B1FFE79DF848
:10241000230080280AD0FFE70B989DF82310FFF7D0
:10242000F7FC0B988021FFF7F3FC04E00B980A9966
:10243000FEF7BAFCFFE720E00A984088A0B9FFE762
:102440009DF8230078B1FFE79DF8230080280AD08B
:10245000FFE70A98C08830B9FFE70B989DF8231072
:10246000FFF7D6FCFFE7FFE70B98FEF7F3FC04E06D
:102470000B980A99FEF798FCFFE729E10B9890F872
:102480009C0201460491022804D0FFE70498032827
:1024900019D059E09DF8230078B1FFE79DF823009B
:1024A00080280AD0FFE70B989DF82310FFF7B0FCB7
:1024B0000B988021FFF7ACFC04E00B980A99FEF71B
:1024C00073FCFFE745E00A984088E0BBFFE79DF812
:1024D0002300400630B1FFE70B989DF82310FFF76B
:1024E00069F8FFE70B98FEF7B5FC0B989DF82310F1
:1024F000FEF72AFC8DF822009DF82200FF2821D04B
:10250000FFE79DF82200E8B9FFE79DF822000B994C
:10251000C1F8D4020B989DF8221000EB8100D0F88E
:10252000B802806868B1FFE70B989DF8221000EBB5
:102530008101D1F8B8128A680A9990478DF8210074
:10254000FFE7FFE7FFE704E00B980A99FEF72CFC92
:10255000FFE7BDE00B9890F89C020146039102282A
:1025600004D0FFE70398032838D0A6E09DF82300A5
:1025700050B1FFE79DF82300802805D0FFE70B98B6
:102580000A99FEF711FC9DE09DF823000006002843
:102590000CD5FFE70B989DF8231001F07F0101EBAC
:1025A000810100EB8100143002900CE00B989DF843
:1025B000231001F07F0101EB810100EB810000F5A8
:1025C000AA700290FFE7029809900999002008601C
:1025D0000B9809990222FEF723FC73E09DF8230073
:1025E0000006002812D5FFE70B989DF8231001F094
:1025F0000F0101EB810100EB8100808C28B9FFE71E
:102600000B980A99FEF7D0FB5CE012E00B989DF85E
:10261000231001F00F0101EB810100EB8100B0F804
:10262000640128B9FFE70B980A99FEF7BDFB49E062
:10263000FFE79DF82300000600280CD5FFE70B9864
:102640009DF8231001F07F0101EB810100EB810077
:10265000143001900CE00B989DF8231001F07F01DD
:1026600001EB810100EB810000F5AA700190FFE70A
:10267000019809909DF8230028B1FFE79DF82300F9
:10268000802804D1FFE70999002008600FE00B982B
:102690009DF82310FFF7E2F920B1FFE70999012027
:1026A000086003E0099900200860FFE7FFE70B9846
:1026B00009990222FEF7B4FB04E00B980A99FEF791
:1026C00073FBFFE704E00B980A99FEF76DFBFFE749
:1026D00004E00B980A99FEF767FBFFE79DF82100DD
:1026E0000CB080BD80B584B00390029100208DF8BD
:1026F00007000298007800F060000146009140B1A8
:10270000FFE70098202804D0FFE7009840285AD11E
:10271000FFE7039890F89C02013802284DD8FFE7A4
:1027200002980079012842D8FFE7039802990979B5
:10273000FEF712FB8DF806009DF80600FF2825D055
:10274000FFE79DF8060008BBFFE703989DF8061019
:1027500000EB8100D0F8B802806890B1FFE79DF8E7
:1027600006000399C1F8D40203989DF8061000EB07
:102770008101D1F8B8128A68029990478DF8070054
:1027800003E003208DF80700FFE703E003208DF846
:102790000700FFE70298C08840B9FFE79DF80700EF
:1027A00020B9FFE70398FEF755FBFFE704E0039825
:1027B0000299FEF7F9FAFFE704E003980299FEF7A1
:1027C000F3FAFFE704E003980299FEF7EDFAFFE75A
:1027D0009DF8070004B080BD81B0009001B0704743
:1027E00081B0009041F69850C2F2000001B07047ED
:1027F00084B00390029103980190029800780090B1
:1028000002984078012830D1FFE70298007800F064
:102810000F01012000FA01F20199D1F81C081043C0
:10282000C1F81C080198009900EB4110D0F800098C
:102830000004002818D4FFE70299C8686FF3DF206E
:10284000097940EA8140009A40EA8250019901EBFF
:102850004211D1F80029104348F20002C1F20002EF
:102860001043C1F80009FFE72EE00298007800F05D
:102870000F01012000FA01F20199D1F81C0840EA89
:102880000240C1F81C080198009900EB4110D0F8F3
:10289000000B0004002816D4FFE70299C8686FF304
:1028A000DF20097940EA81400199009A01EB421149
:1028B000D1F8002B104348F20002C1F2000210438D
:1028C000C1F8000BFFE7FFE7002004B070470000ED
:1028D00082B00190019800900099D1F8000940F26F
:1028E000FF729043C1F800090099D1F8040840F440
:1028F0008070C1F80408002002B070472DE9F04F45
:1029000091B00191DDF88CB0DDF888A0DDF88490FD
:10291000DDF880801F9F1E9E1D9D1C9CDDF86CE0D5
:10292000DDF868C001990199CDF840B0CDF83CA020
:10293000CDF83890CDF834800C970B960A95099411
:10294000CDF820E0CDF81CC00693059204910390C9
:102950000998012822D1FFE70399886B20F4803081
:1029600088630399C8684FF6BF72CFF6BD721040F6
:10297000C8600399C86820F44010C8601098012806
:1029800006D1FFE70399C86840F48010C860FFE7EC
:10299000039800F031F88DF80B0019E00399C8682E
:1029A00040F04000C860039800F026F88DF80B0056
:1029B0000D9830B9FFE70399886B40F48030886345
:1029C00005E00399886B20F480308863FFE7FFE718
:1029D000079801280BD1FFE70399886840F00600AB
:1029E00088600399886840F020008860FFE79DF8C0
:1029F0000B0011B0BDE8F08F83B001900020009073
:102A0000FFE7009801300090009840F64151C0F275
:102A10000301884204D3FFE703208DF80B0028E070
:102A2000FFE701980069C00F0028EAD0FFE7002007
:102A300000900199086940F001000861FFE70098E3
:102A400001300090009840F64151C0F203018842E5
:102A500004D3FFE703208DF80B000AE0FFE701989D
:102A60000069C0070028EAD1FFE700208DF80B00BD
:102A7000FFE79DF80B0003B07047000084B003909F
:102A80000291039801900298007800900298407893
:102A9000012845D1FFE70198009900EB4110D0F8DB
:102AA0000009C00FA8B1FFE70198009900EB4111A0
:102AB000D1F8000940F00060C1F8000901980099C0
:102AC00000EB4111D1F8000940F08040C1F8000945
:102AD000FFE70298007800F00F01012000FA01F3EF
:102AE000019AD2F83C189943C2F83C180299097827
:102AF00001F00F0100FA01F20199D1F81C0890438E
:102B0000C1F81C080198009900EB4111D1F80009A7
:102B100047F60002CEF633421040C1F8000946E005
:102B20000198009900EB4110D0F8000BC00FA8B13C
:102B3000FFE70198009900EB4111D1F8000B40F03C
:102B40000060C1F8000B0198009900EB4111D1F829
:102B5000000B40F08040C1F8000BFFE702980078BE
:102B600000F00F01012000FA01F3019AD2F83C189D
:102B700021EA0341C2F83C180299097801F00F01DB
:102B800000FA01F20199D1F81C0820EA0240C1F8CC
:102B90001C080198009900EB4111D1F8000B47F691
:102BA0000002CEF6F3721040C1F8000BFFE70020E0
:102BB00004B0704782B00190019800900099D1F85C
:102BC000000E20F00300C1F8000E0099D1F80408AF
:102BD00020F00200C1F80408002002B07047000095
:102BE00082B00190019800900099D1F8000E20F079
:102BF0000300C1F8000E0099D1F8040840F002006B
:102C0000C1F80408002002B0704700002DE9F04F21
:102C100093B00191DDF894B0DDF890A0DDF88C90D0
:102C2000DDF88880219F209E1F9D1E9CDDF874E0AA
:102C3000DDF870C001990199CDF848B0CDF844A0F5
:102C4000CDF84090CDF83C800E970D960C950B94E6
:102C5000CDF828E0CDF824C008930792069105909E
:102C600000208DF81300059903910290FFE7029868
:102C70000E280CD8FFE70598029900EB810100208F
:102C8000C1F80401FFE7029801300290EFE71098C5
:102C9000B8B9FFE70399D1F8040840F00200C1F881
:102CA00004080599886B40F4001088630599886BC7
:102CB00020F4002088630599886B20F480208863C5
:102CC0000AE00599886B20F4001088630599886BE9
:102CD00040F400208863FFE703990020C1F8000E4C
:102CE0000399D1F80008C1F800080B9801280ED10B
:102CF000FFE7089828B9FFE70598002100F038FFA2
:102D000004E00598012100F033FFFFE704E0059897
:102D1000032100F02DFFFFE70598102100F05EFD74
:102D200020B1FFE701208DF81300FFE7059800F0C0
:102D300015FD20B1FFE701208DF81300FFE703998F
:102D40000020C1F810080399C1F814080399C1F8CC
:102D50001C080290FFE70298069988423BD2FFE7E1
:102D60000398029900EB4110D0F80009C00FB0B1F0
:102D7000FFE7029848B9FFE70398029900EB411179
:102D80004FF00060C1F8000908E00398029900EBD9
:102D900041114FF09040C1F80009FFE707E00398A8
:102DA000029900EB41110020C1F80009FFE70398E8
:102DB000029900EB41110020C1F810090398029913
:102DC00000EB41114FF67F30C1F80809FFE7029888
:102DD00001300290BFE700200290FFE702980699B9
:102DE00088423BD2FFE70398029900EB4110D0F8EC
:102DF000000BC00FB0B1FFE7029848B9FFE7039896
:102E0000029900EB41114FF00060C1F8000B08E09F
:102E10000398029900EB41114FF09040C1F8000B6C
:102E2000FFE707E00398029900EB41110020C1F889
:102E3000000BFFE70398029900EB41110020C1F855
:102E4000100B0398029900EB41114FF67F30C1F847
:102E5000080BFFE7029801300290BFE70399D1F811
:102E6000100820F48070C1F81008059900208861CE
:102E700005996FF080404861099830B9FFE70599DE
:102E8000886940F010008861FFE70599886943F67A
:102E90000002C8F23C02104388610C9830B1FFE791
:102EA0000599886940F008008861FFE710980128BB
:102EB00008D1FFE7059988690422C4F20002104393
:102EC0008861FFE79DF8130013B0BDE8F08F0000A4
:102ED00081B000900099886820F00100886000208F
:102EE00001B0704785B0049003918DF80B200498D1
:102EF000019003980078009003984078012840F0F2
:102F00009580FFE703988069F8B9FFE70198009979
:102F100000EB4111D1F810096FF3DC40C1F8100942
:102F20000198009900EB4111D1F8100940F40020FC
:102F3000C1F810090198009900EB4111D1F810096E
:102F40006FF31200C1F8100935E00198009900EB09
:102F50004111D1F810096FF31200C1F8100901985E
:102F6000009900EB4111D1F810096FF3DC40C1F872
:102F700010090398C1688069884204D9FFE7039962
:102F8000C8688861FFE70198009900EB4111D1F80A
:102F9000100940F40020C1F81009039882696FF30A
:102FA000DF420198009900EB4111D1F8100910435C
:102FB000C1F81009FFE79DF80B00012818D1FFE7C1
:102FC0000398406948B1FFE7039840690199009A66
:102FD00001EB4211C1F81409FFE70198009900EBD9
:102FE0004111D1F8000940F00440C1F800091CE08B
:102FF0000198009900EB4111D1F8000940F004401C
:10300000C1F800090398806970B1FFE70398007860
:1030100000F00F01012000FA01F20199D1F8340803
:103020001043C1F83408FFE7FFE753E00198009927
:1030300000EB4111D1F8100B6FF31200C1F8100B27
:103040000198009900EB4111D1F8100B6FF3DC40AF
:10305000C1F8100B0398806920B1FFE70399C86895
:103060008861FFE70399C868C8610198009900EB7F
:103070004111D1F8100B40F40020C1F8100B039857
:10308000C2696FF3DF420198009900EB4111D1F85A
:10309000100B1043C1F8100B9DF80B0001280ED146
:1030A000FFE70398006948B1FFE7039800690199B9
:1030B000009A01EB4211C1F8140BFFE7FFE70198FA
:1030C000009900EB4111D1F8000B40F00440C1F829
:1030D000000BFFE7002005B07047000086B00490A9
:1030E0008DF80F100292049801900498006C0090E3
:1030F000009843F20B01C4F6547188420BD3FFE7EA
:103100000198D0F8000BC00F20B1FFE700208DF828
:1031100017002EE0FFE701990020C1F8100B01997C
:10312000D1F8100B40F40020C1F8100B0199D1F830
:10313000100B40F01800C1F8100B0199D1F8100BDA
:1031400040F0C040C1F8100B9DF80F0001280CD1D1
:10315000FFE702980199C1F8140B0199D1F8000B0F
:1031600040F08020C1F8000BFFE700208DF8170029
:10317000FFE79DF8170006B07047000084B0039089
:10318000029103980190029800780090029840788C
:10319000012820D1FFE70198009900EB4111D1F8F7
:1031A000000920F40010C1F80009029800790328F2
:1031B00005D0FFE70298007902280BD1FFE70198BC
:1031C000009900EB4111D1F8000940F08050C1F89E
:1031D0000009FFE71FE00198009900EB4111D1F8C9
:1031E000000B20F40010C1F8000B029800790328AE
:1031F00005D0FFE70298007902280BD1FFE701987C
:10320000009900EB4111D1F8000B40F08050C1F85B
:10321000000BFFE7FFE7002004B0704784B0039085
:1032200002910398019002980078009002984078EB
:10323000012822D1FFE70198009900EB4110D0F856
:103240000009C00F70B9FFE7009858B1FFE7019877
:10325000009900EB4111D1F8000920F08040C1F83D
:103260000009FFE70198009900EB4111D1F800092E
:1032700040F40010C1F8000921E00198009900EB2A
:103280004110D0F8000BC00F70B9FFE7009858B19B
:10329000FFE70198009900EB4111D1F8000B20F0F5
:1032A0008040C1F8000BFFE70198009900EB411145
:1032B000D1F8000B40F40010C1F8000BFFE700202C
:1032C00004B0704780B588B0079006918DF817203C
:1032D0000798049006980078039006984078012893
:1032E00040F00381FFE706988069F8B9FFE704988A
:1032F000039900EB4111D1F810096FF3DC40C1F8DC
:1033000010090498039900EB4111D1F8100940F419
:103310000020C1F810090498039900EB4111D1F87D
:1033200010096FF31200C1F8100950E004980399D6
:1033300000EB4111D1F810096FF31200C1F8100928
:103340000498039900EB4111D1F810096FF3DC40A8
:10335000C1F810090698C168806908440138B0FBBB
:10336000F1F10020C1F6F87000EAC1420498039917
:1033700000EB4111D1F810091043C1F8100906986B
:1033800082696FF3DF420498039900EB4111D1F891
:1033900010091043C1F8100906980079012815D1C9
:1033A000FFE70498039900EB4111D1F8100920F0D0
:1033B000C040C1F810090498039900EB4111D1F8FD
:1033C000100940F00050C1F81009FFE7FFE79DF831
:1033D000170001283BD1FFE70698406948B1FFE795
:1033E000069840690499039A01EB4211C1F8140947
:1033F000FFE70698007901281ED1FFE70498D0F86E
:103400000808C00500280BD4FFE70498039900EBD7
:103410004111D1F8000940F00050C1F800090AE05C
:103420000498039900EB4111D1F8000940F0805055
:10343000C1F80009FFE7FFE70498039900EB411189
:10344000D1F8000940F00440C1F800094CE00498AC
:10345000039900EB4111D1F8000940F00440C1F894
:10346000000906980079012813D0FFE706988069C3
:1034700070B1FFE70698007800F00F01012000FA14
:1034800001F20499D1F834081043C1F83408FFE779
:1034900029E00498D0F80808C00500280BD4FFE7FD
:1034A0000498039900EB4111D1F8000940F0005055
:1034B000C1F800090AE00498039900EB4111D1F822
:1034C000000940F08050C1F80009FFE70798069B0B
:1034D00019691A781B8B9DF817C0EE46CEF800C00C
:1034E00000F036FCFFE7FFE79DE00498039900EB4E
:1034F0004111D1F8100B6FF31200C1F8100B0498B2
:10350000039900EB4111D1F8100B6FF3DC40C1F8C7
:10351000100B06988069C0B9FFE70698C2686FF380
:10352000DF420498039900EB4111D1F8100B1043CE
:10353000C1F8100B0498039900EB4111D1F8100B5E
:1035400040F40020C1F8100B2CE00698C168806997
:1035500008440138B0FBF1F0ADF80A000699C868DC
:10356000BDF80A205043C861BDF80A100020C1F61A
:10357000F87000EAC1420498039900EB4111D1F8B8
:10358000100B1043C1F8100B0698C2696FF3DF42AD
:103590000498039900EB4111D1F8100B1043C1F8C6
:1035A000100BFFE79DF8170001280ED1FFE70698E2
:1035B000006948B1FFE7069800690499039A01EB96
:1035C0004211C1F8140BFFE7FFE7069800790128C4
:1035D0001ED1FFE70498D0F80808C00500280BD4D6
:1035E000FFE70498039900EB4111D1F8000B40F07C
:1035F0000050C1F8000B0AE00498039900EB411158
:10360000D1F8000B40F08050C1F8000BFFE7FFE756
:103610000498039900EB4111D1F8000B40F00440ED
:10362000C1F8000BFFE7002008B080BD85B0049012
:103630000391002002908DF80700049800900398F1
:10364000407801283ED1FFE700980399097800EB04
:103650004110D0F80009C00F98B3FFE70098039914
:10366000097800EB4111D1F8000940F00060C1F881
:10367000000900980399097800EB4111D1F800097D
:1036800040F08040C1F80009FFE702980130029045
:10369000029842F21171884204D3FFE701208DF8AD
:1036A00007000DE0FFE700980399097800EB41104F
:1036B000D0F8000900F00040B0F1004FE5D0FFE77E
:1036C000FFE73DE000980399097800EB4110D0F83E
:1036D000000BC00F98B3FFE700980399097800EB3F
:1036E0004111D1F8000B40F00060C1F8000B0098C8
:1036F0000399097800EB4111D1F8000B40F08040AC
:10370000C1F8000BFFE7029801300290029842F2E4
:103710001171884204D3FFE701208DF807000DE006
:10372000FFE700980399097800EB4110D0F8000BEF
:1037300000F00040B0F1004FE5D0FFE7FFE7FFE702
:103740009DF8070005B0704781B000900099886827
:1037500040F001008860002001B0704783B0019004
:1037600000200090FFE7009801300090009840F69C
:103770004151C0F20301884204D3FFE703208DF8D2
:103780000B0027E0FFE701980069C00F0028EAD08E
:10379000FFE700200090019910200861FFE70098E2
:1037A00001300090009840F64151C0F20301884278
:1037B00004D3FFE703208DF80B000BE0FFE701982F
:1037C000006900F010001028E9D0FFE700208DF814
:1037D0000B00FFE79DF80B0003B0704784B0029028
:1037E000019100200090FFE70098013000900098C0
:1037F00040F64151C0F20301884204D3FFE70320A1
:103800008DF80F0029E0FFE702980069C00F00283B
:10381000EAD0FFE700200090019880012030029953
:103820000861FFE7009801300090009840F6415190
:10383000C0F20301884204D3FFE703208DF80F0094
:103840000BE0FFE70298006900F020002028E9D093
:10385000FFE700208DF80F00FFE79DF80F0004B090
:103860007047000084B00390039802900298D0F84B
:10387000080800F006000090009820B9FFE700203B
:103880008DF8070010E00098022804D0FFE70098A8
:10389000062804D1FFE702208DF8070003E00F207F
:1038A0008DF80700FFE7FFE79DF8070004B07047B9
:1038B00081B000900098406900F0010001B07047AD
:1038C00083B00290029801900198D0F818080090F7
:1038D0000198D0F81C18009808400090BDF800002E
:1038E00003B0704783B00290029801900198D0F81D
:1038F000180800900198D0F81C1800980840009013
:10390000BDF8020003B0704786B005908DF8131023
:10391000059803900398D0F8100801900398D0F808
:103920003408009000989DF8131001F00F01C84072
:1039300000F00101019840EAC110019003989DF840
:10394000131000EB4110D0F80809019908400290CB
:10395000029806B07047000084B003908DF80B10F9
:103960000398019001989DF80B1000EB4110D0F8DE
:10397000080B00900198D0F81418009808400090A7
:10398000009804B07047000082B00190019840692F
:10399000009001988169009808400090009802B05A
:1039A0007047000089B008900791ADF81A20089878
:1039B000059007980490BDF81A0080080190BDF8A2
:1039C0001A0000F00300ADF8020000200290FFE7AB
:1039D00002980199884217D2FFE705984FF4805169
:1039E000405804990860049801300490049801300C
:1039F0000490049801300490049801300490FFE78B
:103A0000029801300290E3E7BDF8020008B3FFE737
:103A10000020029005984FF4805140580390FFE732
:103A200003989DF80810C900C840049908700298CE
:103A300001300290049801300490BDF80200013872
:103A4000ADF80200FFE7BDF802000028E8D1FFE76B
:103A5000FFE7049809B0704780B586B004908DF8F0
:103A60000F10002002900499C86820F0C040C86080
:103A70009DF80F00012823D1FFE70499C86840F0A2
:103A80000050C860FFE70120F0F73EF902980130CE
:103A90000290FFE70498FFF70BFF01460020012981
:103AA000019007D0FFE702990020322938BF01209A
:103AB0000190FFE70198C0070028E4D1FFE72AE062
:103AC0009DF80F0010BBFFE70499C86840F08040E4
:103AD000C860FFE70120F0F717F902980130029063
:103AE000FFE70498FFF7E4FE01460020009039B19B
:103AF000FFE702990020322938BF01200090FFE73C
:103B00000098C0070028E5D1FFE703E001208DF809
:103B100017000CE0FFE70298322804D1FFE70120EC
:103B20008DF8170003E000208DF81700FFE79DF8DF
:103B3000170006B080BD000083B002908DF807101A
:103B4000029800900099D1F8000820F4FE60C1F8B6
:103B500000089DF8070000F07F020099D1F80008E6
:103B600040EA0210C1F80008002003B070470000CE
:103B700083B002908DF80710029800909DF80720FE
:103B80000099D1F800081043C1F80008002003B0E4
:103B90007047000084B0039002918DF807209DF8D3
:103BA0000700022840F0B880FFE702984AF6C041BB
:103BB000C0F2D80188420BD3FFE702984EF2BF1142
:103BC000C0F2E401884203D8FFE70F200090A2E092
:103BD00002984EF2C011C0F2E40188420BD3FFE715
:103BE000029842F2FF31C0F2F401884203D8FFE7A5
:103BF0000E2000908EE0029842F20041C0F2F401E3
:103C000088420BD3FFE7029847F27F31C0F20611DA
:103C1000884203D8FFE70D2000907AE0029847F22F
:103C20008031C0F2061188420BD3FFE7029844F6B8
:103C30009F11C0F21A11884203D8FFE70C200090B0
:103C400066E0029844F6A011C0F21A1188420BD324
:103C5000FFE7029842F6FF41C0F23111884203D8D3
:103C6000FFE70B20009052E0029842F60051C0F2AC
:103C7000311188420BD3FFE702984AF23F41C0F26C
:103C80004C11884203D8FFE70A2000903EE00298DA
:103C90004AF24041C0F24C1188420BD3FFE7029830
:103CA00043F2FF51C0F26E11884203D8FFE70920AA
:103CB00000902AE0029843F20061C0F26E1188423F
:103CC0000BD3FFE702984AF61F31C0F2A6118842D3
:103CD00003D8FFE70820009016E002984AF620314A
:103CE000C0F2A61188420BD3FFE7029844F2FF719D
:103CF000C0F2E811884203D8FFE70720009002E0F5
:103D000006200090FFE7FFE7FFE7FFE7FFE7FFE799
:103D1000FFE7FFE7FFE70AE09DF8070018B9FFE7B4
:103D20000920009002E009200090FFE7FFE70399D7
:103D3000C86820F47050C860009800F00F02039922
:103D4000C86840EA8220C860002004B070470000C4
:103D500080B588B084460A98CDF81CC006918DF8CD
:103D60001720ADF814308DF81300079803900698CB
:103D700002909DF8130048BBFFE7BDF81400033024
:103D80008008019000200090FFE700980199884288
:103D90001BD2FFE70298006803999DF8172001EBFA
:103DA00002314FF4805288500298013002900298FC
:103DB0000130029002980130029002980130029086
:103DC000FFE7009801300090DFE7FFE7002008B030
:103DD00080BD0000FFE7FEE780B586B00490039148
:103DE0000020ADF80A00049820B1FFE703980228EC
:103DF00003D8FFE70020059029E0049803990239D1
:103E000040F20C02C2F200021288EEF75DF8ADF843
:103E10000A009DF80A10049A0398104410F8022C26
:103E20000020914201900DD1FFE79DF80B00049A0C
:103E30000399114411F8011C401AB0FA80F04009AE
:103E40000190FFE7019800F001000590FFE7059859
:103E500006B080BD80B584B00290ADF80610002099
:103E60008DF80500029828B1FFE7BDF8060002288A
:103E700003DCFFE70020039017E00298BDF806106E
:103E8000013989B2FF22EEF753F88DF805009DF84D
:103E90000500029ABDF80610114411F8011C401AE1
:103EA000B0FA80F040090390FFE7039804B080BDAA
:103EB00084B0DDF810C00390029101920093049841
:103EC00090ED0E0AB1EE400A039880ED000A0498C6
:103ED00090ED100AB1EE400A039880ED010A0198B6
:103EE000D0F85900039988600298C0690399C860A6
:103EF000029890F82000039900F0010008740298DD
:103F0000406A039948610198D0F8590000EE100A00
:103F1000BDEEC00A10EE100A03990876009890F8DA
:103F20003F100020B0EB111F11D0FFE7009890F870
:103F30004500C008C00750B9FFE743F2AC01C2F228
:103F400000010878B0FA80F040090870FFE7009996
:103F500091F83F3091F84500082202EA530200F040
:103F6000F700104481F8450043F2AC00C2F20000B3
:103F700000780399487604B07047000080B584B09B
:103F80000290019102982C21F6F71AFB8DF803009C
:103F90009DF80300C00758B1FFE702980199ECF7BC
:103FA00099FF8DF802009DF802008DF80F0003E0E4
:103FB00000208DF80F00FFE79DF80F0004B080BDD2
:103FC00082B001900091019988884880009801781A
:103FD000407840EA01200199888001990889C880C9
:103FE00000988178C07840EA012000B246F267610B
:103FF000C6F2666150FB01F1880800EBD1700199AF
:10400000088100980179407940EA012000B200EE71
:10401000100AB8EEC00A9FED2D1A80EE010ABDEE1F
:10402000C00A10EE100A01998881009880790199E0
:1040300088730198B0F90210B0F90400401A10F525
:104040007A6F05DAFFE70199888C013088840FE0E8
:104050000198B0F90210B0F90400401AB0F57A6F77
:1040600005DDFFE70199888C01388884FFE7FFE7C9
:104070000198B0F9242047F6F460002182420846F6
:10408000C8BF012048F20C13CFF6FF739A42B8BFA5
:104090000121084368B1FFE7019900208884019855
:1040A000B0F9041000EE101AB8EEC00A80ED0B0A49
:1040B000FFE701990F2008700199B1F90400B1F9E7
:1040C000242000EB4230086102B07047CDCC4C4454
:1040D00080B582B00190019844F20C21C2F2000137
:1040E00088420AD1FFE740F20040C4F202004FF4D8
:1040F00080510122F0F750F8FFE702B080BD0000C8
:1041000080B582B00190019844F20C21C2F2000106
:1041100088420AD1FFE740F20040C4F202004FF4A7
:1041200080510022F0F738F8FFE702B080BD0000B0
:1041300084B0039002910398006843F60001C4F232
:104140000001884211D1FFE70299D1F80600D1F8A9
:104150000A10019100900298D0F8010040F201216C
:10416000884201D1FFE7FFE7FFE704B07047000096
:1041700080B582B0019001982C21F6F721FA8DF8D4
:1041800003009DF8030090B1FFE79DF80300C0070E
:1041900030B1FFE701982C210022F6F7CBFA05E0B9
:1041A0009DF8030001388DF80300FFE705E09DF856
:1041B000030001388DF80300FFE702B080BD000066
:1041C00080B582B043F2F800C2F20000019001987D
:1041D000A821ECF7FFF901990320086101994861D2
:1041E00001984EF21651C0F601018161019A43F225
:1041F000B010C2F20000D061019A4FF480601062EA
:10420000019A00209062019A5062019AD062019A4C
:104210001166019A43F2A011C2F200015166019A9F
:1042200010219166019908670199C866019948674C
:10423000BFF35F8F0090FFE700980F280ED8FFE7CD
:10424000009A4DF6A830C0F60100801AC07B019993
:104250008854FFE7009801300090EDE7BFF35F8FCF
:1042600002B080BD84B00390039800690290039867
:10427000C068019002980199884209D8FFE7039825
:1042800080680199401A029908440138009005E0BD
:1042900002990198C04308440090FFE7009804B0D9
:1042A0007047000010B58CB0DDF83CC0DDF838C0B8
:1042B0000B900A91099208930A98B0F1FF3F04DC31
:1042C000FFE70A984042059002E00A980590FFE750
:1042D0000598069001200790FFE706980999884203
:1042E00009DBFFE70698099990FBF1F00690079823
:1042F00001300790F1E708980799884203D9FFE752
:1043000008980790FFE70E9870B1FFE70A98002819
:1043100006D4FFE79DF83C004007002804D5FFE7DE
:104320000E9801380E90FFE79DF83C0080070028AA
:1043300003D5FFE7089858B3FFE79DF83C00C00796
:1043400030BBFFE70E9810B3FFE7FFE70E990020A0
:10435000049041B1FFE707990E9A0020914238BFBF
:1043600001200490FFE70498C00778B1FFE70E989A
:1043700001380E900B98202100F050F90B98C0687E
:10438000B0F1FF3F01DCFFE700E0DFE7FFE7FFE719
:104390000B98C068002869D4FFE70A98B0F1FF3F86
:1043A00008DCFFE70A9840420A900B982D2100F0A4
:1043B00035F90CE09DF83C004007002805D5FFE7E3
:1043C0000B982B2100F02AF900E0FFE7FFE70B989C
:1043D000C068002849D4FFE79DF83C00800700280A
:1043E0002ED5FFE79DF83C00C00748BBFFE70898C3
:1043F00030BBFFE70E9810B3FFE7FFE70E990020F0
:10440000039041B1FFE707990E9A0020914238BF0F
:1044100001200390FFE70398C00778B1FFE70E98EB
:1044200001380E900B98302100F0F8F80B98C06816
:10443000B0F1FF3F01DCFFE700E0DFE7FFE7FFE768
:104440000B98C06800280FD4FFE70B980A99099AC7
:10445000089BDDF838C00F9CEE46CEF80440CEF83D
:1044600000C000F005F8FFE7FFE7FFE70CB010BD64
:1044700080B58CB0DDF83CC0DDF838C00B900A91F7
:10448000099208930A980590012006900490FFE78E
:1044900005980999884209D3FFE705980999B0FB67
:1044A000F1F00590049801300490F1E70898049920
:1044B000884203D9FFE708980490FFE79DF83C0085
:1044C000C007C0BBFFE70E98A0B3FFE79DF83C0014
:1044D0008007002807D5FFE7089820B9FFE73020BC
:1044E0008DF80F0003E020208DF80F00FFE7FFE7B5
:1044F0000E990020029041B1FFE704990E9A002026
:10450000914238BF01200290FFE70298C00780B1B6
:10451000FFE70E9801380E900B989DF80F1000F0F1
:104520007DF80B98C068B0F1FF3F01DCFFE700E0C9
:10453000DEE7FFE7FFE70B98C06800286CD4FFE7D1
:10454000FFE70898022804D3FFE70898013808908D
:104550000BE00A980699B0FBF1F0079007980999CB
:10456000884201D2FFE705E0FFE709990698484332
:104570000690E6E7FFE70A980699B0FBF1F007908E
:10458000079806990A9A00FB11200A900B98079A3F
:104590004DF6B931C0F60101895C00F03FF80B9887
:1045A000C068B0F1FF3F01DCFFE709E00999069818
:1045B000B0FBF1F00690FFE706980028DBD1FFE79B
:1045C0009DF83C00C00730B3FFE70E9810B3FFE73B
:1045D000FFE70E990020019041B1FFE704990E9A80
:1045E0000020914238BF01200190FFE70198C007E9
:1045F00078B1FFE70E9801380E900B98202100F05B
:104600000DF80B98C068B0F1FF3F01DCFFE700E058
:10461000DFE7FFE7FFE7FFE70CB080BD80B584B0C0
:1046200003908DF80B100398806801900198013079
:104630000399496888420FD8FFE79DF80B0003995A
:104640000968019A88540198013003998860039998
:10465000C8680130C860FFE70398416880688842F5
:1046600015D1FFE70398016882680069F9F7D2FF66
:1046700003998968884205D0FFE703994FF0FF301E
:10468000C86003E0039900208860FFE7FFE704B0FB
:1046900080BD000080B58AB0099008910792002083
:1046A00005900998C0680390FFE709980069049095
:1046B00004980399884206D9FFE704990398C043F8
:1046C0000844069008E0099881680398049A801AC3
:1046D000C04308440690FFE7069809998968039A41
:1046E000891A884203D2FFE70698019005E00998ED
:1046F00080680399401A0190FFE701980690069898
:104700000799884203D2FFE70698009002E00798D5
:104710000090FFE7009806900998406803990844C4
:10472000029002980899069AEBF7B3FE069905984D
:104730000844059006990898084408900699079837
:10474000401A079006990398084403900398099922
:104750008968884203D1FFE700200390FFE7BFF399
:104760005F8F03980999C860FFE7079800289CD1DC
:10477000FFE705980AB080BD80B588B00790069124
:1047800005920798C0680390079880680399401ABB
:10479000029002980599884212D9FFE7079840686D
:1047A00003990844019001980699059AEBF771FE68
:1047B000BFF35F8F0398059908440799C8601FE00D
:1047C0000298049007984068039908440190019862
:1047D0000699049AEBF75DFE05980299401A049039
:1047E00007984068019001980699029A1144049A2A
:1047F000EBF74FFEBFF35F8F04980799C860FFE7A0
:1048000008B080BD82B041EC100B8DED000B01981B
:10481000C00F02B07047000081B000EE100A009097
:104820000098C00F01B0704781B08DF803009DF96A
:10483000030000280ED4FFE79DF9031001F01F02CA
:10484000012090404A094EF20011CEF2000141F8D9
:104850002200FFE701B070474EF60C50CEF2000088
:104860000068C0F30220704782B08DF80700009105
:104870009DF9070000280AD4FFE7009800019DF980
:1048800007104EF20042CEF2000288540BE000986E
:1048900000019DF8071001F00F014EF61452CEF200
:1048A00000028854FFE702B07047000083B0029016
:1048B000029800F0070000904EF60C51CEF2000175
:1048C0000868019001984FF6FF021040019001988E
:1048D000009A40EA02200022C0F2FA5210430190EE
:1048E0000198086003B0704780B582B04AF2D86181
:1048F000C2F200010191002048738873C8730869EF
:104900004A69012363F302004A61086108694A6940
:1049100040F038004A61086108694A694FF0080CA4
:104920006CF389104A61086108694A694FF0110EF9
:104930006EF396304A6108610A69486940F25D2E5B
:104940006EF394200A6148610A6948694FF40B7E4E
:104950006EF35F500A61486108694A696CF38D2003
:104960004A61086108694A6963F3DF504A61086176
:104970000A694869022363F309000A61486140F249
:10498000B810C2F2000000680F304EF20751C0F6B6
:104990000101EBF73BFD019806F0EAFB019944F2B7
:1049A0000C40C2F200003C22F3F716FD02B080BDBD
:1049B00080B582B04AF21471C2F200010191002068
:1049C000487388730123CB7308694A6963F3020053
:1049D0004A61086108694A6940F038004A61086123
:1049E00008694A694FF0080C6CF389104A61086144
:1049F00008694A694FF0110E6EF396304A610861FA
:104A00000A6948694FF4307E6EF394200A61486168
:104A10000A69486940F2163E6EF35F500A614861C8
:104A200008694A696CF38D204A61086108694A691E
:104A300063F3DF504A6108610A694869022363F33E
:104A400009000A61486140F2BC10C2F2000000682F
:104A50000F304EF21F51C0F60101EBF7D7FC019861
:104A600006F086FB019944F20C40C2F200003C22A1
:104A7000F3F7B2FC02B080BD70B584B000200390A3
:104A8000FFE7039804282EDCFFE70398C0EB001231
:104A90004AF25070C2F200000D3000218154039A96
:104AA000C2EB021202445170039A911CC2EB021233
:104AB000024491700399C1EB01110144D1F8032024
:104AC000D1F80730D1F80B004FF0010C6CF3020263
:104AD000C1F80730C1F80320C1F80B00FFE70398C5
:104AE00001300390CDE705200290FFE702980428EB
:104AF00015DCFFE70298C0EB00114AF25070C2F2D9
:104B0000000001440A694B69886922F007024B6181
:104B10000A618861FFE7029801300290E6E740F2FF
:104B2000A410C2F200000268D2F80330D2F807C025
:104B3000D2F80B1023F03803C2F807C0C2F80330D4
:104B4000C2F80B100268D2F80330D2F807C0D2F8CE
:104B50000B104FF0080E6EF38913C2F807C0C2F8AD
:104B60000330C2F80B100268D2F803C0D2F8073045
:104B7000D2F80B1040F29D2464F39423C2F803C0D2
:104B8000C2F80730C2F80B100268D2F803C0D2F89E
:104B90000730D2F80B1040F21E3464F35F53C2F8B2
:104BA00003C0C2F80730C2F80B100268D2F8033015
:104BB000D2F807C0D2F80B1040F2B12464F394216C
:104BC000C2F807C0C2F80330C2F80B100268D2F86E
:104BD0000330D2F807C0D2F80B1040F20D3464F362
:104BE0005F51C2F807C0C2F80330C2F80B10026868
:104BF000D2F80330D2F807C0D2F80B106EF38D2331
:104C0000C2F807C0C2F80330C2F80B100168D1F82F
:104C10000330D1F80720D1F80B004FF00A0C6CF3E9
:104C20000902C1F80330C1F80720C1F80B0040F2B7
:104C3000A810C2F200000268D2F80330D2F8074090
:104C4000D2F80B1023F03803C2F80740C2F8033043
:104C5000C2F80B100268D2F80330D2F80740D2F83D
:104C60000B106EF38913C2F80740C2F80330C2F884
:104C70000B100268D2F80340D2F80730D2F80B10BC
:104C800040F23F2565F39423C2F80340C2F8073091
:104C9000C2F80B100268D2F80340D2F80730D2F8FD
:104CA0000B104FF4077565F35F53C2F80340C2F869
:104CB0000730C2F80B100268D2F80330D2F8074070
:104CC000D2F80B1040F2592666F39421C2F807403F
:104CD000C2F80330C2F80B100268D2F80330D2F8E1
:104CE0000740D2F80B1065F35F51C2F80740C2F8D5
:104CF0000330C2F80B100268D2F80330D2F8074034
:104D0000D2F80B106EF38D23C2F80740C2F80330BF
:104D1000C2F80B100168D1F80330D1F80720D1F8A0
:104D20000B006CF30902C1F80330C1F80720C1F889
:104D30000B0040F2AC10C2F200000268D2F803305F
:104D4000D2F80740D2F80B1023F03803C2F807401E
:104D5000C2F80330C2F80B100268D2F80330D2F860
:104D60000740D2F80B106EF38913C2F80740C2F85F
:104D70000330C2F80B100268D2F80340D2F80730B3
:104D8000D2F80B104FF4257565F39423C2F8034055
:104D9000C2F80730C2F80B100268D2F80340D2F80C
:104DA0000730D2F80B1040F21D1565F35F53C2F8BF
:104DB0000340C2F80730C2F80B100268D2F8033083
:104DC000D2F80740D2F80B1040F2A32565F39421E6
:104DD000C2F80740C2F80330C2F80B100268D2F8DC
:104DE0000330D2F80740D2F80B104FF4977565F3F3
:104DF0005F51C2F80740C2F80330C2F80B100268D6
:104E0000D2F80330D2F80740D2F80B106EF38D239E
:104E1000C2F80740C2F80330C2F80B100168D1F89D
:104E20000330D1F80720D1F80B006CF30902C1F868
:104E30000330C1F80720C1F80B0040F2B010C2F2F5
:104E400000000268D2F80310D2F80730062565F397
:104E5000C501C2F80730C2F803100268D2F8031087
:104E6000D2F807306EF38911C2F80730C2F8031088
:104E70000268D2F80310D2F807300D2464F396319B
:104E8000C2F80730C2F803100268D2F80330D2F833
:104E900007104FF42F7C6CF39421C2F80330C2F852
:104EA00007100268D2F80330D2F8071040F22F1C26
:104EB0006CF35F51C2F80330C2F807100268D2F8F1
:104EC0000310D2F807306EF38D21C2F80730C2F814
:104ED000031002684FF4FA71C2F80B100168D1F8A0
:104EE0000320D1F80700012363F30900C1F8032070
:104EF000C1F8070040F2B410C2F200000268D2F814
:104F00000310D2F807C065F3C501C2F807C0C2F8A4
:104F100003100268D2F80310D2F807C06EF38911AB
:104F2000C2F807C0C2F803100268D2F80310D2F822
:104F300007C064F39631C2F807C0C2F803100268D4
:104F4000D2F803C0D2F8071040F27F2464F3942112
:104F5000C2F803C0C2F807100268D2F803C0D2F842
:104F600007104FF4D97464F35F51C2F803C0C2F85C
:104F700007100268D2F80310D2F807C06EF38D2133
:104F8000C2F807C0C2F803100268FA21C2F80B1079
:104F90000168D1F80320D1F8070063F30900C1F8D4
:104FA0000320C1F807004AF25070C2F200000190DD
:104FB00006F06AF8019944F20C40C2F200005A224D
:104FC000F3F70AFA04B070BDF0B583B00020029088
:104FD000FFE7029806282EDCFFE70298C0EB0012DC
:104FE0004AF2AA70C2F200000D30002181540299E9
:104FF000C1EB011101444FF0010C81F801C002998D
:10500000C1EB0112024491700299C1EB01110144FC
:10501000D1F80320D1F80730D1F80B006CF302026D
:10502000C1F80730C1F80320C1F80B00FFE7029870
:1050300001300290CDE707200190FFE70198062894
:1050400015DCFFE70198C0EB00114AF2AA70C2F22A
:10505000000001440A694B69886922F007024B612C
:105060000A618861FFE7019801300190E6E740F2AC
:10507000C010C2F200000268D2F80330D2F807C0B4
:10508000D2F80B1023F03803C2F807C0C2F803307F
:10509000C2F80B100268D2F80330D2F807C0D2F879
:1050A0000B10072565F38913C2F807C0C2F8033057
:1050B000C2F80B100268D2F803C0D2F80730D2F859
:1050C0000B1040F2C74E6EF39423C2F803C0C2F82F
:1050D0000730C2F80B100268D2F803C0D2F80730CC
:1050E000D2F80B104FF43E7E6EF35F53C2F803C04C
:1050F000C2F80730C2F80B100268D2F80330D2F8B9
:1051000007C0D2F80B1040F2E14E6EF39421C2F8C2
:1051100007C0C2F80330C2F80B100268D2F803309F
:10512000D2F807C0D2F80B1040F20E3E6EF35F517A
:10513000C2F807C0C2F80330C2F80B100268D2F8F8
:105140000330D2F807C0D2F80B10082464F38D2383
:10515000C2F807C0C2F80330C2F80B100168D1F8DA
:105160000330D1F80720D1F80B004FF00A0C6CF394
:105170000902C1F80330C1F80720C1F80B0040F262
:10518000C410C2F200000268D2F80330D2F807E07F
:10519000D2F80B1023F03803C2F807E0C2F803304E
:1051A000C2F80B100268D2F80330D2F807E0D2F848
:1051B0000B1065F38913C2F807E0C2F80330C2F898
:1051C0000B100268D2F803E0D2F80730D2F80B10C7
:1051D0004FF4A16666F39423C2F803E0C2F80730E7
:1051E000C2F80B100268D2F803E0D2F80730D2F808
:1051F0000B104FF4237666F35F53C2F803E0C2F856
:105200000730C2F80B100268D2F80330D2F807E07A
:10521000D2F80B1040F2255666F39421C2F807E04D
:10522000C2F80330C2F80B100268D2F80330D2F88B
:1052300007E0D2F80B1040F29A2666F35F51C2F8ED
:1052400007E0C2F80330C2F80B100268D2F803304E
:10525000D2F807E0D2F80B1064F38D23C2F807E010
:10526000C2F80330C2F80B100168D1F80330D1F84E
:105270000720D1F80B006CF30902C1F80330C1F824
:105280000720C1F80B0040F2C810C2F2000002680B
:10529000D2F80330D2F807E0D2F80B1023F038032D
:1052A000C2F807E0C2F80330C2F80B100268D2F867
:1052B0000330D2F807E0D2F80B1065F38913C2F877
:1052C00007E0C2F80330C2F80B100268D2F803E01E
:1052D000D2F80730D2F80B1040F21E5666F3942332
:1052E000C2F803E0C2F80730C2F80B100268D2F827
:1052F00003E0D2F80730D2F80B104FF4067666F3CD
:105300005F53C2F803E0C2F80730C2F80B1002681E
:10531000D2F80330D2F807E0D2F80B1040F244572D
:1053200067F39421C2F807E0C2F80330C2F80B100B
:105330000268D2F80330D2F807E0D2F80B1066F317
:105340005F51C2F807E0C2F80330C2F80B100268E0
:10535000D2F80330D2F807E0D2F80B1064F38D23B3
:10536000C2F807E0C2F80330C2F80B100168D1F8A8
:105370000330D1F80720D1F80B006CF30902C1F813
:105380000330C1F80720C1F80B0040F2CC10C2F284
:1053900000000268D2F80330D2F807E0D2F80B1010
:1053A00023F03803C2F807E0C2F80330C2F80B104C
:1053B0000268D2F80330D2F807E0D2F80B1065F398
:1053C0008913C2F807E0C2F80330C2F80B10026874
:1053D000D2F803E0D2F80730D2F80B1040F20A56A8
:1053E00066F39423C2F803E0C2F80730C2F80B104A
:1053F0000268D2F803E0D2F80730D2F80B104FF46D
:10540000CE7666F35F53C2F803E0C2F80730C2F805
:105410000B100268D2F80330D2F807E0D2F80B1074
:1054200040F2275666F39421C2F807E0C2F8033031
:10543000C2F80B100268D2F80330D2F807E0D2F8B5
:105440000B104FF4C77666F35F51C2F807E0C2F85D
:105450000330C2F80B100268D2F80330D2F807E02C
:10546000D2F80B1064F38D23C2F807E0C2F80330C2
:10547000C2F80B100168D1F80330D1F80720D1F839
:105480000B006CF30902C1F80330C1F80720C1F822
:105490000B0040F2D010C2F200000268D2F80330D4
:1054A000D2F807E0D2F80B1023F03803C2F807E077
:1054B000C2F80330C2F80B100268D2F80330D2F8F9
:1054C00007E0D2F80B1065F38913C2F807E0C2F8C1
:1054D0000330C2F80B100268D2F803E0D2F80730AC
:1054E000D2F80B1040F2D94666F39423C2F803E0D9
:1054F000C2F80730C2F80B100268D2F803E0D2F805
:105500000730D2F80B104FF48C7666F35F53C2F875
:1055100003E0C2F80730C2F80B100268D2F803307B
:10552000D2F807E0D2F80B1040F2BF4666F39421A0
:10553000C2F807E0C2F80330C2F80B100268D2F8D4
:105540000330D2F807E0D2F80B104FF4987666F3E8
:105550005F51C2F807E0C2F80330C2F80B100268CE
:10556000D2F80330D2F807E0D2F80B1064F38D23A1
:10557000C2F807E0C2F80330C2F80B100168D1F896
:105580000330D1F80720D1F80B006CF30902C1F801
:105590000330C1F80720C1F80B0040F2D410C2F26A
:1055A00000000268D2F80330D2F807E0D2F80B10FE
:1055B00023F03803C2F807E0C2F80330C2F80B103A
:1055C0000268D2F80330D2F807E0D2F80B1065F386
:1055D0008913C2F807E0C2F80330C2F80B10026862
:1055E000D2F803E0D2F80730D2F80B104FF49F66E0
:1055F00066F39423C2F803E0C2F80730C2F80B1038
:105600000268D2F803E0D2F80730D2F80B1040F26B
:10561000CD2666F35F53C2F803E0C2F80730C2F844
:105620000B100268D2F80330D2F807E0D2F80B1062
:1056300040F20C5666F39421C2F807E0C2F803303A
:10564000C2F80B100268D2F80330D2F807E0D2F8A3
:105650000B1040F2D92666F35F51C2F807E0C2F89A
:105660000330C2F80B100268D2F80330D2F807E01A
:10567000D2F80B1064F38D23C2F807E0C2F80330B0
:10568000C2F80B100168D1F80330D1F80720D1F827
:105690000B006CF30902C1F80330C1F80720C1F810
:1056A0000B0040F2D810C2F200000268D2F80330BA
:1056B000D2F807E0D2F80B1023F03803C2F807E065
:1056C000C2F80330C2F80B100268D2F80330D2F8E7
:1056D00007E0D2F80B1065F38913C2F807E0C2F8AF
:1056E0000330C2F80B100268D2F803E0D2F807309A
:1056F000D2F80B1040F2095565F39423C2F803E089
:10570000C2F80730C2F80B100268D2F803E0D2F8F2
:105710000730D2F80B104FF4A67565F35F53C2F84B
:1057200003E0C2F80730C2F80B100268D2F8033069
:10573000D2F807E0D2F80B1040F2F54565F394215A
:10574000C2F807E0C2F80330C2F80B100268D2F8C2
:105750000330D2F807E0D2F80B104FF4AC7565F3C4
:105760005F51C2F807E0C2F80330C2F80B100268BC
:10577000D2F80330D2F807E0D2F80B1064F38D238F
:10578000C2F807E0C2F80330C2F80B100168D1F884
:105790000330D1F80720D1F80B006CF30902C1F8EF
:1057A0000330C1F80720C1F80B004AF2AA70C2F218
:1057B0000000009005F0A2FC009944F20C40C2F2F7
:1057C00000007822F2F708FE03B0F0BDF0B583B018
:1057D00000200290FFE7029806282EDCFFE70298DF
:1057E000C0EB00124AF62200C2F200000D30002188
:1057F00081540299C1EB01114218022151700299A2
:10580000C1EB0112024491700299C1EB01110144F4
:10581000D1F80320D1F80730D1F80B004FF0010C7C
:105820006CF30202C1F80730C1F80320C1F80B0085
:10583000FFE7029801300290CDE707200190FFE7D3
:105840000198062815DCFFE70198C0EB00114AF625
:105850002200C2F2000001440A694B69886922F003
:1058600007024B610A618861FFE7019801300190EE
:10587000E6E740F2DC10C2F200000268D2F8033022
:10588000D2F807C0D2F80B1023F03803C2F807C0D3
:10589000C2F80330C2F80B100268D2F80330D2F815
:1058A00007C0D2F80B10042565F38913C2F807C0AE
:1058B000C2F80330C2F80B100268D2F803C0D2F865
:1058C0000730D2F80B1040F2235E6EF39423C2F837
:1058D00003C0C2F80730C2F80B100268D2F803C048
:1058E000D2F80730D2F80B1040F2552E6EF35F530A
:1058F000C2F803C0C2F80730C2F80B100268D2F831
:105900000330D2F807C0D2F80B1040F23B5E6EF3C2
:105910009421C2F807C0C2F80330C2F80B10026825
:10592000D2F80330D2F807C0D2F80B1040F25A2E4A
:105930006EF35F51C2F807C0C2F80330C2F80B1013
:105940000268D2F80330D2F807C0D2F80B104FF03B
:10595000080E6EF38D23C2F807C0C2F80330C2F8F8
:105960000B100168D1F80330D1F80720D1F80B00F3
:105970004FF00A0C6CF30902C1F80330C1F807209C
:10598000C1F80B0040F2E010C2F200000268D2F849
:105990000330D2F80740D2F80B1023F03803C2F8D6
:1059A0000740C2F80330C2F80B100268D2F8033087
:1059B000D2F80740D2F80B1065F38913C2F80740FC
:1059C000C2F80330C2F80B100268D2F80340D2F8D4
:1059D0000730D2F80B1040F2255666F39423C2F834
:1059E0000340C2F80730C2F80B100268D2F8034037
:1059F000D2F80730D2F80B104FF4EA7666F35F5313
:105A0000C2F80340C2F80730C2F80B100268D2F89F
:105A10000330D2F80740D2F80B1040F23D5666F33F
:105A20009421C2F80740C2F80330C2F80B10026894
:105A3000D2F80330D2F80740D2F80B1040F2CF165C
:105A400066F35F51C2F80740C2F80330C2F80B108A
:105A50000268D2F80330D2F80740D2F80B106EF388
:105A60008D23C2F80740C2F80330C2F80B1001685A
:105A7000D1F80330D1F80720D1F80B006CF30902FC
:105A8000C1F80330C1F80720C1F80B0040F2E41060
:105A9000C2F200000268D2F80310D2F807300626DE
:105AA00066F3C501C2F80730C2F803100268D2F8E5
:105AB0000310D2F8073065F38911C2F80730C2F835
:105AC00003100268D2F80310D2F807300D2464F3F3
:105AD0009631C2F80730C2F803100268D2F80330DA
:105AE000D2F8071040F29E4C6CF39421C2F80330B8
:105AF000C2F807100268D2F80330D2F8071040F25B
:105B0000FE2C6CF35F51C2F80330C2F80710026834
:105B1000D2F80310D2F807306EF38D21C2F80730A7
:105B2000C2F8031002688221C2F80B100168D1F894
:105B30000320D1F80700012363F30900C1F8032013
:105B4000C1F8070040F2E810C2F200000268D2F883
:105B50000310D2F807C066F3C501C2F807C0C2F847
:105B600003100268D2F80310D2F807C065F3891158
:105B7000C2F807C0C2F803100268D2F80310D2F8C6
:105B800007C064F39631C2F807C0C2F80310026878
:105B9000D2F803C0D2F8071040F2DD4767F3942132
:105BA000C2F803C0C2F807100268D2F803C0D2F8E6
:105BB000071040F2932767F35F51C2F803C0C2F8A1
:105BC00007100268D2F80310D2F807C06EF38D21D7
:105BD000C2F807C0C2F8031002686E21C2F80B10A9
:105BE0000168D1F80320D1F8070063F30900C1F878
:105BF0000320C1F8070040F2EC10C2F20000026876
:105C0000D2F80310D2F807C066F3C501C2F807C086
:105C1000C2F803100268D2F80310D2F807C065F387
:105C20008911C2F807C0C2F803100268D2F8031045
:105C3000D2F807C064F39631C2F807C0C2F8031067
:105C40000268D2F803C0D2F8071040F2FC4767F3AD
:105C50009421C2F803C0C2F807100268D2F803C04A
:105C6000D2F807104FF40A7767F35F51C2F803C008
:105C7000C2F807100268D2F80310D2F807C06EF31A
:105C80008D21C2F807C0C2F8031002685A21C2F879
:105C90000B100168D1F80320D1F8070063F3090065
:105CA000C1F80320C1F8070040F2F010C2F2000072
:105CB0000268D2F80310D2F807C066F3C501C2F833
:105CC00007C0C2F803100268D2F80310D2F807C068
:105CD00065F38911C2F807C0C2F803100268D2F850
:105CE0000310D2F807C064F39631C2F807C0C2F8B7
:105CF00003100268D2F803C0D2F807104FF49E6771
:105D000067F39421C2F803C0C2F807100268D2F802
:105D100003C0D2F807104FF4D97767F35F51C2F888
:105D200003C0C2F807100268D2F80310D2F807C007
:105D30006EF38D21C2F807C0C2F803100268462135
:105D4000C2F80B100168D1F80320D1F8070063F303
:105D50000900C1F80320C1F8070040F2F410C2F2B4
:105D600000000268D2F80310D2F807C066F3C5013C
:105D7000C2F807C0C2F803100268D2F80310D2F8C4
:105D800007C065F38911C2F807C0C2F803100268A2
:105D9000D2F80310D2F807C064F39631C2F807C0F6
:105DA000C2F803100268D2F803C0D2F8071040F21C
:105DB000A14464F39421C2F803C0C2F8071002683A
:105DC000D2F803C0D2F8071040F24B1464F35F51CD
:105DD000C2F803C0C2F807100268D2F80310D2F864
:105DE00007C06EF38D21C2F807C0C2F80310026825
:105DF0003221C2F80B100168D1F80320D1F8070056
:105E000063F30900C1F80320C1F807004AF6220035
:105E1000C2F20000009005F071F9009944F20C40C4
:105E2000C2F200007822F2F7D7FA03B0F0BD00000A
:105E3000F0B583B000200290FFE7029806282EDC20
:105E4000FFE70298C0EB00124AF69A00C2F2000087
:105E50000D30002181540299C1EB01114218032138
:105E600051700299C1EB0112024491700299C1EB89
:105E700001110144D1F80320D1F80730D1F80B000B
:105E80004FF0010C6CF30202C1F80730C1F8032097
:105E9000C1F80B00FFE7029801300290CDE7072020
:105EA0000190FFE70198062815DCFFE70198C0EB99
:105EB00000114AF69A00C2F2000001440A694B69D7
:105EC000886922F007024B610A618861FFE7019847
:105ED00001300190E6E740F2F810C2F200000268DB
:105EE000D2F80330D2F807C0D2F80B104FF0020EF0
:105EF0006EF3C503C2F807C0C2F80330C2F80B1036
:105F00000268D2F80330D2F807C0D2F80B1003258C
:105F100065F38913C2F807C0C2F80330C2F80B104A
:105F20000268D2F80330D2F807C0D2F80B104FF055
:105F30000F0E6EF30901C2F807C0C2F80330C2F8B1
:105F40000B100268D2F803C0D2F80730D2F80B1059
:105F500040F2BF3E6EF39423C2F803C0C2F807308C
:105F6000C2F80B100268D2F803C0D2F80730D2F89A
:105F70000B1040F21B2666F35F53C2F803C0C2F851
:105F80000730C2F80B100268D2F80330D2F807C00D
:105F9000D2F80B10082464F38D23C2F807C0C2F8AE
:105FA0000330C2F80B100168D1F80330D1F8072094
:105FB000D1F80B0065F30902C1F80330C1F80720DE
:105FC000C1F80B0040F2FC10C2F200000268D2F8E7
:105FD0000330D2F807C0D2F80B1023F03803C2F810
:105FE00007C0C2F80330C2F80B100268D2F80330C1
:105FF000D2F807C0D2F80B1065F38913C2F807C0B6
:10600000C2F80330C2F80B100268D2F803C0D2F80D
:106010000730D2F80B1040F28A2767F39423C2F8B6
:1060200003C0C2F80730C2F80B100268D2F803C0F0
:10603000D2F80730D2F80B1066F35F53C2F803C0F2
:10604000C2F80730C2F80B100268D2F80330D2F859
:1060500007C0D2F80B1040F2F64767F39421C2F85C
:1060600007C0C2F80330C2F80B100268D2F8033040
:10607000D2F807C0D2F80B1066F35F51C2F807C020
:10608000C2F80330C2F80B100268D2F80330D2F81D
:1060900007C0D2F80B1064F38D23C2F807C0C2F812
:1060A0000330C2F80B100168D1F80330D1F8072093
:1060B000D1F80B0065F30902C1F80330C1F80720DD
:1060C000C1F80B0040F20020C2F200000268D2F8D2
:1060D0000330D2F807C0D2F80B1023F03803C2F80F
:1060E00007C0C2F80330C2F80B100268D2F80330C0
:1060F000D2F807C0D2F80B1065F38913C2F807C0B5
:10610000C2F80330C2F80B100268D2F803C0D2F80C
:106110000730D2F80B106EF39423C2F803C0C2F814
:106120000730C2F80B100268D2F803C0D2F807306B
:10613000D2F80B104FF4A07666F35F53C2F803C099
:10614000C2F80730C2F80B100268D2F80330D2F858
:1061500007C0D2F80B106EF39421C2F807C0C2F842
:106160000330C2F80B100268D2F80330D2F807C02F
:10617000D2F80B104FF41B7E6EF35F51C2F807C0CC
:10618000C2F80330C2F80B100268D2F80330D2F81C
:1061900007C0D2F80B1064F38D23C2F807C0C2F811
:1061A0000330C2F80B100168D1F80330D1F8072092
:1061B000D1F80B004FF0010C6CF30902C1F8033069
:1061C000C1F80720C1F80B0040F20420C2F2000021
:1061D0000268D2F80330D2F807E0D2F80B1023F0AF
:1061E0003803C2F807E0C2F80330C2F80B100268A7
:1061F000D2F80330D2F807E0D2F80B1065F3891318
:10620000C2F807E0C2F80330C2F80B100268D2F8F7
:1062100003E0D2F80730D2F80B104FF4667666F33D
:106220009423C2F803E0C2F80730C2F80B100268EA
:10623000D2F803E0D2F80730D2F80B1040F2012672
:1062400066F35F53C2F803E0C2F80730C2F80B10E0
:106250000268D2F80330D2F807E0D2F80B104FF4FE
:106260007A7767F39421C2F807E0C2F80330C2F8E6
:106270000B100268D2F80330D2F807E0D2F80B1006
:1062800066F35F51C2F807E0C2F80330C2F80B10A2
:106290000268D2F80330D2F807E0D2F80B1064F3AA
:1062A0008D23C2F807E0C2F80330C2F80B10016872
:1062B000D1F80330D1F80720D1F80B006CF30902B4
:1062C000C1F80330C1F80720C1F80B0040F20820E4
:1062D000C2F200000268D2F80330D2F807E0D2F828
:1062E0000B1023F03803C2F807E0C2F80330C2F8FD
:1062F0000B100268D2F80330D2F807E0D2F80B1086
:1063000065F38913C2F807E0C2F80330C2F80B1036
:106310000268D2F803E0D2F80730D2F80B104FF43D
:106320005C7666F39423C2F803E0C2F80730C2F843
:106330000B100268D2F803E0D2F80730D2F80B1045
:106340004FF4F37666F35F53C2F803E0C2F8073008
:10635000C2F80B100268D2F80330D2F807E0D2F886
:106360000B104FF4826767F39421C2F807E0C2F87C
:106370000330C2F80B100268D2F80330D2F807E0FD
:10638000D2F80B1066F35F51C2F807E0C2F8033091
:10639000C2F80B100268D2F80330D2F807E0D2F846
:1063A0000B1064F38D23C2F807E0C2F80330C2F883
:1063B0000B100168D1F80330D1F80720D1F80B0099
:1063C0006CF30902C1F80330C1F80720C1F80B00D3
:1063D00040F20C20C2F200000268D2F80330D2F87A
:1063E00007E0D2F80B1023F03803C2F807E0C2F838
:1063F0000330C2F80B100268D2F80330D2F807E07D
:10640000D2F80B1065F38913C2F807E0C2F8033025
:10641000C2F80B100268D2F803E0D2F80730D2F8C5
:106420000B104FF4527666F39423C2F803E0C2F8DF
:106430000730C2F80B100268D2F803E0D2F8073038
:10644000D2F80B1040F2CB1666F35F53C2F803E0AC
:10645000C2F80730C2F80B100268D2F80330D2F845
:1064600007E0D2F80B1040F2394767F39421C2F8E5
:1064700007E0C2F80330C2F80B100268D2F803300C
:10648000D2F807E0D2F80B1066F35F51C2F807E0CC
:10649000C2F80330C2F80B100268D2F80330D2F809
:1064A00007E0D2F80B1064F38D23C2F807E0C2F8BE
:1064B0000330C2F80B100168D1F80330D1F807207F
:1064C000D1F80B006CF30902C1F80330C1F80720C2
:1064D000C1F80B0040F21020C2F200000268D2F8AE
:1064E0000330D2F807E0D2F80B1023F03803C2F8DB
:1064F00007E0C2F80330C2F80B100268D2F803308C
:10650000D2F807E0D2F80B1065F38913C2F807E060
:10651000C2F80330C2F80B100268D2F803E0D2F8D8
:106520000730D2F80B104FF4487565F39423C2F886
:1065300003E0C2F80730C2F80B100268D2F803E09B
:10654000D2F80730D2F80B104FF4D87565F35F53CB
:10655000C2F803E0C2F80730C2F80B100268D2F8A4
:106560000330D2F807E0D2F80B1040F2614666F330
:106570009421C2F807E0C2F80330C2F80B10026899
:10658000D2F80330D2F807E0D2F80B1065F35F5170
:10659000C2F807E0C2F80330C2F80B100268D2F864
:1065A0000330D2F807E0D2F80B1064F38D23C2F861
:1065B00007E0C2F80330C2F80B100168D1F80330CD
:1065C000D1F80720D1F80B006CF30902C1F80330B1
:1065D000C1F80720C1F80B004AF69A00C2F2000089
:1065E000009004F08BFD009944F20C40C2F20000D0
:1065F0007822F1F7F1FE03B0F0BD00002DE9F0477D
:1066000084B000200390FFE7039806282EDCFFE704
:106610000398C0EB00124AF61210C2F200000D30CF
:10662000002181540399C1EB0111421804215170DA
:106630000399C1EB0112024491700399C1EB01115E
:106640000144D1F80320D1F80730D1F80B004FF006
:10665000010C6CF30202C1F80730C1F80320C1F845
:106660000B00FFE7039801300390CDE7072002906D
:10667000FFE70298062815DCFFE70298C0EB00113F
:106680004AF61210C2F2000001440A694B69886997
:1066900022F007024B610A618861FFE7029801302E
:1066A0000290E6E740F21420C2F200000268D2F83D
:1066B0000330D2F807C0D2F80B10022767F3C503E6
:1066C000C2F807C0C2F80330C2F80B100268D2F853
:1066D0000330D2F807C0D2F80B10062565F38913F2
:1066E000C2F807C0C2F80330C2F80B100268D2F833
:1066F0000330D2F807C0D2F80B104FF0500E6EF3F3
:106700000901C2F807C0C2F80330C2F80B100268D2
:10671000D2F803C0D2F80730D2F80B1040F2666E00
:106720006EF39423C2F803C0C2F80730C2F80B100E
:106730000268D2F803C0D2F80730D2F80B1040F24A
:10674000D22E6EF35F53C2F803C0C2F80730C2F80E
:106750000B100268D2F80330D2F807C0D2F80B1041
:10676000082464F38D23C2F807C0C2F80330C2F8CE
:106770000B100168D1F80330D1F80720D1F80B00D5
:106780004FF0040868F30902C1F80330C1F807208C
:10679000C1F80B0040F21820C2F200000268D2F8E3
:1067A0000330D2F807E0D2F80B104FF0010C6CF375
:1067B000C503C2F807E0C2F80330C2F80B10026844
:1067C000D2F80330D2F807E0D2F80B1065F3891342
:1067D000C2F807E0C2F80330C2F80B100268D2F822
:1067E00003E0D2F80730D2F80B1040F2336666F3BC
:1067F0009423C2F803E0C2F80730C2F80B10026815
:10680000D2F803E0D2F80730D2F80B1040F2A129F9
:1068100069F35F53C2F803E0C2F80730C2F80B1007
:106820000268D2F80330D2F807E0D2F80B1064F314
:106830008D23C2F807E0C2F80330C2F80B100268DB
:10684000D2F803E0D2F80730D2F80B1068F309034E
:10685000C2F803E0C2F80730C2F80B100268D2F8A1
:106860000330D2F807E0D2F80B1040F2516666F31D
:106870009421C2F807E0C2F80330C2F80B10016897
:10688000D1F80320D1F80730D1F80B0040F2053ED3
:106890006EF35F50C1F80730C1F80320C1F80B0058
:1068A00040F21C20C2F200000268D2F80330D2F895
:1068B0000760D2F80B106CF3C503C2F80760C2F88A
:1068C0000330C2F80B100268D2F80330D2F8076028
:1068D000D2F80B1065F38913C2F80760C2F80330D1
:1068E000C2F80B100268D2F80360D2F80730D2F871
:1068F0000B1040F27D6A6AF39423C2F80360C2F879
:106900000730C2F80B100268D2F80360D2F80730E3
:10691000D2F80B1069F35F53C2F80360C2F8073076
:10692000C2F80B100268D2F80330D2F80760D2F830
:106930000B1064F38D23C2F80760C2F80330C2F86D
:106940000B100268D2F80360D2F80730D2F80B10AF
:1069500068F30903C2F80360C2F80730C2F80B10ED
:106960000268D2F80330D2F80760D2F80B1040F278
:106970009B6868F39421C2F80760C2F80330C2F83C
:106980000B100168D1F80320D1F80730D1F80B00C3
:106990006EF35F50C1F80730C1F80320C1F80B0057
:1069A00040F22020C2F200000268D2F80310D2F8B0
:1069B000073065F3C501C2F80730C2F8031002685A
:1069C000D2F80310D2F8073065F38911C2F8073006
:1069D000C2F803100268D2F80310D2F80730172665
:1069E00066F39631C2F80730C2F803100268D2F895
:1069F0000330D2F8071040F25C6E6EF39421C2F8B7
:106A00000330C2F807100268D2F80330D2F807103A
:106A10004FF4437E6EF35F51C2F80330C2F80710A3
:106A20000268D2F80310D2F8073064F38D21C2F85F
:106A30000730C2F8031002680721C2F80B10016882
:106A4000D1F80320D1F8070067F30900C1F803204B
:106A5000C1F8070040F22420C2F200000268D2F818
:106A60000310D2F8073065F3C501C2F80730C2F849
:106A700003100268D2F80310D2F8073065F38911C9
:106A8000C2F80730C2F803100268D2F80310D2F837
:106A9000073066F39631C2F80730C2F80310026877
:106AA000D2F80330D2F8071040F25E6E6EF39421F4
:106AB000C2F80330C2F807100268D2F80330D2F8E7
:106AC000071040F2E62868F35F51C2F80330C2F8BD
:106AD00007100268D2F80310D2F8073064F38D2152
:106AE000C2F80730C2F803100168C1F80B50016802
:106AF000D1F80320D1F8070067F30900C1F803209B
:106B0000C1F8070040F22820C2F200000268D2F863
:106B10000310D2F8073065F3C501C2F80730C2F898
:106B200003100268D2F80310D2F8073065F3891118
:106B3000C2F80730C2F803100268D2F80310D2F886
:106B4000073066F39631C2F80730C2F803100268C6
:106B5000D2F80330D2F807106EF39421C2F8033054
:106B6000C2F807100268D2F80330D2F8071040F2DA
:106B7000C12E6EF35F51C2F80330C2F807100268ED
:106B8000D2F80310D2F8073064F38D21C2F8073031
:106B9000C2F8031001680526C1F80B600168D1F83E
:106BA0000320D1F8070067F30900C1F80320C1F8FA
:106BB000070040F22C20C2F200000268D2F8033035
:106BC000D2F807E0D2F80B1067F3C503C2F807E06C
:106BD000C2F80330C2F80B100268D2F80330D2F8C2
:106BE00007E0D2F80B1065F38913C2F807E0C2F88A
:106BF0000330C2F80B100268D2F80330D2F807E075
:106C0000D2F80B1066F30901C2F807E0C2F80330AE
:106C1000C2F80B100268D2F803E0D2F80730D2F8BD
:106C20000B1065F39423C2F803E0C2F80730C2F8F2
:106C30000B100268D2F803E0D2F80730D2F80B103C
:106C400065F35F53C2F803E0C2F80730C2F80B10D7
:106C50000268D2F80330D2F807E0D2F80B1064F3E0
:106C60008D23C2F807E0C2F80330C2F80B100168A8
:106C7000D1F80330D1F80720D1F80B006CF30902EA
:106C8000C1F80330C1F80720C1F80B004AF6121012
:106C9000C2F20000019004F031FA019944F20C4074
:106CA000C2F200007822F1F797FB04B0BDE8F0874C
:106CB00080B582B04AF68A11C2F20001019100202B
:106CC00048734FF0050C81F80EC0C87308694A6913
:106CD000012363F302004A61086108694A6940F0D0
:106CE00038004A61086108694A696CF389104A6191
:106CF000086108694A694FF0140C6CF396304A61D8
:106D000008610A69486940F2713C6CF394200A6199
:106D100048610A69486940F2111C6CF35F500A61CE
:106D2000486108694A694FF0080C6CF38D204A618C
:106D3000086108694A6963F3DF504A6108610A69BA
:106D40004869022363F309000A61486140F2382070
:106D5000C2F2000000680F304EF22151C0F601016E
:106D6000E9F754FB019804F003FA019944F20C404E
:106D7000C2F200003C22F1F72FFB02B080BD000000
:106D800080B582B04AF6C611C2F20001019100201E
:106D900048734FF0050C81F80EC00123CB730869CE
:106DA0004A6963F302004A61086108694A6940F070
:106DB00038004A61086108694A696CF389104A61C0
:106DC000086108694A694FF0140C6CF396304A6107
:106DD00008610A69486940F2B53C6CF394200A6185
:106DE00048610A69486940F2111C6CF35F500A61FE
:106DF000486108694A694FF0080C6CF38D204A61BC
:106E0000086108694A6963F3DF504A6108610A69E9
:106E10004869022363F309000A61486140F23C209B
:106E2000C2F2000000680F304EF22351C0F601019B
:106E3000E9F7ECFA019804F09BF9019944F20C404F
:106E4000C2F200003C22F1F7C7FA02B080BD000098
:106E500080B582B04AF60221C2F200010191002001
:106E600048734FF0050E81F80EE00223CB730869DA
:106E70004A694FF0010C6CF302004A61086108692D
:106E80004A6940F038004A61086108694A696EF34E
:106E900089104A61086108694A694FF0140E6EF35F
:106EA00096304A6108610A69486940F2F93E6EF31A
:106EB00094200A6148610A69486940F2111E6EF324
:106EC0005F500A61486108694A694FF0080E6EF325
:106ED0008D204A61086108694A696CF3DF504A6194
:106EE00008610A69486963F309000A61486140F270
:106EF0004020C2F2000000680F304EF22551C0F66B
:106F00000101E9F783FA019804F032F9019944F29A
:106F10000C40C2F200003C22F1F75EFA02B080BDE4
:106F200070B584B000200390FFE7039801282FDCA0
:106F3000FFE70398C0EB00124AF63E20C2F20000C1
:106F40000D30002181540399C1EB01114218052134
:106F50005170039AD11CC2EB021202449170039942
:106F6000C1EB01110144D1F80320D1F80730D1F869
:106F70000B004FF0010C6CF30202C1F80730C1F8AE
:106F80000320C1F80B00FFE7039801300390CCE722
:106F900002200290FFE70298012815DCFFE7029823
:106FA000C0EB00114AF63E20C2F2000001440A691B
:106FB0004B69886922F007024B610A618861FFE72B
:106FC000029801300290E6E740F23020C2F2000061
:106FD0000268D2F80330D2F807C0D2F80B1023F0C1
:106FE0003803C2F807C0C2F80330C2F80B100268B9
:106FF000D2F80330D2F807C0D2F80B10052666F39A
:107000008913C2F807C0C2F80330C2F80B10026837
:10701000D2F803C0D2F80730D2F80B104FF4F67E46
:107020006EF39423C2F803C0C2F80730C2F80B1005
:107030000268D2F803C0D2F80730D2F80B10A425AA
:1070400065F35F53C2F803C0C2F80730C2F80B10F3
:107050000268D2F80330D2F807C0D2F80B1040F221
:10706000652E6EF39421C2F807C0C2F80330C2F84F
:107070000B100268D2F80330D2F807C0D2F80B1018
:107080004FF4A37464F35F51C2F807C0C2F8033031
:10709000C2F80B100268D2F80330D2F807E0D2F839
:1070A0000B104FF0020C6CF38D23C2F807E0C2F80E
:1070B0000330C2F80B100168D1F80330D1F8072073
:1070C000D1F80B006CF30902C1F80330C1F80720B6
:1070D000C1F80B0040F23420C2F200000268D2F87E
:1070E0000330D2F807E0D2F80B1023F03803C2F8CF
:1070F00007E0C2F80330C2F80B100268D2F8033080
:10710000D2F807E0D2F80B1066F38913C2F807E053
:10711000C2F80330C2F80B100268D2F803E0D2F8CC
:107120000730D2F80B1040F2945666F39423C2F85D
:1071300003E0C2F80730C2F80B100268D2F803E08F
:10714000D2F80730D2F80B1065F35F53C2F803E0B2
:10715000C2F80730C2F80B100268D2F80330D2F838
:1071600007E0D2F80B1040F21B5565F39421C2F8EA
:1071700007E0C2F80330C2F80B100268D2F80330FF
:10718000D2F807E0D2F80B1064F35F51C2F807E0C1
:10719000C2F80330C2F80B100268D2F80330D2F8FC
:1071A00007E0D2F80B106CF38D23C2F807E0C2F8A9
:1071B0000330C2F80B100168D1F80330D1F8072072
:1071C000D1F80B006CF30902C1F80330C1F80720B5
:1071D000C1F80B004AF63E20C2F20000019003F015
:1071E00019FF019944F20C40C2F200002D22F1F780
:1071F000F3F804B070BD00002DE9F04784B0002022
:107200000390FFE7039806282EDCFFE70398C0EB06
:1072100000124AF66C20C2F200000D3000218154A9
:107220000399C1EB01114218062151700399C1EB7A
:107230000112024491700399C1EB01110144D1F88C
:107240000320D1F80730D1F80B004FF0010C6CF39C
:107250000202C1F80730C1F80320C1F80B00FFE7B4
:10726000039801300390CDE707200290FFE70298D2
:10727000062815DCFFE70298C0EB00114AF66C20E7
:10728000C2F2000001440A694B69886922F00702D2
:107290004B610A618861FFE7029801300290E6E7DE
:1072A00040F24420C2F200000268D2F80330D2F863
:1072B00007C0D2F80B1023F03803C2F807C0C2F899
:1072C0000330C2F80B100268D2F80330D2F807C0BE
:1072D000D2F80B104FF0020969F38913C2F807C006
:1072E000C2F80330C2F80B100268D2F803C0D2F81B
:1072F0000730D2F80B1040F2376E6EF39423C2F8C9
:1073000003C0C2F80730C2F80B100268D2F803C0FD
:10731000D2F80730D2F80B1040F2A12666F35F5383
:10732000C2F803C0C2F80730C2F80B100268D2F8E6
:107330000330D2F807C0D2F80B106EF39421C2F8D4
:1073400007C0C2F80330C2F80B100268D2F803304D
:10735000D2F807C0D2F80B1040F2063E6EF35F5130
:10736000C2F807C0C2F80330C2F80B100268D2F8A6
:107370000330D2F807C0D2F80B10062565F38D2331
:10738000C2F807C0C2F80330C2F80B100168D1F888
:107390000330D1F80720D1F80B004FF01A0C6CF332
:1073A0000902C1F80330C1F80720C1F80B0040F210
:1073B0004820C2F200000268D2F80330D2F807C0B9
:1073C000D2F80B1023F03803C2F807C0C2F803301C
:1073D000C2F80B100268D2F80330D2F807C0D2F816
:1073E0000B1069F38913C2F807C0C2F80330C2F862
:1073F0000B100268D2F803C0D2F80730D2F80B1095
:1074000040F2816464F39423C2F803C0C2F80730E9
:10741000C2F80B100268D2F803C0D2F80730D2F8D5
:107420000B1066F35F53C2F803C0C2F80730C2F80E
:107430000B100268D2F80330D2F807C0D2F80B1054
:1074400064F39421C2F807C0C2F80330C2F80B10ED
:107450000268D2F80330D2F807C0D2F80B106EF3EE
:107460005F51C2F807C0C2F80330C2F80B100268BF
:10747000D2F80330D2F807C0D2F80B1065F38D2391
:10748000C2F807C0C2F80330C2F80B100168D1F887
:107490000330D1F80720D1F80B001E2767F309024B
:1074A000C1F80330C1F80720C1F80B0040F24C20AE
:1074B000C2F200000268D2F80330D2F807C0D2F856
:1074C0000B104FF0040A6AF3C503C2F807C0C2F8F4
:1074D0000330C2F80B100268D2F80330D2F807C0AC
:1074E000D2F80B1069F38913C2F807C0C2F8033051
:1074F000C2F80B100268D2F80330D2F807C0D2F8F5
:107500000B104FF05C0E6EF39421C2F807C0C2F866
:107510000330C2F80B100268D2F80330D2F807C06B
:10752000D2F80B106EF35F51C2F807C0C2F80330F7
:10753000C2F80B100268D2F803C0D2F80730D2F8B4
:107540000B1040F25D6E6EF39423C2F803C0C2F8D4
:107550000730C2F80B100268D2F803C0D2F8073027
:10756000D2F80B1040F2C92E6EF35F53C2F803C07D
:10757000C2F80730C2F80B100268D2F80330D2F814
:1075800007C0D2F80B1065F38D23C2F807C0C2F80C
:107590000330C2F80B100268D2F803C0D2F80730EB
:1075A000D2F80B10142464F30903C2F803C0C2F824
:1075B0000730C2F80B100268D2F80330D2F807C0C7
:1075C000D2F80B10C82666F39633C2F807C0C2F88B
:1075D0000330C2F80B100168D1F80320D1F807304E
:1075E000D1F80B004FF0A00C6CF3DF52C1F807305C
:1075F000C1F80320C1F80B0040F25020C2F2000095
:107600000268D2F80330D2F807C0D2F80B106AF340
:10761000C503C2F807C0C2F80330C2F80B100268F5
:10762000D2F80330D2F807C0D2F80B1069F38913EF
:10763000C2F807C0C2F80330C2F80B100268D2F8D3
:107640000330D2F807C0D2F80B104FF4B97E6EF3B6
:107650009421C2F807C0C2F80330C2F80B100268C8
:10766000D2F80330D2F807C0D2F80B106EF35F5196
:10767000C2F807C0C2F80330C2F80B100268D2F893
:1076800003C0D2F80730D2F80B104FF46D7E6EF3C2
:107690009423C2F803C0C2F80730C2F80B10026886
:1076A000D2F803C0D2F80730D2F80B104FF40378A9
:1076B00068F35F53C2F803C0C2F80730C2F80B107A
:1076C0000268D2F80330D2F807C0D2F80B106AF380
:1076D0008D23C2F807C0C2F80330C2F80B1002684D
:1076E000D2F803C0D2F80730D2F80B1067F30903C1
:1076F000C2F803C0C2F80730C2F80B100268D2F813
:107700000330D2F807C0D2F80B10592767F396332D
:10771000C2F807C0C2F80330C2F80B100168D1F8F4
:107720000320D1F80730D1F80B004FF05B0C6CF35D
:10773000DF52C1F80730C1F80320C1F80B0040F256
:107740005420C2F200000268D2F80330D2F807C019
:10775000D2F80B106AF3C503C2F807C0C2F80330B1
:10776000C2F80B100268D2F80330D2F807C0D2F882
:107770000B1069F38913C2F807C0C2F80330C2F8CE
:107780000B100268D2F80330D2F807C0D2F80B1001
:107790004FF4967767F39421C2F807C0C2F803301C
:1077A000C2F80B100268D2F80330D2F807C0D2F842
:1077B0000B1066F35F51C2F807C0C2F80330C2F87D
:1077C0000B100268D2F803C0D2F80730D2F80B10C1
:1077D0006EF39423C2F803C0C2F80730C2F80B104E
:1077E0000268D2F803C0D2F80730D2F80B1040F28A
:1077F000E11E6EF35F53C2F803C0C2F80730C2F84F
:107800000B100268D2F80330D2F807C0D2F80B1080
:1078100065F38D23C2F807C0C2F80330C2F80B101D
:107820000268D2F803C0D2F80730D2F80B1064F324
:107830000903C2F803C0C2F80730C2F80B1002688F
:10784000D2F80330D2F807C0D2F80B1040F2591E1C
:107850006EF39633C2F807C0C2F80330C2F80B10BB
:107860000168D1F80320D1F80730D1F80B004FF0B0
:107870000F0C6CF3DF52C1F80730C1F80320C1F8D8
:107880000B0040F25820C2F200000268D2F8033028
:10789000D2F807C0D2F80B106AF3C503C2F807C0CC
:1078A000C2F80330C2F80B100268D2F80330D2F8E5
:1078B00007C0D2F80B1069F38913C2F807C0C2F8E9
:1078C0000330C2F80B100268D2F80330D2F807C0B8
:1078D000D2F80B1040F2811868F39421C2F807C067
:1078E000C2F80330C2F80B100268D2F80330D2F8A5
:1078F00007C0D2F80B1068F35F51C2F807C0C2F896
:107900000330C2F80B100268D2F803C0D2F8073077
:10791000D2F80B1040F2BE3767F39423C2F803C0CD
:10792000C2F80730C2F80B100268D2F803C0D2F8D0
:107930000730D2F80B1040F2122666F35F53C2F8FC
:1079400003C0C2F80730C2F80B100268D2F8033047
:10795000D2F807C0D2F80B1065F38D23C2F807C028
:10796000C2F80330C2F80B100268D2F803C0D2F894
:107970000730D2F80B1064F30903C2F803C0C2F851
:107980000730C2F80B100268D2F80330D2F807C0F3
:10799000D2F80B104FF0E40E6EF39633C2F807C026
:1079A000C2F80330C2F80B100168D1F80320D1F8F7
:1079B0000730D1F80B004FF4877E6EF3DF52C1F829
:1079C0000730C1F80320C1F80B0040F25C20C2F27E
:1079D00000000268D2F80330D2F807C0D2F80B10CA
:1079E0006AF3C503C2F807C0C2F80330C2F80B102F
:1079F0000268D2F80330D2F807C0D2F80B1069F34E
:107A00008913C2F807C0C2F80330C2F80B1002682D
:107A1000D2F80330D2F807C0D2F80B1068F39421E3
:107A2000C2F807C0C2F80330C2F80B100268D2F8DF
:107A30000330D2F807C0D2F80B1068F35F51C2F8D8
:107A400007C0C2F80330C2F80B100268D2F803C0B6
:107A5000D2F80730D2F80B1067F39423C2F803C0B2
:107A6000C2F80730C2F80B100268D2F803C0D2F88F
:107A70000730D2F80B1066F35F53C2F803C0C2F8A8
:107A80000730C2F80B100268D2F80330D2F807C0F2
:107A9000D2F80B1065F38D23C2F807C0C2F803308B
:107AA000C2F80B100268D2F803C0D2F80730D2F83F
:107AB0000B1064F30903C2F803C0C2F80730C2F820
:107AC0000B100268D2F80330D2F807C0D2F80B10BE
:107AD0006EF39633C2F807C0C2F80330C2F80B1039
:107AE0000168D1F80320D1F80730D1F80B004FF42A
:107AF0009B7C6CF3DF52C1F80730C1F80320C1F85A
:107B00000B004AF66C20C2F20000019003F0F6FA76
:107B1000019944F20C40C2F200007822F0F75CFCBC
:107B200004B0BDE8F087000080B582B0002001906D
:107B3000FFE70198062817DCFFE70198C0EB00116A
:107B40004AF66C20C2F2000001440A694B69886958
:107B50004FF0020C6CF302024B610A618861FFE78F
:107B6000019801300190E4E74AF66C20C2F200006F
:107B7000009003F0C3FA009944F20C40C2F20000F6
:107B80007822F0F729FC02B080BD000080B582B0F9
:107B900001900091009843F2B051C2F200010860D8
:107BA00001204860002088600198EAF735FA18B192
:107BB000FFE7E9F7E9FFFFE70198EAF78DFC019895
:107BC0000A21EAF7F3FB0198EAF732FB80B202B030
:107BD00080BD000080B5A0B08DED030ACDED020A96
:107BE00001909DED020AB5EE400AF1EE10FA40F365
:107BF000A280FFE79DED030A9DED021A80EE010AC7
:107C00008DED0D0A00200C900B909DED0D0AB5EE48
:107C1000400AF1EE10FA09DAFFE701200C909DED21
:107C20000D0AB1EE400A8DED0D0AFFE79DED0D0A3C
:107C3000B7EE001AB4EE410AF1EE10FA39DDFFE7B3
:107C40009DED0D1AB7EE000A80EE010A8DED0D0ACA
:107C50000D98109049F2A520CBF604500F9001200A
:107C60000E900E90FFE70E98092819DCFFE79DEDB6
:107C7000100A9DED0F2A0E98C0F109014DF6CC3087
:107C8000C0F6010000EB810090ED001A20EE020A20
:107C900030EE010A8DED0F0A0E9801300E90E2E7EA
:107CA0009DED0F1A9FEDD90A30EE410A8DED0B0ABA
:107CB00030E00D98139049F2A520CBF604501290B5
:107CC000012011901190FFE71198092819DCFFE7B6
:107CD0009DED130A9DED122A1198C0F109014DF690
:107CE000CC30C0F6010000EB810090ED001A20EED0
:107CF000020A30EE010A8DED120A1198013011903E
:107D0000E2E79DED121A9DED0B0A30EE010A8DEDB2
:107D10000B0AFFE70C9838B1FFE79DED0B0AB1EEB7
:107D2000400A8DED0B0AFFE70B98019908600020CF
:107D30008DF81300BCE19DED020AB5EE400AF1EEAC
:107D400010FA80F28481FFE79DED030AB5EE400A48
:107D5000F1EE10FA40F3A580FFE79DED030A9DEDDB
:107D6000021A80EE010A8DED0A0A0020099008909F
:107D70009DED0A0AB5EE400AF1EE10FA09DAFFE7C6
:107D8000012009909DED0A0AB1EE400A8DED0A0A24
:107D9000FFE79DED0A0AB7EE001AB4EE410AF1EED4
:107DA00010FA39DDFFE79DED0A1AB7EE000A80EE02
:107DB000010A8DED0A0A0A98169049F2A520CBF621
:107DC00004501590012014901490FFE7149809288E
:107DD00019DCFFE79DED160A9DED152A1498C0F1F8
:107DE00009014DF6CC30C0F6010000EB810090EDAA
:107DF000001A20EE020A30EE010A8DED150A1498E1
:107E000001301490E2E79DED151A9FEDAB0A30EEBC
:107E1000410A8DED080A30E00A98199049F2A52030
:107E2000CBF604501890012017901790FFE7179891
:107E3000092819DCFFE79DED190A9DED182A17980E
:107E4000C0F109014DF6CC30C0F6010000EB810015
:107E500090ED001A20EE020A30EE010A8DED180AAC
:107E6000179801301790E2E79DED181A9DED080A6A
:107E700030EE010A8DED080AFFE7099838B1FFE7F7
:107E80009DED080AB1EE400A8DED080AFFE79DED71
:107E9000080A9FED8B1A30EE010A019880ED000A66
:107EA000D1E09DED030AB5EE400AF1EE10FA80F242
:107EB000A580FFE79DED030A9DED021A80EE010A01
:107EC0008DED070A0020069005909DED070AB5EE9E
:107ED000400AF1EE10FA09DAFFE7012006909DED65
:107EE000070AB1EE400A8DED070AFFE79DED070A8C
:107EF000B7EE001AB4EE410AF1EE10FA39DDFFE7F1
:107F00009DED071AB7EE000A80EE010A8DED070A13
:107F100007981C9049F2A520CBF604501B90012035
:107F20001A901A90FFE71A98092819DCFFE79DEDCF
:107F30001C0A9DED1B2A1A98C0F109014DF6CC30A0
:107F4000C0F6010000EB810090ED001A20EE020A5D
:107F500030EE010A8DED1B0A1A9801301A90E2E703
:107F60009DED1B1A9FED540A30EE410A8DED050A76
:107F700030E007981F9049F2A520CBF604501E90E0
:107F800001201D901D90FFE71D98092819DCFFE7CF
:107F90009DED1F0A9DED1E2A1D98C0F109014DF6A9
:107FA000CC30C0F6010000EB810090ED001A20EE0D
:107FB000020A30EE010A8DED1E0A1D9801301D9057
:107FC000E2E79DED1E1A9DED050A30EE010A8DEDEA
:107FD000050AFFE7069838B1FFE79DED050AB1EE07
:107FE000400A8DED050AFFE79DED050A9FED331A66
:107FF00030EE010A019880ED000A23E0002038B934
:10800000FFE70398FCF708FC68B913E0DB0FC93FF2
:10801000039805F06DFA41EC100B51EC100BFCF7D6
:10802000F1FB38B1FFE7019940F6DB70CCF2490073
:10803000086006E0019940F6DB70C4F24900086070
:10804000FFE7FFE7FFE700208DF8130030E09DED2C
:10805000020AB5EE400AF1EE10FA25D1FFE79DEDD8
:10806000030AB5EE400AF1EE10FA0ADDFFE70199C6
:1080700040F6DB70C3F6C970086000208DF813006D
:1080800016E09DED030AB5EE400AF1EE10FA0ADAA9
:10809000FFE7019940F6DB70CBF6C970086000205D
:1080A0008DF8130004E0FFE7FC208DF81300FFE7D4
:1080B0009DF9130020B080BDDB0FC93FDB0F49C025
:1080C000DB0F494089B08DED080A9DED080A9FED50
:1080D0003C1A20EE010AB5EE001A30EE010A8DEDD1
:1080E000050A9DED050ABDEEC00A8DED010A9DED64
:1080F000050AB5EE400AF1EE10FA04DAFFE701983E
:1081000001380190FFE79DED050A9DED011AB8EEDB
:10811000C11A30EE410A8DED050A9DED050A9FED6D
:10812000291A20EE010A8DED000A9DED000ABDEE30
:10813000C00A10EE100AADF81200BDF81200B0F53A
:10814000007F0CDBFFE70020ADF812009DED000A78
:108150009FED1D1A30EE010A8DED000AFFE79DED3F
:10816000000ABDF8120001EE100AB8EE411A30EE16
:10817000410A8DED060ABDF812104DF6F430C0F636
:10818000010050F821100391BDF8121000EB81009E
:10819000406802909DED061AB7EE000A30EE410AE3
:1081A0009DED032A9DED023A21EE031A20EE020A0C
:1081B00030EE010A8DED070A9DED070A09B0704700
:1081C00083F9223E00000044000000C489B00890FA
:1081D00007910692089840680590079840680490B7
:1081E0000698406803900898008807990988884293
:1081F00015D1FFE7089840880799498888420ED131
:10820000FFE70898008806990988884207D1FFE7A8
:108210000898408806994988884204D0FFE7FD20E5
:108220008DF8030023E008990888498848430290A4
:1082300002980190FFE70198A8B1FFE70598011D9A
:10824000059190ED000A0498011D049190ED001A2B
:1082500030EE010A0398011D039180ED000A019898
:1082600001380190E7E700208DF80300FFE79DF952
:10827000030009B07047000083B00290ADF806100B
:10828000ADF804200093BDF8060002990880BDF8FF
:1082900004000299488000980299486003B0704732
:1082A000BBB0399038913998406837903898406819
:1082B000369039980088349039984088339000205F
:1082C000329031902B9039990888498888420DD195
:1082D000FFE7389908884988884207D1FFE739982D
:1082E000008838990988884204D0FFE7FD208DF87E
:1082F000A300C8E23698359034982C90FFE72C986C
:1083000058B3FFE734982C99401A2A90FFE72A982F
:1083100048B1FFE73599081D3590002008602A987C
:1083200001382A90F3E73599081D35904FF07E50BB
:1083300008602C9801382A90FFE72A9848B1FFE797
:108340003599081D3590002008602A9801382A9038
:10835000F3E72C9801382C90D1E700202990FFE713
:1083600029983399884280F05382FFE729982F900B
:10837000399948684988299A01FB022100EB81005C
:1083800035903598006832902998309029980130BE
:108390002D90FFE72D983499884225D2FFE739992F
:1083A000486849882D9A299B01FB023100EB810026
:1083B00035903598006831909DED310AB0EEC00AD5
:1083C0009DED321AB0EEC11AB4EE410AF1EE10FA88
:1083D00005DDFFE72D98309031983290FFE7FFE7F9
:1083E0002D9801302D90D5E79DED320AB5EE400A6B
:1083F000F1EE10FA76D0FFE730982999884271D0D3
:10840000FFE739984068259039984068249039985A
:108410004088239023982999401A22902F982399D5
:10842000299A00FB0121259800EB810025903098C6
:108430002399299A00FB0121249800EB81002490C4
:1084400000202790FFE727982299884213DAFFE758
:108450002598006826902498006825990A1D259281
:108460000860269824990A1D24920860FFE727983F
:1084700001302790E7E7389840681F9038984068A7
:108480001E90389840881D901D981C902F981D991B
:1084900041431F9800EB81001F9030981D99414384
:1084A0001E9800EB81001E9000202190FFE721988C
:1084B0001C99884213DAFFE71F98006820901E98E5
:1084C00000681F990A1D1F92086020981E990A1DB6
:1084D0001E920860FFE7219801302190E7E7012014
:1084E0002B90FFE72B9801280CD0FFE79DED320A77
:1084F000B5EE400AF1EE10FA04D1FFE7FB208DF84B
:10850000EB00C5E19DED321AB7EE000A80EE010ADC
:108510008DED320A399840681A9039984088199040
:1085200019982999401A18902F981999299A00FB9F
:1085300001211A9800EB81001A9000201B90FFE7A0
:108540001B981899884210DAFFE79DED321A1A98A5
:10855000011D1A9190ED000A20EE010A80ED000A3B
:10856000FFE71B9801301B90EAE7389840681690A7
:10857000389840881590159814902F981599414374
:10858000169800EB8100169000201790FFE71798CF
:108590001499884210DAFFE79DED321A1698011DF2
:1085A000169190ED000A20EE010A80ED000AFFE727
:1085B000179801301790EAE700202D90FFE72D98DB
:1085C0002F99884280F08B80FFE739994868498865
:1085D0002D9A299B01FB023100EB810035903598E3
:1085E000006832903998406812903998406811902C
:1085F00039984088109010982999401A0F90129835
:108600002D99109A514300EB8100299900EB8100CC
:10861000129011982F99109A514300EB81002999DB
:1086200000EB8100119000201390FFE713980F9941
:10863000884217DAFFE79DED321A1198011D11915A
:1086400090ED002A1298011D129190ED000A21EE82
:10865000021A30EE410A80ED000AFFE7139801305C
:108660001390E3E7389840680D90389840680C9074
:10867000389840880B900B980A900D982D990B9A7A
:10868000514300EB81000D900C982F990B9A5143A8
:1086900000EB81000C9000200E90FFE70E980A99E5
:1086A000884217DAFFE79DED321A0C98011D0C91F4
:1086B00090ED002A0D98011D0D9190ED000A21EE1C
:1086C000021A30EE410A80ED000AFFE70E980130F1
:1086D0000E90E3E7FFE72D9801302D906FE72F987C
:1086E00001302D90FFE72D983499884280F08B80DF
:1086F000FFE73999486849882D9A299B01FB023187
:1087000000EB8100359035980068329039984068C8
:1087100008903998406807903998408806900698E4
:108720002999401A059008982D99069A514300EB13
:108730008100299900EB8100089007982F99069AEB
:10874000514300EB8100299900EB81000790002044
:108750000990FFE709980599884217DAFFE79DED30
:10876000321A0798011D079190ED002A0898011D03
:10877000089190ED000A21EE021A30EE410A80EDD8
:10878000000AFFE7099801300990E3E7389840684C
:10879000039038984068029038984088019001987A
:1087A000009003982D99019A514300EB81000390AA
:1087B00002982F99019A514300EB8100029000200A
:1087C0000490FFE704980099884217DAFFE79DEDCF
:1087D000321A0298011D029190ED002A0398011DA2
:1087E000039190ED000A21EE021A30EE410A80ED6D
:1087F000000AFFE7049801300490E3E7FFE72D98B3
:1088000001302D906FE7FFE7299801302990A7E507
:1088100000208DF8A3002B98012833D0FFE79DEDB1
:10882000320AB5EE400AF1EE10FA2BD1FFE7399883
:108830004068379000202E90FFE72E983499339AA5
:108840005143884212D2FFE737982E9900EB8100FE
:1088500090ED000AB5EE400AF1EE10FA01D0FFE704
:1088600004E0FFE72E9801302E90E6E72E98349929
:10887000339A5143884204D1FFE7FB208DF8A300CF
:10888000FFE7FFE7FFE79DF8A3008DF8EB00FFE7A8
:108890009DF9EB003BB0704792B008AB009311908C
:1088A00010910F92119840680E90109840680D90AA
:1088B000119840680C90109840680B900F98406891
:1088C0000A9011980088ADF81E0010984088ADF805
:1088D0001C0011984088ADF81A0000200490BDF8E3
:1088E0001E000390119840881099098888420ED183
:1088F000FFE7119800880F990988884207D1FFE7A0
:10890000109840880F994988884204D0FFE7FD20DD
:108910008DF807005EE0FFE70A98049900EB8100FC
:108920000990BDF81C000590109840680D90FFE775
:10893000002008900C980E90BDF81A000290FFE7F6
:108940000298D8B1FFE700980E990A1D0E9291ED9A
:10895000000A0D9991ED002A90ED001A20EE020A0E
:1089600030EE010A80ED000ABDF81C100D9800EBF6
:1089700081000D90029801380290E1E7089809996A
:108980000A1D099208600598013805900B98BDF8FA
:108990001C10059A891A00EB81000D90FFE70598DD
:1089A0000028C5D1FFE70498BDF81C1008440490C6
:1089B0000C98BDF81A1000EB81000C900398013858
:1089C0000390FFE703980028A6D1FFE700208DF869
:1089D0000700FFE79DF9070012B0704789B00890C3
:1089E000079106920898406805900798406804909F
:1089F000069840680390089800880799098888427B
:108A000015D1FFE7089840880799498888420ED118
:108A1000FFE70898008806990988884207D1FFE790
:108A20000898408806994988884204D0FFE7FD20CD
:108A30008DF8030023E0089908884988484302908C
:108A400002980190FFE70198A8B1FFE70598011D82
:108A5000059190ED000A0498011D049190ED001A13
:108A600030EE410A0398011D039180ED000A019840
:108A700001380190E7E700208DF80300FFE79DF93A
:108A8000030009B0704700008AB009900891099866
:108A90004068079008984068069009980088ADF8EB
:108AA000120009984088ADF81000BDF8120002903D
:108AB000002001900998008808994988884207D1C8
:108AC000FFE70998408808990988884204D0FFE7A1
:108AD000FD208DF803002BE0FFE70698019900EBDD
:108AE00081000590BDF810000390FFE7039880B166
:108AF000FFE70798011D0791006805990860BDF818
:108B00001210059800EB810005900398013803903E
:108B1000ECE7019801300190029801380290FFE7DC
:108B200002980028D9D1FFE700208DF80300FFE765
:108B30009DF903000AB0704789B08DED080A9DEDDC
:108B4000080A9FED3A1A20EE010A8DED050A9DED07
:108B5000050ABDEEC00A8DED010A9DED050AB5EED0
:108B6000400AF1EE10FA04DAFFE7019801380190AB
:108B7000FFE79DED050A9DED011AB8EEC11A30EE32
:108B8000410A8DED050A9DED050A9FED291A20EE9B
:108B9000010A8DED000A9DED000ABDEEC00A10EE3F
:108BA000100AADF81200BDF81200B0F5007F0CDB22
:108BB000FFE70020ADF812009DED000A9FED1D1AA1
:108BC00030EE010A8DED000AFFE79DED000ABDF8C9
:108BD000120001EE100AB8EE411A30EE410A8DED96
:108BE000060ABDF812104DF6F430C0F6010050F838
:108BF00021100391BDF8121000EB81004068029033
:108C00009DED061AB7EE000A30EE410A9DED032AEB
:108C10009DED023A21EE031A20EE020A30EE010A1F
:108C20008DED070A9DED070A09B0704783F9223ED2
:108C300000000044000000C480B588B000208DF81A
:108C40001E008DF81D00E7F709FE80200490E7F76D
:108C5000B5FF55200590E7F7B1FF0598E7F7AEFFA0
:108C60008DF81E00E7F7F0FD96200690E7F72CFE42
:108C7000E7F7F4FD0498E7F7A1FF0598E7F79EFFF3
:108C80000598E7F79BFF8DF81E00E7F7DDFD0698D6
:108C9000E7F71AFEE7F7E2FD7E20B621E7F7A6FF29
:108CA000E7F7D2FD5020E7F7FBFDE7F7D7FD049883
:108CB000E7F784FF0598E7F781FF0598E7F77EFF60
:108CC0008DF81E00E7F7C0FD0698E7F7FDFDE7F712
:108CD000C5FD0498E7F772FF0598E7F76FFF059861
:108CE000E7F76CFF8DF81E00E7F7AEFD0698E7F793
:108CF000EBFD9DF81E001E2804D0FFE7FF208DF835
:108D00001F005CE000208DF81D00FFE79DF81D00AE
:108D1000052850DCFFE7E7F7A1FD9DF81D0000EBFB
:108D2000400240F27420C2F2000003908118805C7F
:108D30004978E7F75BFFE7F787FD96200290E7F7B2
:108D4000C3FDE7F78BFD03989DF81D1001EB410172
:108D5000405C40F08000E7F731FF55200190E7F7D5
:108D60002DFF0198E7F72AFF8DF81E00E7F76CFD4D
:108D70000298E7F7A9FD03999DF81E009DF81D20B4
:108D800002EB42021144497888420DD0FFE79DF87A
:108D90001D0000EB400140F27420C2F200000844C4
:108DA00080788DF81F000AE0FFE79DF81D00013074
:108DB0008DF81D00AAE700208DF81F00FFE79DF841
:108DC0001F0008B080BD000080B586B00020029072
:108DD0008DF816008DF81500E7F756FD02980DF195
:108DE00015010391E7F7D8FEE7F744FD96200490BC
:108DF000E7F76AFDE7F748FD02980399E7F7CCFE2D
:108E0000E7F738FD0498E7F75FFDE7F73DFD14202D
:108E1000B621E7F7EBFEE7F72DFD5020E7F740FD21
:108E2000E7F732FD02980399E7F7B6FEE7F722FD70
:108E30000498E7F749FDE7F727FD02980399E7F75C
:108E4000ABFEE7F717FD0498E7F73EFD9DF8150028
:108E50000F2804D0FFE7FF208DF8170053E0002013
:108E60008DF81600FFE79DF81600052847DCFFE7A0
:108E7000E7F70AFD9DF8160000EB400240F286205D
:108E8000C2F2000001908118805C4978E7F7AEFEDD
:108E9000E7F7F0FC96200090E7F716FDE7F7F4FC03
:108EA00001989DF8161001EB4101405C0DF1150190
:108EB000E7F772FEE7F7DEFC0098E7F705FD01999A
:108EC0009DF815009DF8162002EB420211444978E6
:108ED00088420DD0FFE79DF8160000EB400140F2FC
:108EE0008620C2F20000084480788DF817000AE05E
:108EF000FFE79DF8160001308DF81600B3E700205B
:108F00008DF81700FFE79DF8170006B080BD000040
:108F100084B0029001914FF6FF70ADF80200029804
:108F200028B9FFE74FF6FF70ADF80E0021E0FFE72C
:108F30000198411E0191B8B1FFE70298411C0291CE
:108F400000788DF80100BDF802109DF8010048403E
:108F5000C2B24EF22850C0F6010030F8120080EA8A
:108F60001120ADF80200E3E7BDF80200ADF80E00F5
:108F7000FFE7BDF80E0004B07047000083B0029018
:108F80000191FF208DF80300FFE70198411E019138
:108F900098B1FFE79DF8030002994A1C02920978F4
:108FA00048408DF802009DF802104DF61010C0F6F2
:108FB0000100405C8DF80300E7E79DF8030003B073
:108FC0007047000080B58AB00990ADF82210079272
:108FD00008200590002003900490BDF82200019025
:108FE0000998079A01A96B46E9F788FB0AB080BD8A
:108FF00080B58CB0DDF83CC0DDF838C00A9009912E
:109000000892079343F2C050C2F200000078012892
:109010000CD0FFE70F98F1F7CFFB43F2C051C2F23B
:109020000001087000208DF82F0048E141F2E47043
:10903000C2F2000090ED0F0AB1EE041AB4EE410A3C
:10904000F1EE10FA3CDBFFE741F2E470C2F20000FF
:1090500090ED0F0AB2EE0A1AB4EE410AF1EE10FAE0
:109060002EDCFFE70A9890ED030AB0EE041A20EE1A
:10907000010A0F9800F64C7080ED000A0A9890EDF6
:10908000040A20EE010A0F9841F27411084480EDA1
:10909000000A0A9890ED050AB0EE0C1A20EE010ABB
:1090A0000F9800F6FC2080ED000A0A9890ED060A61
:1090B00020EE010A0F9800F6245080ED000A76E0B9
:1090C00041F2E470C2F2000090ED0F0AB2EE0A1A0B
:1090D000B4EE410AF1EE10FA3CDBFFE741F2E47036
:1090E000C2F2000090ED0F0AB3EE0E1AB4EE410A80
:1090F000F1EE10FA2EDCFFE70A9890ED030AB0EECD
:10910000081A20EE010A0F9800F64C7080ED000A54
:109110000A9890ED040A20EE010A0F9841F27411AA
:10912000084480ED000A0A9890ED050AB1EE041A91
:1091300020EE010A0F9800F6FC2080ED000A0A9844
:1091400090ED060A20EE010A0F9800F6245080EDFB
:10915000000A2BE00A9890ED030AB1EE001A20EE07
:10916000010A0F9800F64C7080ED000A0A9890ED05
:10917000040A20EE010A0F9841F27411084480EDB0
:10918000000A0A9890ED050A20EE010A0F9800F6F1
:10919000FC2080ED000A0A9890ED060A20EE010AF4
:1091A0000F9800F6245080ED000AFFE7FFE70998CA
:1091B000007850B9FFE70A990020C8600A99086151
:1091C0000A9948610A998861FFE70F9901F64240C0
:1091D000B1F9D82A00EE102AB8EEC00A01F6FC2137
:1091E000D1ED000AF2F78CFD0F9901F66A60B1F932
:1091F000002D00EE102AB8EEC00A01F62451D1ED80
:10920000000AF2F77DFD0F9941F292000844B1F98E
:10921000282F00EE102AB8EEC00A01F64C71D1EDED
:10922000000AF2F76DFD0F9941F2BA20084441F2AD
:1092300050128A5E00EE102AB8EEC00A41F2741293
:109240001144D1ED000AF2F75BFD0F98D0F8760CCF
:1092500003900F98D0F89E0E04900F9841F2C6012B
:10926000405805900F9841F2EE21405806909DED30
:10927000033A9DED042A9DED051A9DED060ABDEE0B
:10928000C33A13EE102ABDEEC22A12EE103ABDEE1A
:10929000C11A11EE100ABDEEC00A10EE10CA6946DE
:1092A000C1F804C0086043F67810C2F200004FF421
:1092B0000071E8F7D9F901208DF82F00FFE79DF83C
:1092C0002F000CB080BD000084B003908DF80B100F
:1092D000019200208DF803009DF80B0002282ED18A
:1092E000FFE703980199C8700398000A0390039858
:1092F000019988700398000A0390039800F0030016
:109300008DF803000398C0000390039800F0E0007C
:109310009DF8031008448DF803009DF80300083001
:109320008DF803009DF8030000F0EB0001994870F0
:109330000398000A039003980199087011E00199BD
:10934000002088700199C870039840010390039829
:10935000019948700398000A0390039801990870D6
:10936000FFE704B07047000084B08DF80F008DF85F
:109370000E108DF80D208DF80C3000200290019019
:109380009DF80C0000F003008DF803009DF80C0020
:1093900040098DF802009DF80D00C0000190019871
:1093A0009DF80210084401900198800001900198F6
:1093B0009DF8031008440190019800020190019863
:1093C0009DF80F1008440190019800020190019847
:1093D0009DF80E100844019001980290029804B084
:1093E0007047000083B08DF80B008DF80A10002044
:1093F00001909DF80B00C000009000989DF80A10A5
:1094000000EB5110009000980190019803B0704754
:1094100085B0049004988169806A00EE101A01EE0C
:10942000100A20EE010AB5EE400AF1EE10FA40F300
:109430009180FFE70498806900EE100AB5EE400ABB
:10944000F1EE10FA07DDFFE70498806900EE100ADC
:109450008DED030A08E00498806980F0004000EE7A
:10946000100A8DED030AFFE79DED030A0498406D95
:1094700001EE100AB4EE410AF1EE10FA01DCFFE74A
:1094800068E00498806900EE100AB5EE400AF1EE3B
:1094900010FA07DDFFE70498806900EE100A8DEDF1
:1094A000020A08E00498806980F0004000EE100A8B
:1094B0008DED020AFFE79DED020A0498016D406DF3
:1094C00001EE101A02EE100A31EE021AB4EE410A51
:1094D000F1EE10FA39DCFFE704998869096D00EEB6
:1094E000101A8DED010A00EE100AB5EE400AF1EEF9
:1094F00010FA07DDFFE70498806900EE100A8DED91
:10950000000A08E00498806980F0004000EE100A2C
:109510008DED000AFFE79DED010A9DED001A30EE8A
:10952000410A0499086B0A6D4B6D01EE103A30EE5A
:10953000010A01EE102A80EE011A00EE100A20EE58
:10954000010A10EE100A086303E004990020086382
:10955000FFE7FFE705B0704781B000900099D1F8B0
:109560002CC0C86BCA6DD1F8903000EE10CA01EE65
:10957000103A20EE010A03EE102A33EE012A80EEA3
:10958000020A01EE100A21EE031A81EE021A30EEF1
:10959000010A10EE100AC86201B0704780B584B0AD
:1095A00003900398D0F89400E8BBFFE70398B0F865
:1095B000600003281DDBFFE70398C3680169D0F84A
:1095C000902000EE103A8DED020A623000EE102A73
:1095D00081F0004100EE901AF2F722F8B0EE401A46
:1095E0009DED020A20EE010A039910EE100AC862EE
:1095F00018E00399D1F80CC00A694B69D1F89000C2
:1096000000EE10CA01EE103A02EE102A31EE421AB4
:1096100020EE010A01EE100A80EE010A10EE100A97
:10962000C862FFE74CE00398B0F86000032825DB30
:10963000FFE70398D0F80CC00169D0F89020D0F86B
:10964000943000EE10CA9B6801EE103A30EE010A29
:109650008DED010A623000EE102A81F0004100EE2B
:10966000901AF1F7DDFFB0EE401A9DED010A20EEF1
:10967000010A039910EE100AC86220E00399D1F89C
:109680000CC00A694B69D1F8900000EE10CAD1F8FD
:1096900094C0DCF808C001EE10CA30EE010A01EEF9
:1096A000103A02EE102A31EE421A20EE010A01EEC3
:1096B000100A80EE010A10EE100AC862FFE7FFE709
:1096C00004B080BD82B001900198816A006B00EE09
:1096D000101A01EE100A30EE010A43F2D850C2F21D
:1096E000000080ED000A0198426A816AC06A00EEBB
:1096F000102A01EE101A30EE010A01EE100A30EEC7
:10970000010A43F2DC50C2F2000080ED000A90ED45
:10971000000AB5EE400AF1EE10FA09DDFFE743F268
:10972000DC50C2F2000090ED000A8DED000A0AE064
:1097300043F2DC50C2F2000090ED000AB1EE400AA4
:109740008DED000AFFE79DED000A0198006C01EE27
:10975000100AB4EE410AF1EE10FA14DDFFE70198A9
:109760008169806A00EE101A01EE100A20EE010AEB
:10977000B5EE400AF1EE10FA04DDFFE70199002092
:109780000863FFE7FFE743F2D850C2F2000090ED14
:10979000000A0198406C01EE100AB4EE410AF1EEA5
:1097A00010FA07DDFFE70199002008630199486C72
:1097B0008862FFE743F2D850C2F2000090ED000A41
:1097C0000198406C80F0004001EE100AB4EE410AAE
:1097D000F1EE10FA09DAFFE7019900200863019918
:1097E000486C80F000408862FFE702B070470000DC
:1097F00081B000900099D1F834C0886B8A6DD1F89F
:10980000903000EE10CA01EE103A20EE010A03EE8D
:10981000102A33EE012A80EE020A01EE100A21EE30
:10982000031A81EE021A30EE010A10EE100A4863A4
:1098300001B0704781B000900098416B006C00EE61
:10984000101A01EE100AB4EE410AF1EE10FA04DD2E
:10985000FFE70099086C4863FFE70098416B006CD4
:1098600000EE101A80F0004001EE100AB4EE410A3A
:10987000F1EE10FA06DAFFE70099086C80F000407C
:109880004863FFE701B0704781B000900098416BDA
:10989000006C00EE101A01EE100A9FED2B2A21EE4B
:1098A000021AB4EE410AF1EE10FA0EDBFFE700985F
:1098B000006820F0004000EE100A9FED241AB4EE7C
:1098C000410AF1EE10FA01DAFFE73BE00098016887
:1098D000006901EE101A00EE100A31EE400AB0EEF7
:1098E000C00AB0EEC11A80EE010A9FED191AB4EE5B
:1098F000410AF1EE10FA0DDDFFE70099D1F8992049
:10990000D1F89D00013240F10000C1F89920C1F862
:109910009D0006E000990020C1F89D00C1F8990063
:10992000FFE70098D0F89910D0F89D0040F2F512AA
:10993000891A70F1000005D3FFE70099012081F832
:10994000A100FFE701B070476F12833A17B7D13813
:109950003333733F81B000900098416A006C00EE91
:10996000101A01EE100AB4EE410AF1EE10FA04DD0D
:10997000FFE70099086C4862FFE70098416A006CB5
:1099800000EE101A80F0004001EE100AB4EE410A19
:10999000F1EE10FA06DAFFE70099086C80F000405B
:1099A0004862FFE701B0704781B000900098D0F89E
:1099B0009400E8B9FFE70099D1F808C08B69CA693B
:1099C000D1F8900000EE10CA01EE103A02EE102A13
:1099D00031EE021AB0EE002A81EE021A20EE010AE0
:1099E00001EE100A20EE010A10EE100A086324E0CE
:1099F0000099D1F808C08B69CA69D1F8900000EECF
:109A000010CAD1F894C0DCF804C001EE10CA30EEE0
:109A1000010A01EE103A02EE102A31EE021AB0EEFF
:109A2000002A81EE021A20EE010A01EE100A20EE51
:109A3000010A10EE100A0863FFE701B0704700004A
:109A400084B08DED020ACDED010A8DED001A9DED79
:109A5000020A9DED011AB4EE410AF1EE10FA03DAA2
:109A6000FFE7019803900FE09DED020A9DED001ABB
:109A7000B4EE410AF1EE10FA03DDFFE7009803901F
:109A800002E002980390FFE79DED030A04B07047DF
:109A900080B584B003A801900020ADF80A0043F619
:109AA0000810C2F200000821FEF770F80146019884
:109AB000ADF80A10BDF80A1000EE101AB8EE400A10
:109AC00040F27021C2F2000191ED001A20EE010A6D
:109AD0009FED041A20EE010A80ED000A90ED000AC5
:109AE00004B080BD5D74214180B586B004900391BF
:109AF0000292019343F2E150C2F200000078012883
:109B00000CD0FFE70298F0F7F1FE43F2E151C2F208
:109B10000001087000208DF8170012E00499B1F8D8
:109B200048200298B0F83402801AA1F84C0002983C
:109B3000B0F838020499A1F84E0001208DF8170002
:109B4000FFE79DF8170006B080BD000080B582B029
:109B500000208DF8070000908DF80700FFE79DF8C2
:109B60000700C72812DCFFE743F6C000C2F200007E
:109B70001121FEF70BF80146009808440090FFE71A
:109B80009DF8070001308DF80700E8E79DED000A19
:109B9000B8EE401A9FED050A80EE010A40F27020EF
:109BA000C2F2000080ED000A02B080BD01007043E7
:109BB00080B582B08DED010A4FF07E5000909DED92
:109BC000010AF5F753F9B0EE401A9DED000A80EE58
:109BD000010A8DED000A9DED000A02B080BD000073
:109BE00080B582B000200190EAF702FBF5F7E4FBB4
:109BF000F1F700FAF1F7CEF8F1F76AF8F1F790F81B
:109C0000F1F7FEFAF1F730FCF1F774FCF1F7B0F878
:109C1000F1F748FBF1F748FCF1F78CFBF0F7D8FFC0
:109C2000F1F716F8F1F7F2FBF1F714FBF1F722F96F
:109C300000F042F8FFE7FEE782B0ADF80600002032
:109C40000090BDF90600842807D0FFE7BDF90600A3
:109C50000099084403300090FFE7009802B0704775
:109C600080B584B0039003980290029818B1FFE782
:109C70000298019002E001200190FFE7019801F0B5
:109C800015FD002004B080BD80B586B0059004911C
:109C90000498039005980290039818B1FFE7039881
:109CA000019002E001200190FFE70298019901F084
:109CB00035FD002006B080BD80B501F01FFE0020FC
:109CC00080BD0000B0B590B00E900D910E98406927
:109CD00038B3FFE70E98806918B3FFE70E98016864
:109CE000089141680B91016909910D990A91B0F9A8
:109CF0000800FFF7A1FF0899099A0A9B84460B9870
:109D0000DDF838E0DEF81440DEF81850EE46CEF804
:109D10000850CEF80440CEF800C002F0CFFB0C9003
:109D200020E00E980168049141680791018A05912D
:109D30000D990691B0F90800FFF77EFF0499059A86
:109D4000069B84460798EE460CACCEF80440CEF84D
:109D500000C002F063FB012803D0FFE700200F9052
:109D600003E0FFE70C980F90FFE70F9810B0B0BD2D
:109D700080B584B0039002914AF65460C2F20000AC
:109D80000068009044F2F850C2F20000026800211E
:109D900082F852100068043001F040FA88B9FFE7F9
:109DA00044F2F850C2F200000068C16A012000FAD3
:109DB00001F24AF6FC21C2F20001086890430860F3
:109DC00000E0FFE70398013080B9FFE7029868B12F
:109DD000FFE744F2F850C2F200000068011D4AF6A5
:109DE0002C60C2F2000001F0BFFA3DE00098039938
:109DF00008440190019844F2F851C2F20001096848
:109E000048600198009988420ED2FFE744F208604A
:109E1000C2F20000006844F2F851C2F20001096881
:109E2000043101F06BFA1EE044F20060C2F200005F
:109E3000006844F2F851C2F200010968043101F0EF
:109E40005DFA01984AF6B851C2F2000109688842E9
:109E500007D2FFE701984AF6B851C2F20001086044
:109E600000E0FFE7FFE7FFE704B080BD80B582B008
:109E7000019001F0A1FA4AF6EC21C2F20001086853
:109E80000130086044F2F850C2F20000006898B94E
:109E9000FFE7019844F2F851C2F2000108604AF667
:109EA000EC20C2F200000068012803D1FFE700F0B7
:109EB000EBFA00E0FFE71CE04AF62060C2F2000087
:109EC0000068A0B9FFE744F2F850C2F20000006851
:109ED000C06A0199C96A884207D8FFE7019844F22D
:109EE000F851C2F20001086000E0FFE700E0FFE780
:109EF000FFE74AF6F821C2F2000108680130086065
:109F00000198C16A012000FA01F24AF6FC21C2F26E
:109F100000010868104308600199C86A00EB8002DC
:109F200044F21060C2F2000000EB8200043101F044
:109F30001BFA01F06DFA4AF62060C2F200000068D8
:109F4000C8B1FFE744F2F850C2F200000068C06AEE
:109F50000199C96A88420CD2FFE74EF60451CEF24D
:109F600000014FF080500860BFF34F8FBFF36F8F39
:109F700000E0FFE700E0FFE702B080BD80B584B0FD
:109F800001F01AFA4AF65860C2F200000068002890
:109F900040D1FFE74AF60430C2F20000029001F01F
:109FA0008DF94AF61830C2F20000039001F086F9EC
:109FB0000299039844F2FC52C2F20002116044F28A
:109FC0000C61C2F20001086069460020086044F29A
:109FD0000B52C2F2000244F2AC53C2F200030A2058
:109FE000102101F00FFE01464AF65860C2F200004F
:109FF0000160006860B1FFE74AF65860C2F20000F5
:10A0000000684EF20951C0F6010101F0F3FA00E0D8
:10A01000FFE700E0FFE701F0FBF904B080BD0000BE
:10A0200080B582B0FFE74AF6F020C2F20000006877
:10A0300008B3FFE701F0C0F94AF64060C2F2000041
:10A04000C068C06801900198043001F0E7F84AF652
:10A05000EC21C2F200010868013808604AF6F021DC
:10A06000C2F2000108680138086001F0D1F90198D6
:10A0700000F08CF8D7E702B080BD000080B582B058
:10A08000019000910198006CB8B1FFE70199C86890
:10A090000A6C1044C86001988168C068884204D383
:10A0A000FFE701990868C86000E0FFE70098019A9F
:10A0B000D168126CE6F7EDF9FFE702B080BD000051
:10A0C00080B586B005900491039200200290059817
:10A0D000806B01900598006C78B9FFE705980068DF
:10A0E00048B9FFE70598806802F052FB0290059995
:10A0F0000020886000E0FFE741E00398B8B9FFE77F
:10A10000059A04995068126CE6F7C3F905994868F6
:10A110000A6C10444860059948688968884204D3ED
:10A12000FFE705990868486000E0FFE726E0059A28
:10A130000499D068126CE6F7ACF90599C8680A6C06
:10A14000801AC86005980168C068884206D2FFE797
:10A15000059988680A6C801AC86000E0FFE70398D8
:10A16000022809D1FFE7019820B1FFE701980138E3
:10A17000019000E0FFE700E0FFE7FFE7FFE701985D
:10A18000013005998863029806B080BD80B582B021
:10A190000090009890F8510040B9FFE70098006BDC
:10A1A00001F05CF9009801F059F91CE0009890F872
:10A1B0005100012804D1FFE7009801F04FF911E0A8
:10A1C000009890F8510002280BD0FFE74FF05000A4
:10A1D00080F31188BFF36F8FBFF34F8F0190FFE7BC
:10A1E000FEE7FFE7FFE702B080BD000082B001900C
:10A1F00044F2FC50C2F2000000680068B0FA80F03F
:10A200004009019908600198006848B9FFE744F2E5
:10A21000FC50C2F200000068C0680068009002E0D4
:10A2200000200090FFE7009802B0704784B04FF420
:10A23000C040009044F2D660C2F2000001909DF848
:10A240000400400788B1FFE70198073001900198AA
:10A2500020F007000190019A44F2D661C2F2000199
:10A260000098891A08440090FFE70198029002992B
:10A270004AF62460C2F200000160002141600298A9
:10A28000009A10440190019808380190019820F03C
:10A2900007000190019A44F20460C2F200000260DB
:10A2A0000268516002681160029903910199039A52
:10A2B000891A5160006803990860039840684AF65B
:10A2C000B451C2F200010860039840684AF6583160
:10A2D000C2F2000108604AF62C31C2F200014FF0D0
:10A2E0000040086004B0704780B582B00190FFE77D
:10A2F000FFF796FE44F21060C2F2000000680228E8
:10A300000CD3FFE74EF60451CEF200014FF080501F
:10A310000860BFF34F8FBFF36F8F00E0FFE7E7E701
:10A3200080B584B0DDF818C00390029101928DF8D9
:10A330000330029818B9FFE70698006003E001981F
:10A3400006990860FFE703980699C8630298069982
:10A3500008640698012101F0DDFC04B080BD000016
:10A3600080B588B0DDF834C0DDF830C0DDF82CC031
:10A37000DDF828C006900591049203930C98006BB9
:10A3800004998900A522E6F7FBF80C98006B049964
:10A3900000EB810004380290029820F00700029040
:10A3A0009DF80800400758B1FFE74FF0500080F3D8
:10A3B0001188BFF36F8FBFF34F8F0790FFE7FEE762
:10A3C0000598F8B1FFE700200190FFE701980F28FA
:10A3D00013D8FFE70598019A805C0C99114481F825
:10A3E000340005980199405C08B9FFE705E0FFE7F4
:10A3F000FFE7019801300190E8E70C99002081F80F
:10A40000430004E00C99002081F83400FFE70A982B
:10A41000072803D3FFE706200A9000E0FFE70A9829
:10A420000C99C8620A980C9948640C990020009015
:10A4300088640C98043000F059FF0C98183000F034
:10A4400055FF00980C9909610A99C1F107010C9A0E
:10A4500091610C9949620C99C8640C9981F850007B
:10A460000C9981F8520002980699039A00F0D0FCEA
:10A470000C9908600B9820B1FFE70C980B990860C5
:10A4800000E0FFE708B080BD80B584B000200390F5
:10A49000FFE70398062810D8FFE7039800EB800138
:10A4A00044F21060C2F2000000EB810000F006FFF1
:10A4B000FFE7039801300390EBE74AF63030C2F231
:10A4C0000000019000F0FAFE4AF64430C2F20000AB
:10A4D000029000F0F3FE4AF6CC50C2F2000000F009
:10A4E000EDFE4AF64060C2F2000000F0E7FE4AF6D8
:10A4F0002C60C2F2000000F0E1FE0199029844F2E3
:10A500000062C2F20002116044F20861C2F200016E
:10A51000086004B080BD000083B002904AF6246059
:10A52000C2F200000190FFE701980068029988429A
:10A5300005D2FFE7FFE7019800680190F4E7019872
:10A54000009000980199496808440299884209D10D
:10A55000FFE70298426801994868104448600198F2
:10A56000029000E0FFE70298009000980299496885
:10A57000084401990968884220D1FFE701980068E2
:10A5800044F20461C2F20001096888420DD0FFE77D
:10A590000198006842680299486810444860019830
:10A5A000006800680299086007E044F20460C2F2A3
:10A5B0000000006802990860FFE704E00198006865
:10A5C00002990860FFE701980299884204D0FFE7EA
:10A5D00002980199086000E0FFE703B070470000AF
:10A5E00080B586B0059004910392029300200190FB
:10A5F0000498059948600598006104980399884279
:10A6000016D8FFE703980299401A0599896988428C
:10A6100003D3FFE70120019009E044F20C60C2F28D
:10A62000000000680599043100F068FEFFE717E0BC
:10A6300003980299884208D2FFE704980299884259
:10A6400003D3FFE70120019009E044F2FC50C2F27D
:10A65000000000680599043100F050FEFFE7FFE7B5
:10A66000019806B080BD000080B582B0019000F076
:10A67000A3FE0198806B18B9FFE70120009002E06B
:10A6800000200090FFE700F0C3FE009802B080BDFC
:10A6900080B582B0019000F08FFE0198806B019927
:10A6A000C96B884203D1FFE70120009002E000203F
:10A6B0000090FFE700F0ACFE009802B080BD000003
:10A6C00008480068006880F308884FF0000080F3B5
:10A6D000148862B661B6BFF34F8FBFF36F8F00DF90
:10A6E00000BF000008ED00E080B586B00490039143
:10A6F00044F2FC50C2F200000068C068C0680190DB
:10A700000198043000F08AFD019890F82400400779
:10A71000002823D5FFE70198049B81691944039A17
:10A72000FFF75EFFC0B1FFE70198049A6946002376
:10A730000B60194602F020FA0290029858B9FFE720
:10A740004FF0500080F31188BFF36F8FBFF34F8F2E
:10A750000590FFE7FEE700E0FFE707E0019991F8C9
:10A76000240000F0FE0081F82400FFE70198016A50
:10A77000884706B080BD000080B58EB0FFE74AF67E
:10A780005860C2F20000006807A9002201F0DCFC5A
:10A79000002800F0B880FFE70798B0F1FF3F17DC12
:10A7A000FFE707A804300290029858B9FFE74FF07E
:10A7B000500080F31188BFF36F8FBFF34F8F0D9060
:10A7C000FFE7FEE702990A6848688968904700E059
:10A7D000FFE70798002800F19580FFE709980690A9
:10A7E0000698406928B1FFE70698043000F016FD8E
:10A7F00000E0FFE705A800F0FBF803900798019040
:10A80000092800F27D800199DFE801F00505053D8A
:10A81000456605053D45069991F8240040F0010084
:10A8200081F824000698089B81691944039AFFF770
:10A83000D7FE30B3FFE70698016A8847069890F87C
:10A840002400400700281AD5FFE706980899826976
:10A850000A44694600230B60194602F08DF9049002
:10A86000049858B9FFE74FF0500080F31188BFF308
:10A870006F8FBFF34F8F0C90FFE7FEE700E0FFE71D
:10A8800000E0FFE73DE0069991F8240000F0FE00AB
:10A8900081F8240035E0069991F8240040F0010089
:10A8A00081F824000898069988610698806958B94B
:10A8B000FFE74FF0500080F31188BFF36F8FBFF3B5
:10A8C0004F8F0B90FFE7FEE70698039B81691944C1
:10A8D0001A46FFF785FE14E0069890F824008007DA
:10A8E000002804D4FFE7069800F0B8FD07E00699B9
:10A8F00091F8240000F0FE0081F82400FFE700E05A
:10A90000FFE7FFE73BE70EB080BD000080B584B0F5
:10A910000390029101F062F8684600F069F8019036
:10A920000098D8BBFFE7029860B9FFE70398019948
:10A93000884207D8FFE702F019F803980199FFF75A
:10A94000D3FE2AE0029858B1FFE744F20C60C2F24D
:10A95000000000680068B0FA80F040090290FFE74C
:10A960004AF65860C2F2000000680399019A891AF9
:10A97000029A00F069FE01F0F9FF60B9FFE74EF6B8
:10A980000451CEF200014FF080500860BFF34F8FAA
:10A99000BFF36F8F00E0FFE7FFE702E001F0E6FFA3
:10A9A000FFE704B080BD000081B044F20060C2F255
:10A9B00000000068006840B9FFE74AF6B851C2F2EB
:10A9C00000014FF0FF3008600FE044F20060C2F277
:10A9D00000000068C068C0680090009840684AF6AF
:10A9E000B851C2F200010860FFE701B070470000F3
:10A9F00080B582B0019001F0E5FD0090009844F22E
:10AA0000F451C2F200010968884206D2FFE700F063
:10AA100011F801990120086003E001990020086005
:10AA2000FFE7009844F2F451C2F200010860009878
:10AA300002B080BD80B588B0FFE744F2FC50C2F29E
:10AA400000000068006800284ED0FFE744F2FC5088
:10AA5000C2F200000168C968096806910068C06810
:10AA6000C06803900398043000F0D8FB0398016A93
:10AA70008847039890F824004007002832D5FFE764
:10AA800006980399896908440590059806998842B3
:10AA90000FD9FFE70598039948600398006144F2D5
:10AAA000FC50C2F2000000680399043100F026FC5B
:10AAB00017E00398069A694600230B60194602F0D6
:10AAC0005BF80290029858B9FFE74FF0500080F30E
:10AAD0001188BFF36F8FBFF34F8F0790FFE7FEE73B
:10AAE000FFE700E0FFE7A8E744F2FC52C2F20002F1
:10AAF0001068049044F20C61C2F200010868106012
:10AB00000498086008B080BD83B00020009040F237
:10AB10006C20C2F200000068013058B1FFE74FF02E
:10AB2000500080F31188BFF36F8FBFF34F8F0290F7
:10AB3000FFE7FEE74FF0500080F31188BFF36F8FFF
:10AB4000BFF34F8F0190FFE7009808B9FFE7FBE7DD
:10AB500003B0704780B584B00390FFE701A8FFF70A
:10AB600045FB029002980199FFF7D0FEFFF704FE23
:10AB7000F4E7000080B582B0019000F01DFC019860
:10AB800090F845008DF80300FFE79DF903000128C8
:10AB900016DBFFE70198406A58B1FFE701982430BF
:10ABA00001F082FE18B1FFE700F054FE00E0FFE77D
:10ABB00000E005E09DF8030001388DF80300E4E7AC
:10ABC0000199FF2081F8450000F022FC00F0F4FB21
:10ABD000019890F844008DF80200FFE79DF902000B
:10ABE000012816DBFFE70198006980B1FFE70198B3
:10ABF000103001F059FE18B1FFE700F02BFE00E025
:10AC0000FFE79DF8020001388DF8020000E000E047
:10AC1000E4E70199FF2081F8440000F0F9FB02B05D
:10AC200080BD000080B58AB006900020029000F040
:10AC3000D5FE44F20460C2F20000006818B9FFE7D4
:10AC4000FFF7F4FA00E0FFE706984AF62C31C2F26B
:10AC500000010968084240F0C580FFE7069800B38C
:10AC6000FFE70698083006909DF818004007B0B13D
:10AC7000FFE7069820F00700083006909DF81800BE
:10AC8000400758B1FFE74FF0500080F31188BFF341
:10AC90006F8FBFF34F8F0990FFE7FEE700E0FFE7FC
:10ACA00000E0FFE70698002800F09A80FFE706988A
:10ACB0004AF65831C2F200010968884200F29080D9
:10ACC000FFE74AF62460C2F2000004900068059095
:10ACD000FFE705984168069A00209142019007D24B
:10ACE000FFE705980068002818BF01200190FFE7E2
:10ACF0000198C00730B1FFE70598049005980068F7
:10AD00000590E6E7059844F20461C2F20001096883
:10AD1000884263D0FFE704980068083002900598E5
:10AD2000006804990860059840680699401A11283F
:10AD300021D3FFE705980699084403909DF80C007D
:10AD4000400758B1FFE74FF0500080F31188BFF380
:10AD50006F8FBFF34F8F0890FFE7FEE705984068BD
:10AD60000699401A03994860069805994860039827
:10AD7000FFF7D2FB00E0FFE7059842684AF658303B
:10AD8000C2F200000168891A016000684AF6B451F5
:10AD9000C2F20001096888420BD2FFE74AF6583038
:10ADA000C2F2000000684AF6B451C2F20001086025
:10ADB00000E0FFE74AF62C30C2F200000268059975
:10ADC0004868104348600599002008604AF6C05161
:10ADD000C2F2000108680130086000E0FFE700E00F
:10ADE000FFE700E0FFE701F0C1FD9DF80800400724
:10ADF00058B1FFE74FF0500080F31188BFF36F8F19
:10AE0000BFF34F8F0790FFE7FEE702980AB080BDBF
:10AE100083B0029001910092029804380290029946
:10AE20004FF080700860029804380290019820F07A
:10AE300001000299086002980438029002994AF6CB
:10AE40000930C0F60100086002981438029000989A
:10AE50000299086002980438029002996FF002008B
:10AE60000860029820380290029803B070470000F2
:10AE700080B588B006900591049244F2BB60C2F29E
:10AE80000000007801280CD0FFE70498EFF7C8FD18
:10AE900044F2BB61C2F20001087000208DF81F006F
:10AEA000B1E00698006B0499C1F884040698406BE1
:10AEB0000499C1F8AC060698806B0499C1F8D408CF
:10AEC000049901F5926001F2844191ED000AE6F7E0
:10AED000E7FE049901F2CA50B1F9602400EE102A8D
:10AEE000B8EEC00A01F28441D1ED000AF0F708FF84
:10AEF000049901F5D76001F2AC6191ED000AE6F723
:10AF0000CFFE049901F2F270B1F9882600EE102A02
:10AF1000B8EEC00A01F2AC61D1ED000AF0F7F0FE24
:10AF2000049901F61A20B1F9B01800EE101AB8EE23
:10AF3000C00ADFED370AF0F7E3FE049800F5A361DD
:10AF400091ED000AD0F8FE0501EE100A30EE010A7C
:10AF50008DED010A049800F5E86191ED000AD0F842
:10AF6000260801EE100A30EE010A8DED020A04985F
:10AF7000D0F84E0A03900498D0F884040699086625
:10AF80000498D0F8AC0606994866049800F284410B
:10AF900091ED000AB0F9600401EE100AB8EEC11A92
:10AFA00030EE410A069880ED150A049800F2AC6173
:10AFB00091ED000AB0F9880601EE100AB8EEC11A48
:10AFC00030EE410A069880ED160A0498D0F8B808C9
:10AFD0000699C865049800F6A8000699F1F722FDC5
:10AFE000069981F868000498D0F8B808C117069B44
:10AFF00000931A6C5B6CE5F7CFF90099C8660120E5
:10B000008DF81F00FFE79DF81F0008B080BD00BF4E
:10B0100000803B4680B582B001900199A520087060
:10B0200001992420A1F8010044F2BA62C2F20002A0
:10B030001078411C11700199C87001980421FDF726
:10B040009DFF01990871019940F20130A1F80500B6
:10B0500001994FF48170A1F8070040F26020C2F21C
:10B0600000000168019AA2F80910006800F58070DC
:10B070000199A1F80B0001982B21FDF749FF0199D7
:10B08000A1F82B0002B080BD80B582B0019001997B
:10B09000A520087001995120A1F8010044F2BA627C
:10B0A000C2F200021078411C11700199C870019819
:10B0B0000421FDF763FF01990871019940F2013005
:10B0C000A1F80500019940F20310A1F8070040F231
:10B0D0006020C2F200000168019AA2F8091000681D
:10B0E00000F580700199A1F80B0001985821FDF737
:10B0F0000FFF0199A1F8580002B080BD80B582B061
:10B1000001900199A520087001996F20A1F8010014
:10B1100044F2BA62C2F200021078411C1170019927
:10B12000C87001980421FDF729FF01990871019960
:10B1300040F20130A1F8050001994FF48270A1F8A6
:10B14000070040F26020C2F200000168019AA2F8F4
:10B150000910006800F580700199A1F80B000198B2
:10B160007621FDF7D5FE0199A1F8760002B080BDE9
:10B1700080B582B001900199A52008700199332013
:10B18000A1F8010044F2BA62C2F200021078411C38
:10B1900011700199C87001980421FDF7EFFE019923
:10B1A0000871019940F20130A1F8050001994FF4AE
:10B1B0008870A1F8070040F26020C2F20000016828
:10B1C000019AA2F80910006800F580700199A1F8B1
:10B1D0000B0001981C30E5F73DF9844601990A6996
:10B1E0004B6988696FF3DF5242EACC524B610A61C6
:10B1F000886101983A21FDF78BFE0199488702B0DA
:10B2000080BD000080B582B00190002000900198C0
:10B21000FFF708FD0090009802B080BD82B0019059
:10B2200001980069009001984168806888600199E0
:10B23000486889684860009840680199884205D14B
:10B24000FFE7019880680099486000E0FFE70199F6
:10B2500000200861009908680138086000980068BB
:10B2600002B0704783B002900191009202994AF6B1
:10B270006050C2F20000086001994AF65C30C2F2E8
:10B280000000086000998020086003B0704700004B
:10B2900083B002900191009202994BF26020C2F2B9
:10B2A0000000086001994AF65C60C2F20000086084
:10B2B00000994FF48070086003B0704781B000902F
:10B2C000009901F10800486000994FF0FF30886054
:10B2D000009901F10800C860009901F108000861B7
:10B2E00000990020086001B07047000081B0009014
:10B2F00000990020086101B07047000084B00390FD
:10B3000002910298006800900098013020B9FFE790
:10B3100003980069019010E0039808300190FFE75E
:10B320000198406800680099884205D8FFE7FFE768
:10B33000019840680190F3E7FFE70198406802999F
:10B340004860029841688860019802998860029874
:10B3500001994860039802990861039908680130CF
:10B36000086004B07047000083B002900191029819
:10B3700040680090009801994860009880680199A1
:10B3800088600198009989684860019800998860F0
:10B39000029801990861029908680130086003B0B9
:10B3A00070470000DFF80C00016841F47001016093
:10B3B0007047000088ED00E082B04FF0500080F34D
:10B3C0001188BFF36F8FBFF34F8F019040F26C2055
:10B3D000C2F200000168013101600068012814D147
:10B3E000FFE74EF60450CEF200000068000658B1A8
:10B3F000FFE74FF0500080F31188BFF36F8FBFF36A
:10B400004F8F0090FFE7FEE7FFE702B070470000B4
:10B4100082B040F26C20C2F20000006858B9FFE729
:10B420004FF0500080F31188BFF36F8FBFF34F8F41
:10B430000090FFE7FEE740F26C20C2F200000168D6
:10B4400001390160006830B9FFE7002001900198E0
:10B4500080F31188FFE702B07047000080B586B026
:10B46000039003980290039800285CD0FFE70298AD
:10B470000838029002980190019840684AF62C31F1
:10B48000C2F20001096808420BD1FFE74FF05000FB
:10B4900080F31188BFF36F8FBFF34F8F0590FFE7E5
:10B4A000FEE70198006858B1FFE74FF0500080F3C5
:10B4B0001188BFF36F8FBFF34F8F0490FFE7FEE754
:10B4C000019840684AF62C31C2F20001096808422E
:10B4D00027D0FFE70198006808BBFFE74AF62C3049
:10B4E000C2F200000268019948689043486000F089
:10B4F00075FA019842684AF65831C2F200010868AC
:10B50000104408600198FFF707F84AF6C451C2F2E8
:10B51000000108680130086001F028FA00E0FFE748
:10B5200000E0FFE7FFE706B080BD00004EF210012B
:10B53000CEF20001002008604EF21802CEF20002A6
:10B54000106040F2C400C2F20000006844F6D3521A
:10B55000C1F26202A0FB02024FF0FF3000EB92103A
:10B560004EF21402CEF2000210600720086070470D
:10B5700084B0EFF305800190019810281ED3FFE7F7
:10B5800001984EF2F031CEF20001405C8DF80300DC
:10B590009DF803004AF2D661C2F2000109788842A0
:10B5A0000BDAFFE74FF0500080F31188BFF36F8F85
:10B5B000BFF34F8F0390FFE7FEE7FFE74EF60C5017
:10B5C000CEF20000006800F4E0604AF6E421C2F226
:10B5D0000001096888420BD9FFE74FF0500080F363
:10B5E0001188BFF36F8FBFF34F8F0290FFE7FEE725
:10B5F00004B0704783B00290019100200090FFE7F3
:10B60000009807281DD8FFE700994AF6E050C2F2DB
:10B61000000050F8310070B9FFE70198009A4AF62F
:10B62000E051C2F2000141F832000298009A01EBA9
:10B63000C201486005E0FFE7FFE700980130009095
:10B64000DEE703B07047000080B584B0039002913C
:10B65000019203980090FFF7AFFE009890F9440024
:10B66000013028B9FFE70099002081F84400FFE786
:10B67000009890F94500013028B9FFE700990020B3
:10B6800081F84500FFE7FFF7C3FE0098806B38B9EB
:10B69000FFE7009824300299019A00F005F900E0D4
:10B6A000FFE70098FFF766FA04B080BD80B584B06C
:10B6B0000290002001900298E0B1FFE74AF6F420E2
:10B6C000C2F20000006858B1FFE74FF0500080F36D
:10B6D0001188BFF36F8FBFF34F8F0390FFE7FEE733
:10B6E00000F07CF902980021FEF742FB01F03EF9E0
:10B6F000019000E0FFE7019860B9FFE74EF60451C2
:10B70000CEF200014FF080500860BFF34F8FBFF3BF
:10B710006F8F00E0FFE704B080BD000080B58AB005
:10B720000690059100200290069858B9FFE74FF067
:10B73000500080F31188BFF36F8FBFF34F8F0990D4
:10B74000FFE7FEE7059858B9FFE74FF0500080F398
:10B750001188BFF36F8FBFF34F8F0890FFE7FEE7AD
:10B760004AF6F420C2F20000006858B1FFE74FF03B
:10B77000500080F31188BFF36F8FBFF34F8F079096
:10B78000FFE7FEE700F02AF94AF65460C2F2000033
:10B790000068019006980068059908440490019893
:10B7A00006990968884210D2FFE70498069909684B
:10B7B000884208D2FFE704980199884203D9FFE73D
:10B7C0000120029000E0FFE70FE004980699096865
:10B7D000884205D3FFE704980199884203D9FFE71F
:10B7E0000120029000E0FFE7FFE704980699086057
:10B7F000029838B1FFE704980199401A0021FEF73A
:10B80000B7FA00E0FFE701F0B1F80390039860B9E0
:10B81000FFE74EF60451CEF200014FF08050086071
:10B82000BFF34F8FBFF36F8F00E0FFE70AB080BD1B
:10B8300081B000904AF6BC50C2F200000068009946
:10B8400008604AF65460C2F200000068009948603F
:10B8500001B070474BF2B421C2F200010120086030
:10B860007047000080B584B002900191029858B9E9
:10B87000FFE74FF0500080F31188BFF36F8FBFF3E5
:10B880004F8F0390FFE7FEE7029844F2F851C2F2AF
:10B89000000109681831FFF731FD01980121FEF719
:10B8A00067FA04B080BD000080B584B002900191B9
:10B8B0000092029858B9FFE74FF0500080F31188CA
:10B8C000BFF36F8FBFF34F8F0390FFE7FEE7029840
:10B8D00044F2F851C2F2000109681831FFF744FD43
:10B8E000009820B1FFE74FF0FF300190FFE701988B
:10B8F0000099FEF73DFA04B080BD000080B58AB023
:10B90000002003900690059006A805A904AAFFF759
:10B91000A9FC039B049A0599DDF818C06846C0F895
:10B9200008C0416003604AF2E920C0F601004EF20F
:10B930000451C0F6010100F0C1FD01464AF65C5019
:10B94000C2F200000160006818B1FFE70120079013
:10B9500002E000200790FFE70798012804D1FFE7E5
:10B9600001F0C0F8079000E0FFE70798012823D115
:10B97000FFE74FF0500080F31188BFF36F8FBFF3E4
:10B980004F8F09904AF6B851C2F200014FF0FF30D4
:10B9900008604AF62061C2F20001012008604AF600
:10B9A0005461C2F200010020086000F07FF808B185
:10B9B000FFE700E0FFE70FE00798013058B9FFE725
:10B9C0004FF0500080F31188BFF36F8FBFF34F8F9C
:10B9D0000890FFE7FEE7FFE70AB080BD4AF6F421D2
:10B9E000C2F20001086801300860704785B04AF66D
:10B9F000F420C2F20000006838B1FFE74BF2B42136
:10BA0000C2F20001012008604DE04BF2B421C2F205
:10BA10000001002008604AF6FC20C2F20000006825
:10BA200004900498B0FA80F08DF80F009DF80F0094
:10BA3000C0F11F000190019800EB800144F21060FA
:10BA4000C2F2000050F8210058B9FFE74FF0500053
:10BA500080F31188BFF36F8FBFF34F8F0290FFE722
:10BA6000FEE7019800EB800144F21060C2F2000092
:10BA700000EB810000900099486840684860009998
:10BA800048680831884205D1FFE700994868406856
:10BA90004860FFE700984068C06844F2F851C2F27D
:10BAA00000010860FFE705B07047000080B588B06E
:10BAB0004EF60050CEF2000000684CF27121C4F244
:10BAC0000F1188420BD1FFE74FF0500080F311882F
:10BAD000BFF36F8FBFF34F8F0790FFE7FEE74EF680
:10BAE0000050CEF2000000684CF27021C4F20F1139
:10BAF00088420BD1FFE74FF0500080F31188BFF36D
:10BB00006F8FBFF34F8F0690FFE7FEE74EF20040C6
:10BB1000CEF20000039001780491FF2101700078BB
:10BB20008DF80B009DF80B0000F050004AF2D66132
:10BB3000C2F2000108704AF6E421C2F200010720B7
:10BB40000860FFE79DF80B00000600280DD5FFE711
:10BB50004AF6E421C2F200010868013808609DF845
:10BB60000B0040008DF80B00ECE74AF6E420C2F22F
:10BB70000000006803280BD0FFE74FF0500080F36F
:10BB80001188BFF36F8FBFF34F8F0590FFE7FEE77C
:10BB90004AF6E421C2F20001086800020860086861
:10BBA00000F4E060086004984EF20041CEF200011B
:10BBB00008704EF62051CEF20001086840F4700083
:10BBC0000860086840F070400860FFF7AFFC40F282
:10BBD0006C21C2F20001002001900860FFF7E2FB37
:10BBE0004EF63471CEF20001086840F04040086023
:10BBF000FEF766FDFFF7FAFEFEF786FF019808B034
:10BC000080BD000080B590B084461298CDF828C061
:10BC10000991089207938DF81B000A9858B9FFE71D
:10BC20004FF0500080F31188BFF36F8FBFF34F8F39
:10BC30000F90FFE7FEE7079858B9FFE74FF0500075
:10BC400080F31188BFF36F8FBFF34F8F0E90FFE724
:10BC5000FEE708990020039031B1FFE70998B0FA98
:10BC600080F040090390FFE70398C00758B1FFE751
:10BC70004FF0500080F31188BFF36F8FBFF34F8FE9
:10BC80000D90FFE7FEE708990020029031B9FFE729
:10BC90000998002818BF01200290FFE70298C0070A
:10BCA00058B1FFE74FF0500080F31188BFF36F8F5A
:10BCB000BFF34F8F0C90FFE7FEE7482004900498F5
:10BCC00048280BD0FFE74FF0500080F31188BFF3F6
:10BCD0006F8FBFF34F8F0B90FFE7FEE70498079835
:10BCE0000590059888B1FFE70599012081F8460085
:10BCF0000A980999089A9DF81B30DDF814C0EE46A1
:10BD0000CEF800C0FEF70CFB00E0FFE7059810B08E
:10BD100080BD000080B584B002900191029800902F
:10BD2000009858B9FFE74FF0500080F31188BFF337
:10BD30006F8FBFF34F8F0390FFE7FEE7FFF73CFBEA
:10BD400000990B68C86B0A6C00FB02308860009990
:10BD50000020886300990868486000990B68C86BE8
:10BD60000A6C013800FB0230C8600099FF2081F89E
:10BD70004400009981F845000198D0B9FFE7009888
:10BD80000069A0B1FFE70098103000F08DFD60B1B0
:10BD9000FFE74EF60451CEF200014FF080500860EC
:10BDA000BFF34F8FBFF36F8F00E0FFE700E0FFE7C7
:10BDB00008E000981030FFF781FA00982430FFF770
:10BDC0007DFAFFE7FFF724FB012004B080BD0000EF
:10BDD00080B592B00C900B910A92099300200890C4
:10BDE0000C980490049858B9FFE74FF0500080F386
:10BDF0001188BFF36F8FBFF34F8F1190FFE7FEE7FE
:10BE00000B990020039039B9FFE70498006C0028D3
:10BE100018BF01200390FFE70398C00758B1FFE760
:10BE20004FF0500080F31188BFF36F8FBFF34F8F37
:10BE30001090FFE7FEE7099900200229029007D140
:10BE4000FFE70498C06B013818BF01200290FFE79C
:10BE50000298C00758B1FFE74FF0500080F31188F7
:10BE6000BFF36F8FBFF34F8F0F90FFE7FEE700F038
:10BE70008DFB01460020019031B9FFE70A980028A8
:10BE800018BF01200190FFE70198C00758B1FFE7F4
:10BE90004FF0500080F31188BFF36F8FBFF34F8FC7
:10BEA0000E90FFE7FEE7FFE7FFF786FA0498806B46
:10BEB0000499C96B884204D3FFE70998022834D15A
:10BEC000FFE704980B99099AFEF7FAF8079004988F
:10BED000406AA0B1FFE70498243000F0E5FC60B1AF
:10BEE000FFE74EF60451CEF200014FF0805008609B
:10BEF000BFF34F8FBFF36F8F00E0FFE710E00798AD
:10BF000060B1FFE74EF60451CEF200014FF08050D1
:10BF10000860BFF34F8FBFF36F8F00E0FFE7FFE7CD
:10BF2000FFF776FA01200D9065E00A9828B9FFE73F
:10BF3000FFF76EFA00200D905DE0089830B9FFE73A
:10BF400005A8FFF775FC0120089000E0FFE7FFE778
:10BF5000FFE7FFF75DFAFFF741FDFFF72DFA0498C1
:10BF600090F94400013028B9FFE70499002081F8D6
:10BF70004400FFE7049890F94500013028B9FFE735
:10BF80000499002081F84500FFE7FFF741FA05A872
:10BF90000AA900F0C7F928BBFFE70498FEF778FB71
:10BFA000C8B1FFE7049810300A99FFF75BFC0498CA
:10BFB000FEF7E0FD00F0DAFC60B9FFE74EF6045151
:10BFC000CEF200014FF080500860BFF34F8FBFF3F7
:10BFD0006F8FFFE705E00498FEF7CCFD00F0C6FC8C
:10BFE000FFE707E00498FEF7C5FD00F0BFFC002066
:10BFF0000D9000E058E70D9812B080BD80B592B06A
:10C000000B900A91099208930B980590059858B9DE
:10C01000FFE74FF0500080F31188BFF36F8FBFF33D
:10C020004F8F0E90FFE7FEE70A990020029039B982
:10C03000FFE70598006C002818BF01200290FFE779
:10C040000298C00758B1FFE74FF0500080F3118805
:10C05000BFF36F8FBFF34F8F0D90FFE7FEE7089997
:10C0600000200229019007D1FFE70598C06B013835
:10C0700018BF01200190FFE70198C00758B1FFE702
:10C080004FF0500080F31188BFF36F8FBFF34F8FD5
:10C090000C90FFE7FEE7FFF76BFAEFF311814FF02B
:10C0A000500080F31188BFF36F8FBFF34F8F109153
:10C0B0000F90109806900598806B0599C96B88427F
:10C0C00004D3FFE70898022833D1FFE7059890F8DA
:10C0D00045008DF813000598806B039005980A9928
:10C0E000089AFDF7EDFF9DF913000130B8B9FFE79D
:10C0F0000598406A88B1FFE70598243000F0D4FB2A
:10C1000048B1FFE7099820B1FFE7099901200860CD
:10C1100000E0FFE700E0FFE700E0FFE706E09DF852
:10C1200013000130059981F84500FFE701200790D1
:10C1300002E000200790FFE706981190119880F325
:10C140001188079812B080BD80B58EB00990089113
:10C1500007920020069009980390039858B9FFE7CA
:10C160004FF0500080F31188BFF36F8FBFF34F8FF4
:10C170000D90FFE7FEE708990020019039B9FFE72D
:10C180000398006C002818BF01200190FFE7019878
:10C19000C00758B1FFE74FF0500080F31188BFF39C
:10C1A0006F8FBFF34F8F0C90FFE7FEE700F0EEF9C3
:10C1B00001460020009031B9FFE70798002818BF1A
:10C1C00001200090FFE70098C00758B1FFE74FF04B
:10C1D000500080F31188BFF36F8FBFF34F8F0B9028
:10C1E000FFE7FEE7FFE7FFF7E7F80398806B0290B1
:10C1F000029830B3FFE703980899FDF73FFF0298D4
:10C2000001380399886303980069A0B1FFE7039898
:10C21000103000F049FB60B1FFE74EF60451CEF25A
:10C2200000014FF080500860BFF34F8FBFF36F8F56
:10C2300000E0FFE700E0FFE7FFF7EAF801200A90DF
:10C240006DE0079828B9FFE7FFF7E2F800200A90B1
:10C2500065E0069830B9FFE704A8FFF7E9FA012086
:10C26000069000E0FFE7FFE7FFE7FFF7D1F8FFF7F1
:10C27000B5FBFFF7A1F8039890F94400013028B905
:10C28000FFE70399002081F84400FFE7039890F945
:10C290004500013028B9FFE70399002081F84500E7
:10C2A000FFE7FFF7B5F804A807A900F03BF830BB9B
:10C2B000FFE70398FEF7D8F9D0B1FFE703982430E1
:10C2C0000799FFF7CFFA0398FEF754FC00F04EFBF6
:10C2D00060B9FFE74EF60451CEF200014FF08050F6
:10C2E0000860BFF34F8FBFF36F8F00E0FFE705E0FB
:10C2F0000398FEF73FFC00F039FBFFE70EE00398E0
:10C30000FEF738FC00F032FB0398FEF7ADF918B1E8
:10C31000FFE700200A9002E0FFE7FFE763E70A98E3
:10C320000EB080BD80B588B005900491059858B9CD
:10C33000FFE74FF0500080F31188BFF36F8FBFF31A
:10C340004F8F0790FFE7FEE7049858B9FFE74FF0DB
:10C35000500080F31188BFF36F8FBFF34F8F0690AB
:10C36000FFE7FEE7FFF728F84AF65460C2F2000044
:10C3700000680290029805994968401A019044F2B9
:10C38000F850C2F20000006890F8520058B1FFE780
:10C3900044F2F850C2F200000168002081F8520017
:10C3A0000120039034E004980068013018B9FFE7D9
:10C3B000002003902BE04AF6BC50C2F20000006857
:10C3C00005990968884209D0FFE7029805994968EC
:10C3D000884203D3FFE70120039017E001980499F6
:10C3E000096888420BD2FFE7019A04990868801A0D
:10C3F00008600598FFF71CFA0020039005E00499F7
:10C400000020086001200390FFE7FFE7FFE7FFE758
:10C41000FEF7FEFF039808B080BD000070B58CB039
:10C42000DDF844C0DDF840C00B900A91ADF826203D
:10C430000893BDF826008000FEF7F4FB05900598F0
:10C4400080B1FFE75420FEF7EDFB0790079820B17D
:10C45000FFE705980799086303E00598FEF7FEFFDC
:10C46000FFE702E000200790FFE70798F0B1FFE741
:10C470000798002680F851600B980A99BDF826208D
:10C48000089BDDF840C0119C079DEE46CEF80C607D
:10C49000CEF80850CEF80440CEF800C0FDF760FF9B
:10C4A0000798FDF7E3FC0120069003E04FF0FF3012
:10C4B0000690FFE706980CB070BD0000B0B58EB0D6
:10C4C000DDF850C0DDF84CC0DDF848C00A90099195
:10C4D00008920793139858B9FFE74FF0500080F384
:10C4E0001188BFF36F8FBFF34F8F0D90FFE7FEE70B
:10C4F000149858B9FFE74FF0500080F31188BFF34C
:10C500006F8FBFF34F8F0C90FFE7FEE7542004902E
:10C51000049854280BD0FFE74FF0500080F31188A7
:10C52000BFF36F8FBFF34F8F0B90FFE7FEE70498C9
:10C53000149820B3FFE7139808B3FFE71498069008
:10C540001398069908630699022081F851000A9809
:10C550000999089A079BDDF848C0069CEE4600251D
:10C56000CEF80C50CEF8084005ACCEF80440CEF81A
:10C5700000C0FDF7F5FE0698FDF778FC02E000200C
:10C580000590FFE705980EB0B0BD000081B04AF6F7
:10C590002060C2F20000006818B9FFE70120009097
:10C5A0000DE04AF6F420C2F20000006818B9FFE777
:10C5B0000220009002E000200090FFE7FFE70098D3
:10C5C00001B0704781B04AF65460C2F200000068C2
:10C5D0000090009801B0704780B586B000200290AE
:10C5E0004AF6F420C2F200000068002840F0C5803E
:10C5F000FFE74AF65461C2F2000108680130019079
:10C6000001980860019858BBFFE744F20060C2F24D
:10C6100000000068006858B1FFE74FF0500080F359
:10C620001188BFF36F8FBFF34F8F0590FFE7FEE7D1
:10C6300044F20062C2F200021068009044F2086105
:10C64000C2F2000108681060009808604AF6BC5108
:10C65000C2F20001086801300860FEF7A5F900E0A9
:10C66000FFE701984AF6B851C2F200010968884212
:10C6700062D3FFE7FFE744F20060C2F20000006807
:10C68000006840B9FFE74AF6B851C2F200014FF026
:10C69000FF3008604FE044F20060C2F20000006822
:10C6A000C068C0680490049840680390019803999A
:10C6B000884207D2FFE703984AF6B851C2F2000158
:10C6C000086038E0FFE704980430FEF7A7FD0498FF
:10C6D000806A28B1FFE704981830FEF79FFD00E05C
:10C6E000FFE70498C16A012000FA01F24AF6FC2132
:10C6F000C2F200010868104308600499C86A00EBA0
:10C70000800244F21060C2F2000000EB82000431AB
:10C71000FEF72AFE0498C06A44F2F851C2F2000102
:10C720000968C96A884203D3FFE70120029000E04C
:10C73000FFE7FFE79FE7FFE744F2F850C2F200008F
:10C740000068C06A00EB800144F21060C2F2000091
:10C7500050F82100022803D3FFE70120029000E0F7
:10C76000FFE74BF2B420C2F20000006818B1FFE707
:10C770000120029000E0FFE707E04AF6C851C2F24C
:10C780000001086801300860FFE7029806B080BD2C
:10C7900080B586B003900398029000200190039822
:10C7A000002800F07D80FFE7029844F2F851C2F2C1
:10C7B0000001096888420BD0FFE74FF0500080F37A
:10C7C0001188BFF36F8FBFF34F8F0590FFE7FEE730
:10C7D0000298806C58B9FFE74FF0500080F3118841
:10C7E000BFF36F8FBFF34F8F0490FFE7FEE702990F
:10C7F000886C013888640299C86A496C88424DD0B7
:10C80000FFE70298806C002846D1FFE702980430C9
:10C81000FEF704FDD0B9FFE70298C06A00EB800183
:10C8200044F21060C2F2000050F8210068B9FFE73E
:10C830000298C16A012000FA01F24AF6FC21C2F214
:10C840000001086890430860FFE700E0FFE70299F5
:10C85000486CC8620299C86AC0F1070088610298F2
:10C86000C16A0120009000FA01F24AF6FC21C2F2EE
:10C8700000010868104308600299C86A00EB800252
:10C8800044F21060C2F2000000EB82000431FEF7B7
:10C890006BFD0098019000E0FFE700E0FFE700E09B
:10C8A000FFE7019806B080BD80B584B00290029881
:10C8B000C068C0680190019858B9FFE74FF0500078
:10C8C00080F31188BFF36F8FBFF34F8F0390FFE7A3
:10C8D000FEE701981830FEF7A1FC4AF6F420C2F2F8
:10C8E00000000068F0B9FFE701980430FEF796FCFD
:10C8F0000198C16A012000FA01F24AF6FC21C2F255
:10C9000000010868104308600199C86A00EB8002C2
:10C9100044F21060C2F2000000EB82000431FEF726
:10C9200023FD09E0019800F118014AF6CC50C2F24B
:10C930000000FEF719FDFFE70198C06A44F2F851C4
:10C94000C2F200010968C96A884208D9FFE70120DC
:10C9500000904BF2B421C2F20001086002E0002016
:10C960000090FFE7009804B080BD000080B584B05F
:10C970000020029001904AF6F420C2F20000006804
:10C9800058B9FFE74FF0500080F31188BFF36F8F65
:10C99000BFF34F8F0390FFE7FEE7FEF70DFD4AF66A
:10C9A000F420C2F20000016801390160006800282B
:10C9B00040F09280FFE74AF6EC20C2F200000068E7
:10C9C000002800F08880FFE7FFE74AF6CC50C2F26B
:10C9D00000000068E0B3FFE74AF6CC50C2F2000066
:10C9E000C068C068029002981830FEF717FC0298E1
:10C9F0000430FEF713FC0298C16A012000FA01F22C
:10CA00004AF6FC21C2F2000108681043086002994E
:10CA1000C86A00EB800244F21060C2F2000000EB32
:10CA200082000431FEF7A0FC0298C06A44F2F8517B
:10CA3000C2F200010968C96A884207D3FFE74BF2D6
:10CA4000B421C2F200010120086000E0FFE7BCE76A
:10CA5000029818B1FFE7FDF7A7FFFFE74AF6C850B5
:10CA6000C2F20000006800900098E0B1FFE7FFE725
:10CA7000FFF7B2FD38B1FFE74BF2B421C2F200017B
:10CA80000120086000E0FFE7009801380090FFE710
:10CA900000980028ECD1FFE74AF6C851C2F2000125
:10CAA0000020086000E0FFE74BF2B420C2F2000073
:10CAB000006870B1FFE7012001904EF60451CEF2FC
:10CAC00000014FF080500860BFF34F8FBFF36F8FAE
:10CAD00000E0FFE7FFE700E0FFE7FEF799FC0198C1
:10CAE00004B080BD80B58AB000200890FDF746FAFA
:10CAF0004AF65860C2F20000006858B3FFE7002011
:10CB000004900790069007A806A905AAFEF7C0FBA7
:10CB1000049B059A0698DDF81CC06946C1F808C058
:10CB20004860022008604AF65530C0F601004EF217
:10CB30000E51C0F60101FFF7C1FC01464BF25C202B
:10CB4000C2F200000160006818B1FFE70120089000
:10CB5000FFE700E0FFE7089858B9FFE74FF0500003
:10CB600080F31188BFF36F8FBFF34F8F0990FFE7FA
:10CB7000FEE708980AB080BD80B58AB0DDF830C005
:10CB8000089007910692059300200490089858B9E0
:10CB9000FFE74FF0500080F31188BFF36F8FBFF3B2
:10CBA0004F8F0990FFE7FEE74AF65860C2F2000097
:10CBB0000068A8B3FFE707980090069801900898CE
:10CBC0000290079805281EDCFFE7FFF7DFFC02282C
:10CBD0000CD1FFE74AF65860C2F2000000680C9AD8
:10CBE00069460023FFF7F4F804900BE04AF658601A
:10CBF000C2F200000068694600231A46FFF7E8F811
:10CC00000490FFE70BE04AF65860C2F200000068AB
:10CC1000059A69460023FFF7F1F90490FFE700E069
:10CC2000FFE704980AB080BD4100080218BF042045
:10CC30000A0E18BF40F001004FF07F4232EA0101B6
:10CC400008BF40F00200012808BF0520704700001F
:10CC500010B54FF00E402DED028BB0EE408A18EE6D
:10CC6000104A00EB4400B0F1506F4AD84FF0FC403E
:10CC7000B0EB440F22D2B0EEC80AF7EE000A30EE55
:10CC8000C00AF6EE000A60EE208A18EE900A00F064
:10CC900089F801EE100A14F0004F1DBFDFED2D0AD8
:10CCA0009FED2D0AB1EE411ADFED2C0A08BF9FED72
:10CCB0002C0AF8EE001A21EE218A05E0DFED290AA0
:10CCC00068EE088AB0EE600A9FED271ADFED271A9A
:10CCD00030EE080A48EE811A9FED251A08EEA11AD7
:10CCE000DFED241A48EE811A9FED231A08EEA11AEF
:10CCF00068EE281ABDEC028B01EE810A30EE200AA4
:10CD000010BD4FF0E440B0EB440F0CD918EE100A00
:10CD1000FFF78AFF042808BF00F03CF8B0EE480A8D
:10CD2000BDEC028B10BD4FF07F40B0EB440F07D23B
:10CD3000B0EE480ABDEC028BBDE8104000F01EB812
:10CD40000120E3F776FCBDEC028BBDE8104000F05B
:10CD500019B800000000C9BF22AAFDB90000C93FF0
:10CD600022AAFD390000000024FE1C3DC78AD83CE1
:10CD70001E67383D1B93993DAFAA2A3E30EE000A4C
:10CD800070470000DFED020A80EEA00A7047000045
:10CD9000000000009FED020A20EE000A704700002C
:10CDA0000000001010B500EE100A2DED028BB1EE60
:10CDB000C08A18EE100A20F00040C0F1FF40C00FFA
:10CDC0000AD010EE100A20F00040C0F1FF40C00F62
:10CDD00004BF0120E3F72DFC18EE100ABDEC028B16
:10CDE00010BD000021F0004201F00043A2F16052AA
:10CDF000B2F5801F28BFD2F17F6C0BD95FEA001C0F
:10CE000043EAC20242EB507018BF704728BF20F0BF
:10CE100001007047B2F5801FBCBF184670474FEA4B
:10CE2000410C1CF5001F02D2084600F039BC70B559
:10CE300000F01CFA00000089FFF7F6BF4FF0004039
:10CE4000A0F580007047000010B591EA030F48BFBD
:10CE500083F0004300F16682841A71EB030C05D263
:10CE6000121943EB0C03001B61EB0C014FEA115448
:10CE7000A4EB135CDFF81CE11EEA430F18BF9EEA27
:10CE8000445F00F0748021EA045123EA0E0343F466
:10CE90008013DCF1200E32D322FA0CFE10EB0E00D0
:10CEA00023FA0CFE41EB0E01CCF1200E03FA0EFE2C
:10CEB00010EB0E00CCF1200E51F10001B1F5801FF6
:10CEC00032D201EB045112FA0EF2BDE8104058BF05
:10CED0007047401C38BF5FEA420218BF7047002805
:10CEE00014BF20F0010041F100014FEA410313F5A6
:10CEF000001F38BF7047A1F1C04100F005BA012AF8
:10CF000043EB0302ACF1200CDCF11F0E32BF4FF0FB
:10CF1000000E23FA0CF310EB030041EB0451B4EBC9
:10CF2000115FD0D0A1EB045101F58011490801EB4C
:10CF300004515FEA30000ED350F1000038BF12FAFE
:10CF40000EFE08D1BDE81040C9E7401C38BF5FEABB
:10CF50004202CAD1C3E7BDE810404FEA410313F5CE
:10CF6000001F38BF7047A1F1C04100F0CDB99EEA63
:10CF7000445F08D011EA5E0FBDE8104004BF01F025
:10CF8000004100207047BDE8104070B500F06EF918
:10CF900064FBBE3E0000E0FF491058BFC1F14041B4
:10CFA0005B1058BFC3F140438B42EFF300807047E2
:10CFB00051EA030C17D41CF5801F58BFBCF5801F25
:10CFC00000F10680994218BF704708BF9042704731
:10CFD00007D711F5801F58BF13F5801F19D4994248
:10CFE0007047894270471CF5801F08D5BCF5801F2B
:10CFF000F7D58B4218BF704708BF824270474FF485
:10D00000001C1CEB410F38BF1CEB430F01D28B42BD
:10D01000704770B500F02AF9922449004FF0005192
:10D020004FF08053FFF7B8BF51EA030C17D41CF53B
:10D03000801F58BFBCF5801F00F10680994218BFC1
:10D04000704708BF9042704707D711F5801F58BF3F
:10D0500013F5801F19D499427047894270471CF517
:10D06000801F08D5BCF5801FF7D58B4218BF7047CD
:10D0700008BF824270474FF4001C1CEB410F38BFC1
:10D080001CEB430F01D28B42704770B500F0EEF8F5
:10D09000922449004FF080514FF00053FFF77CBFBE
:10D0A00051EA030C17D41CF5801F58BFBCF5801F34
:10D0B00000F10680994218BF704708BF9042704740
:10D0C00007D711F5801F58BF13F5801F19D4994257
:10D0D0007047894270471CF5801F08D5BCF5801F3A
:10D0E000F7D58B4218BF704708BF824270474FF494
:10D0F000001C1CEB410F38BF1CEB430F01D28B42CD
:10D10000704770B500F0B2F8922449004FF000511A
:10D110004FF08053FFF740BF70B5DFF848C11CEAFD
:10D12000111E1EBF1CEA13159EEA0C0F95EA0C0F88
:10D1300000F06F8081EA03044EEAD47EAE4421EA17
:10D140004C1123EA4C1341F4801143F48013AEF1E7
:10D150007F7EA1FB024CA0FB0365361955EB0C0545
:10D16000A1FB034C4CF10003A0FB021C16EB0C06C8
:10D17000654153F10003094218BF46F0010613F45C
:10D18000007F0BD14FEA03314FEA053041EA1551D8
:10D1900040EA165034036FF003020AE04FEAC3215D
:10D1A0004FEAC52041EA555140EA5650F4026FF06B
:10D1B000020202EB2E4201EB025585EACE710AD043
:10D1C0005FEA440C18BF24F0004450F1000041F124
:10D1D000000120EAD47040F2FE7C624500D270BDAE
:10D1E000A84214BF4FF080444FF04044002E08BFC7
:10D1F0000024BEF1806FA8BFA1F1C041BDE870401E
:10D2000080F2828001F1C04101F000414FF0000046
:10D2100070470CEA13159EEA0C0F18BF95EA0C0F25
:10D2200006D081EA030E4FF000000EF0004170BD01
:10D2300000F01CF88900013E00F007B800F009B8C2
:10D240004FEA430C5FEA5C5C08D081EA030100F01E
:10D250005BB84FEA410C5FEA5C5CF6D102494FF0E3
:10D26000000070470000FF070000F87F0EF1020E7B
:10D270002EF0030E5EF8046B364205D4012A43EB10
:10D28000030515F5001F12D8012841EB010C1CF510
:10D29000001F0CD80ED14FEAD17C0CEB4C0C0CF1DA
:10D2A000020C15F5001F08BF4CEBD37C04E04FF0D7
:10D2B000080C01E04FEAD37C0CEB4C0526FA05F68E
:10D2C00006F00706B6F1040C06D20EEB860CBDE89C
:10D2D00070404CF0010C6047DFE80CF0090B0202D3
:10D2E0004FF00041A1F500214FF0000070BD19463C
:10D2F0001046012851EB010418BFD4F5001484BF77
:10D30000002001F0004170BD0808A0F500114FEAAF
:10D310003101704710B591EA030F48BF83F0004315
:10D320003FF59AAD841A71EB030C07D28CF0004CD8
:10D33000121943EB0C03001B61EB0C014FEA115473
:10D34000A4EB135CDFF8A4E11EEA430F18BF9EEACA
:10D35000445F00F0B48021EA045123EA6E03524294
:10D36000C3EB6E0338BF5B1EDCF1200E25D322FA1F
:10D370000CFE10EB0E0043FA0CFE41EB0E01CCF15B
:10D38000200E03FA0EFE10EB0E00CCF1200E51F130
:10D39000000129D401EB045112FA0EF2BDE810404D
:10D3A00058BF7047401C1CBFB2F1004F70470028A7
:10D3B0000CBF491C20F00100704712EB020E43EB3A
:10D3C000030218BF4FF0010E4EEA4202ACF1200CEE
:10D3D000DCF11E0E56D943FA0CFE10EB0E00CCF118
:10D3E0001E0E51F1FF31D5D50EF1010E12FA0EFECF
:10D3F000404141EB010101EB445C5FEA5C5C10D908
:10D4000001EB045110EBDE7038BFBEF1004FBDE8F8
:10D41000104018BF704700280CBF491C20F00100C5
:10D42000704734D24FEAD42C24F4006411F5001173
:10D430001BD0B1FA81F20B3AA41AA41ED2F1200338
:10D44000914030FA03F31943904001EBCC7101EBAA
:10D450000451002CBDE81040A8BF704701F1C04145
:10D4600001F000414FF000007047B0FA80F310FA6D
:10D4700003F102D1BDE810407047E41A173C48059B
:10D48000C90AE2E701EB0451BDE8104070474910BA
:10D490004FEA300001EB0451BDE8104002E04FF0CC
:10D4A000000170474A0008BF0042F8D0B2F5001FE3
:10D4B00028BF704701F000414FF0000070479EEA1E
:10D4C000445F07D011EA5E0FBDE8104004BF0021A1
:10D4D00000207047BDE8104070B5FFF7C7FE00BFE1
:10D4E00040DFF63E104683F0004170470000E0FF49
:10D4F00043004FEAD30C4FEA3C0C43401FBF4007A8
:10D500000CF1605113F0FE4F70471CF0006F03D117
:10D510000CF00041002070470CF0004343EA5070CB
:10D5200040EACC0010B500F068F800BF000000929F
:10D530004FEA0001FFF7E8BE4FF00041A1F50021DE
:10D540004FF00000704710B5FFF732FD0CBF01200F
:10D55000002010BD10B5FFF72BFD14BF01200020E7
:10D5600010BD10B5FFF760FD8CBF0120002010BD7D
:10D5700010B5FFF759FD2CBF0120002010BD10B5DC
:10D58000FFF78EFD94BF0120002010BD10B5FFF7FE
:10D5900087FD34BF0120002010BD4FF07E5209E00E
:10D5A00011F0004204D54042C1F1000138BF491ECC
:10D5B00042F07E5202F170620B0012BF20235FEA3C
:10D5C00000017047B1FA81FC01FA0CF1A3EB0C03E6
:10D5D00020FA03FC41EA0C0102EBC352C3F1200321
:10D5E00010FA03FC5CEA416C42EB112018BF5FF0BB
:10D5F000806C28BF20F0010070470EF1020E2EF063
:10D60000030E5EF8044B244204D44FEA4102B2F107
:10D610007F4F11D84FEA4003B3F17F4F0CD80ED1A2
:10D620004FEAD07C0CEB4C0C0CF1020CB2F17F4FAA
:10D6300008BF4CEBD17C04E04FF0080C01E04FEA4E
:10D64000D17C0CEB4C0324FA03F404F00704B4F18E
:10D65000040C06D20EEB840CBDE810404CF0010C1B
:10D660006047DFE80CF0070802024FF00040A0F529
:10D67000800010BD0846420018BFD2F1807288BFFA
:10D6800000F0004010BDF1EE100A4FF6FF71C0F23D
:10D69000C03120EA010040F04070E1EE100A70470E
:10D6A000FF2141EAD050C00570470000C2154FEA83
:10D6B000002318BF43F0004300F11080D2F1BE02F6
:10D6C00040F2288023FA02F1B2F1200C2EBF23FA97
:10D6D0000CF0C2F1200C03FA0CF07047B0F15F4F70
:10D6E00000F2188012F0FF0208BF23F00043C2F1DD
:10D6F000BE0223FA02F1B2F1200C2EBF23FA0CF085
:10D70000C2F1200C03FA0CF04042C1F1000138BF15
:10D71000491E704710B5FFF770FF00BF9224498083
:10D720004FF00001002070476FEAE07080F0004188
:10D7300070470000C2154FEA002318BF43F00043B2
:10D740000ED4D2F1BE0215D323FA02F1B2F1200CAD
:10D750002EBF23FA0CF0C2F1200C03FA0CF0704734
:10D760004FEA400CBCF1FE4F04D24FF000004FF0E6
:10D770000001704710B5FFF740FF00BF92244980B9
:10D780004FF00001002070476FEAE07001467047DB
:10D790000000404000000000000000000000404089
:10D7A00000000000000000000000404000000000F9
:10D7B00000000000000040400000000000000000E9
:10D7C0000000803F00000000000000000000803FDB
:10D7D00000000000000000000000344300000000D2
:10D7E00000000000000034430000000000000000C2
:10D7F0000000803F00000000000000000000803FAB
:10D8000000000000000000000000803F0000000059
:10D81000000000000000803F000000000000000049
:10D820000000803F00000000000000000000803F7A
:10D8300000000000000000000000803F0000000029
:10D8400000000000ADE40108C5EF00080000000082
:10D8500000000000000100000000000000000000C7
:10D8600090E4010845F000080300000000000000FB
:10D8700000020000000000000000000098E4010821
:10D8800075F1000800000000000000000001000029
:10D89000000000000000000084E40108DDF2000840
:10D8A000FEFF00000000000000010000000000007A
:10D8B00000000000B9E4010851F300080000000076
:10D8C00000000000800000000000000000000000D8
:10D8D000A1E401082DEF0008000000000000000096
:10D8E0008000000000000000000000000000C844AC
:10D8F0000AD7A33C0000A040000000000000000088
:10D9000001020304060708090000000001020304E5
:10D91000005EBCE2613FDD83C29C7E20A3FD1F410F
:10D920009DC3217FFCA2401E5F01E3BD3E6082DCFF
:10D93000237D9FC1421CFEA0E1BF5D0380DE3C62EF
:10D94000BEE0025CDF81633D7C22C09E1D43A1FFDF
:10D950004618FAA427799BC584DA3866E5BB5907CF
:10D96000DB856739BAE406581947A5FB7826C49ABF
:10D97000653BD987045AB8E6A7F91B45C6987A24AF
:10D98000F8A6441A99C7257B3A6486D85B05E7B99F
:10D990008CD2306EEDB3510F4E10F2AC2F7193CD8F
:10D9A000114FADF3702ECC92D38D6F31B2EC0E507F
:10D9B000AFF1134DCE90722C6D33D18F0C52B0EE6F
:10D9C000326C8ED0530DEFB1F0AE4C1291CF2D735F
:10D9D000CA947628ABF517490856B4EA6937D58B4F
:10D9E0005709EBB536688AD495CB2977F4AA48163F
:10D9F000E9B7550B88D6346A2B7597C94A14F6A82F
:10DA0000742AC896154BA9F7B6E80A54D7896B351E
:10DA1000005EBCE2613FDD83C29C7E20A3FD1F410E
:10DA20009DC3217FFCA2401E5F01E3BD3E6082DCFE
:10DA3000237D9FC1421CFEA0E1BF5D0380DE3C62EE
:10DA4000BEE0025CDF81633D7C22C09E1D43A1FFDE
:10DA50004618FAA427799BC584DA3866E5BB5907CE
:10DA6000DB856739BAE406581947A5FB7826C49ABE
:10DA7000653BD987045AB8E6A7F91B45C6987A24AE
:10DA8000F8A6441A99C7257B3A6486D85B05E7B99E
:10DA90008CD2306EEDB3510F4E10F2AC2F7193CD8E
:10DAA000114FADF3702ECC92D38D6F31B2EC0E507E
:10DAB000AFF1134DCE90722C6D33D18F0C52B0EE6E
:10DAC000326C8ED0530DEFB1F0AE4C1291CF2D735E
:10DAD000CA947628ABF517490856B4EA6937D58B4E
:10DAE0005709EBB536688AD495CB2977F4AA48163E
:10DAF000E9B7550B88D6346A2B7597C94A14F6A82E
:10DB0000742AC896154BA9F7B6E80A54D7896B351D
:10DB100000061016000610160000803F00000000EE
:10DB200000000000000000000000000000000000F5
:10DB3000000000000000803F000000000000000026
:10DB400000000000000000000000000000000000D5
:10DB50000000803F00000000000000000000000006
:10DB60000000000000000000000000000000803FF6
:10DB700000000000000000000000000000000000A5
:10DB800000000000000000000000803F00000000D6
:10DB90000000000000000000000000000000000085
:10DBA000000000000000803F00000000000054540E
:10DBB00052205245474745530030313233343536D1
:10DBC0003738394142434445460000000000000018
:10DBD0000100803FC90CC0B7E565AABE435690BBA3
:10DBE0003C695D3EEBFCA9BC08B732BEE745093E87
:10DBF000A59204BD00000000920E493CB10AC93C48
:10DC00002BC3163D2EFB483D752B7B3D04A9963D4D
:10DC100080B6AF3D36BDC83D2FBCE13D73B2FA3D85
:10DC200087CF093E8340163EB5AB223EA2102F3E61
:10DC3000CF6E3B3EC2C5473E0115543E135C603E6D
:10DC40007F9A6C3ECCCF783EC07D823E938E883EDC
:10DC5000229A8E3E32A0943E86A09A3EE59AA03E3D
:10DC6000128FA63ED47CAC3EEF63B23E2A44B83E4F
:10DC7000491DBE3E15EFC33E53B9C93ECA7BCF3ED8
:10DC80004136D53E80E8DA3E4F92E03E7533E63EBF
:10DC9000BBCBEB3EEA5AF13ECBE0F63E275DFC3EC5
:10DCA000E4E7003F3D9C033F824B063F9BF5083F66
:10DCB0006B9A0B3FDA390E3FCDD3103F2A68133FE2
:10DCC000D9F6153FC07F183FC6021B3FD17F1D3FCD
:10DCD000CBF61F3F9967223F25D2243F5636273F78
:10DCE0001594293F4AEB2B3FDE3B2E3FBB85303F4F
:10DCF000C9C8323FF304353F233A373F4268393FC2
:10DD00003B8F3B3FF9AE3D3F67C73F3F70D8413F38
:10DD100001E2433F03E4453F65DE473F12D1493FFF
:10DD2000F8BB4B3F029F4D3F207A4F3F3D4D513F47
:10DD30004918533F31DB543FE595563F5348583F10
:10DD40006AF2593F1A945B3F532D5D3F05BE5E3F1B
:10DD50002146603F97C5613F5A3C633F59AA643FE3
:10DD6000880F663FD86B673F3CBF683FA7096A3F93
:10DD70000C4B6B3F5E836C3F93B26D3F9ED86E3F02
:10DD800073F56F3F0809713F5213723F4714733F99
:10DD9000DD0B743F0BFA743FC6DE753F07BA763F62
:10DDA000C58B773FF853783F9812793F9DC7793FED
:10DDB00002737A3FBE147B3FCDAC7B3F283B7C3F58
:10DDC000C9BF7C3FAC3A7D3FCCAB7D3F23137E3F48
:10DDD000B0707E3F6DC47E3F580E7F3F6D4E7F3FDB
:10DDE000AB847F3F0FB17F3F97D37F3F43EC7F3FB3
:10DDF00011FB7F3F0000803F11FB7F3F43EC7F3FE3
:10DE000097D37F3F0FB17F3FAB847F3F6D4E7F3F06
:10DE1000580E7F3F6DC47E3FB0707E3F23137E3F20
:10DE2000CCAB7D3FAC3A7D3FC9BF7C3F283B7C3FBC
:10DE3000CDAC7B3FBE147B3F02737A3F9DC7793FD9
:10DE40009812793FF853783FC58B773F07BA763FF2
:10DE5000C6DE753F0BFA743FDD0B743F4714733F0A
:10DE60005213723F0809713F73F56F3F9ED86E3FA2
:10DE700093B26D3F5E836C3F0C4B6B3FA7096A3FCB
:10DE80003CBF683FD86B673F880F663F59AA643F25
:10DE90005A3C633F97C5613F2146603F05BE5E3FE8
:10DEA000532D5D3F1A945B3F6AF2593F5348583FE8
:10DEB000E595563F31DB543F4918533F3D4D513FA7
:10DEC000207A4F3F029F4D3FF8BB4B3F12D1493F55
:10DED00065DE473F03E4453F01E2433F70D8413FE1
:10DEE00067C73F3FF9AE3D3F3B8F3B3F4268393FFD
:10DEF000233A373FF304353FC9C8323FBB85303F33
:10DF0000DE3B2E3F4AEB2B3F1594293F5636273FE9
:10DF100025D2243F9967223FCBF61F3FD17F1D3F7B
:10DF2000C6021B3FC07F183FD9F6153F2A68133F32
:10DF3000CDD3103FDA390E3F6B9A0B3F9BF5083F6C
:10DF4000824B063F3D9C033FE4E7003F275DFC3EDC
:10DF5000CBE0F63EEA5AF13EBBCBEB3E7533E63EF4
:10DF60004F92E03E80E8DA3E4136D53ECA7BCF3E56
:10DF700053B9C93E15EFC33E491DBE3E2A44B83EC3
:10DF8000EF63B23ED47CAC3E128FA63EE59AA03E33
:10DF900086A09A3E32A0943E229A8E3E938E883E70
:10DFA000C07D823ECCCF783E7F9A6C3E135C603E53
:10DFB0000115543EC2C5473ECF6E3B3EA2102F3ED8
:10DFC000B5AB223E8340163E87CF093E73B2FA3D81
:10DFD0002FBCE13D36BDC83D80B6AF3D04A9963D9E
:10DFE000752B7B3D2EFB483D2BC3163DB10AC93C2A
:10DFF000920E493C00000000920E49BCB10AC9BC17
:10E000002BC316BD2EFB48BD752B7BBD04A996BD49
:10E0100080B6AFBD36BDC8BD2FBCE1BD73B2FABD81
:10E0200087CF09BE834016BEB5AB22BEA2102FBE5D
:10E03000CF6E3BBEC2C547BE011554BE135C60BE69
:10E040007F9A6CBECCCF78BEC07D82BE938E88BED8
:10E05000229A8EBE32A094BE86A09ABEE59AA0BE39
:10E06000128FA6BED47CACBEEF63B2BE2A44B8BE4B
:10E07000491DBEBE15EFC3BE53B9C9BECA7BCFBED4
:10E080004136D5BE80E8DABE4F92E0BE7533E6BEBB
:10E09000BBCBEBBEEA5AF1BECBE0F6BE275DFCBEC1
:10E0A000E4E700BF3D9C03BF824B06BF9BF508BF62
:10E0B0006B9A0BBFDA390EBFCDD310BF2A6813BFDE
:10E0C000D9F615BFC07F18BFC6021BBFD17F1DBFC9
:10E0D000CBF61FBF996722BF25D224BF563627BF74
:10E0E000159429BF4AEB2BBFDE3B2EBFBB8530BF4B
:10E0F000C9C832BFF30435BF233A37BF426839BFBE
:10E100003B8F3BBFF9AE3DBF67C73FBF70D841BF34
:10E1100001E243BF03E445BF65DE47BF12D149BFFB
:10E12000F8BB4BBF029F4DBF207A4FBF3D4D51BF43
:10E13000491853BF31DB54BFE59556BF534858BF0C
:10E140006AF259BF1A945BBF532D5DBF05BE5EBF17
:10E15000214660BF97C561BF5A3C63BF59AA64BFDF
:10E16000880F66BFD86B67BF3CBF68BFA7096ABF8F
:10E170000C4B6BBF5E836CBF93B26DBF9ED86EBFFE
:10E1800073F56FBF080971BF521372BF471473BF95
:10E19000DD0B74BF0BFA74BFC6DE75BF07BA76BF5E
:10E1A000C58B77BFF85378BF981279BF9DC779BFE9
:10E1B00002737ABFBE147BBFCDAC7BBF283B7CBF54
:10E1C000C9BF7CBFAC3A7DBFCCAB7DBF23137EBF44
:10E1D000B0707EBF6DC47EBF580E7FBF6D4E7FBFD7
:10E1E000AB847FBF0FB17FBF97D37FBF43EC7FBFAF
:10E1F00011FB7FBF000080BF11FB7FBF43EC7FBFDF
:10E2000097D37FBF0FB17FBFAB847FBF6D4E7FBF02
:10E21000580E7FBF6DC47EBFB0707EBF23137EBF1C
:10E22000CCAB7DBFAC3A7DBFC9BF7CBF283B7CBFB8
:10E23000CDAC7BBFBE147BBF02737ABF9DC779BFD5
:10E24000981279BFF85378BFC58B77BF07BA76BFEE
:10E25000C6DE75BF0BFA74BFDD0B74BF471473BF06
:10E26000521372BF080971BF73F56FBF9ED86EBF9E
:10E2700093B26DBF5E836CBF0C4B6BBFA7096ABFC7
:10E280003CBF68BFD86B67BF880F66BF59AA64BF21
:10E290005A3C63BF97C561BF214660BF05BE5EBFE4
:10E2A000532D5DBF1A945BBF6AF259BF534858BFE4
:10E2B000E59556BF31DB54BF491853BF3D4D51BFA3
:10E2C000207A4FBF029F4DBFF8BB4BBF12D149BF51
:10E2D00065DE47BF03E445BF01E243BF70D841BFDD
:10E2E00067C73FBFF9AE3DBF3B8F3BBF426839BFF9
:10E2F000233A37BFF30435BFC9C832BFBB8530BF2F
:10E30000DE3B2EBF4AEB2BBF159429BF563627BFE5
:10E3100025D224BF996722BFCBF61FBFD17F1DBF77
:10E32000C6021BBFC07F18BFD9F615BF2A6813BF2E
:10E33000CDD310BFDA390EBF6B9A0BBF9BF508BF68
:10E34000824B06BF3D9C03BFE4E700BF275DFCBED8
:10E35000CBE0F6BEEA5AF1BEBBCBEBBE7533E6BEF0
:10E360004F92E0BE80E8DABE4136D5BECA7BCFBE52
:10E3700053B9C9BE15EFC3BE491DBEBE2A44B8BEBF
:10E38000EF63B2BED47CACBE128FA6BEE59AA0BE2F
:10E3900086A09ABE32A094BE229A8EBE938E88BE6C
:10E3A000C07D82BECCCF78BE7F9A6CBE135C60BE4F
:10E3B000011554BEC2C547BECF6E3BBEA2102FBED4
:10E3C000B5AB22BE834016BE87CF09BE73B2FABD7D
:10E3D0002FBCE1BD36BDC8BD80B6AFBD04A996BD9A
:10E3E000752B7BBD2EFB48BD2BC316BDB10AC9BC26
:10E3F000920E49BC00000080453A2000493A2000B6
:10E40000573A20001B5B306D001B5B313B33316D95
:10E41000001B5B313B33326D001B5B313B33336D93
:10E420000020202573257354686973206973206167
:10E43000207761726E696E67206D657373616765C1
:10E44000210D0A25730020202573257354686973F4
:10E4500020697320616E206572726F72206D657322
:10E4600073616765210D0A257300202025732573CC
:10E4700048656C6C6F20776F726C643A2025640D70
:10E480000A257300526F626F7455495461736B00B3
:10E49000494D555461736B004D6F76655461736BD4
:10E4A0000064656661756C745461736B00446566E5
:10E4B00069616E745461736B00526F6F7454617351
:10E4C0006B0043444320496E746572666163650066
:10E4D00043444320436F6E6669670053544D69633C
:10E4E000726F656C656374726F6E69637300535409
:10E4F0004D3332205669727475616C20436F6D50D4
:10E500006F72740049444C4500546D725100546D53
:10E510007220537663005465726D696E616C0046BB
:10E5200000410042004300000000891112239B3289
:10E530002446AD573665BF74488CC19D5AAFD3BED3
:10E540006CCAE5DB7EE9F7F88110080193331A22E3
:10E55000A5562C47B7753E64C99C408DDBBF52AEB3
:10E56000EDDA64CBFFF976E802218B3010029913C3
:10E570002667AF763444BD554AADC3BC588ED19F93
:10E580006EEBE7FA7CC8F5D983310A2091121803A3
:10E59000A7772E66B5543C45CBBD42ACD99E508F73
:10E5A000EFFB66EAFDD874C904428D5316619F7073
:10E5B0002004A9153227BB364CCEC5DF5EEDD7FC53
:10E5C0006888E1997AABF3BA85520C4397711E6063
:10E5D000A1142805B3373A26CDDE44CFDFFD56EC33
:10E5E000E9986089FBBB72AA06638F7214409D5143
:10E5F0002225AB343006B9174EEFC7FE5CCCD5DD13
:10E600006AA9E3B8788AF19B87730E6295501C4122
:10E61000A3352A24B1163807CFFF46EEDDDC54CDF2
:10E62000EBB962A8F99A708B088481951AA793B602
:10E630002CC2A5D33EE1B7F04008C919522BDB3AF2
:10E64000644EED5F766DFF7C899400859BB712A6C2
:10E65000ADD224C3BFF136E0C1184809D33B5A2AD2
:10E66000E55E6C4FF77D7E6C0AA583B418869197A2
:10E670002EE3A7F23CC0B5D14229CB38500AD91BB2
:10E68000666FEF7E744CFD5D8BB502A49996108782
:10E69000AFF326E2BDD034C1C3394A28D11A580B92
:10E6A000E77F6E6EF55C7C4D0CC685D71EE597F452
:10E6B0002880A1913AA3B3B2444ACD5B5669DF7872
:10E6C000600CE91D722FFB3E8DD604C79FF516E442
:10E6D000A9902081BBB332A2C55A4C4BD7795E6852
:10E6E000E11C680DF33F7A2E0EE787F61CC495D522
:10E6F0002AA1A3B03882B193466BCF7A5448DD5932
:10E70000622DEB3C700EF91F8FF706E69DD414C501
:10E71000ABB122A0B9923083C77B4E6AD5585C4911
:10E72000E33D6A2CF11E780F0000891112239B3201
:10E730002446AD573665BF74488CC19D5AAFD3BED1
:10E740006CCAE5DB7EE9F7F88110080193331A22E1
:10E75000A5562C47B7753E64C99C408DDBBF52AEB1
:10E76000EDDA64CBFFF976E802218B3010029913C1
:10E770002667AF763444BD554AADC3BC588ED19F91
:10E780006EEBE7FA7CC8F5D983310A2091121803A1
:10E79000A7772E66B5543C45CBBD42ACD99E508F71
:10E7A000EFFB66EAFDD874C904428D5316619F7071
:10E7B0002004A9153227BB364CCEC5DF5EEDD7FC51
:10E7C0006888E1997AABF3BA85520C4397711E6061
:10E7D000A1142805B3373A26CDDE44CFDFFD56EC31
:10E7E000E9986089FBBB72AA06638F7214409D5141
:10E7F0002225AB343006B9174EEFC7FE5CCCD5DD11
:10E800006AA9E3B8788AF19B87730E6295501C4120
:10E81000A3352A24B1163807CFFF46EEDDDC54CDF0
:10E82000EBB962A8F99A708B088481951AA793B600
:10E830002CC2A5D33EE1B7F04008C919522BDB3AF0
:10E84000644EED5F766DFF7C899400859BB712A6C0
:10E85000ADD224C3BFF136E0C1184809D33B5A2AD0
:10E86000E55E6C4FF77D7E6C0AA583B418869197A0
:10E870002EE3A7F23CC0B5D14229CB38500AD91BB0
:10E88000666FEF7E744CFD5D8BB502A49996108780
:10E89000AFF326E2BDD034C1C3394A28D11A580B90
:10E8A000E77F6E6EF55C7C4D0CC685D71EE597F450
:10E8B0002880A1913AA3B3B2444ACD5B5669DF7870
:10E8C000600CE91D722FFB3E8DD604C79FF516E440
:10E8D000A9902081BBB332A2C55A4C4BD7795E6850
:10E8E000E11C680DF33F7A2E0EE787F61CC495D520
:10E8F0002AA1A3B03882B193466BCF7A5448DD5930
:10E90000622DEB3C700EF91F8FF706E69DD414C5FF
:10E91000ABB122A0B9923083C77B4E6AD5585C490F
:10E92000E33D6A2CF11E780F48E901080000002041
:10E9300098020000C4010008F8EA010898020020CB
:10E9400020F0000020020008100CE7416B3A58A0AC
:10E950008B3A82810114FFFFC8180AC90E010835DD
:10E960000F010851041A79042AC90819141AE50478
:10E970001108081250C347CDCCCC3D0409531C11DB
:10E980000B1AC8421C2144C03F011324F44FFFF16D
:10E99000FD9086A706180B210701085D0401087584
:10E9A0000AB431480B49050108F9020108ED0310CA
:10E9B000811E45060108D91C1AB5081AC108140998
:10E9C000024313020125C03209041B01020B130587
:10E9D0002416100105240110090104240202052453
:10E9E0000617010705820308151009040133020AFE
:10E9F0002E0705010240072A810711130A06320279
:10EA00002A40981A12231302021E408304405759C9
:10EA10001B0203151315121B08110413B5111B0853
:10EA200049081A6D04071A040309041A03135DA7A1
:10EA30001B206C041A7B041A8A041A990413E5A695
:10EA40001B2021081AB7041AC6041AD5041AE404B4
:10EA50001AF3041302A81B2011041A2F041A3E04EF
:10EA60001A4D041A5C041A6B041A7A041A89041ADF
:10EA7000A7041AB6041AC5041AD4041AE3041AF235
:10EA8000041301A91B201F041A2E041A3D041A4C5A
:10EA9000041A5B041A6A041A7904134BAA1B205A3D
:10EAA000041A970C1AD3041A0F0C1A79042A881422
:10EAB00019041AA6041AB5041AC4041AD30419F3C3
:10EAC00011290432101AAA0110096740533A7D0433
:10EAD000017C160240AB0341100905530806580497
:10EAE000070F160810820911160A15800B1605006B
:08EAF0000C18010D00000000EC
:040000050800018965
:00000001FF
